GAME_ID,TEAM_ID,TEAM_NAME,TEAM_ABBREVIATION,TEAM_CITY,STARTERS_BENCH,MIN,FGM,FGA,FG_PCT,FG3M,FG3A,FG3_PCT,FTM,FTA,FT_PCT,OREB,DREB,REB,AST,STL,BLK,TO,PF,PTS
0022101190,1610612765,Pistons,DET,Detroit,Starters,155.000000:58,19,57,0.333,7,19,0.368,24,25,0.96,8,20,28,18,5,2,7,15,69
0022101190,1610612765,Pistons,DET,Detroit,Bench,84.000000:02,16,25,0.64,4,11,0.364,8,10,0.8,3,11,14,8,2,3,3,6,44
0022101190,1610612742,Mavericks,DAL,Dallas,Starters,165.000000:50,28,51,0.549,9,23,0.391,16,22,0.727,5,22,27,22,4,1,8,16,81
0022101190,1610612742,Mavericks,DAL,Dallas,Bench,63.000000:50,14,24,0.583,5,9,0.556,5,6,0.833,2,11,13,6,3,0,2,6,38
