GAME_ID,TEAM_ID,TEAM_NAME,TEAM_ABBREVIATION,TEAM_CITY,STARTERS_BENCH,MIN,FGM,FGA,FG_PCT,FG3M,FG3A,FG3_PCT,FTM,FTA,FT_PCT,OREB,DREB,REB,AST,STL,BLK,TO,PF,PTS
2022100405,1612709905,Lakers,SBL,South Bay,Starters,152.000000:53,30,63,0.476,8,23,0.348,6,9,0.667,14,18,32,15,5,5,8,12,78
2022100405,1612709905,Lakers,SBL,South Bay,Bench,87.000000:07,13,29,0.448,1,11,0.091,7,8,0.875,6,8,14,9,10,1,10,10,36
2022100405,1612709911,Wolves,IWA,Iowa,Starters,174.000000:21,29,60,0.483,9,27,0.333,5,6,0.833,10,25,35,22,4,2,16,9,76
2022100405,1612709911,Wolves,IWA,Iowa,Bench,65.000000:39,12,23,0.522,1,3,0.333,3,5,0.6,7,4,11,4,8,3,9,10,30
