GAME_ID,TEAM_ID,TEAM_NAME,TEAM_ABBREVIATION,TEAM_CITY,STARTERS_BENCH,MIN,FGM,FGA,FG_PCT,FG3M,FG3A,FG3_PCT,FTM,FTA,FT_PCT,OREB,DREB,REB,AST,STL,BLK,TO,PF,PTS
0022101149,1610612746,Clippers,LAC,LA,Starters,181.000000:29,36,72,0.5,13,29,0.448,19,21,0.905,2,22,24,20,7,3,11,17,104
0022101149,1610612746,Clippers,LAC,LA,Bench,83.000000:31,9,18,0.5,3,7,0.429,5,5,1.0,2,14,16,6,0,2,1,7,26
0022101149,1610612741,Bulls,CHI,Chicago,Starters,180.000000:36,38,78,0.487,7,20,0.35,25,30,0.833,6,22,28,21,3,1,8,11,108
0022101149,1610612741,Bulls,CHI,Chicago,Bench,84.000000:24,12,24,0.5,3,9,0.333,0,2,0.0,7,15,22,3,3,2,0,6,27
