GAME_ID,TEAM_ID,TEAM_NAME,TEAM_ABBREVIATION,TEAM_CITY,STARTERS_BENCH,MIN,FGM,FGA,FG_PCT,FG3M,FG3A,FG3_PCT,FTM,FTA,FT_PCT,OREB,DREB,REB,AST,STL,BLK,TO,PF,PTS
0022100133,1610612745,Rockets,HOU,Houston,Starters,162.000000:11,21,53,0.396,4,18,0.222,9,14,0.643,6,29,35,9,6,2,12,10,55
0022100133,1610612745,Rockets,HOU,Houston,Bench,77.000000:49,14,22,0.636,4,10,0.4,7,10,0.7,1,11,12,10,2,4,4,6,39
0022100133,1610612743,Nuggets,DEN,Denver,Starters,142.000000:21,24,55,0.436,6,24,0.25,9,11,0.818,4,25,29,11,5,4,7,9,63
0022100133,1610612743,Nuggets,DEN,Denver,Bench,97.000000:39,12,34,0.353,3,16,0.188,5,6,0.833,6,10,16,8,5,1,4,11,32
