GAME_ID,TEAM_ID,TEAM_NAME,TEAM_ABBREVIATION,TEAM_CITY,STARTERS_BENCH,MIN,FGM,FGA,FG_PCT,FG3M,FG3A,FG3_PCT,FTM,FTA,FT_PCT,OREB,DREB,REB,AST,STL,BLK,TO,PF,PTS
0022101051,1610612761,Raptors,TOR,Toronto,Starters,193.000000:30,37,70,0.529,8,23,0.348,11,15,0.733,9,23,32,24,8,2,7,13,93
0022101051,1610612761,Raptors,TOR,Toronto,Bench,71.000000:30,12,27,0.444,4,14,0.286,2,5,0.4,7,7,14,1,0,0,5,6,30
0022101051,1610612747,Lakers,LAL,Los Angeles,Starters,164.000000:59,35,63,0.556,10,21,0.476,11,17,0.647,11,19,30,20,1,4,10,12,91
0022101051,1610612747,Lakers,LAL,Los Angeles,Bench,81.000000:49,9,27,0.333,6,16,0.375,4,4,1.0,2,11,13,12,5,0,3,5,28
