GAME_ID,TEAM_ID,TEAM_NAME,TEAM_ABBREVIATION,TEAM_CITY,STARTERS_BENCH,MIN,FGM,FGA,FG_PCT,FG3M,FG3A,FG3_PCT,FTM,FTA,FT_PCT,OREB,DREB,REB,AST,STL,BLK,TO,PF,PTS
2022100404,1612709932,Cruise,MCC,Motor City,Starters,159.000000:41,30,59,0.508,9,26,0.346,12,17,0.706,8,23,31,21,6,5,10,11,88
2022100404,1612709932,Cruise,MCC,Motor City,Bench,80.000000:19,15,33,0.455,2,7,0.286,1,3,0.333,8,12,20,6,2,1,3,11,33
2022100404,1612709928,Go-Go,CCG,Capital City,Starters,133.000000:22,22,59,0.373,5,19,0.263,5,5,1.0,12,19,31,11,3,4,10,6,58
2022100404,1612709928,Go-Go,CCG,Capital City,Bench,106.000000:38,15,33,0.455,4,12,0.333,8,9,0.889,1,12,13,14,6,1,4,15,47
