GAME_ID,TEAM_ID,TEAM_NAME,TEAM_ABBREVIATION,TEAM_CITY,STARTERS_BENCH,MIN,FGM,FGA,FG_PCT,FG3M,FG3A,FG3_PCT,FTM,FTA,FT_PCT,OREB,DREB,REB,AST,STL,BLK,TO,PF,PTS
0022100357,1610612743,Nuggets,DEN,Denver,Starters,177.000000:08,34,75,0.453,10,26,0.385,9,13,0.692,8,32,40,24,3,2,9,10,87
0022100357,1610612743,Nuggets,DEN,Denver,Bench,62.000000:52,4,21,0.19,1,6,0.167,1,2,0.5,3,7,10,6,2,0,0,7,10
0022100357,1610612741,Bulls,CHI,Chicago,Starters,182.000000:56,37,80,0.463,12,32,0.375,9,13,0.692,11,27,38,23,3,6,11,12,95
0022100357,1610612741,Bulls,CHI,Chicago,Bench,57.000000:04,4,11,0.364,1,3,0.333,5,7,0.714,2,15,17,2,1,1,0,3,14
