GAME_ID,TEAM_ID,TEAM_NAME,TEAM_ABBREVIATION,TEAM_CITY,STARTERS_BENCH,MIN,FGM,FGA,FG_PCT,FG3M,FG3A,FG3_PCT,FTM,FTA,FT_PCT,OREB,DREB,REB,AST,STL,BLK,TO,PF,PTS
0022100271,1610612745,Rockets,HOU,Houston,Starters,132.000000:17,23,51,0.451,6,16,0.375,7,9,0.778,3,19,22,19,2,3,14,6,59
0022100271,1610612745,Rockets,HOU,Houston,Bench,107.000000:43,19,33,0.576,11,20,0.55,10,13,0.769,4,20,24,8,3,3,7,10,59
0022100271,1610612741,Bulls,CHI,Chicago,Starters,162.000000:13,34,74,0.459,11,26,0.423,8,10,0.8,5,26,31,21,7,5,12,16,87
0022100271,1610612741,Bulls,CHI,Chicago,Bench,66.000000:46,10,20,0.5,4,9,0.444,2,2,1.0,2,5,7,4,5,0,1,5,26
