GAME_ID,TEAM_ID,TEAM_NAME,TEAM_ABBREVIATION,TEAM_CITY,STARTERS_BENCH,MIN,FGM,FGA,FG_PCT,FG3M,FG3A,FG3_PCT,FTM,FTA,FT_PCT,OREB,DREB,REB,AST,STL,BLK,TO,PF,PTS
0052100131,1610612759,Spurs,SAS,San Antonio,Starters,152.000000:07,25,67,0.373,8,23,0.348,12,16,0.75,6,21,27,15,2,2,6,16,70
0052100131,1610612759,Spurs,SAS,San Antonio,Bench,71.000000:04,11,22,0.5,4,9,0.444,3,4,0.75,1,4,5,3,1,1,0,4,29
0052100131,1610612740,Pelicans,NOP,New Orleans,Starters,162.000000:45,37,64,0.578,5,12,0.417,14,19,0.737,6,29,35,19,3,6,11,16,93
0052100131,1610612740,Pelicans,NOP,New Orleans,Bench,70.000000:15,7,16,0.438,3,7,0.429,3,4,0.75,2,15,17,6,1,1,2,6,20
