GAME_ID,TEAM_ID,TEAM_NAME,TEAM_ABBREVIATION,TEAM_CITY,STARTERS_BENCH,MIN,FGM,FGA,FG_PCT,FG3M,FG3A,FG3_PCT,FTM,FTA,FT_PCT,OREB,DREB,REB,AST,STL,BLK,TO,PF,PTS
2022100153,1612709913,Squadron,BIR,Birmingham,Starters,162.000000:53,36,75,0.48,11,27,0.407,13,17,0.765,6,33,39,23,6,3,10,17,98
2022100153,1612709913,Squadron,BIR,Birmingham,Bench,77.000000:07,5,19,0.263,3,9,0.333,1,2,0.5,1,11,12,3,6,5,4,8,15
2022100153,1612709890,Spurs,AUS,Austin,Starters,176.000000:32,36,77,0.468,11,29,0.379,7,9,0.778,12,32,44,20,6,4,14,13,95
2022100153,1612709890,Spurs,AUS,Austin,Bench,41.000000:37,4,14,0.286,1,4,0.25,1,5,0.2,5,6,11,0,2,0,1,4,11
