GAME_ID,TEAM_ID,TEAM_NAME,TEAM_ABBREVIATION,TEAM_CITY,STARTERS_BENCH,MIN,FGM,FGA,FG_PCT,FG3M,FG3A,FG3_PCT,FTM,FTA,FT_PCT,OREB,DREB,REB,AST,STL,BLK,TO,PF,PTS
0022100957,1610612753,Magic,ORL,Orlando,Starters,143.000000:45,20,50,0.4,9,24,0.375,3,5,0.6,1,22,23,17,6,4,8,13,52
0022100957,1610612753,Magic,ORL,Orlando,Bench,96.000000:15,17,36,0.472,2,11,0.182,8,11,0.727,0,18,18,8,1,1,4,7,44
0022100957,1610612763,Grizzlies,MEM,Memphis,Starters,122.000000:02,26,52,0.5,8,18,0.444,14,19,0.737,1,21,22,14,1,3,5,5,74
0022100957,1610612763,Grizzlies,MEM,Memphis,Bench,76.000000:34,12,26,0.462,4,10,0.4,4,8,0.5,4,19,23,6,2,0,2,6,32
