GAME_ID,TEAM_ID,TEAM_NAME,TEAM_ABBREVIATION,TEAM_CITY,STARTERS_BENCH,MIN,FGM,FGA,FG_PCT,FG3M,FG3A,FG3_PCT,FTM,FTA,FT_PCT,OREB,DREB,REB,AST,STL,BLK,TO,PF,PTS
0022100382,1610612758,Kings,SAC,Sacramento,Starters,131.000000:27,28,56,0.5,9,24,0.375,12,15,0.8,9,16,25,15,9,2,9,11,77
0022100382,1610612758,Kings,SAC,Sacramento,Bench,108.000000:33,20,45,0.444,5,17,0.294,1,2,0.5,11,12,23,7,2,2,5,9,46
0022100382,1610612766,Hornets,CHA,Charlotte,Starters,177.000000:33,36,65,0.554,6,21,0.286,12,16,0.75,9,18,27,25,7,6,14,12,90
0022100382,1610612766,Hornets,CHA,Charlotte,Bench,34.000000:36,10,16,0.625,6,8,0.75,1,2,0.5,2,6,8,1,1,0,0,3,27
