GAME_ID,TEAM_ID,TEAM_NAME,TEAM_ABBREVIATION,TEAM_CITY,STARTERS_BENCH,MIN,FGM,FGA,FG_PCT,FG3M,FG3A,FG3_PCT,FTM,FTA,FT_PCT,OREB,DREB,REB,AST,STL,BLK,TO,PF,PTS
0022101064,1610612740,Pelicans,NOP,New Orleans,Starters,173.000000:31,31,69,0.449,6,15,0.4,13,16,0.813,11,26,37,16,7,1,9,13,81
0022101064,1610612740,Pelicans,NOP,New Orleans,Bench,66.000000:29,12,27,0.444,1,6,0.167,11,11,1.0,7,10,17,6,5,0,6,10,36
0022101064,1610612737,Hawks,ATL,Atlanta,Starters,148.000000:51,28,60,0.467,7,22,0.318,10,12,0.833,6,21,27,14,3,3,10,12,73
0022101064,1610612737,Hawks,ATL,Atlanta,Bench,91.000000:09,13,27,0.481,3,10,0.3,10,11,0.909,1,12,13,8,4,1,6,10,39
