GAME_ID,TEAM_ID,TEAM_NAME,TEAM_ABBREVIATION,TEAM_CITY,STARTERS_BENCH,MIN,FGM,FGA,FG_PCT,FG3M,FG3A,FG3_PCT,FTM,FTA,FT_PCT,OREB,DREB,REB,AST,STL,BLK,TO,PF,PTS
0022100725,1610612758,Kings,SAC,Sacramento,Starters,155.000000:03,30,64,0.469,9,24,0.375,11,13,0.846,5,18,23,17,4,3,9,10,80
0022100725,1610612758,Kings,SAC,Sacramento,Bench,76.000000:09,8,28,0.286,3,16,0.188,3,6,0.5,5,14,19,5,2,0,3,6,22
0022100725,1610612737,Hawks,ATL,Atlanta,Starters,106.000000:10,23,43,0.535,4,15,0.267,1,2,0.5,4,17,21,12,6,2,5,9,51
0022100725,1610612737,Hawks,ATL,Atlanta,Bench,133.000000:50,25,47,0.532,8,21,0.381,12,15,0.8,2,25,27,17,3,0,3,9,70
