GAME_ID,TEAM_ID,TEAM_NAME,TEAM_ABBREVIATION,TEAM_CITY,STARTERS_BENCH,MIN,FGM,FGA,FG_PCT,FG3M,FG3A,FG3_PCT,FTM,FTA,FT_PCT,OREB,DREB,REB,AST,STL,BLK,TO,PF,PTS
0022100043,1610612765,Pistons,DET,Detroit,Starters,150.000000:43,33,63,0.524,8,20,0.4,11,14,0.786,9,18,27,19,6,4,8,7,85
0022100043,1610612765,Pistons,DET,Detroit,Bench,89.000000:17,7,28,0.25,1,13,0.077,4,4,1.0,2,7,9,7,1,2,6,8,19
0022100043,1610612737,Hawks,ATL,Atlanta,Starters,134.000000:15,34,55,0.618,7,17,0.412,11,13,0.846,3,20,23,16,6,2,7,10,86
0022100043,1610612737,Hawks,ATL,Atlanta,Bench,105.000000:45,12,35,0.343,5,15,0.333,7,8,0.875,7,19,26,8,5,1,6,9,36
