GAME_ID,TEAM_ID,TEAM_NAME,TEAM_ABBREVIATION,TEAM_CITY,STARTERS_BENCH,MIN,FGM,FGA,FG_PCT,FG3M,FG3A,FG3_PCT,FTM,FTA,FT_PCT,OREB,DREB,REB,AST,STL,BLK,TO,PF,PTS
0022100826,1610612741,Bulls,CHI,Chicago,Starters,187.000000:50,39,69,0.565,11,26,0.423,13,17,0.765,2,31,33,23,1,4,11,13,102
0022100826,1610612741,Bulls,CHI,Chicago,Bench,24.000000:20,4,7,0.571,3,4,0.75,0,2,0.0,1,2,3,0,1,1,1,3,11
0022100826,1610612766,Hornets,CHA,Charlotte,Starters,178.000000:24,34,79,0.43,12,38,0.316,13,19,0.684,8,24,32,20,6,1,6,12,93
0022100826,1610612766,Hornets,CHA,Charlotte,Bench,61.000000:36,6,14,0.429,1,5,0.2,3,4,0.75,3,8,11,6,1,0,2,4,16
