GAME_ID,TEAM_ID,TEAM_NAME,TEAM_ABBREVIATION,TEAM_CITY,STARTERS_BENCH,MIN,FGM,FGA,FG_PCT,FG3M,FG3A,FG3_PCT,FTM,FTA,FT_PCT,OREB,DREB,REB,AST,STL,BLK,TO,PF,PTS
0022101012,1610612752,Knicks,NYK,New York,Starters,170.000000:43,31,64,0.484,9,21,0.429,16,19,0.842,5,13,18,19,7,4,14,17,87
0022101012,1610612752,Knicks,NYK,New York,Bench,69.000000:17,8,19,0.421,2,8,0.25,2,2,1.0,6,16,22,8,1,1,2,4,20
0022101012,1610612751,Nets,BKN,Brooklyn,Starters,180.000000:10,39,78,0.5,6,27,0.222,14,19,0.737,10,19,29,24,6,2,12,13,98
0022101012,1610612751,Nets,BKN,Brooklyn,Bench,59.000000:50,5,11,0.455,0,2,0.0,2,3,0.667,2,8,10,6,5,1,1,6,12
