GAME_ID,TEAM_ID,TEAM_NAME,TEAM_ABBREVIATION,TEAM_CITY,STARTERS_BENCH,MIN,FGM,FGA,FG_PCT,FG3M,FG3A,FG3_PCT,FTM,FTA,FT_PCT,OREB,DREB,REB,AST,STL,BLK,TO,PF,PTS
0022100574,1610612760,Thunder,OKC,Oklahoma City,Starters,148.000000:12,20,50,0.4,5,19,0.263,10,11,0.909,5,19,24,13,4,3,12,10,55
0022100574,1610612760,Thunder,OKC,Oklahoma City,Bench,91.000000:48,13,40,0.325,4,16,0.25,5,7,0.714,9,19,28,8,7,4,5,8,35
0022100574,1610612750,Timberwolves,MIN,Minnesota,Starters,155.000000:45,25,58,0.431,10,28,0.357,10,14,0.714,12,28,40,17,9,4,13,14,70
0022100574,1610612750,Timberwolves,MIN,Minnesota,Bench,84.000000:15,11,32,0.344,2,16,0.125,4,6,0.667,3,12,15,6,2,3,3,2,28
