GAME_ID,TEAM_ID,TEAM_NAME,TEAM_ABBREVIATION,TEAM_CITY,STARTERS_BENCH,MIN,FGM,FGA,FG_PCT,FG3M,FG3A,FG3_PCT,FTM,FTA,FT_PCT,OREB,DREB,REB,AST,STL,BLK,TO,PF,PTS
0022100934,1610612755,76ers,PHI,Philadelphia,Starters,160.000000:07,31,56,0.554,12,22,0.545,28,33,0.848,3,30,33,19,1,7,9,15,102
0022100934,1610612755,76ers,PHI,Philadelphia,Bench,75.000000:07,8,17,0.471,5,13,0.385,0,0,0.0,2,8,10,4,1,1,4,10,21
0022100934,1610612752,Knicks,NYK,New York,Starters,152.000000:11,27,69,0.391,4,19,0.211,18,26,0.692,5,21,26,14,4,3,6,15,76
0022100934,1610612752,Knicks,NYK,New York,Bench,87.000000:49,12,22,0.545,4,9,0.444,4,6,0.667,5,9,14,6,5,0,1,10,32
