GAME_ID,TEAM_ID,TEAM_NAME,TEAM_ABBREVIATION,TEAM_CITY,STARTERS_BENCH,MIN,FGM,FGA,FG_PCT,FG3M,FG3A,FG3_PCT,FTM,FTA,FT_PCT,OREB,DREB,REB,AST,STL,BLK,TO,PF,PTS
2052100107,1612709927,Herd,WIS,Wisconsin,Starters,134.000000:01,18,50,0.36,6,22,0.273,5,11,0.455,9,19,28,17,5,2,13,11,50
2052100107,1612709927,Herd,WIS,Wisconsin,Bench,52.000000:06,11,23,0.478,1,5,0.2,3,5,0.6,8,11,19,2,2,1,3,4,30
2052100107,1612709923,Bulls,WCB,Windy City,Starters,167.000000:13,31,60,0.517,8,21,0.381,10,14,0.714,5,30,35,16,10,3,17,20,86
2052100107,1612709923,Bulls,WCB,Windy City,Bench,41.000000:10,3,7,0.429,1,4,0.25,1,3,0.333,1,6,7,3,0,1,1,8,9
