GAME_ID,TEAM_ID,TEAM_NAME,TEAM_ABBREVIATION,TEAM_CITY,STARTERS_BENCH,MIN,FGM,FGA,FG_PCT,FG3M,FG3A,FG3_PCT,FTM,FTA,FT_PCT,OREB,DREB,REB,AST,STL,BLK,TO,PF,PTS
0022100557,1610612762,Jazz,UTA,Utah,Starters,164.000000:59,31,61,0.508,15,27,0.556,10,13,0.769,8,26,34,13,5,4,9,16,87
0022100557,1610612762,Jazz,UTA,Utah,Bench,75.000000:01,10,24,0.417,4,12,0.333,4,4,1.0,2,7,9,9,1,0,5,8,28
0022100557,1610612740,Pelicans,NOP,New Orleans,Starters,159.000000:54,26,67,0.388,9,32,0.281,11,15,0.733,8,21,29,18,4,4,6,13,72
0022100557,1610612740,Pelicans,NOP,New Orleans,Bench,68.000000:14,11,28,0.393,2,13,0.154,3,7,0.429,5,8,13,3,2,1,4,7,27
