GAME_ID,TEAM_ID,TEAM_NAME,TEAM_ABBREVIATION,TEAM_CITY,STARTERS_BENCH,MIN,FGM,FGA,FG_PCT,FG3M,FG3A,FG3_PCT,FTM,FTA,FT_PCT,OREB,DREB,REB,AST,STL,BLK,TO,PF,PTS
2022100131,1612709932,Cruise,MCC,Motor City,Starters,172.000000:04,31,61,0.508,8,27,0.296,12,13,0.923,3,28,31,16,3,2,5,6,92
2022100131,1612709932,Cruise,MCC,Motor City,Bench,67.000000:56,9,19,0.474,1,5,0.2,1,3,0.333,2,8,10,3,1,2,3,4,21
2022100131,1612709917,Gold,GRG,Grand Rapids,Starters,136.000000:31,28,56,0.5,4,18,0.222,1,1,1.0,6,16,22,15,2,1,4,12,62
2022100131,1612709917,Gold,GRG,Grand Rapids,Bench,74.000000:43,8,22,0.364,4,9,0.444,1,2,0.5,2,11,13,2,1,0,2,9,21
