GAME_ID,TEAM_ID,TEAM_NAME,TEAM_ABBREVIATION,TEAM_CITY,STARTERS_BENCH,MIN,FGM,FGA,FG_PCT,FG3M,FG3A,FG3_PCT,FTM,FTA,FT_PCT,OREB,DREB,REB,AST,STL,BLK,TO,PF,PTS
0022101100,1610612762,Jazz,UTA,Utah,Starters,168.000000:49,26,53,0.491,13,31,0.419,3,6,0.5,7,24,31,17,5,1,9,12,68
0022101100,1610612762,Jazz,UTA,Utah,Bench,60.000000:46,8,27,0.296,3,15,0.2,3,3,1.0,2,3,5,8,1,1,1,4,22
0022101100,1610612766,Hornets,CHA,Charlotte,Starters,152.000000:57,29,68,0.426,11,27,0.407,10,13,0.769,10,21,31,19,5,3,8,12,79
0022101100,1610612766,Hornets,CHA,Charlotte,Bench,62.000000:03,11,17,0.647,2,5,0.4,2,4,0.5,3,6,9,5,2,0,0,5,26
