GAME_ID,TEAM_ID,TEAM_NAME,TEAM_ABBREVIATION,TEAM_CITY,STARTERS_BENCH,MIN,FGM,FGA,FG_PCT,FG3M,FG3A,FG3_PCT,FTM,FTA,FT_PCT,OREB,DREB,REB,AST,STL,BLK,TO,PF,PTS
2022100427,1612709904,Skyforce,SXF,Sioux Falls,Starters,155.000000:55,22,62,0.355,4,22,0.182,6,8,0.75,9,23,32,16,11,2,10,16,58
2022100427,1612709904,Skyforce,SXF,Sioux Falls,Bench,84.000000:05,15,30,0.5,6,16,0.375,5,7,0.714,2,11,13,7,4,3,5,8,47
2022100427,1612709911,Wolves,IWA,Iowa,Starters,171.000000:09,30,59,0.508,10,23,0.435,13,20,0.65,6,24,30,25,7,6,17,14,89
2022100427,1612709911,Wolves,IWA,Iowa,Bench,68.000000:51,9,21,0.429,1,6,0.167,1,2,0.5,4,14,18,5,2,2,6,12,21
