GAME_ID,TEAM_ID,TEAM_NAME,TEAM_ABBREVIATION,TEAM_CITY,STARTERS_BENCH,MIN,FGM,FGA,FG_PCT,FG3M,FG3A,FG3_PCT,FTM,FTA,FT_PCT,OREB,DREB,REB,AST,STL,BLK,TO,PF,PTS
0022100155,1610612755,76ers,PHI,Philadelphia,Starters,182.000000:11,32,78,0.41,6,26,0.231,9,10,0.9,11,29,40,18,5,5,5,12,79
0022100155,1610612755,76ers,PHI,Philadelphia,Bench,57.000000:49,10,25,0.4,8,17,0.471,2,2,1.0,2,4,6,3,2,2,2,8,30
0022100155,1610612749,Bucks,MIL,Milwaukee,Starters,168.000000:01,33,73,0.452,10,25,0.4,15,21,0.714,7,32,39,17,3,6,7,8,91
0022100155,1610612749,Bucks,MIL,Milwaukee,Bench,25.000000:45,4,10,0.4,0,5,0.0,0,0,0.0,0,2,2,2,0,0,0,0,8
