GAME_ID,TEAM_ID,TEAM_NAME,TEAM_ABBREVIATION,TEAM_CITY,STARTERS_BENCH,MIN,FGM,FGA,FG_PCT,FG3M,FG3A,FG3_PCT,FTM,FTA,FT_PCT,OREB,DREB,REB,AST,STL,BLK,TO,PF,PTS
0022100045,1610612753,Magic,ORL,Orlando,Starters,142.000000:43,23,53,0.434,9,29,0.31,7,10,0.7,5,24,29,12,6,3,11,13,62
0022100045,1610612753,Magic,ORL,Orlando,Bench,67.000000:49,5,20,0.25,3,14,0.214,2,4,0.5,0,9,9,7,1,2,4,7,15
0022100045,1610612748,Heat,MIA,Miami,Starters,141.000000:48,26,55,0.473,3,16,0.188,16,16,1.0,4,20,24,15,7,0,6,10,71
0022100045,1610612748,Heat,MIA,Miami,Bench,98.000000:13,15,32,0.469,3,11,0.273,3,3,1.0,5,13,18,13,3,2,4,9,36
