GAME_ID,TEAM_ID,TEAM_NAME,TEAM_ABBREVIATION,TEAM_CITY,STARTERS_BENCH,MIN,FGM,FGA,FG_PCT,FG3M,FG3A,FG3_PCT,FTM,FTA,FT_PCT,OREB,DREB,REB,AST,STL,BLK,TO,PF,PTS
2052100079,1612709919,Knicks,WES,Westchester,Starters,177.000000:36,29,58,0.5,8,25,0.32,8,9,0.889,7,26,33,15,5,6,9,14,77
2052100079,1612709919,Knicks,WES,Westchester,Bench,62.000000:24,11,23,0.478,2,6,0.333,5,9,0.556,3,9,12,11,1,0,5,2,31
2052100079,1612709921,Nets,LIN,Long Island,Starters,179.000000:43,33,84,0.393,7,34,0.206,7,11,0.636,13,22,35,18,7,4,9,15,85
2052100079,1612709921,Nets,LIN,Long Island,Bench,17.000000:21,1,4,0.25,0,0,0.0,0,0,0.0,4,3,7,0,0,0,0,2,2
