GAME_ID,TEAM_ID,TEAM_NAME,TEAM_ABBREVIATION,TEAM_CITY,STARTERS_BENCH,MIN,FGM,FGA,FG_PCT,FG3M,FG3A,FG3_PCT,FTM,FTA,FT_PCT,OREB,DREB,REB,AST,STL,BLK,TO,PF,PTS
0022100707,1610612765,Pistons,DET,Detroit,Starters,142.000000:27,29,50,0.58,7,17,0.412,9,9,1.0,3,17,20,20,3,1,14,17,74
0022100707,1610612765,Pistons,DET,Detroit,Bench,97.000000:33,13,25,0.52,4,12,0.333,7,10,0.7,1,13,14,8,1,4,8,12,37
0022100707,1610612743,Nuggets,DEN,Denver,Starters,157.000000:53,28,54,0.519,5,20,0.25,15,19,0.789,4,18,22,25,6,1,9,8,76
0022100707,1610612743,Nuggets,DEN,Denver,Bench,82.000000:07,16,31,0.516,7,15,0.467,2,4,0.5,4,8,12,4,2,0,2,14,41
