GAME_ID,TEAM_ID,TEAM_NAME,TEAM_ABBREVIATION,TEAM_CITY,STARTERS_BENCH,MIN,FGM,FGA,FG_PCT,FG3M,FG3A,FG3_PCT,FTM,FTA,FT_PCT,OREB,DREB,REB,AST,STL,BLK,TO,PF,PTS
0022101220,1610612747,Lakers,LAL,Los Angeles,Starters,174.000000:34,35,72,0.486,11,27,0.407,30,34,0.882,13,26,39,20,2,4,9,11,111
0022101220,1610612747,Lakers,LAL,Los Angeles,Bench,75.000000:23,9,18,0.5,5,12,0.417,10,11,0.909,0,10,10,4,2,2,2,11,33
0022101220,1610612743,Nuggets,DEN,Denver,Starters,130.000000:02,27,51,0.529,10,28,0.357,17,18,0.944,4,16,20,15,3,6,7,15,81
0022101220,1610612743,Nuggets,DEN,Denver,Bench,134.000000:58,22,49,0.449,5,19,0.263,11,18,0.611,7,18,25,18,7,1,7,19,60
