GAME_ID,TEAM_ID,TEAM_NAME,TEAM_ABBREVIATION,TEAM_CITY,STARTERS_BENCH,MIN,FGM,FGA,FG_PCT,FG3M,FG3A,FG3_PCT,FTM,FTA,FT_PCT,OREB,DREB,REB,AST,STL,BLK,TO,PF,PTS
2022100468,1612709908,Vipers,RGV,Rio Grande Valley,Starters,157.000000:19,37,70,0.529,13,37,0.351,6,7,0.857,15,22,37,22,5,3,10,20,97
2022100468,1612709908,Vipers,RGV,Rio Grande Valley,Bench,68.000000:17,10,22,0.455,5,12,0.417,3,3,1.0,3,16,19,5,2,1,5,9,29
2022100468,1612709926,Hustle,MHU,Memphis,Starters,144.000000:34,26,59,0.441,6,22,0.273,13,17,0.765,11,13,24,17,7,3,7,12,78
2022100468,1612709926,Hustle,MHU,Memphis,Bench,31.000000:19,4,9,0.444,2,4,0.5,2,4,0.5,1,6,7,1,0,0,1,6,14
