GAME_ID,TEAM_ID,TEAM_NAME,TEAM_ABBREVIATION,TEAM_CITY,STARTERS_BENCH,MIN,FGM,FGA,FG_PCT,FG3M,FG3A,FG3_PCT,FTM,FTA,FT_PCT,OREB,DREB,REB,AST,STL,BLK,TO,PF,PTS
0022100459,1610612745,Rockets,HOU,Houston,Starters,137.000000:09,27,51,0.529,9,24,0.375,7,12,0.583,4,16,20,19,2,1,4,11,70
0022100459,1610612745,Rockets,HOU,Houston,Bench,102.000000:51,17,27,0.63,3,9,0.333,11,12,0.917,3,12,15,8,2,3,10,6,48
0022100459,1610612741,Bulls,CHI,Chicago,Starters,130.000000:09,27,53,0.509,6,19,0.316,7,7,1.0,2,16,18,24,5,3,2,12,67
0022100459,1610612741,Bulls,CHI,Chicago,Bench,109.000000:51,20,35,0.571,10,16,0.625,16,17,0.941,7,9,16,9,2,2,6,11,66
