GAME_ID,TEAM_ID,TEAM_NAME,TEAM_ABBREVIATION,TEAM_CITY,STARTERS_BENCH,MIN,FGM,FGA,FG_PCT,FG3M,FG3A,FG3_PCT,FTM,FTA,FT_PCT,OREB,DREB,REB,AST,STL,BLK,TO,PF,PTS
2022100066,1612709923,Bulls,WCB,Windy City,Starters,136.000000:31,34,61,0.557,11,25,0.44,3,7,0.429,5,24,29,20,7,6,8,9,86
2022100066,1612709923,Bulls,WCB,Windy City,Bench,60.000000:32,8,19,0.421,4,10,0.4,0,2,0.0,3,12,15,7,3,1,4,7,20
2022100066,1612709909,Blue Coats,DEL,Delaware,Starters,159.000000:26,21,64,0.328,11,32,0.344,2,3,0.667,7,21,28,11,3,3,12,7,56
2022100066,1612709909,Blue Coats,DEL,Delaware,Bench,80.000000:34,14,37,0.378,0,6,0.0,1,5,0.2,7,11,18,8,4,0,5,9,29
