GAME_ID,TEAM_ID,TEAM_NAME,TEAM_ABBREVIATION,TEAM_CITY,STARTERS_BENCH,MIN,FGM,FGA,FG_PCT,FG3M,FG3A,FG3_PCT,FTM,FTA,FT_PCT,OREB,DREB,REB,AST,STL,BLK,TO,PF,PTS
0022100154,1610612747,Lakers,LAL,Los Angeles,Starters,133.000000:14,25,56,0.446,2,11,0.182,15,20,0.75,4,31,35,18,6,5,11,11,67
0022100154,1610612747,Lakers,LAL,Los Angeles,Bench,131.000000:46,19,35,0.543,11,21,0.524,10,15,0.667,4,12,16,12,5,3,4,12,59
0022100154,1610612766,Hornets,CHA,Charlotte,Starters,201.000000:08,38,80,0.475,11,35,0.314,20,24,0.833,6,35,41,21,4,2,13,15,107
0022100154,1610612766,Hornets,CHA,Charlotte,Bench,48.000000:16,4,15,0.267,3,7,0.429,2,3,0.667,6,4,10,2,0,0,2,5,13
