GAME_ID,TEAM_ID,TEAM_NAME,TEAM_ABBREVIATION,TEAM_CITY,STARTERS_BENCH,MIN,FGM,FGA,FG_PCT,FG3M,FG3A,FG3_PCT,FTM,FTA,FT_PCT,OREB,DREB,REB,AST,STL,BLK,TO,PF,PTS
2022100313,1612709918,Legends,TEX,Texas,Starters,158.000000:51,35,70,0.5,10,21,0.476,5,9,0.556,6,23,29,22,7,8,8,9,89
2022100313,1612709918,Legends,TEX,Texas,Bench,22.000000:54,2,7,0.286,0,2,0.0,1,1,1.0,0,0,0,1,0,0,0,2,5
2022100313,1612709908,Vipers,RGV,Rio Grande Valley,Starters,145.000000:16,37,69,0.536,15,31,0.484,4,6,0.667,11,20,31,20,3,2,10,8,96
2022100313,1612709908,Vipers,RGV,Rio Grande Valley,Bench,94.000000:44,17,30,0.567,4,12,0.333,2,6,0.333,5,18,23,15,2,2,4,4,41
