GAME_ID,TEAM_ID,TEAM_NAME,TEAM_ABBREVIATION,TEAM_CITY,STARTERS_BENCH,MIN,FGM,FGA,FG_PCT,FG3M,FG3A,FG3_PCT,FTM,FTA,FT_PCT,OREB,DREB,REB,AST,STL,BLK,TO,PF,PTS
0022100556,1610612749,Bucks,MIL,Milwaukee,Starters,155.000000:55,32,73,0.438,8,32,0.25,15,20,0.75,9,30,39,17,5,0,8,8,87
0022100556,1610612749,Bucks,MIL,Milwaukee,Bench,65.000000:28,5,16,0.313,3,13,0.231,2,2,1.0,2,6,8,4,4,1,0,3,15
0022100556,1610612765,Pistons,DET,Detroit,Starters,166.000000:22,32,66,0.485,12,29,0.414,4,7,0.571,3,27,30,23,4,1,9,13,80
0022100556,1610612765,Pistons,DET,Detroit,Bench,73.000000:38,12,25,0.48,6,14,0.429,5,7,0.714,6,11,17,8,2,0,4,8,35
