GAME_ID,TEAM_ID,TEAM_NAME,TEAM_ABBREVIATION,TEAM_CITY,STARTERS_BENCH,MIN,FGM,FGA,FG_PCT,FG3M,FG3A,FG3_PCT,FTM,FTA,FT_PCT,OREB,DREB,REB,AST,STL,BLK,TO,PF,PTS
2022100099,1612709918,Legends,TEX,Texas,Starters,150.000000:47,33,67,0.493,9,22,0.409,9,12,0.75,10,29,39,21,2,4,6,9,87
2022100099,1612709918,Legends,TEX,Texas,Bench,67.000000:34,12,26,0.462,4,11,0.364,2,2,1.0,3,6,9,3,1,0,2,2,31
2022100099,1612709902,Warriors,SCW,Santa Cruz,Starters,150.000000:21,30,67,0.448,12,31,0.387,4,5,0.8,6,23,29,29,5,6,7,11,80
2022100099,1612709902,Warriors,SCW,Santa Cruz,Bench,74.000000:36,14,31,0.452,9,21,0.429,1,1,1.0,5,7,12,6,1,1,2,6,39
