GAME_ID,TEAM_ID,TEAM_NAME,TEAM_ABBREVIATION,TEAM_CITY,STARTERS_BENCH,MIN,FGM,FGA,FG_PCT,FG3M,FG3A,FG3_PCT,FTM,FTA,FT_PCT,OREB,DREB,REB,AST,STL,BLK,TO,PF,PTS
0022100479,1610612748,Heat,MIA,Miami,Starters,138.000000:34,24,50,0.48,8,26,0.308,10,11,0.909,2,17,19,16,2,0,4,14,66
0022100479,1610612748,Heat,MIA,Miami,Bench,101.000000:26,19,38,0.5,4,6,0.667,7,8,0.875,4,20,24,7,2,0,9,11,49
0022100479,1610612765,Pistons,DET,Detroit,Starters,195.000000:37,32,68,0.471,18,36,0.5,21,23,0.913,3,31,34,22,6,5,14,22,103
0022100479,1610612765,Pistons,DET,Detroit,Bench,39.000000:24,3,11,0.273,0,4,0.0,0,0,0.0,0,6,6,1,3,0,2,3,6
