GAME_ID,TEAM_ID,TEAM_NAME,TEAM_ABBREVIATION,TEAM_CITY,STARTERS_BENCH,MIN,FGM,FGA,FG_PCT,FG3M,FG3A,FG3_PCT,FTM,FTA,FT_PCT,OREB,DREB,REB,AST,STL,BLK,TO,PF,PTS
0022100585,1610612764,Wizards,WAS,Washington,Starters,154.000000:05,32,58,0.552,5,14,0.357,24,25,0.96,5,21,26,16,5,2,12,9,93
0022100585,1610612764,Wizards,WAS,Washington,Bench,54.000000:34,10,22,0.455,1,5,0.2,0,0,0.0,4,7,11,7,2,3,1,2,21
0022100585,1610612741,Bulls,CHI,Chicago,Starters,148.000000:31,28,66,0.424,7,23,0.304,15,16,0.938,7,21,28,26,7,1,10,11,78
0022100585,1610612741,Bulls,CHI,Chicago,Bench,89.000000:28,20,25,0.8,8,10,0.8,4,5,0.8,2,10,12,8,3,2,5,8,52
