GAME_ID,TEAM_ID,TEAM_NAME,TEAM_ABBREVIATION,TEAM_CITY,STARTERS_BENCH,MIN,FGM,FGA,FG_PCT,FG3M,FG3A,FG3_PCT,FTM,FTA,FT_PCT,OREB,DREB,REB,AST,STL,BLK,TO,PF,PTS
0022100902,1610612756,Suns,PHX,Phoenix,Starters,166.000000:11,30,60,0.5,9,27,0.333,16,20,0.8,3,17,20,16,4,6,8,17,85
0022100902,1610612756,Suns,PHX,Phoenix,Bench,73.000000:49,6,22,0.273,3,13,0.231,2,4,0.5,4,13,17,7,2,2,6,10,17
0022100902,1610612740,Pelicans,NOP,New Orleans,Starters,150.000000:25,30,65,0.462,3,14,0.214,26,32,0.813,11,28,39,13,5,3,7,12,89
0022100902,1610612740,Pelicans,NOP,New Orleans,Bench,78.000000:19,8,20,0.4,5,14,0.357,7,9,0.778,4,9,13,6,4,1,2,4,28
