GAME_ID,TEAM_ID,TEAM_NAME,TEAM_ABBREVIATION,TEAM_CITY,STARTERS_BENCH,MIN,FGM,FGA,FG_PCT,FG3M,FG3A,FG3_PCT,FTM,FTA,FT_PCT,OREB,DREB,REB,AST,STL,BLK,TO,PF,PTS
0022100151,1610612748,Heat,MIA,Miami,Starters,155.000000:10,19,47,0.404,8,20,0.4,14,18,0.778,3,22,25,16,2,3,10,12,60
0022100151,1610612748,Heat,MIA,Miami,Bench,73.000000:41,11,28,0.393,4,13,0.308,7,7,1.0,3,7,10,6,1,0,3,4,33
0022100151,1610612743,Nuggets,DEN,Denver,Starters,168.000000:39,34,62,0.548,10,24,0.417,9,13,0.692,5,27,32,24,4,3,7,15,87
0022100151,1610612743,Nuggets,DEN,Denver,Bench,71.000000:21,8,29,0.276,2,17,0.118,8,11,0.727,7,10,17,4,3,2,2,8,26
