GAME_ID,TEAM_ID,TEAM_NAME,TEAM_ABBREVIATION,TEAM_CITY,STARTERS_BENCH,MIN,FGM,FGA,FG_PCT,FG3M,FG3A,FG3_PCT,FTM,FTA,FT_PCT,OREB,DREB,REB,AST,STL,BLK,TO,PF,PTS
0012100041,1610612755,76ers,PHI,Philadelphia,Starters,113.000000:23,29,50,0.58,13,29,0.448,5,5,1.0,2,10,12,15,8,0,2,8,76
0012100041,1610612755,76ers,PHI,Philadelphia,Bench,126.000000:37,15,39,0.385,0,7,0.0,9,20,0.45,7,22,29,10,12,2,13,10,39
0012100041,1610612751,Nets,BKN,Brooklyn,Starters,121.000000:12,22,40,0.55,8,21,0.381,9,10,0.9,2,18,20,8,2,1,12,6,61
0012100041,1610612751,Nets,BKN,Brooklyn,Bench,118.000000:48,17,37,0.459,7,15,0.467,2,3,0.667,4,14,18,10,5,3,14,12,43
