GAME_ID,TEAM_ID,TEAM_NAME,TEAM_ABBREVIATION,TEAM_CITY,STARTERS_BENCH,MIN,FGM,FGA,FG_PCT,FG3M,FG3A,FG3_PCT,FTM,FTA,FT_PCT,OREB,DREB,REB,AST,STL,BLK,TO,PF,PTS
0022100578,1610612752,Knicks,NYK,New York,Starters,178.000000:21,31,73,0.425,15,30,0.5,9,14,0.643,8,24,32,17,6,1,5,11,86
0022100578,1610612752,Knicks,NYK,New York,Bench,61.000000:39,9,17,0.529,3,6,0.5,1,1,1.0,3,7,10,6,2,0,3,6,22
0022100578,1610612738,Celtics,BOS,Boston,Starters,169.000000:52,28,58,0.483,13,35,0.371,10,10,1.0,7,21,28,17,5,8,11,12,79
0022100578,1610612738,Celtics,BOS,Boston,Bench,70.000000:09,10,22,0.455,4,10,0.4,2,3,0.667,1,9,10,5,0,2,1,4,26
