GAME_ID,TEAM_ID,TEAM_NAME,TEAM_ABBREVIATION,TEAM_CITY,STARTERS_BENCH,MIN,FGM,FGA,FG_PCT,FG3M,FG3A,FG3_PCT,FTM,FTA,FT_PCT,OREB,DREB,REB,AST,STL,BLK,TO,PF,PTS
2052100133,1612709903,Stars,SLC,Salt Lake City,Starters,122.000000:33,24,54,0.444,7,21,0.333,8,8,1.0,8,11,19,13,8,1,5,19,68
2052100133,1612709903,Stars,SLC,Salt Lake City,Bench,87.000000:52,13,35,0.371,8,21,0.381,2,2,1.0,1,11,12,8,5,2,6,7,38
2052100133,1612709905,Lakers,SBL,South Bay,Starters,137.000000:13,24,44,0.545,7,12,0.583,12,16,0.75,7,19,26,19,4,7,9,7,75
2052100133,1612709905,Lakers,SBL,South Bay,Bench,102.000000:47,23,41,0.561,8,17,0.471,7,8,0.875,1,18,19,8,5,3,12,14,64
