GAME_ID,TEAM_ID,TEAM_NAME,TEAM_ABBREVIATION,TEAM_CITY,STARTERS_BENCH,MIN,FGM,FGA,FG_PCT,FG3M,FG3A,FG3_PCT,FTM,FTA,FT_PCT,OREB,DREB,REB,AST,STL,BLK,TO,PF,PTS
0022100404,1610612748,Heat,MIA,Miami,Starters,162.000000:21,28,54,0.519,12,28,0.429,3,5,0.6,7,18,25,19,3,3,10,13,71
0022100404,1610612748,Heat,MIA,Miami,Bench,57.000000:44,7,24,0.292,1,11,0.091,0,0,0.0,1,6,7,6,1,0,4,2,15
0022100404,1610612739,Cavaliers,CLE,Cleveland,Starters,169.000000:28,26,58,0.448,9,22,0.409,11,12,0.917,7,19,26,15,5,1,9,9,72
0022100404,1610612739,Cavaliers,CLE,Cleveland,Bench,70.000000:32,10,23,0.435,7,14,0.5,6,6,1.0,1,15,16,9,1,0,3,7,33
