GAME_ID,TEAM_ID,TEAM_NAME,TEAM_ABBREVIATION,TEAM_CITY,STARTERS_BENCH,MIN,FGM,FGA,FG_PCT,FG3M,FG3A,FG3_PCT,FTM,FTA,FT_PCT,OREB,DREB,REB,AST,STL,BLK,TO,PF,PTS
0022101040,1610612759,Spurs,SAS,San Antonio,Starters,160.000000:22,29,65,0.446,13,27,0.481,12,13,0.923,10,27,37,25,8,1,10,10,83
0022101040,1610612759,Spurs,SAS,San Antonio,Bench,64.000000:57,11,28,0.393,5,13,0.385,5,7,0.714,4,3,7,5,2,0,2,5,32
0022101040,1610612760,Thunder,OKC,Oklahoma City,Starters,137.000000:26,29,57,0.509,7,22,0.318,15,20,0.75,6,21,27,14,5,1,11,8,80
0022101040,1610612760,Thunder,OKC,Oklahoma City,Bench,102.000000:34,14,25,0.56,6,13,0.462,6,9,0.667,4,16,20,10,6,0,6,10,40
