GAME_ID,TEAM_ID,TEAM_NAME,TEAM_ABBREVIATION,TEAM_CITY,STARTERS_BENCH,MIN,FGM,FGA,FG_PCT,FG3M,FG3A,FG3_PCT,FTM,FTA,FT_PCT,OREB,DREB,REB,AST,STL,BLK,TO,PF,PTS
0042100233,1610612763,Grizzlies,MEM,Memphis,Starters,145.000000:56,27,54,0.5,14,28,0.5,9,12,0.75,2,13,15,14,5,2,4,13,77
0042100233,1610612763,Grizzlies,MEM,Memphis,Bench,66.000000:35,8,24,0.333,1,7,0.143,6,8,0.75,3,8,11,4,2,2,3,6,23
0042100233,1610612744,Warriors,GSW,Golden State,Starters,139.000000:47,32,51,0.627,10,20,0.5,17,18,0.944,2,19,21,20,3,2,11,16,91
0042100233,1610612744,Warriors,GSW,Golden State,Bench,100.000000:13,21,34,0.618,7,12,0.583,2,3,0.667,2,15,17,14,2,2,5,8,51
