GAME_ID,TEAM_ID,TEAM_NAME,TEAM_ABBREVIATION,TEAM_CITY,STARTERS_BENCH,MIN,FGM,FGA,FG_PCT,FG3M,FG3A,FG3_PCT,FTM,FTA,FT_PCT,OREB,DREB,REB,AST,STL,BLK,TO,PF,PTS
2052100162,1612709917,Gold,GRG,Grand Rapids,Starters,170.000000:22,31,67,0.463,7,21,0.333,7,11,0.636,13,21,34,31,6,0,18,10,80
2052100162,1612709917,Gold,GRG,Grand Rapids,Bench,31.000000:37,8,16,0.5,4,10,0.4,3,3,1.0,1,1,2,1,0,0,0,4,24
2052100162,1612709910,Mad Ants,FWN,Fort Wayne,Starters,142.000000:05,39,68,0.574,6,21,0.286,5,7,0.714,11,23,34,11,7,5,8,13,93
2052100162,1612709910,Mad Ants,FWN,Fort Wayne,Bench,97.000000:55,17,33,0.515,6,14,0.429,4,6,0.667,4,9,13,15,5,3,5,9,46
