GAME_ID,TEAM_ID,TEAM_NAME,TEAM_ABBREVIATION,TEAM_CITY,STARTERS_BENCH,MIN,FGM,FGA,FG_PCT,FG3M,FG3A,FG3_PCT,FTM,FTA,FT_PCT,OREB,DREB,REB,AST,STL,BLK,TO,PF,PTS
2042100402,1612709908,Vipers,RGV,Rio Grande Valley,Starters,170.000000:15,35,77,0.455,8,31,0.258,8,11,0.727,17,24,41,19,6,10,16,16,93
2042100402,1612709908,Vipers,RGV,Rio Grande Valley,Bench,69.000000:45,11,25,0.44,5,16,0.313,6,7,0.857,2,16,18,6,5,4,3,8,38
2042100402,1612709909,Blue Coats,DEL,Delaware,Starters,167.000000:59,21,55,0.382,9,25,0.36,9,11,0.818,8,22,30,17,10,4,13,16,67
2042100402,1612709909,Blue Coats,DEL,Delaware,Bench,66.000000:17,16,40,0.4,5,13,0.385,3,6,0.5,5,6,11,3,4,1,5,11,42
