GAME_ID,TEAM_ID,TEAM_NAME,TEAM_ABBREVIATION,TEAM_CITY,STARTERS_BENCH,MIN,FGM,FGA,FG_PCT,FG3M,FG3A,FG3_PCT,FTM,FTA,FT_PCT,OREB,DREB,REB,AST,STL,BLK,TO,PF,PTS
0022100796,1610612753,Magic,ORL,Orlando,Starters,129.000000:43,23,51,0.451,9,23,0.391,14,17,0.824,4,20,24,17,1,2,6,13,69
0022100796,1610612753,Magic,ORL,Orlando,Bench,110.000000:17,16,39,0.41,8,25,0.32,6,12,0.5,3,11,14,10,1,0,3,7,46
0022100796,1610612763,Grizzlies,MEM,Memphis,Starters,132.000000:04,35,66,0.53,7,24,0.292,7,9,0.778,7,24,31,20,3,3,7,11,84
0022100796,1610612763,Grizzlies,MEM,Memphis,Bench,86.000000:01,12,26,0.462,2,7,0.286,9,13,0.692,7,14,21,11,2,2,1,8,35
