GAME_ID,TEAM_ID,TEAM_NAME,TEAM_ABBREVIATION,TEAM_CITY,STARTERS_BENCH,MIN,FGM,FGA,FG_PCT,FG3M,FG3A,FG3_PCT,FTM,FTA,FT_PCT,OREB,DREB,REB,AST,STL,BLK,TO,PF,PTS
0022100618,1610612754,Pacers,IND,Indiana,Starters,127.000000:51,29,52,0.558,4,18,0.222,8,12,0.667,5,10,15,15,2,3,3,11,70
0022100618,1610612754,Pacers,IND,Indiana,Bench,106.000000:02,10,31,0.323,2,15,0.133,5,8,0.625,6,16,22,12,4,2,6,11,27
0022100618,1610612738,Celtics,BOS,Boston,Starters,156.000000:49,35,60,0.583,15,28,0.536,18,21,0.857,4,23,27,16,3,3,9,13,103
0022100618,1610612738,Celtics,BOS,Boston,Bench,83.000000:11,5,18,0.278,3,10,0.3,3,4,0.75,3,7,10,7,3,2,2,9,16
