GAME_ID,TEAM_ID,TEAM_NAME,TEAM_ABBREVIATION,TEAM_CITY,STARTERS_BENCH,MIN,FGM,FGA,FG_PCT,FG3M,FG3A,FG3_PCT,FTM,FTA,FT_PCT,OREB,DREB,REB,AST,STL,BLK,TO,PF,PTS
0022100600,1610612750,Timberwolves,MIN,Minnesota,Starters,160.000000:09,43,78,0.551,12,27,0.444,11,15,0.733,13,26,39,28,6,8,7,13,109
0022100600,1610612750,Timberwolves,MIN,Minnesota,Bench,79.000000:51,12,30,0.4,3,15,0.2,5,6,0.833,5,12,17,9,4,2,4,9,32
0022100600,1610612745,Rockets,HOU,Houston,Starters,131.000000:08,24,53,0.453,7,25,0.28,9,16,0.563,6,18,24,21,2,3,7,10,64
0022100600,1610612745,Rockets,HOU,Houston,Bench,108.000000:52,22,44,0.5,7,18,0.389,8,12,0.667,4,17,21,10,3,3,5,7,59
