GAME_ID,TEAM_ID,TEAM_NAME,TEAM_ABBREVIATION,TEAM_CITY,STARTERS_BENCH,MIN,FGM,FGA,FG_PCT,FG3M,FG3A,FG3_PCT,FTM,FTA,FT_PCT,OREB,DREB,REB,AST,STL,BLK,TO,PF,PTS
0042100156,1610612750,Timberwolves,MIN,Minnesota,Starters,158.000000:40,23,61,0.377,7,21,0.333,14,20,0.7,4,20,24,16,9,4,10,17,67
0042100156,1610612750,Timberwolves,MIN,Minnesota,Bench,81.000000:20,15,23,0.652,5,10,0.5,4,6,0.667,2,11,13,6,3,1,1,4,39
0042100156,1610612763,Grizzlies,MEM,Memphis,Starters,159.000000:15,29,64,0.453,13,25,0.52,12,16,0.75,10,24,34,15,4,4,13,15,83
0042100156,1610612763,Grizzlies,MEM,Memphis,Bench,68.000000:53,9,19,0.474,2,7,0.286,7,8,0.875,5,13,18,9,2,3,3,5,27
