GAME_ID,TEAM_ID,TEAM_NAME,TEAM_ABBREVIATION,TEAM_CITY,STARTERS_BENCH,MIN,FGM,FGA,FG_PCT,FG3M,FG3A,FG3_PCT,FTM,FTA,FT_PCT,OREB,DREB,REB,AST,STL,BLK,TO,PF,PTS
0022100845,1610612757,Trail Blazers,POR,Portland,Starters,167.000000:18,30,61,0.492,11,24,0.458,13,16,0.813,8,28,36,23,1,2,13,17,84
0022100845,1610612757,Trail Blazers,POR,Portland,Bench,72.000000:42,10,23,0.435,4,16,0.25,4,4,1.0,1,14,15,6,2,0,2,9,28
0022100845,1610612752,Knicks,NYK,New York,Starters,153.000000:39,23,56,0.411,10,30,0.333,21,26,0.808,6,18,24,14,4,4,9,12,77
0022100845,1610612752,Knicks,NYK,New York,Bench,86.000000:22,8,25,0.32,2,9,0.222,8,8,1.0,3,14,17,5,2,2,3,12,26
