GAME_ID,TEAM_ID,TEAM_NAME,TEAM_ABBREVIATION,TEAM_CITY,STARTERS_BENCH,MIN,FGM,FGA,FG_PCT,FG3M,FG3A,FG3_PCT,FTM,FTA,FT_PCT,OREB,DREB,REB,AST,STL,BLK,TO,PF,PTS
0022101044,1610612761,Raptors,TOR,Toronto,Starters,169.000000:52,30,66,0.455,8,21,0.381,15,18,0.833,11,18,29,10,5,0,7,6,83
0022101044,1610612761,Raptors,TOR,Toronto,Bench,70.000000:08,8,17,0.471,3,11,0.273,1,3,0.333,2,12,14,4,0,1,4,6,20
0022101044,1610612746,Clippers,LAC,LA,Starters,141.000000:45,25,52,0.481,8,22,0.364,7,9,0.778,5,16,21,22,3,2,8,5,65
0022101044,1610612746,Clippers,LAC,LA,Bench,98.000000:15,13,26,0.5,3,8,0.375,6,6,1.0,5,15,20,5,4,0,6,10,35
