GAME_ID,TEAM_ID,TEAM_NAME,TEAM_ABBREVIATION,TEAM_CITY,STARTERS_BENCH,MIN,FGM,FGA,FG_PCT,FG3M,FG3A,FG3_PCT,FTM,FTA,FT_PCT,OREB,DREB,REB,AST,STL,BLK,TO,PF,PTS
0022100359,1610612750,Timberwolves,MIN,Minnesota,Starters,148.000000:36,23,59,0.39,7,17,0.412,11,13,0.846,11,23,34,15,6,4,5,10,64
0022100359,1610612750,Timberwolves,MIN,Minnesota,Bench,91.000000:24,16,39,0.41,10,23,0.435,4,6,0.667,5,11,16,7,3,1,3,7,46
0022100359,1610612737,Hawks,ATL,Atlanta,Starters,170.000000:36,27,69,0.391,16,35,0.457,14,17,0.824,10,26,36,22,4,6,8,12,84
0022100359,1610612737,Hawks,ATL,Atlanta,Bench,69.000000:24,13,21,0.619,9,14,0.643,2,2,1.0,1,12,13,9,1,2,2,8,37
