GAME_ID,TEAM_ID,TEAM_NAME,TEAM_ABBREVIATION,TEAM_CITY,STARTERS_BENCH,MIN,FGM,FGA,FG_PCT,FG3M,FG3A,FG3_PCT,FTM,FTA,FT_PCT,OREB,DREB,REB,AST,STL,BLK,TO,PF,PTS
0022100306,1610612748,Heat,MIA,Miami,Starters,165.000000:28,29,61,0.475,5,22,0.227,7,10,0.7,8,19,27,26,1,0,6,14,70
0022100306,1610612748,Heat,MIA,Miami,Bench,74.000000:32,14,30,0.467,10,22,0.455,3,5,0.6,4,8,12,6,1,1,3,4,41
0022100306,1610612743,Nuggets,DEN,Denver,Starters,162.000000:07,29,49,0.592,9,19,0.474,14,18,0.778,3,28,31,22,1,0,8,7,81
0022100306,1610612743,Nuggets,DEN,Denver,Bench,67.000000:14,13,23,0.565,8,15,0.533,2,3,0.667,2,1,3,9,1,1,5,8,36
