GAME_ID,TEAM_ID,TEAM_NAME,TEAM_ABBREVIATION,TEAM_CITY,STARTERS_BENCH,MIN,FGM,FGA,FG_PCT,FG3M,FG3A,FG3_PCT,FTM,FTA,FT_PCT,OREB,DREB,REB,AST,STL,BLK,TO,PF,PTS
0022101171,1610612753,Magic,ORL,Orlando,Starters,116.000000:51,13,44,0.295,7,24,0.292,4,9,0.444,4,18,22,6,2,0,5,7,37
0022101171,1610612753,Magic,ORL,Orlando,Bench,123.000000:09,17,41,0.415,5,20,0.25,12,18,0.667,4,14,18,12,3,2,6,5,51
0022101171,1610612752,Knicks,NYK,New York,Starters,145.000000:17,29,56,0.518,10,25,0.4,12,15,0.8,6,26,32,16,6,6,8,11,80
0022101171,1610612752,Knicks,NYK,New York,Bench,94.000000:43,16,37,0.432,5,19,0.263,1,1,1.0,7,17,24,13,3,1,1,11,38
