GAME_ID,TEAM_ID,TEAM_NAME,TEAM_ABBREVIATION,TEAM_CITY,STARTERS_BENCH,MIN,FGM,FGA,FG_PCT,FG3M,FG3A,FG3_PCT,FTM,FTA,FT_PCT,OREB,DREB,REB,AST,STL,BLK,TO,PF,PTS
0022100840,1610612755,76ers,PHI,Philadelphia,Starters,162.000000:28,29,64,0.453,5,16,0.313,18,23,0.783,10,29,39,13,5,8,6,8,81
0022100840,1610612755,76ers,PHI,Philadelphia,Bench,77.000000:33,7,29,0.241,2,10,0.2,3,3,1.0,5,11,16,6,2,2,5,8,19
0022100840,1610612760,Thunder,OKC,Oklahoma City,Starters,131.000000:08,22,55,0.4,4,17,0.235,8,8,1.0,8,28,36,7,2,5,7,11,56
0022100840,1610612760,Thunder,OKC,Oklahoma City,Bench,107.000000:57,13,35,0.371,2,18,0.111,3,4,0.75,3,13,16,14,4,3,8,10,31
