GAME_ID,TEAM_ID,TEAM_NAME,TEAM_ABBREVIATION,TEAM_CITY,STARTERS_BENCH,MIN,FGM,FGA,FG_PCT,FG3M,FG3A,FG3_PCT,FTM,FTA,FT_PCT,OREB,DREB,REB,AST,STL,BLK,TO,PF,PTS
0012100063,1610612763,Grizzlies,MEM,Memphis,Starters,128.000000:47,25,53,0.472,9,20,0.45,9,16,0.563,8,18,26,11,1,4,14,12,68
0012100063,1610612763,Grizzlies,MEM,Memphis,Bench,74.000000:27,9,21,0.429,2,11,0.182,2,2,1.0,4,6,10,7,5,0,7,8,22
0012100063,1610612741,Bulls,CHI,Chicago,Starters,150.000000:10,30,63,0.476,8,16,0.5,16,18,0.889,5,23,28,18,6,2,9,9,84
0012100063,1610612741,Bulls,CHI,Chicago,Bench,89.000000:50,13,30,0.433,3,11,0.273,5,6,0.833,5,10,15,8,7,0,4,6,34
