GAME_ID,TEAM_ID,TEAM_NAME,TEAM_ABBREVIATION,TEAM_CITY,STARTERS_BENCH,MIN,FGM,FGA,FG_PCT,FG3M,FG3A,FG3_PCT,FTM,FTA,FT_PCT,OREB,DREB,REB,AST,STL,BLK,TO,PF,PTS
2052100189,1612709902,Warriors,SCW,Santa Cruz,Starters,157.000000:34,26,58,0.448,4,16,0.25,9,14,0.643,6,31,37,13,7,7,15,9,68
2052100189,1612709902,Warriors,SCW,Santa Cruz,Bench,29.000000:03,4,9,0.444,2,5,0.4,0,0,0.0,2,5,7,4,0,0,1,5,10
2052100189,1612709921,Nets,LIN,Long Island,Starters,161.000000:29,19,53,0.358,6,30,0.2,2,7,0.286,8,22,30,13,7,2,14,12,48
2052100189,1612709921,Nets,LIN,Long Island,Bench,72.000000:30,13,30,0.433,2,7,0.286,1,5,0.2,4,14,18,8,2,4,2,7,29
