GAME_ID,TEAM_ID,TEAM_NAME,TEAM_ABBREVIATION,TEAM_CITY,STARTERS_BENCH,MIN,FGM,FGA,FG_PCT,FG3M,FG3A,FG3_PCT,FTM,FTA,FT_PCT,OREB,DREB,REB,AST,STL,BLK,TO,PF,PTS
0022101109,1610612761,Raptors,TOR,Toronto,Starters,122.000000:24,29,43,0.674,5,12,0.417,6,10,0.6,2,17,19,19,4,1,3,7,69
0022101109,1610612761,Raptors,TOR,Toronto,Bench,117.000000:36,22,41,0.537,10,20,0.5,8,9,0.889,7,16,23,15,5,2,3,9,62
0022101109,1610612754,Pacers,IND,Indiana,Starters,168.000000:41,27,56,0.482,11,27,0.407,10,16,0.625,6,22,28,21,4,3,6,7,75
0022101109,1610612754,Pacers,IND,Indiana,Bench,71.000000:19,6,23,0.261,0,9,0.0,4,4,1.0,3,4,7,2,1,0,7,7,16
