GAME_ID,TEAM_ID,TEAM_NAME,TEAM_ABBREVIATION,TEAM_CITY,STARTERS_BENCH,MIN,FGM,FGA,FG_PCT,FG3M,FG3A,FG3_PCT,FTM,FTA,FT_PCT,OREB,DREB,REB,AST,STL,BLK,TO,PF,PTS
0022101071,1610612740,Pelicans,NOP,New Orleans,Starters,144.000000:45,26,58,0.448,5,17,0.294,10,10,1.0,9,20,29,17,5,4,11,11,67
0022101071,1610612740,Pelicans,NOP,New Orleans,Bench,76.000000:19,10,23,0.435,4,7,0.571,3,4,0.75,3,8,11,6,3,0,3,4,27
0022101071,1610612766,Hornets,CHA,Charlotte,Starters,158.000000:39,26,52,0.5,9,27,0.333,6,7,0.857,4,21,25,25,3,5,9,10,67
0022101071,1610612766,Hornets,CHA,Charlotte,Bench,81.000000:22,14,27,0.519,4,10,0.4,7,8,0.875,1,9,10,9,2,5,8,9,39
