GAME_ID,TEAM_ID,TEAM_NAME,TEAM_ABBREVIATION,TEAM_CITY,STARTERS_BENCH,MIN,FGM,FGA,FG_PCT,FG3M,FG3A,FG3_PCT,FTM,FTA,FT_PCT,OREB,DREB,REB,AST,STL,BLK,TO,PF,PTS
2052100020,1612709931,Capitanes,MXC,Ciudad de Mexico,Starters,156.000000:48,30,68,0.441,5,18,0.278,6,7,0.857,9,15,24,9,3,2,6,14,75
2052100020,1612709931,Capitanes,MXC,Ciudad de Mexico,Bench,79.000000:36,11,22,0.5,5,13,0.385,0,1,0.0,4,16,20,11,4,2,6,2,27
2052100020,1612709926,Hustle,MHU,Memphis,Starters,148.000000:55,25,55,0.455,7,22,0.318,5,9,0.556,10,18,28,15,1,3,9,12,63
2052100020,1612709926,Hustle,MHU,Memphis,Bench,91.000000:05,17,33,0.515,8,16,0.5,3,4,0.75,2,12,14,9,2,2,5,4,47
