GAME_ID,TEAM_ID,TEAM_NAME,TEAM_ABBREVIATION,TEAM_CITY,STARTERS_BENCH,MIN,FGM,FGA,FG_PCT,FG3M,FG3A,FG3_PCT,FTM,FTA,FT_PCT,OREB,DREB,REB,AST,STL,BLK,TO,PF,PTS
2052100198,1612709905,Lakers,SBL,South Bay,Starters,202.000000:10,37,79,0.468,6,25,0.24,11,14,0.786,9,33,42,20,8,3,12,15,100
2052100198,1612709905,Lakers,SBL,South Bay,Bench,28.000000:46,2,11,0.182,0,2,0.0,0,0,0.0,1,2,3,4,0,0,0,4,4
2052100198,1612709909,Blue Coats,DEL,Delaware,Starters,181.000000:23,35,67,0.522,9,27,0.333,12,16,0.75,4,33,37,21,8,6,10,15,97
2052100198,1612709909,Blue Coats,DEL,Delaware,Bench,36.000000:28,9,14,0.643,1,3,0.333,0,4,0.0,5,5,10,2,0,1,2,4,19
