GAME_ID,TEAM_ID,TEAM_NAME,TEAM_ABBREVIATION,TEAM_CITY,STARTERS_BENCH,MIN,FGM,FGA,FG_PCT,FG3M,FG3A,FG3_PCT,FTM,FTA,FT_PCT,OREB,DREB,REB,AST,STL,BLK,TO,PF,PTS
0022100832,1610612764,Wizards,WAS,Washington,Starters,149.000000:60,25,56,0.446,6,20,0.3,12,12,1.0,7,24,31,22,4,2,10,10,68
0022100832,1610612764,Wizards,WAS,Washington,Bench,90.000000:00,18,29,0.621,5,11,0.455,4,6,0.667,3,7,10,7,3,3,1,13,45
0022100832,1610612751,Nets,BKN,Brooklyn,Starters,157.000000:28,28,59,0.475,8,23,0.348,16,18,0.889,4,22,26,14,3,2,8,11,80
0022100832,1610612751,Nets,BKN,Brooklyn,Bench,82.000000:32,11,25,0.44,2,6,0.333,8,10,0.8,8,8,16,5,3,1,2,10,32
