GAME_ID,TEAM_ID,TEAM_NAME,TEAM_ABBREVIATION,TEAM_CITY,STARTERS_BENCH,MIN,FGM,FGA,FG_PCT,FG3M,FG3A,FG3_PCT,FTM,FTA,FT_PCT,OREB,DREB,REB,AST,STL,BLK,TO,PF,PTS
0022100674,1610612749,Bucks,MIL,Milwaukee,Starters,155.000000:14,36,70,0.514,8,23,0.348,17,18,0.944,8,33,41,21,5,4,9,13,97
0022100674,1610612749,Bucks,MIL,Milwaukee,Bench,63.000000:05,8,19,0.421,4,11,0.364,0,0,0.0,3,7,10,4,2,2,3,5,20
0022100674,1610612763,Grizzlies,MEM,Memphis,Starters,161.000000:53,30,74,0.405,7,27,0.259,15,20,0.75,12,24,36,21,4,6,7,12,82
0022100674,1610612763,Grizzlies,MEM,Memphis,Bench,52.000000:35,8,23,0.348,2,12,0.167,0,2,0.0,3,4,7,4,4,0,2,8,18
