GAME_ID,TEAM_ID,TEAM_NAME,TEAM_ABBREVIATION,TEAM_CITY,STARTERS_BENCH,MIN,FGM,FGA,FG_PCT,FG3M,FG3A,FG3_PCT,FTM,FTA,FT_PCT,OREB,DREB,REB,AST,STL,BLK,TO,PF,PTS
2022100269,1612709889,Blue,OKL,Oklahoma City,Starters,168.000000:18,34,69,0.493,11,26,0.423,4,5,0.8,8,28,36,24,6,5,14,7,85
2022100269,1612709889,Blue,OKL,Oklahoma City,Bench,71.000000:42,9,24,0.375,3,12,0.25,6,9,0.667,4,21,25,5,6,0,3,7,31
2022100269,1612709926,Hustle,MHU,Memphis,Starters,157.000000:21,20,65,0.308,5,21,0.238,8,10,0.8,9,11,20,15,6,2,10,7,60
2022100269,1612709926,Hustle,MHU,Memphis,Bench,63.000000:02,12,27,0.444,2,11,0.182,1,2,0.5,4,19,23,2,2,1,4,5,27
