GAME_ID,TEAM_ID,TEAM_NAME,TEAM_ABBREVIATION,TEAM_CITY,STARTERS_BENCH,MIN,FGM,FGA,FG_PCT,FG3M,FG3A,FG3_PCT,FTM,FTA,FT_PCT,OREB,DREB,REB,AST,STL,BLK,TO,PF,PTS
0022101195,1610612756,Suns,PHX,Phoenix,Starters,120.000000:37,17,52,0.327,7,26,0.269,2,3,0.667,5,13,18,10,4,1,8,8,43
0022101195,1610612756,Suns,PHX,Phoenix,Bench,107.000000:27,24,49,0.49,10,21,0.476,6,7,0.857,13,21,34,18,7,1,4,16,64
0022101195,1610612746,Clippers,LAC,LA,Starters,130.000000:47,18,39,0.462,4,18,0.222,15,19,0.789,2,29,31,11,5,5,9,8,55
0022101195,1610612746,Clippers,LAC,LA,Bench,109.000000:13,15,36,0.417,8,16,0.5,20,25,0.8,7,17,24,9,2,4,7,9,58
