GAME_ID,TEAM_ID,TEAM_NAME,TEAM_ABBREVIATION,TEAM_CITY,STARTERS_BENCH,MIN,FGM,FGA,FG_PCT,FG3M,FG3A,FG3_PCT,FTM,FTA,FT_PCT,OREB,DREB,REB,AST,STL,BLK,TO,PF,PTS
0022100249,1610612747,Lakers,LAL,Los Angeles,Starters,135.000000:13,28,54,0.519,2,13,0.154,14,19,0.737,6,26,32,23,6,6,8,14,72
0022100249,1610612747,Lakers,LAL,Los Angeles,Bench,104.000000:47,17,38,0.447,8,18,0.444,7,8,0.875,6,13,19,6,1,2,5,7,49
0022100249,1610612765,Pistons,DET,Detroit,Starters,166.000000:44,27,67,0.403,9,28,0.321,9,12,0.75,3,22,25,23,5,1,6,13,72
0022100249,1610612765,Pistons,DET,Detroit,Bench,73.000000:16,16,30,0.533,5,12,0.417,7,9,0.778,5,9,14,4,2,5,5,11,44
