GAME_ID,TEAM_ID,TEAM_NAME,TEAM_ABBREVIATION,TEAM_CITY,STARTERS_BENCH,MIN,FGM,FGA,FG_PCT,FG3M,FG3A,FG3_PCT,FTM,FTA,FT_PCT,OREB,DREB,REB,AST,STL,BLK,TO,PF,PTS
2022100380,1612709923,Bulls,WCB,Windy City,Starters,139.000000:07,29,57,0.509,2,12,0.167,6,9,0.667,6,20,26,16,4,2,9,16,69
2022100380,1612709923,Bulls,WCB,Windy City,Bench,52.000000:25,11,21,0.524,3,8,0.375,3,5,0.6,5,4,9,3,1,1,8,4,28
2022100380,1612709929,Skyhawks,CPS,College Park,Starters,172.000000:40,34,67,0.507,9,24,0.375,13,19,0.684,4,29,33,20,7,2,13,20,98
2022100380,1612709929,Skyhawks,CPS,College Park,Bench,67.000000:20,5,16,0.313,1,5,0.2,5,5,1.0,4,6,10,4,4,3,2,3,18
