GAME_ID,TEAM_ID,TEAM_NAME,TEAM_ABBREVIATION,TEAM_CITY,STARTERS_BENCH,MIN,FGM,FGA,FG_PCT,FG3M,FG3A,FG3_PCT,FTM,FTA,FT_PCT,OREB,DREB,REB,AST,STL,BLK,TO,PF,PTS
0042100175,1610612762,Jazz,UTA,Utah,Starters,135.000000:33,13,43,0.302,1,20,0.05,10,14,0.714,5,13,18,8,3,0,10,15,37
0042100175,1610612762,Jazz,UTA,Utah,Bench,91.000000:23,15,30,0.5,2,10,0.2,6,7,0.857,1,15,16,4,4,1,3,7,38
0042100175,1610612742,Mavericks,DAL,Dallas,Starters,161.000000:34,31,66,0.47,10,33,0.303,15,19,0.789,7,27,34,15,5,1,8,13,87
0042100175,1610612742,Mavericks,DAL,Dallas,Bench,51.000000:55,6,18,0.333,2,9,0.222,1,2,0.5,2,7,9,1,0,0,2,4,15
