GAME_ID,TEAM_ID,TEAM_NAME,TEAM_ABBREVIATION,TEAM_CITY,STARTERS_BENCH,MIN,FGM,FGA,FG_PCT,FG3M,FG3A,FG3_PCT,FTM,FTA,FT_PCT,OREB,DREB,REB,AST,STL,BLK,TO,PF,PTS
0022100363,1610612742,Mavericks,DAL,Dallas,Starters,156.000000:38,26,61,0.426,8,31,0.258,16,18,0.889,8,24,32,16,4,2,4,10,76
0022100363,1610612742,Mavericks,DAL,Dallas,Bench,69.000000:46,10,26,0.385,1,13,0.077,2,2,1.0,1,5,6,5,2,0,0,2,23
0022100363,1610612751,Nets,BKN,Brooklyn,Starters,152.000000:50,30,61,0.492,6,20,0.3,10,11,0.909,3,23,26,18,2,3,9,10,76
0022100363,1610612751,Nets,BKN,Brooklyn,Bench,68.000000:48,11,19,0.579,2,6,0.333,0,2,0.0,3,15,18,6,1,1,2,9,24
