GAME_ID,TEAM_ID,TEAM_NAME,TEAM_ABBREVIATION,TEAM_CITY,STARTERS_BENCH,MIN,FGM,FGA,FG_PCT,FG3M,FG3A,FG3_PCT,FTM,FTA,FT_PCT,OREB,DREB,REB,AST,STL,BLK,TO,PF,PTS
0022100487,1610612759,Spurs,SAS,San Antonio,Starters,138.000000:23,21,54,0.389,9,22,0.409,18,20,0.9,5,22,27,23,4,4,3,13,69
0022100487,1610612759,Spurs,SAS,San Antonio,Bench,101.000000:37,25,41,0.61,9,17,0.529,10,13,0.769,7,16,23,10,3,1,3,8,69
0022100487,1610612747,Lakers,LAL,Los Angeles,Starters,158.000000:12,36,70,0.514,4,17,0.235,14,23,0.609,8,24,32,17,2,4,10,12,90
0022100487,1610612747,Lakers,LAL,Los Angeles,Bench,70.000000:03,8,23,0.348,1,9,0.111,3,7,0.429,6,7,13,1,2,2,4,8,20
