GAME_ID,TEAM_ID,TEAM_NAME,TEAM_ABBREVIATION,TEAM_CITY,STARTERS_BENCH,MIN,FGM,FGA,FG_PCT,FG3M,FG3A,FG3_PCT,FTM,FTA,FT_PCT,OREB,DREB,REB,AST,STL,BLK,TO,PF,PTS
0022100757,1610612762,Jazz,UTA,Utah,Starters,133.000000:08,22,43,0.512,8,15,0.533,9,13,0.692,6,18,24,12,6,3,11,13,61
0022100757,1610612762,Jazz,UTA,Utah,Bench,74.000000:12,10,25,0.4,5,18,0.278,6,8,0.75,3,4,7,7,1,0,5,3,31
0022100757,1610612750,Timberwolves,MIN,Minnesota,Starters,144.000000:12,26,59,0.441,8,22,0.364,11,14,0.786,9,18,27,20,9,2,9,8,71
0022100757,1610612750,Timberwolves,MIN,Minnesota,Bench,95.000000:48,23,30,0.767,5,9,0.556,4,4,1.0,1,12,13,15,2,0,7,7,55
