GAME_ID,TEAM_ID,TEAM_NAME,TEAM_ABBREVIATION,TEAM_CITY,STARTERS_BENCH,MIN,FGM,FGA,FG_PCT,FG3M,FG3A,FG3_PCT,FTM,FTA,FT_PCT,OREB,DREB,REB,AST,STL,BLK,TO,PF,PTS
0022101029,1610612763,Grizzlies,MEM,Memphis,Starters,118.000000:20,27,58,0.466,6,18,0.333,11,16,0.688,11,17,28,24,6,6,6,8,71
0022101029,1610612763,Grizzlies,MEM,Memphis,Bench,56.000000:48,14,20,0.7,2,6,0.333,1,4,0.25,4,5,9,6,2,4,1,5,31
0022101029,1610612754,Pacers,IND,Indiana,Starters,126.000000:52,18,57,0.316,1,16,0.063,9,10,0.9,10,15,25,15,3,2,13,15,46
0022101029,1610612754,Pacers,IND,Indiana,Bench,95.000000:32,21,35,0.6,4,12,0.333,5,9,0.556,5,16,21,8,1,1,6,5,51
