GAME_ID,TEAM_ID,TEAM_NAME,TEAM_ABBREVIATION,TEAM_CITY,STARTERS_BENCH,MIN,FGM,FGA,FG_PCT,FG3M,FG3A,FG3_PCT,FTM,FTA,FT_PCT,OREB,DREB,REB,AST,STL,BLK,TO,PF,PTS
0022101077,1610612764,Wizards,WAS,Washington,Starters,152.000000:20,26,60,0.433,5,22,0.227,13,13,1.0,9,19,28,18,3,5,6,9,70
0022101077,1610612764,Wizards,WAS,Washington,Bench,65.000000:31,5,19,0.263,1,7,0.143,4,6,0.667,0,13,13,6,3,1,5,4,15
0022101077,1610612745,Rockets,HOU,Houston,Starters,148.000000:14,34,63,0.54,16,29,0.552,5,7,0.714,4,25,29,18,2,4,5,14,89
0022101077,1610612745,Rockets,HOU,Houston,Bench,91.000000:46,8,22,0.364,4,10,0.4,6,6,1.0,2,13,15,12,3,4,7,8,26
