GAME_ID,TEAM_ID,TEAM_NAME,TEAM_ABBREVIATION,TEAM_CITY,STARTERS_BENCH,MIN,FGM,FGA,FG_PCT,FG3M,FG3A,FG3_PCT,FTM,FTA,FT_PCT,OREB,DREB,REB,AST,STL,BLK,TO,PF,PTS
0022101173,1610612750,Timberwolves,MIN,Minnesota,Starters,163.000000:23,36,62,0.581,12,33,0.364,13,15,0.867,4,19,23,24,10,4,13,15,97
0022101173,1610612750,Timberwolves,MIN,Minnesota,Bench,76.000000:37,15,24,0.625,5,8,0.625,7,10,0.7,3,6,9,8,3,2,6,12,42
0022101173,1610612745,Rockets,HOU,Houston,Starters,153.000000:45,29,58,0.5,11,30,0.367,13,17,0.765,9,17,26,20,5,2,16,16,82
0022101173,1610612745,Rockets,HOU,Houston,Bench,86.000000:15,19,27,0.704,5,10,0.5,7,12,0.583,2,8,10,8,3,2,7,8,50
