GAME_ID,TEAM_ID,TEAM_NAME,TEAM_ABBREVIATION,TEAM_CITY,STARTERS_BENCH,MIN,FGM,FGA,FG_PCT,FG3M,FG3A,FG3_PCT,FTM,FTA,FT_PCT,OREB,DREB,REB,AST,STL,BLK,TO,PF,PTS
0022100685,1610612753,Magic,ORL,Orlando,Starters,164.000000:09,22,52,0.423,5,22,0.227,16,19,0.842,3,20,23,16,3,8,13,15,65
0022100685,1610612753,Magic,ORL,Orlando,Bench,56.000000:25,8,19,0.421,4,14,0.286,1,2,0.5,0,7,7,6,2,0,3,6,21
0022100685,1610612747,Lakers,LAL,Los Angeles,Starters,126.000000:20,26,52,0.5,5,15,0.333,8,8,1.0,6,23,29,17,7,1,13,14,65
0022100685,1610612747,Lakers,LAL,Los Angeles,Bench,113.000000:41,16,33,0.485,8,15,0.533,11,15,0.733,2,14,16,6,5,3,5,10,51
