GAME_ID,TEAM_ID,TEAM_NAME,TEAM_ABBREVIATION,TEAM_CITY,STARTERS_BENCH,MIN,FGM,FGA,FG_PCT,FG3M,FG3A,FG3_PCT,FTM,FTA,FT_PCT,OREB,DREB,REB,AST,STL,BLK,TO,PF,PTS
2052100146,1612709909,Blue Coats,DEL,Delaware,Starters,130.000000:56,23,53,0.434,8,22,0.364,8,11,0.727,8,23,31,14,7,5,12,14,68
2052100146,1612709909,Blue Coats,DEL,Delaware,Bench,79.000000:23,7,23,0.304,3,14,0.214,4,4,1.0,4,9,13,10,7,0,7,1,25
2052100146,1612709928,Go-Go,CCG,Capital City,Starters,127.000000:15,21,51,0.412,9,23,0.391,3,3,1.0,7,15,22,14,5,4,9,17,56
2052100146,1612709928,Go-Go,CCG,Capital City,Bench,107.000000:19,17,44,0.386,0,8,0.0,2,2,1.0,5,19,24,17,7,6,10,11,37
