GAME_ID,TEAM_ID,TEAM_NAME,TEAM_ABBREVIATION,TEAM_CITY,STARTERS_BENCH,MIN,FGM,FGA,FG_PCT,FG3M,FG3A,FG3_PCT,FTM,FTA,FT_PCT,OREB,DREB,REB,AST,STL,BLK,TO,PF,PTS
2022100173,1612709904,Skyforce,SXF,Sioux Falls,Starters,174.000000:34,29,63,0.46,9,23,0.391,10,11,0.909,4,26,30,9,5,3,11,14,84
2022100173,1612709904,Skyforce,SXF,Sioux Falls,Bench,65.000000:26,3,21,0.143,0,10,0.0,3,4,0.75,2,10,12,8,3,2,4,8,13
2022100173,1612709890,Spurs,AUS,Austin,Starters,137.000000:13,32,63,0.508,7,16,0.438,6,9,0.667,12,23,35,20,2,3,8,19,78
2022100173,1612709890,Spurs,AUS,Austin,Bench,71.000000:05,12,29,0.414,3,8,0.375,2,2,1.0,5,11,16,12,4,1,3,8,31
