GAME_ID,TEAM_ID,TEAM_NAME,TEAM_ABBREVIATION,TEAM_CITY,STARTERS_BENCH,MIN,FGM,FGA,FG_PCT,FG3M,FG3A,FG3_PCT,FTM,FTA,FT_PCT,OREB,DREB,REB,AST,STL,BLK,TO,PF,PTS
0022100924,1610612749,Bucks,MIL,Milwaukee,Starters,121.000000:23,29,62,0.468,15,33,0.455,24,24,1.0,11,26,37,18,2,4,6,11,97
0022100924,1610612749,Bucks,MIL,Milwaukee,Bench,102.000000:36,11,25,0.44,3,9,0.333,6,11,0.545,5,15,20,5,2,1,5,17,31
0022100924,1610612766,Hornets,CHA,Charlotte,Starters,143.000000:46,27,63,0.429,11,27,0.407,6,10,0.6,5,15,20,14,4,1,6,16,71
0022100924,1610612766,Hornets,CHA,Charlotte,Bench,79.000000:29,8,26,0.308,3,10,0.3,13,21,0.619,4,12,16,8,2,0,2,9,32
