GAME_ID,TEAM_ID,TEAM_NAME,TEAM_ABBREVIATION,TEAM_CITY,STARTERS_BENCH,MIN,FGM,FGA,FG_PCT,FG3M,FG3A,FG3_PCT,FTM,FTA,FT_PCT,OREB,DREB,REB,AST,STL,BLK,TO,PF,PTS
0042100204,1610612755,76ers,PHI,Philadelphia,Starters,180.000000:30,30,57,0.526,13,26,0.5,24,30,0.8,4,22,26,20,5,2,15,18,97
0042100204,1610612755,76ers,PHI,Philadelphia,Bench,59.000000:30,7,11,0.636,3,7,0.429,2,4,0.5,0,6,6,5,0,0,1,6,19
0042100204,1610612748,Heat,MIA,Miami,Starters,160.000000:28,30,54,0.556,5,21,0.238,15,16,0.938,4,15,19,20,4,3,7,18,80
0042100204,1610612748,Heat,MIA,Miami,Bench,79.000000:32,8,28,0.286,2,14,0.143,10,12,0.833,1,13,14,4,5,2,6,8,28
