GAME_ID,TEAM_ID,TEAM_NAME,TEAM_ABBREVIATION,TEAM_CITY,STARTERS_BENCH,MIN,FGM,FGA,FG_PCT,FG3M,FG3A,FG3_PCT,FTM,FTA,FT_PCT,OREB,DREB,REB,AST,STL,BLK,TO,PF,PTS
0022100530,1610612754,Pacers,IND,Indiana,Starters,159.000000:48,29,67,0.433,8,25,0.32,19,25,0.76,11,23,34,16,5,5,11,14,85
0022100530,1610612754,Pacers,IND,Indiana,Bench,80.000000:12,9,24,0.375,0,6,0.0,3,4,0.75,6,15,21,7,2,3,6,8,21
0022100530,1610612741,Bulls,CHI,Chicago,Starters,166.000000:08,28,71,0.394,9,21,0.429,20,22,0.909,7,24,31,20,9,4,8,13,85
0022100530,1610612741,Bulls,CHI,Chicago,Bench,52.000000:19,7,14,0.5,3,6,0.5,3,4,0.75,1,8,9,0,2,0,0,6,20
