GAME_ID,TEAM_ID,TEAM_NAME,TEAM_ABBREVIATION,TEAM_CITY,STARTERS_BENCH,MIN,FGM,FGA,FG_PCT,FG3M,FG3A,FG3_PCT,FTM,FTA,FT_PCT,OREB,DREB,REB,AST,STL,BLK,TO,PF,PTS
2022100409,1612709913,Squadron,BIR,Birmingham,Starters,181.000000:57,26,63,0.413,9,22,0.409,1,3,0.333,8,23,31,21,6,4,7,9,63
2022100409,1612709913,Squadron,BIR,Birmingham,Bench,58.000000:03,11,26,0.423,8,18,0.444,3,3,1.0,3,8,11,6,0,0,5,5,35
2022100409,1612709890,Spurs,AUS,Austin,Starters,158.000000:16,28,60,0.467,4,17,0.235,9,10,0.9,4,23,27,16,6,3,9,9,74
2022100409,1612709890,Spurs,AUS,Austin,Bench,81.000000:44,11,21,0.524,4,9,0.444,0,2,0.0,6,16,22,10,2,2,5,9,26
