GAME_ID,TEAM_ID,TEAM_NAME,TEAM_ABBREVIATION,TEAM_CITY,STARTERS_BENCH,MIN,FGM,FGA,FG_PCT,FG3M,FG3A,FG3_PCT,FTM,FTA,FT_PCT,OREB,DREB,REB,AST,STL,BLK,TO,PF,PTS
0042100171,1610612762,Jazz,UTA,Utah,Starters,182.000000:20,28,67,0.418,6,17,0.353,17,19,0.895,8,32,40,15,3,4,10,16,79
0042100171,1610612762,Jazz,UTA,Utah,Bench,45.000000:06,7,14,0.5,1,5,0.2,2,2,1.0,2,3,5,0,0,0,4,6,17
0042100171,1610612742,Mavericks,DAL,Dallas,Starters,187.000000:31,26,62,0.419,6,20,0.3,21,28,0.75,7,20,27,17,5,4,7,14,79
0042100171,1610612742,Mavericks,DAL,Dallas,Bench,52.000000:29,3,14,0.214,3,12,0.25,5,6,0.833,0,7,7,0,3,0,0,8,14
