GAME_ID,TEAM_ID,TEAM_NAME,TEAM_ABBREVIATION,TEAM_CITY,STARTERS_BENCH,MIN,FGM,FGA,FG_PCT,FG3M,FG3A,FG3_PCT,FTM,FTA,FT_PCT,OREB,DREB,REB,AST,STL,BLK,TO,PF,PTS
0022100228,1610612755,76ers,PHI,Philadelphia,Starters,167.000000:22,31,63,0.492,8,20,0.4,4,9,0.444,2,27,29,15,3,3,5,12,74
0022100228,1610612755,76ers,PHI,Philadelphia,Bench,72.000000:38,12,22,0.545,3,9,0.333,2,3,0.667,4,12,16,7,2,4,4,6,29
0022100228,1610612743,Nuggets,DEN,Denver,Starters,156.000000:02,26,57,0.456,9,17,0.529,8,10,0.8,5,22,27,20,2,2,5,9,69
0022100228,1610612743,Nuggets,DEN,Denver,Bench,83.000000:59,6,32,0.188,3,19,0.158,5,6,0.833,5,14,19,2,4,2,5,5,20
