GAME_ID,TEAM_ID,TEAM_NAME,TEAM_ABBREVIATION,TEAM_CITY,STARTERS_BENCH,MIN,FGM,FGA,FG_PCT,FG3M,FG3A,FG3_PCT,FTM,FTA,FT_PCT,OREB,DREB,REB,AST,STL,BLK,TO,PF,PTS
0022101065,1610612753,Magic,ORL,Orlando,Starters,137.000000:55,23,48,0.479,4,14,0.286,12,16,0.75,10,29,39,17,6,3,15,11,62
0022101065,1610612753,Magic,ORL,Orlando,Bench,102.000000:05,9,35,0.257,3,17,0.176,7,8,0.875,5,16,21,5,5,1,6,6,28
0022101065,1610612760,Thunder,OKC,Oklahoma City,Starters,147.000000:25,18,68,0.265,7,35,0.2,8,11,0.727,12,15,27,12,9,5,10,12,51
0022101065,1610612760,Thunder,OKC,Oklahoma City,Bench,92.000000:35,12,24,0.5,6,13,0.462,4,7,0.571,2,18,20,7,4,2,6,12,34
