GAME_ID,TEAM_ID,TEAM_NAME,TEAM_ABBREVIATION,TEAM_CITY,STARTERS_BENCH,MIN,FGM,FGA,FG_PCT,FG3M,FG3A,FG3_PCT,FTM,FTA,FT_PCT,OREB,DREB,REB,AST,STL,BLK,TO,PF,PTS
0022100208,1610612761,Raptors,TOR,Toronto,Starters,199.000000:17,36,77,0.468,14,31,0.452,15,16,0.938,7,25,32,18,7,2,10,13,101
0022100208,1610612761,Raptors,TOR,Toronto,Bench,40.000000:43,5,12,0.417,1,2,0.5,1,2,0.5,5,2,7,2,0,0,1,4,12
0022100208,1610612757,Trail Blazers,POR,Portland,Starters,153.000000:09,30,59,0.508,12,26,0.462,9,12,0.75,5,23,28,17,4,6,9,7,81
0022100208,1610612757,Trail Blazers,POR,Portland,Bench,75.000000:07,13,20,0.65,4,10,0.4,1,2,0.5,0,8,8,7,2,1,3,8,31
