GAME_ID,TEAM_ID,TEAM_NAME,TEAM_ABBREVIATION,TEAM_CITY,STARTERS_BENCH,MIN,FGM,FGA,FG_PCT,FG3M,FG3A,FG3_PCT,FTM,FTA,FT_PCT,OREB,DREB,REB,AST,STL,BLK,TO,PF,PTS
2022100103,1612709920,905,RAP,Raptors,Starters,154.000000:54,20,50,0.4,8,25,0.32,9,10,0.9,5,24,29,15,6,6,8,12,61
2022100103,1612709920,905,RAP,Raptors,Bench,85.000000:06,10,30,0.333,3,7,0.429,2,3,0.667,2,15,17,4,2,1,4,9,27
2022100103,1612709925,Magic,LAK,Lakeland,Starters,136.000000:22,18,51,0.353,3,16,0.188,10,12,0.833,4,22,26,9,7,6,7,10,59
2022100103,1612709925,Magic,LAK,Lakeland,Bench,103.000000:38,7,28,0.25,2,13,0.154,4,4,1.0,4,19,23,7,2,2,7,6,23
