GAME_ID,TEAM_ID,TEAM_NAME,TEAM_ABBREVIATION,TEAM_CITY,STARTERS_BENCH,MIN,FGM,FGA,FG_PCT,FG3M,FG3A,FG3_PCT,FTM,FTA,FT_PCT,OREB,DREB,REB,AST,STL,BLK,TO,PF,PTS
0022101030,1610612753,Magic,ORL,Orlando,Starters,126.000000:43,21,49,0.429,9,18,0.5,16,20,0.8,4,15,19,15,1,1,7,14,67
0022101030,1610612753,Magic,ORL,Orlando,Bench,113.000000:17,15,46,0.326,6,23,0.261,5,7,0.714,7,11,18,10,1,3,5,11,41
0022101030,1610612751,Nets,BKN,Brooklyn,Starters,135.000000:12,33,57,0.579,8,15,0.533,25,28,0.893,4,21,25,23,7,3,7,13,99
0022101030,1610612751,Nets,BKN,Brooklyn,Bench,104.000000:48,20,31,0.645,8,12,0.667,3,6,0.5,3,20,23,12,2,1,5,10,51
