GAME_ID,TEAM_ID,TEAM_NAME,TEAM_ABBREVIATION,TEAM_CITY,STARTERS_BENCH,MIN,FGM,FGA,FG_PCT,FG3M,FG3A,FG3_PCT,FTM,FTA,FT_PCT,OREB,DREB,REB,AST,STL,BLK,TO,PF,PTS
0022100645,1610612755,76ers,PHI,Philadelphia,Starters,184.000000:17,35,66,0.53,9,21,0.429,15,19,0.789,4,28,32,17,3,4,10,11,94
0022100645,1610612755,76ers,PHI,Philadelphia,Bench,55.000000:43,5,13,0.385,4,11,0.364,1,2,0.5,2,9,11,7,2,1,5,11,15
0022100645,1610612748,Heat,MIA,Miami,Starters,154.000000:12,20,55,0.364,6,21,0.286,13,17,0.765,7,22,29,19,3,3,6,13,59
0022100645,1610612748,Heat,MIA,Miami,Bench,85.000000:48,13,31,0.419,3,14,0.214,10,13,0.769,5,9,14,5,7,1,4,5,39
