GAME_ID,TEAM_ID,TEAM_NAME,TEAM_ABBREVIATION,TEAM_CITY,STARTERS_BENCH,MIN,FGM,FGA,FG_PCT,FG3M,FG3A,FG3_PCT,FTM,FTA,FT_PCT,OREB,DREB,REB,AST,STL,BLK,TO,PF,PTS
0022100639,1610612763,Grizzlies,MEM,Memphis,Starters,136.000000:04,25,58,0.431,5,22,0.227,4,5,0.8,2,21,23,11,4,4,11,8,59
0022100639,1610612763,Grizzlies,MEM,Memphis,Bench,64.000000:22,2,17,0.118,0,7,0.0,4,6,0.667,3,4,7,4,2,0,2,5,8
0022100639,1610612742,Mavericks,DAL,Dallas,Starters,155.000000:17,32,56,0.571,2,13,0.154,5,8,0.625,2,31,33,25,6,1,9,9,71
0022100639,1610612742,Mavericks,DAL,Dallas,Bench,84.000000:43,15,35,0.429,6,19,0.316,5,8,0.625,6,13,19,5,2,0,4,10,41
