GAME_ID,TEAM_ID,TEAM_NAME,TEAM_ABBREVIATION,TEAM_CITY,STARTERS_BENCH,MIN,FGM,FGA,FG_PCT,FG3M,FG3A,FG3_PCT,FTM,FTA,FT_PCT,OREB,DREB,REB,AST,STL,BLK,TO,PF,PTS
0022100254,1610612764,Wizards,WAS,Washington,Starters,149.000000:32,19,59,0.322,7,25,0.28,17,20,0.85,11,26,37,18,5,4,10,14,62
0022100254,1610612764,Wizards,WAS,Washington,Bench,79.000000:03,15,30,0.5,2,10,0.2,5,7,0.714,9,17,26,4,1,2,5,5,37
0022100254,1610612766,Hornets,CHA,Charlotte,Starters,171.000000:13,33,75,0.44,13,26,0.5,12,18,0.667,3,26,29,18,8,4,9,15,91
0022100254,1610612766,Hornets,CHA,Charlotte,Bench,30.000000:60,3,9,0.333,1,4,0.25,1,2,0.5,0,2,2,1,1,0,1,6,8
