GAME_ID,TEAM_ID,TEAM_NAME,TEAM_ABBREVIATION,TEAM_CITY,STARTERS_BENCH,MIN,FGM,FGA,FG_PCT,FG3M,FG3A,FG3_PCT,FTM,FTA,FT_PCT,OREB,DREB,REB,AST,STL,BLK,TO,PF,PTS
0022100486,1610612757,Trail Blazers,POR,Portland,Starters,174.000000:56,29,66,0.439,14,34,0.412,19,24,0.792,3,25,28,17,6,8,8,12,91
0022100486,1610612757,Trail Blazers,POR,Portland,Bench,65.000000:04,11,20,0.55,1,4,0.25,0,2,0.0,8,11,19,6,2,1,5,5,23
0022100486,1610612751,Nets,BKN,Brooklyn,Starters,124.000000:53,23,53,0.434,6,17,0.353,9,9,1.0,6,17,23,13,5,2,7,12,61
0022100486,1610612751,Nets,BKN,Brooklyn,Bench,103.000000:47,19,34,0.559,6,14,0.429,3,6,0.5,6,11,17,7,4,4,7,9,47
