GAME_ID,TEAM_ID,TEAM_NAME,TEAM_ABBREVIATION,TEAM_CITY,STARTERS_BENCH,MIN,FGM,FGA,FG_PCT,FG3M,FG3A,FG3_PCT,FTM,FTA,FT_PCT,OREB,DREB,REB,AST,STL,BLK,TO,PF,PTS
2022100346,1612709927,Herd,WIS,Wisconsin,Starters,148.000000:53,22,50,0.44,9,25,0.36,5,7,0.714,4,20,24,21,4,2,7,19,62
2022100346,1612709927,Herd,WIS,Wisconsin,Bench,40.000000:46,6,16,0.375,2,6,0.333,4,4,1.0,2,4,6,0,0,2,5,0,21
2022100346,1612709928,Go-Go,CCG,Capital City,Starters,148.000000:12,20,51,0.392,6,23,0.261,11,13,0.846,9,25,34,17,6,0,9,13,66
2022100346,1612709928,Go-Go,CCG,Capital City,Bench,91.000000:48,22,36,0.611,4,11,0.364,11,11,1.0,5,13,18,15,3,5,4,10,62
