GAME_ID,TEAM_ID,TEAM_NAME,TEAM_ABBREVIATION,TEAM_CITY,STARTERS_BENCH,MIN,FGM,FGA,FG_PCT,FG3M,FG3A,FG3_PCT,FTM,FTA,FT_PCT,OREB,DREB,REB,AST,STL,BLK,TO,PF,PTS
2022100221,1612709911,Wolves,IWA,Iowa,Starters,134.000000:07,18,50,0.36,5,24,0.208,7,12,0.583,4,20,24,15,0,0,8,13,53
2022100221,1612709911,Wolves,IWA,Iowa,Bench,105.000000:53,21,34,0.618,7,12,0.583,6,10,0.6,3,19,22,6,0,1,8,5,58
2022100221,1612709924,Clippers,ACC,Agua Caliente,Starters,148.000000:08,33,64,0.516,12,25,0.48,5,5,1.0,2,21,23,21,8,3,6,15,87
2022100221,1612709924,Clippers,ACC,Agua Caliente,Bench,51.000000:39,10,19,0.526,0,3,0.0,2,4,0.5,1,11,12,8,4,1,0,4,24
