GAME_ID,TEAM_ID,TEAM_NAME,TEAM_ABBREVIATION,TEAM_CITY,STARTERS_BENCH,MIN,FGM,FGA,FG_PCT,FG3M,FG3A,FG3_PCT,FTM,FTA,FT_PCT,OREB,DREB,REB,AST,STL,BLK,TO,PF,PTS
0022100516,1610612752,Knicks,NYK,New York,Starters,104.000000:00,11,40,0.275,1,14,0.071,6,8,0.75,9,18,27,9,3,1,11,6,29
0022100516,1610612752,Knicks,NYK,New York,Bench,136.000000:00,20,41,0.488,7,17,0.412,18,19,0.947,2,19,21,10,8,4,5,8,65
0022100516,1610612765,Pistons,DET,Detroit,Starters,171.000000:24,27,62,0.435,11,29,0.379,13,17,0.765,6,27,33,19,9,5,12,16,78
0022100516,1610612765,Pistons,DET,Detroit,Bench,68.000000:36,3,19,0.158,1,6,0.167,0,0,0.0,2,8,10,0,2,0,5,7,7
