GAME_ID,TEAM_ID,TEAM_NAME,TEAM_ABBREVIATION,TEAM_CITY,STARTERS_BENCH,MIN,FGM,FGA,FG_PCT,FG3M,FG3A,FG3_PCT,FTM,FTA,FT_PCT,OREB,DREB,REB,AST,STL,BLK,TO,PF,PTS
0022100553,1610612764,Wizards,WAS,Washington,Starters,190.000000:08,33,73,0.452,10,27,0.37,22,25,0.88,7,32,39,24,5,4,15,9,98
0022100553,1610612764,Wizards,WAS,Washington,Bench,49.000000:53,7,14,0.5,6,11,0.545,6,6,1.0,3,9,12,2,0,0,0,3,26
0022100553,1610612766,Hornets,CHA,Charlotte,Starters,170.000000:28,42,83,0.506,11,31,0.355,6,9,0.667,12,26,38,20,9,3,5,15,101
0022100553,1610612766,Hornets,CHA,Charlotte,Bench,69.000000:32,8,21,0.381,3,7,0.429,1,4,0.25,1,6,7,8,5,2,3,7,20
