GAME_ID,TEAM_ID,TEAM_NAME,TEAM_ABBREVIATION,TEAM_CITY,STARTERS_BENCH,MIN,FGM,FGA,FG_PCT,FG3M,FG3A,FG3_PCT,FTM,FTA,FT_PCT,OREB,DREB,REB,AST,STL,BLK,TO,PF,PTS
2022100152,1612709918,Legends,TEX,Texas,Starters,170.000000:09,24,67,0.358,6,32,0.188,8,13,0.615,7,18,25,11,8,3,10,11,66
2022100152,1612709918,Legends,TEX,Texas,Bench,32.000000:52,2,7,0.286,1,3,0.333,1,1,1.0,2,2,4,4,2,0,3,2,7
2022100152,1612709911,Wolves,IWA,Iowa,Starters,134.000000:08,19,43,0.442,5,16,0.313,5,6,0.833,11,27,38,16,4,1,10,18,51
2022100152,1612709911,Wolves,IWA,Iowa,Bench,87.000000:00,22,37,0.595,4,10,0.4,1,3,0.333,3,11,14,7,6,1,9,6,50
