GAME_ID,TEAM_ID,TEAM_NAME,TEAM_ABBREVIATION,TEAM_CITY,STARTERS_BENCH,MIN,FGM,FGA,FG_PCT,FG3M,FG3A,FG3_PCT,FTM,FTA,FT_PCT,OREB,DREB,REB,AST,STL,BLK,TO,PF,PTS
2022100115,1612709920,905,RAP,Raptors,Starters,160.000000:39,25,59,0.424,11,26,0.423,9,12,0.75,8,26,34,21,9,5,17,18,78
2022100115,1612709920,905,RAP,Raptors,Bench,79.000000:21,10,22,0.455,7,13,0.538,3,3,1.0,1,7,8,6,0,2,5,11,33
2022100115,1612709925,Magic,LAK,Lakeland,Starters,167.000000:22,27,64,0.422,7,23,0.304,10,12,0.833,7,23,30,12,7,10,13,14,76
2022100115,1612709925,Magic,LAK,Lakeland,Bench,72.000000:38,5,15,0.333,3,8,0.375,7,7,1.0,2,9,11,8,3,3,8,10,23
