GAME_ID,TEAM_ID,TEAM_NAME,TEAM_ABBREVIATION,TEAM_CITY,STARTERS_BENCH,MIN,FGM,FGA,FG_PCT,FG3M,FG3A,FG3_PCT,FTM,FTA,FT_PCT,OREB,DREB,REB,AST,STL,BLK,TO,PF,PTS
0022101216,1610612754,Pacers,IND,Indiana,Starters,174.000000:00,33,76,0.434,15,36,0.417,6,9,0.667,5,16,21,24,11,1,5,16,87
0022101216,1610612754,Pacers,IND,Indiana,Bench,65.000000:60,14,28,0.5,4,10,0.4,7,10,0.7,6,3,9,8,5,0,2,7,39
0022101216,1610612751,Nets,BKN,Brooklyn,Starters,177.000000:30,41,66,0.621,5,15,0.333,19,21,0.905,6,36,42,24,5,6,15,11,106
0022101216,1610612751,Nets,BKN,Brooklyn,Bench,62.000000:30,11,15,0.733,3,7,0.429,3,4,0.75,2,6,8,6,0,0,5,5,28
