GAME_ID,TEAM_ID,TEAM_NAME,TEAM_ABBREVIATION,TEAM_CITY,STARTERS_BENCH,MIN,FGM,FGA,FG_PCT,FG3M,FG3A,FG3_PCT,FTM,FTA,FT_PCT,OREB,DREB,REB,AST,STL,BLK,TO,PF,PTS
0022100660,1610612749,Bucks,MIL,Milwaukee,Starters,164.000000:34,30,64,0.469,8,21,0.381,20,24,0.833,6,25,31,16,5,4,13,17,88
0022100660,1610612749,Bucks,MIL,Milwaukee,Bench,6.000000:19,0,2,0.0,0,2,0.0,0,0,0.0,0,1,1,0,0,0,0,1,0
0022100660,1610612737,Hawks,ATL,Atlanta,Starters,177.000000:30,29,73,0.397,10,28,0.357,23,24,0.958,9,31,40,21,4,8,9,13,91
0022100660,1610612737,Hawks,ATL,Atlanta,Bench,58.000000:37,9,12,0.75,5,7,0.714,7,8,0.875,1,5,6,4,3,0,3,5,30
