GAME_ID,TEAM_ID,TEAM_NAME,TEAM_ABBREVIATION,TEAM_CITY,STARTERS_BENCH,MIN,FGM,FGA,FG_PCT,FG3M,FG3A,FG3_PCT,FTM,FTA,FT_PCT,OREB,DREB,REB,AST,STL,BLK,TO,PF,PTS
2022100350,1612709925,Magic,LAK,Lakeland,Starters,139.000000:12,26,45,0.578,7,17,0.412,6,7,0.857,3,17,20,19,4,3,8,11,72
2022100350,1612709925,Magic,LAK,Lakeland,Bench,100.000000:48,20,42,0.476,6,17,0.353,1,2,0.5,3,12,15,14,2,0,5,13,47
2022100350,1612709917,Gold,GRG,Grand Rapids,Starters,163.000000:08,28,61,0.459,5,19,0.263,7,10,0.7,10,17,27,15,2,1,7,18,72
2022100350,1612709917,Gold,GRG,Grand Rapids,Bench,76.000000:52,13,19,0.684,4,8,0.5,4,8,0.5,1,11,12,9,3,1,7,3,37
