GAME_ID,TEAM_ID,TEAM_NAME,TEAM_ABBREVIATION,TEAM_CITY,STARTERS_BENCH,MIN,FGM,FGA,FG_PCT,FG3M,FG3A,FG3_PCT,FTM,FTA,FT_PCT,OREB,DREB,REB,AST,STL,BLK,TO,PF,PTS
0022100442,1610612753,Magic,ORL,Orlando,Starters,167.000000:33,29,73,0.397,5,17,0.294,10,11,0.909,8,30,38,16,4,4,13,13,73
0022100442,1610612753,Magic,ORL,Orlando,Bench,72.000000:27,10,21,0.476,5,14,0.357,2,2,1.0,4,8,12,4,2,0,3,1,27
0022100442,1610612751,Nets,BKN,Brooklyn,Starters,183.000000:39,34,85,0.4,8,39,0.205,6,8,0.75,12,27,39,18,6,6,12,11,82
0022100442,1610612751,Nets,BKN,Brooklyn,Bench,56.000000:21,5,17,0.294,1,7,0.143,0,0,0.0,4,8,12,6,2,2,3,3,11
