GAME_ID,TEAM_ID,TEAM_NAME,TEAM_ABBREVIATION,TEAM_CITY,STARTERS_BENCH,MIN,FGM,FGA,FG_PCT,FG3M,FG3A,FG3_PCT,FTM,FTA,FT_PCT,OREB,DREB,REB,AST,STL,BLK,TO,PF,PTS
0042100311,1610612744,Warriors,GSW,Golden State,Starters,157.000000:38,31,57,0.544,7,22,0.318,6,12,0.5,6,30,36,18,4,7,10,12,75
0042100311,1610612744,Warriors,GSW,Golden State,Bench,82.000000:22,15,25,0.6,3,7,0.429,4,4,1.0,1,14,15,6,4,0,5,10,37
0042100311,1610612742,Mavericks,DAL,Dallas,Starters,150.000000:34,19,54,0.352,7,28,0.25,9,15,0.6,8,16,24,10,4,0,10,11,54
0042100311,1610612742,Mavericks,DAL,Dallas,Bench,89.000000:26,12,32,0.375,4,20,0.2,5,6,0.833,1,10,11,4,3,1,3,6,33
