GAME_ID,TEAM_ID,TEAM_NAME,TEAM_ABBREVIATION,TEAM_CITY,STARTERS_BENCH,MIN,FGM,FGA,FG_PCT,FG3M,FG3A,FG3_PCT,FTM,FTA,FT_PCT,OREB,DREB,REB,AST,STL,BLK,TO,PF,PTS
2052100074,1612709923,Bulls,WCB,Windy City,Starters,160.000000:58,28,69,0.406,3,20,0.15,7,9,0.778,8,20,28,9,5,1,13,15,71
2052100074,1612709923,Bulls,WCB,Windy City,Bench,64.000000:51,9,16,0.563,2,5,0.4,1,1,1.0,3,9,12,4,3,1,1,5,22
2052100074,1612709917,Gold,GRG,Grand Rapids,Starters,138.000000:52,26,57,0.456,4,19,0.211,10,11,0.909,7,31,38,14,6,1,9,11,76
2052100074,1612709917,Gold,GRG,Grand Rapids,Bench,51.000000:29,6,15,0.4,3,7,0.429,2,2,1.0,1,3,4,5,3,0,2,3,18
