GAME_ID,TEAM_ID,TEAM_NAME,TEAM_ABBREVIATION,TEAM_CITY,STARTERS_BENCH,MIN,FGM,FGA,FG_PCT,FG3M,FG3A,FG3_PCT,FTM,FTA,FT_PCT,OREB,DREB,REB,AST,STL,BLK,TO,PF,PTS
2022100287,1612709923,Bulls,WCB,Windy City,Starters,171.000000:29,34,71,0.479,8,19,0.421,6,12,0.5,6,23,29,18,3,1,11,16,85
2022100287,1612709923,Bulls,WCB,Windy City,Bench,61.000000:24,10,20,0.5,4,10,0.4,3,3,1.0,1,7,8,9,2,1,3,5,27
2022100287,1612709917,Gold,GRG,Grand Rapids,Starters,200.000000:28,35,78,0.449,10,38,0.263,11,13,0.846,7,38,45,14,5,7,12,14,99
2022100287,1612709917,Gold,GRG,Grand Rapids,Bench,2.000000:25,0,0,0.0,0,0,0.0,0,0,0.0,0,0,0,0,0,0,0,0,0
