GAME_ID,TEAM_ID,TEAM_NAME,TEAM_ABBREVIATION,TEAM_CITY,STARTERS_BENCH,MIN,FGM,FGA,FG_PCT,FG3M,FG3A,FG3_PCT,FTM,FTA,FT_PCT,OREB,DREB,REB,AST,STL,BLK,TO,PF,PTS
0022100198,1610612746,Clippers,LAC,LA,Starters,170.000000:23,21,63,0.333,8,28,0.286,20,20,1.0,6,28,34,11,4,6,17,9,70
0022100198,1610612746,Clippers,LAC,LA,Bench,69.000000:18,8,18,0.444,3,6,0.5,1,1,1.0,3,7,10,5,3,1,2,6,20
0022100198,1610612741,Bulls,CHI,Chicago,Starters,172.000000:02,31,73,0.425,10,25,0.4,13,14,0.929,6,28,34,15,7,2,11,15,85
0022100198,1610612741,Bulls,CHI,Chicago,Bench,67.000000:58,7,13,0.538,1,4,0.25,0,0,0.0,1,10,11,4,2,2,4,5,15
