GAME_ID,TEAM_ID,TEAM_NAME,TEAM_ABBREVIATION,TEAM_CITY,STARTERS_BENCH,MIN,FGM,FGA,FG_PCT,FG3M,FG3A,FG3_PCT,FTM,FTA,FT_PCT,OREB,DREB,REB,AST,STL,BLK,TO,PF,PTS
0022100676,1610612759,Spurs,SAS,San Antonio,Starters,127.000000:10,33,57,0.579,11,26,0.423,3,4,0.75,6,18,24,24,4,7,6,10,80
0022100676,1610612759,Spurs,SAS,San Antonio,Bench,112.000000:50,14,39,0.359,4,14,0.286,6,10,0.6,5,21,26,8,5,6,3,7,38
0022100676,1610612760,Thunder,OKC,Oklahoma City,Starters,152.000000:10,22,65,0.338,5,21,0.238,10,13,0.769,12,21,33,18,4,1,11,8,59
0022100676,1610612760,Thunder,OKC,Oklahoma City,Bench,81.000000:20,14,31,0.452,3,10,0.3,0,0,0.0,2,10,12,2,1,1,3,6,31
