GAME_ID,TEAM_ID,TEAM_NAME,TEAM_ABBREVIATION,TEAM_CITY,STARTERS_BENCH,MIN,FGM,FGA,FG_PCT,FG3M,FG3A,FG3_PCT,FTM,FTA,FT_PCT,OREB,DREB,REB,AST,STL,BLK,TO,PF,PTS
2022100319,1612709889,Blue,OKL,Oklahoma City,Starters,152.000000:45,24,53,0.453,5,14,0.357,7,12,0.583,8,28,36,12,5,4,10,10,61
2022100319,1612709889,Blue,OKL,Oklahoma City,Bench,87.000000:15,15,40,0.375,7,16,0.438,6,8,0.75,5,17,22,7,5,2,4,11,47
2022100319,1612709890,Spurs,AUS,Austin,Starters,162.000000:29,24,76,0.316,5,24,0.208,5,7,0.714,10,28,38,19,7,3,10,14,60
2022100319,1612709890,Spurs,AUS,Austin,Bench,77.000000:31,14,29,0.483,3,11,0.273,6,8,0.75,10,16,26,4,2,3,5,9,40
