GAME_ID,TEAM_ID,TEAM_NAME,TEAM_ABBREVIATION,TEAM_CITY,STARTERS_BENCH,MIN,FGM,FGA,FG_PCT,FG3M,FG3A,FG3_PCT,FTM,FTA,FT_PCT,OREB,DREB,REB,AST,STL,BLK,TO,PF,PTS
2022100318,1612709923,Bulls,WCB,Windy City,Starters,164.000000:01,29,64,0.453,9,27,0.333,18,19,0.947,9,26,35,14,7,2,5,13,94
2022100318,1612709923,Bulls,WCB,Windy City,Bench,75.000000:59,5,21,0.238,3,13,0.231,2,4,0.5,2,10,12,9,6,0,7,7,16
2022100318,1612709915,Celtics,MNE,Maine,Starters,162.000000:18,25,57,0.439,9,24,0.375,4,7,0.571,8,31,39,28,5,4,14,17,65
2022100318,1612709915,Celtics,MNE,Maine,Bench,65.000000:43,13,26,0.5,5,13,0.385,2,3,0.667,1,6,7,2,3,1,2,3,34
