GAME_ID,TEAM_ID,TEAM_NAME,TEAM_ABBREVIATION,TEAM_CITY,STARTERS_BENCH,MIN,FGM,FGA,FG_PCT,FG3M,FG3A,FG3_PCT,FTM,FTA,FT_PCT,OREB,DREB,REB,AST,STL,BLK,TO,PF,PTS
0012100007,1610612762,Jazz,UTA,Utah,Starters,93.000000:51,13,46,0.283,4,21,0.19,3,7,0.429,7,20,27,7,3,1,4,11,33
0012100007,1610612762,Jazz,UTA,Utah,Bench,146.000000:09,20,58,0.345,6,22,0.273,6,8,0.75,6,14,20,7,8,4,6,11,52
0012100007,1610612759,Spurs,SAS,San Antonio,Starters,103.000000:08,16,40,0.4,1,12,0.083,13,15,0.867,5,21,26,9,3,3,3,9,46
0012100007,1610612759,Spurs,SAS,San Antonio,Bench,136.000000:52,24,46,0.522,11,22,0.5,6,10,0.6,4,30,34,13,0,3,15,12,65
