GAME_ID,TEAM_ID,TEAM_NAME,TEAM_ABBREVIATION,TEAM_CITY,STARTERS_BENCH,MIN,FGM,FGA,FG_PCT,FG3M,FG3A,FG3_PCT,FTM,FTA,FT_PCT,OREB,DREB,REB,AST,STL,BLK,TO,PF,PTS
2022100428,1612709919,Knicks,WES,Westchester,Starters,168.000000:57,29,61,0.475,12,27,0.444,6,7,0.857,5,21,26,28,5,3,5,11,83
2022100428,1612709919,Knicks,WES,Westchester,Bench,67.000000:53,14,29,0.483,2,8,0.25,3,3,1.0,7,7,14,6,0,3,4,6,35
2022100428,1612709923,Bulls,WCB,Windy City,Starters,130.000000:09,28,52,0.538,7,18,0.389,13,14,0.929,10,19,29,17,2,3,8,10,81
2022100428,1612709923,Bulls,WCB,Windy City,Bench,109.000000:51,14,33,0.424,9,23,0.391,3,4,0.75,1,14,15,17,4,3,5,10,43
