GAME_ID,TEAM_ID,TEAM_NAME,TEAM_ABBREVIATION,TEAM_CITY,STARTERS_BENCH,MIN,FGM,FGA,FG_PCT,FG3M,FG3A,FG3_PCT,FTM,FTA,FT_PCT,OREB,DREB,REB,AST,STL,BLK,TO,PF,PTS
2022100058,1612709904,Skyforce,SXF,Sioux Falls,Starters,148.000000:25,17,52,0.327,7,22,0.318,5,6,0.833,3,18,21,17,8,1,15,16,49
2022100058,1612709904,Skyforce,SXF,Sioux Falls,Bench,91.000000:35,13,32,0.406,8,15,0.533,6,10,0.6,6,13,19,6,4,2,4,6,45
2022100058,1612709911,Wolves,IWA,Iowa,Starters,162.000000:32,27,53,0.509,6,19,0.316,8,11,0.727,5,35,40,15,9,4,14,12,76
2022100058,1612709911,Wolves,IWA,Iowa,Bench,57.000000:28,10,19,0.526,2,8,0.25,1,1,1.0,1,7,8,4,2,1,4,8,23
