GAME_ID,TEAM_ID,TEAM_NAME,TEAM_ABBREVIATION,TEAM_CITY,STARTERS_BENCH,MIN,FGM,FGA,FG_PCT,FG3M,FG3A,FG3_PCT,FTM,FTA,FT_PCT,OREB,DREB,REB,AST,STL,BLK,TO,PF,PTS
2022100223,1612709915,Celtics,MNE,Maine,Starters,157.000000:56,23,55,0.418,9,25,0.36,5,10,0.5,7,24,31,21,9,5,9,10,64
2022100223,1612709915,Celtics,MNE,Maine,Bench,82.000000:04,9,29,0.31,4,16,0.25,6,6,1.0,2,7,9,6,5,1,7,7,33
2022100223,1612709917,Gold,GRG,Grand Rapids,Starters,142.000000:29,29,55,0.527,10,19,0.526,8,11,0.727,4,23,27,13,3,5,10,18,84
2022100223,1612709917,Gold,GRG,Grand Rapids,Bench,43.000000:52,7,15,0.467,3,8,0.375,3,3,1.0,1,9,10,4,0,0,3,4,21
