GAME_ID,TEAM_ID,TEAM_NAME,TEAM_ABBREVIATION,TEAM_CITY,STARTERS_BENCH,MIN,FGM,FGA,FG_PCT,FG3M,FG3A,FG3_PCT,FTM,FTA,FT_PCT,OREB,DREB,REB,AST,STL,BLK,TO,PF,PTS
2022100348,1612709921,Nets,LIN,Long Island,Starters,139.000000:58,32,63,0.508,11,28,0.393,5,10,0.5,7,18,25,21,8,4,11,13,82
2022100348,1612709921,Nets,LIN,Long Island,Bench,110.000000:02,12,28,0.429,8,21,0.381,3,4,0.75,6,11,17,9,7,3,2,11,38
2022100348,1612709893,Charge,CLC,Cleveland,Starters,153.000000:32,29,60,0.483,6,20,0.3,14,16,0.875,6,22,28,13,6,3,14,10,88
2022100348,1612709893,Charge,CLC,Cleveland,Bench,53.000000:25,8,14,0.571,1,3,0.333,2,2,1.0,5,12,17,3,1,1,3,5,21
