GAME_ID,TEAM_ID,TEAM_NAME,TEAM_ABBREVIATION,TEAM_CITY,STARTERS_BENCH,MIN,FGM,FGA,FG_PCT,FG3M,FG3A,FG3_PCT,FTM,FTA,FT_PCT,OREB,DREB,REB,AST,STL,BLK,TO,PF,PTS
0022100974,1610612758,Kings,SAC,Sacramento,Starters,161.000000:16,28,58,0.483,7,20,0.35,16,24,0.667,3,25,28,15,1,1,8,11,79
0022100974,1610612758,Kings,SAC,Sacramento,Bench,60.000000:35,8,17,0.471,4,11,0.364,7,9,0.778,0,7,7,8,2,0,2,3,27
0022100974,1610612752,Knicks,NYK,New York,Starters,134.000000:34,36,75,0.48,15,36,0.417,8,8,1.0,2,21,23,12,3,2,4,16,95
0022100974,1610612752,Knicks,NYK,New York,Bench,105.000000:26,11,17,0.647,3,6,0.5,11,15,0.733,7,17,24,7,4,4,4,15,36
