GAME_ID,TEAM_ID,TEAM_NAME,TEAM_ABBREVIATION,TEAM_CITY,STARTERS_BENCH,MIN,FGM,FGA,FG_PCT,FG3M,FG3A,FG3_PCT,FTM,FTA,FT_PCT,OREB,DREB,REB,AST,STL,BLK,TO,PF,PTS
0022101022,1610612755,76ers,PHI,Philadelphia,Starters,180.000000:32,32,60,0.533,9,20,0.45,23,28,0.821,6,27,33,22,8,5,12,13,96
0022101022,1610612755,76ers,PHI,Philadelphia,Bench,47.000000:48,3,18,0.167,3,13,0.231,2,2,1.0,2,7,9,3,0,0,1,2,11
0022101022,1610612743,Nuggets,DEN,Denver,Starters,140.000000:25,26,49,0.531,5,14,0.357,9,13,0.692,4,22,26,19,4,3,9,8,66
0022101022,1610612743,Nuggets,DEN,Denver,Bench,99.000000:35,18,33,0.545,8,19,0.421,4,7,0.571,2,14,16,10,4,0,5,16,48
