GAME_ID,TEAM_ID,TEAM_NAME,TEAM_ABBREVIATION,TEAM_CITY,STARTERS_BENCH,MIN,FGM,FGA,FG_PCT,FG3M,FG3A,FG3_PCT,FTM,FTA,FT_PCT,OREB,DREB,REB,AST,STL,BLK,TO,PF,PTS
2022100211,1612709921,Nets,LIN,Long Island,Starters,146.000000:44,29,67,0.433,11,30,0.367,2,3,0.667,8,20,28,18,6,1,11,20,73
2022100211,1612709921,Nets,LIN,Long Island,Bench,113.000000:17,17,35,0.486,4,12,0.333,6,8,0.75,4,17,21,9,7,5,4,12,45
2022100211,1612709893,Charge,CLC,Cleveland,Starters,180.000000:37,26,62,0.419,7,23,0.304,15,22,0.682,12,20,32,9,3,8,15,10,86
2022100211,1612709893,Charge,CLC,Cleveland,Bench,54.000000:17,11,24,0.458,4,11,0.364,1,3,0.333,0,10,10,7,5,3,4,6,27
