GAME_ID,TEAM_ID,TEAM_NAME,TEAM_ABBREVIATION,TEAM_CITY,STARTERS_BENCH,MIN,FGM,FGA,FG_PCT,FG3M,FG3A,FG3_PCT,FTM,FTA,FT_PCT,OREB,DREB,REB,AST,STL,BLK,TO,PF,PTS
0042100402,1610612744,Warriors,GSW,Golden State,Starters,149.000000:23,25,61,0.41,8,24,0.333,14,18,0.778,4,23,27,16,9,2,7,10,72
0042100402,1610612744,Warriors,GSW,Golden State,Bench,90.000000:37,14,25,0.56,7,13,0.538,0,2,0.0,2,13,15,9,6,0,5,7,35
0042100402,1610612738,Celtics,BOS,Boston,Starters,128.000000:43,16,47,0.34,9,21,0.429,10,13,0.769,3,21,24,13,2,3,13,13,51
0042100402,1610612738,Celtics,BOS,Boston,Bench,90.000000:23,12,31,0.387,5,15,0.333,2,2,1.0,3,15,18,10,3,3,5,2,31
