GAME_ID,TEAM_ID,TEAM_NAME,TEAM_ABBREVIATION,TEAM_CITY,STARTERS_BENCH,MIN,FGM,FGA,FG_PCT,FG3M,FG3A,FG3_PCT,FTM,FTA,FT_PCT,OREB,DREB,REB,AST,STL,BLK,TO,PF,PTS
2022100285,1612709914,Kings,STO,Stockton,Starters,169.000000:09,39,71,0.549,7,22,0.318,3,10,0.3,12,21,33,23,11,2,10,13,89
2022100285,1612709914,Kings,STO,Stockton,Bench,58.000000:48,9,22,0.409,3,10,0.3,1,1,1.0,4,5,9,7,2,2,6,4,23
2022100285,1612709926,Hustle,MHU,Memphis,Starters,149.000000:02,23,52,0.442,5,18,0.278,10,13,0.769,6,23,29,26,7,2,14,13,67
2022100285,1612709926,Hustle,MHU,Memphis,Bench,90.000000:58,19,32,0.594,9,14,0.643,4,5,0.8,2,9,11,3,3,1,4,2,54
