GAME_ID,TEAM_ID,TEAM_NAME,TEAM_ABBREVIATION,TEAM_CITY,STARTERS_BENCH,MIN,FGM,FGA,FG_PCT,FG3M,FG3A,FG3_PCT,FTM,FTA,FT_PCT,OREB,DREB,REB,AST,STL,BLK,TO,PF,PTS
2022100483,1612709919,Knicks,WES,Westchester,Starters,137.000000:28,29,57,0.509,8,19,0.421,4,6,0.667,7,24,31,15,4,8,10,8,72
2022100483,1612709919,Knicks,WES,Westchester,Bench,102.000000:32,25,41,0.61,3,10,0.3,3,4,0.75,4,16,20,16,7,6,4,7,59
2022100483,1612709910,Mad Ants,FWN,Fort Wayne,Starters,166.000000:16,27,75,0.36,9,32,0.281,3,5,0.6,9,25,34,21,9,4,17,11,68
2022100483,1612709910,Mad Ants,FWN,Fort Wayne,Bench,57.000000:58,10,22,0.455,6,8,0.75,1,1,1.0,8,5,13,4,1,3,3,3,27
