GAME_ID,TEAM_ID,TEAM_NAME,TEAM_ABBREVIATION,TEAM_CITY,STARTERS_BENCH,MIN,FGM,FGA,FG_PCT,FG3M,FG3A,FG3_PCT,FTM,FTA,FT_PCT,OREB,DREB,REB,AST,STL,BLK,TO,PF,PTS
0022101104,1610612750,Timberwolves,MIN,Minnesota,Starters,140.000000:03,26,51,0.51,4,16,0.25,13,17,0.765,4,23,27,15,4,1,5,11,69
0022101104,1610612750,Timberwolves,MIN,Minnesota,Bench,99.000000:57,17,33,0.515,7,16,0.438,6,7,0.857,2,16,18,11,0,1,4,10,47
0022101104,1610612742,Mavericks,DAL,Dallas,Starters,153.000000:34,21,59,0.356,7,31,0.226,8,10,0.8,8,25,33,13,2,3,7,13,57
0022101104,1610612742,Mavericks,DAL,Dallas,Bench,86.000000:26,14,31,0.452,3,12,0.25,7,9,0.778,2,10,12,8,2,2,3,6,38
