GAME_ID,TEAM_ID,TEAM_NAME,TEAM_ABBREVIATION,TEAM_CITY,STARTERS_BENCH,MIN,FGM,FGA,FG_PCT,FG3M,FG3A,FG3_PCT,FTM,FTA,FT_PCT,OREB,DREB,REB,AST,STL,BLK,TO,PF,PTS
2052100081,1612709889,Blue,OKL,Oklahoma City,Starters,130.000000:00,22,39,0.564,6,14,0.429,7,10,0.7,4,28,32,15,4,4,13,9,63
2052100081,1612709889,Blue,OKL,Oklahoma City,Bench,110.000000:00,19,37,0.514,5,15,0.333,9,9,1.0,2,15,17,7,3,1,6,11,60
2052100081,1612709924,Clippers,ACC,Agua Caliente,Starters,160.000000:07,32,75,0.427,6,21,0.286,9,12,0.75,7,19,26,14,12,3,11,18,85
2052100081,1612709924,Clippers,ACC,Agua Caliente,Bench,63.000000:27,8,14,0.571,2,5,0.4,3,4,0.75,2,5,7,5,5,0,1,6,24
