GAME_ID,TEAM_ID,TEAM_NAME,TEAM_ABBREVIATION,TEAM_CITY,STARTERS_BENCH,MIN,FGM,FGA,FG_PCT,FG3M,FG3A,FG3_PCT,FTM,FTA,FT_PCT,OREB,DREB,REB,AST,STL,BLK,TO,PF,PTS
2022100410,1612709904,Skyforce,SXF,Sioux Falls,Starters,161.000000:17,27,68,0.397,12,28,0.429,4,6,0.667,4,24,28,16,6,6,12,13,73
2022100410,1612709904,Skyforce,SXF,Sioux Falls,Bench,78.000000:43,6,27,0.222,0,10,0.0,2,5,0.4,6,6,12,7,5,1,2,7,16
2022100410,1612709908,Vipers,RGV,Rio Grande Valley,Starters,182.000000:42,33,67,0.493,12,29,0.414,9,11,0.818,10,41,51,26,6,8,10,14,94
2022100410,1612709908,Vipers,RGV,Rio Grande Valley,Bench,57.000000:18,12,27,0.444,5,16,0.313,1,2,0.5,1,9,10,3,1,2,5,6,31
