GAME_ID,TEAM_ID,TEAM_NAME,TEAM_ABBREVIATION,TEAM_CITY,STARTERS_BENCH,MIN,FGM,FGA,FG_PCT,FG3M,FG3A,FG3_PCT,FTM,FTA,FT_PCT,OREB,DREB,REB,AST,STL,BLK,TO,PF,PTS
0022100088,1610612756,Suns,PHX,Phoenix,Starters,159.000000:51,30,56,0.536,4,14,0.286,12,19,0.632,3,27,30,25,9,1,11,8,76
0022100088,1610612756,Suns,PHX,Phoenix,Bench,68.000000:53,9,26,0.346,2,12,0.167,5,6,0.833,5,14,19,2,3,2,1,4,25
0022100088,1610612739,Cavaliers,CLE,Cleveland,Starters,119.000000:10,15,32,0.469,3,12,0.25,5,6,0.833,2,15,17,11,4,3,12,7,38
0022100088,1610612739,Cavaliers,CLE,Cleveland,Bench,120.000000:50,21,59,0.356,11,32,0.344,1,1,1.0,8,22,30,10,4,0,7,14,54
