GAME_ID,TEAM_ID,TEAM_NAME,TEAM_ABBREVIATION,TEAM_CITY,STARTERS_BENCH,MIN,FGM,FGA,FG_PCT,FG3M,FG3A,FG3_PCT,FTM,FTA,FT_PCT,OREB,DREB,REB,AST,STL,BLK,TO,PF,PTS
2022100340,1612709927,Herd,WIS,Wisconsin,Starters,143.000000:18,37,62,0.597,9,20,0.45,6,7,0.857,3,17,20,22,6,3,9,10,92
2022100340,1612709927,Herd,WIS,Wisconsin,Bench,83.000000:21,11,25,0.44,7,16,0.438,4,4,1.0,2,10,12,8,1,1,2,6,37
2022100340,1612709928,Go-Go,CCG,Capital City,Starters,148.000000:24,26,52,0.5,5,15,0.333,6,7,0.857,12,19,31,17,2,0,10,14,66
2022100340,1612709928,Go-Go,CCG,Capital City,Bench,91.000000:36,23,48,0.479,5,10,0.5,6,10,0.6,7,12,19,14,4,0,4,7,63
