GAME_ID,TEAM_ID,TEAM_NAME,TEAM_ABBREVIATION,TEAM_CITY,STARTERS_BENCH,MIN,FGM,FGA,FG_PCT,FG3M,FG3A,FG3_PCT,FTM,FTA,FT_PCT,OREB,DREB,REB,AST,STL,BLK,TO,PF,PTS
0022100365,1610612747,Lakers,LAL,Los Angeles,Starters,166.000000:37,36,68,0.529,4,16,0.25,12,15,0.8,8,24,32,23,5,3,14,11,88
0022100365,1610612747,Lakers,LAL,Los Angeles,Bench,53.000000:44,8,19,0.421,2,8,0.25,1,2,0.5,5,12,17,0,1,1,0,7,19
0022100365,1610612738,Celtics,BOS,Boston,Starters,154.000000:16,24,51,0.471,6,17,0.353,16,22,0.727,7,18,25,17,8,2,10,8,70
0022100365,1610612738,Celtics,BOS,Boston,Bench,85.000000:44,12,31,0.387,4,16,0.25,4,7,0.571,0,9,9,10,0,2,3,8,32
