GAME_ID,TEAM_ID,TEAM_NAME,TEAM_ABBREVIATION,TEAM_CITY,STARTERS_BENCH,MIN,FGM,FGA,FG_PCT,FG3M,FG3A,FG3_PCT,FTM,FTA,FT_PCT,OREB,DREB,REB,AST,STL,BLK,TO,PF,PTS
0042100201,1610612755,76ers,PHI,Philadelphia,Starters,150.000000:26,26,54,0.481,5,22,0.227,14,15,0.933,3,18,21,9,0,3,12,7,71
0042100201,1610612755,76ers,PHI,Philadelphia,Bench,89.000000:34,8,25,0.32,1,12,0.083,4,5,0.8,6,10,16,9,4,3,2,10,21
0042100201,1610612748,Heat,MIA,Miami,Starters,154.000000:01,23,55,0.418,5,22,0.227,13,13,1.0,12,24,36,11,5,1,9,8,64
0042100201,1610612748,Heat,MIA,Miami,Bench,81.000000:45,17,36,0.472,4,14,0.286,4,5,0.8,3,8,11,10,0,1,2,5,42
