GAME_ID,TEAM_ID,TEAM_NAME,TEAM_ABBREVIATION,TEAM_CITY,STARTERS_BENCH,MIN,FGM,FGA,FG_PCT,FG3M,FG3A,FG3_PCT,FTM,FTA,FT_PCT,OREB,DREB,REB,AST,STL,BLK,TO,PF,PTS
0022100518,1610612746,Clippers,LAC,LA,Starters,172.000000:03,28,64,0.438,9,22,0.409,10,13,0.769,8,29,37,14,4,3,9,8,75
0022100518,1610612746,Clippers,LAC,LA,Bench,67.000000:57,5,17,0.294,2,6,0.333,4,4,1.0,1,11,12,3,1,1,5,4,16
0022100518,1610612738,Celtics,BOS,Boston,Starters,166.000000:30,28,76,0.368,1,28,0.036,6,9,0.667,17,22,39,12,4,6,5,10,63
0022100518,1610612738,Celtics,BOS,Boston,Bench,73.000000:30,7,25,0.28,3,14,0.214,2,2,1.0,4,7,11,7,4,2,3,6,19
