GAME_ID,TEAM_ID,TEAM_NAME,TEAM_ABBREVIATION,TEAM_CITY,STARTERS_BENCH,MIN,FGM,FGA,FG_PCT,FG3M,FG3A,FG3_PCT,FTM,FTA,FT_PCT,OREB,DREB,REB,AST,STL,BLK,TO,PF,PTS
0022100982,1610612765,Pistons,DET,Detroit,Starters,155.000000:39,25,50,0.5,7,20,0.35,8,12,0.667,2,15,17,17,3,2,12,16,65
0022100982,1610612765,Pistons,DET,Detroit,Bench,84.000000:21,17,32,0.531,4,11,0.364,5,5,1.0,3,12,15,8,3,1,4,9,43
0022100982,1610612741,Bulls,CHI,Chicago,Starters,161.000000:55,33,59,0.559,1,11,0.091,28,31,0.903,1,22,23,14,11,0,9,9,95
0022100982,1610612741,Bulls,CHI,Chicago,Bench,59.000000:30,6,13,0.462,2,4,0.5,0,0,0.0,0,6,6,4,1,0,1,4,14
