GAME_ID,TEAM_ID,TEAM_NAME,TEAM_ABBREVIATION,TEAM_CITY,STARTERS_BENCH,MIN,FGM,FGA,FG_PCT,FG3M,FG3A,FG3_PCT,FTM,FTA,FT_PCT,OREB,DREB,REB,AST,STL,BLK,TO,PF,PTS
0022100980,1610612746,Clippers,LAC,LA,Starters,128.000000:02,14,51,0.275,5,18,0.278,11,14,0.786,7,23,30,12,5,2,9,7,44
0022100980,1610612746,Clippers,LAC,LA,Bench,111.000000:58,19,42,0.452,7,21,0.333,8,9,0.889,5,12,17,11,7,1,4,5,53
0022100980,1610612744,Warriors,GSW,Golden State,Starters,151.000000:05,27,62,0.435,6,23,0.261,6,7,0.857,7,28,35,18,5,5,10,13,66
0022100980,1610612744,Warriors,GSW,Golden State,Bench,77.000000:53,17,30,0.567,7,11,0.636,5,6,0.833,3,10,13,15,3,1,5,6,46
