GAME_ID,TEAM_ID,TEAM_NAME,TEAM_ABBREVIATION,TEAM_CITY,STARTERS_BENCH,MIN,FGM,FGA,FG_PCT,FG3M,FG3A,FG3_PCT,FTM,FTA,FT_PCT,OREB,DREB,REB,AST,STL,BLK,TO,PF,PTS
0022100202,1610612753,Magic,ORL,Orlando,Starters,165.000000:27,29,59,0.492,12,24,0.5,6,9,0.667,8,18,26,22,7,4,12,17,76
0022100202,1610612753,Magic,ORL,Orlando,Bench,74.000000:33,14,36,0.389,4,19,0.211,3,5,0.6,4,11,15,8,1,1,4,10,35
0022100202,1610612737,Hawks,ATL,Atlanta,Starters,141.000000:20,32,58,0.552,7,18,0.389,19,28,0.679,8,21,29,18,7,4,8,10,90
0022100202,1610612737,Hawks,ATL,Atlanta,Bench,98.000000:40,15,27,0.556,7,12,0.583,2,4,0.5,1,16,17,14,3,3,3,7,39
