GAME_ID,TEAM_ID,TEAM_NAME,TEAM_ABBREVIATION,TEAM_CITY,STARTERS_BENCH,MIN,FGM,FGA,FG_PCT,FG3M,FG3A,FG3_PCT,FTM,FTA,FT_PCT,OREB,DREB,REB,AST,STL,BLK,TO,PF,PTS
0022100420,1610612747,Lakers,LAL,Los Angeles,Starters,185.000000:48,30,70,0.429,9,30,0.3,12,16,0.75,2,29,31,21,6,0,13,13,81
0022100420,1610612747,Lakers,LAL,Los Angeles,Bench,71.000000:12,8,17,0.471,6,9,0.667,2,2,1.0,0,11,11,3,2,1,1,6,24
0022100420,1610612742,Mavericks,DAL,Dallas,Starters,153.000000:49,24,58,0.414,4,21,0.19,8,11,0.727,6,23,29,16,0,2,9,13,60
0022100420,1610612742,Mavericks,DAL,Dallas,Bench,107.000000:40,15,40,0.375,8,23,0.348,6,6,1.0,2,20,22,6,4,1,2,6,44
