GAME_ID,TEAM_ID,TEAM_NAME,TEAM_ABBREVIATION,TEAM_CITY,STARTERS_BENCH,MIN,FGM,FGA,FG_PCT,FG3M,FG3A,FG3_PCT,FTM,FTA,FT_PCT,OREB,DREB,REB,AST,STL,BLK,TO,PF,PTS
0022100673,1610612739,Cavaliers,CLE,Cleveland,Starters,169.000000:03,31,56,0.554,7,17,0.412,11,17,0.647,7,20,27,20,3,4,10,12,80
0022100673,1610612739,Cavaliers,CLE,Cleveland,Bench,70.000000:57,9,21,0.429,2,10,0.2,4,5,0.8,2,9,11,7,4,0,4,3,24
0022100673,1610612741,Bulls,CHI,Chicago,Starters,154.000000:49,38,66,0.576,6,12,0.5,8,12,0.667,3,18,21,21,7,3,8,12,90
0022100673,1610612741,Bulls,CHI,Chicago,Bench,85.000000:12,9,20,0.45,4,10,0.4,5,6,0.833,4,12,16,4,0,1,1,6,27
