GAME_ID,TEAM_ID,TEAM_NAME,TEAM_ABBREVIATION,TEAM_CITY,STARTERS_BENCH,MIN,FGM,FGA,FG_PCT,FG3M,FG3A,FG3_PCT,FTM,FTA,FT_PCT,OREB,DREB,REB,AST,STL,BLK,TO,PF,PTS
0022100898,1610612753,Magic,ORL,Orlando,Starters,134.000000:32,22,44,0.5,4,17,0.235,12,17,0.706,8,25,33,11,3,1,16,18,60
0022100898,1610612753,Magic,ORL,Orlando,Bench,105.000000:28,20,39,0.513,9,19,0.474,10,12,0.833,2,19,21,9,4,3,2,4,59
0022100898,1610612745,Rockets,HOU,Houston,Starters,137.000000:35,31,63,0.492,12,31,0.387,4,15,0.267,6,20,26,11,9,1,6,16,78
0022100898,1610612745,Rockets,HOU,Houston,Bench,102.000000:25,13,31,0.419,2,16,0.125,5,5,1.0,4,11,15,11,3,2,7,8,33
