GAME_ID,TEAM_ID,TEAM_NAME,TEAM_ABBREVIATION,TEAM_CITY,STARTERS_BENCH,MIN,FGM,FGA,FG_PCT,FG3M,FG3A,FG3_PCT,FTM,FTA,FT_PCT,OREB,DREB,REB,AST,STL,BLK,TO,PF,PTS
0022100489,1610612749,Bucks,MIL,Milwaukee,Starters,145.000000:29,30,64,0.469,5,20,0.25,16,24,0.667,7,23,30,18,6,4,9,13,81
0022100489,1610612749,Bucks,MIL,Milwaukee,Bench,56.000000:33,6,10,0.6,4,7,0.571,1,1,1.0,2,4,6,2,1,2,0,4,17
0022100489,1610612738,Celtics,BOS,Boston,Starters,181.000000:38,28,63,0.444,10,29,0.345,19,21,0.905,8,23,31,18,7,6,13,18,85
0022100489,1610612738,Celtics,BOS,Boston,Bench,42.000000:50,9,21,0.429,6,12,0.5,1,1,1.0,2,6,8,5,2,1,1,4,25
