GAME_ID,TEAM_ID,TEAM_NAME,TEAM_ABBREVIATION,TEAM_CITY,STARTERS_BENCH,MIN,FGM,FGA,FG_PCT,FG3M,FG3A,FG3_PCT,FTM,FTA,FT_PCT,OREB,DREB,REB,AST,STL,BLK,TO,PF,PTS
0022100063,1610612757,Trail Blazers,POR,Portland,Starters,142.000000:35,24,59,0.407,9,26,0.346,17,21,0.81,5,22,27,12,7,4,7,12,74
0022100063,1610612757,Trail Blazers,POR,Portland,Bench,97.000000:25,15,25,0.6,6,10,0.6,6,10,0.6,8,13,21,10,4,2,6,8,42
0022100063,1610612763,Grizzlies,MEM,Memphis,Starters,116.000000:22,17,53,0.321,8,25,0.32,5,8,0.625,9,19,28,16,4,2,14,11,47
0022100063,1610612763,Grizzlies,MEM,Memphis,Bench,101.000000:15,16,37,0.432,8,23,0.348,3,9,0.333,10,6,16,8,4,1,5,12,43
