GAME_ID,TEAM_ID,TEAM_NAME,TEAM_ABBREVIATION,TEAM_CITY,STARTERS_BENCH,MIN,FGM,FGA,FG_PCT,FG3M,FG3A,FG3_PCT,FTM,FTA,FT_PCT,OREB,DREB,REB,AST,STL,BLK,TO,PF,PTS
2022100207,1612709903,Stars,SLC,Salt Lake City,Starters,174.000000:30,33,72,0.458,9,25,0.36,15,21,0.714,5,19,24,14,10,0,8,14,100
2022100207,1612709903,Stars,SLC,Salt Lake City,Bench,38.000000:59,4,7,0.571,0,1,0.0,5,5,1.0,4,5,9,4,3,0,0,5,14
2022100207,1612709905,Lakers,SBL,South Bay,Starters,161.000000:01,38,62,0.613,8,20,0.4,8,9,0.889,9,26,35,22,5,4,15,22,96
2022100207,1612709905,Lakers,SBL,South Bay,Bench,74.000000:31,11,23,0.478,2,9,0.222,7,8,0.875,1,11,12,6,2,1,6,7,36
