GAME_ID,TEAM_ID,TEAM_NAME,TEAM_ABBREVIATION,TEAM_CITY,STARTERS_BENCH,MIN,FGM,FGA,FG_PCT,FG3M,FG3A,FG3_PCT,FTM,FTA,FT_PCT,OREB,DREB,REB,AST,STL,BLK,TO,PF,PTS
2052100043,1612709918,Legends,TEX,Texas,Starters,154.000000:15,39,73,0.534,11,30,0.367,4,6,0.667,13,27,40,25,3,4,12,13,95
2052100043,1612709918,Legends,TEX,Texas,Bench,73.000000:36,8,21,0.381,4,14,0.286,0,2,0.0,5,8,13,7,0,0,3,3,20
2052100043,1612709913,Squadron,BIR,Birmingham,Starters,120.000000:37,19,50,0.38,6,22,0.273,8,10,0.8,6,15,21,8,6,1,8,7,58
2052100043,1612709913,Squadron,BIR,Birmingham,Bench,119.000000:23,18,41,0.439,6,20,0.3,1,2,0.5,6,14,20,16,3,0,5,9,44
