GAME_ID,TEAM_ID,TEAM_NAME,TEAM_ABBREVIATION,TEAM_CITY,STARTERS_BENCH,MIN,FGM,FGA,FG_PCT,FG3M,FG3A,FG3_PCT,FTM,FTA,FT_PCT,OREB,DREB,REB,AST,STL,BLK,TO,PF,PTS
0012100059,1610612748,Heat,MIA,Miami,Starters,133.000000:10,17,41,0.415,3,13,0.231,17,18,0.944,3,15,18,10,6,3,17,13,54
0012100059,1610612748,Heat,MIA,Miami,Bench,106.000000:50,24,48,0.5,9,17,0.529,10,11,0.909,9,20,29,9,4,0,2,6,67
0012100059,1610612738,Celtics,BOS,Boston,Starters,138.000000:21,24,48,0.5,7,21,0.333,7,9,0.778,2,20,22,12,10,2,12,12,62
0012100059,1610612738,Celtics,BOS,Boston,Bench,101.000000:39,12,33,0.364,5,20,0.25,9,11,0.818,3,11,14,8,2,2,6,10,38
