GAME_ID,TEAM_ID,TEAM_NAME,TEAM_ABBREVIATION,TEAM_CITY,STARTERS_BENCH,MIN,FGM,FGA,FG_PCT,FG3M,FG3A,FG3_PCT,FTM,FTA,FT_PCT,OREB,DREB,REB,AST,STL,BLK,TO,PF,PTS
0022100027,1610612739,Cavaliers,CLE,Cleveland,Starters,162.000000:08,29,65,0.446,4,17,0.235,13,17,0.765,6,34,40,16,6,6,10,12,75
0022100027,1610612739,Cavaliers,CLE,Cleveland,Bench,54.000000:07,5,17,0.294,2,8,0.25,2,4,0.5,4,4,8,4,0,0,0,4,14
0022100027,1610612737,Hawks,ATL,Atlanta,Starters,146.000000:36,23,65,0.354,4,20,0.2,7,11,0.636,11,21,32,12,4,3,5,14,57
0022100027,1610612737,Hawks,ATL,Atlanta,Bench,93.000000:24,15,34,0.441,6,14,0.429,2,4,0.5,6,16,22,8,1,0,4,9,38
