GAME_ID,TEAM_ID,TEAM_NAME,TEAM_ABBREVIATION,TEAM_CITY,STARTERS_BENCH,MIN,FGM,FGA,FG_PCT,FG3M,FG3A,FG3_PCT,FTM,FTA,FT_PCT,OREB,DREB,REB,AST,STL,BLK,TO,PF,PTS
0022100940,1610612763,Grizzlies,MEM,Memphis,Starters,148.000000:13,32,71,0.451,11,31,0.355,9,10,0.9,12,15,27,14,1,1,6,9,84
0022100940,1610612763,Grizzlies,MEM,Memphis,Bench,49.000000:07,5,14,0.357,1,4,0.25,1,3,0.333,2,3,5,5,1,3,0,2,12
0022100940,1610612738,Celtics,BOS,Boston,Starters,153.000000:26,34,65,0.523,10,25,0.4,8,9,0.889,10,25,35,26,4,6,12,9,86
0022100940,1610612738,Celtics,BOS,Boston,Bench,86.000000:34,12,24,0.5,6,12,0.5,4,6,0.667,5,11,16,7,0,1,2,6,34
