GAME_ID,TEAM_ID,TEAM_NAME,TEAM_ABBREVIATION,TEAM_CITY,STARTERS_BENCH,MIN,FGM,FGA,FG_PCT,FG3M,FG3A,FG3_PCT,FTM,FTA,FT_PCT,OREB,DREB,REB,AST,STL,BLK,TO,PF,PTS
0022100217,1610612740,Pelicans,NOP,New Orleans,Starters,163.000000:14,28,58,0.483,10,27,0.37,19,24,0.792,6,18,24,15,3,1,12,14,85
0022100217,1610612740,Pelicans,NOP,New Orleans,Bench,39.000000:24,2,13,0.154,0,8,0.0,1,2,0.5,2,2,4,2,1,1,4,2,5
0022100217,1610612748,Heat,MIA,Miami,Starters,145.000000:25,26,54,0.481,7,20,0.35,12,14,0.857,7,18,25,21,4,1,9,13,71
0022100217,1610612748,Heat,MIA,Miami,Bench,79.000000:56,16,29,0.552,8,16,0.5,2,3,0.667,2,11,13,6,2,1,1,9,42
