GAME_ID,TEAM_ID,TEAM_NAME,TEAM_ABBREVIATION,TEAM_CITY,STARTERS_BENCH,MIN,FGM,FGA,FG_PCT,FG3M,FG3A,FG3_PCT,FTM,FTA,FT_PCT,OREB,DREB,REB,AST,STL,BLK,TO,PF,PTS
0042100163,1610612744,Warriors,GSW,Golden State,Starters,144.000000:19,24,43,0.558,12,25,0.48,8,15,0.533,1,15,16,15,4,4,9,14,68
0042100163,1610612744,Warriors,GSW,Golden State,Bench,50.000000:30,4,10,0.4,0,3,0.0,4,5,0.8,2,6,8,8,2,2,3,6,12
0042100163,1610612743,Nuggets,DEN,Denver,Starters,162.000000:06,31,64,0.484,7,18,0.389,13,17,0.765,11,27,38,20,7,2,11,14,82
0042100163,1610612743,Nuggets,DEN,Denver,Bench,73.000000:55,9,16,0.563,4,8,0.5,9,10,0.9,0,6,6,5,2,1,5,12,31
