GAME_ID,TEAM_ID,TEAM_NAME,TEAM_ABBREVIATION,TEAM_CITY,STARTERS_BENCH,MIN,FGM,FGA,FG_PCT,FG3M,FG3A,FG3_PCT,FTM,FTA,FT_PCT,OREB,DREB,REB,AST,STL,BLK,TO,PF,PTS
0022101082,1610612749,Bucks,MIL,Milwaukee,Starters,132.000000:49,34,53,0.642,7,15,0.467,8,13,0.615,4,23,27,18,2,5,11,6,83
0022101082,1610612749,Bucks,MIL,Milwaukee,Bench,68.000000:34,11,18,0.611,2,4,0.5,3,4,0.75,1,19,20,5,1,1,2,4,27
0022101082,1610612741,Bulls,CHI,Chicago,Starters,151.000000:06,28,63,0.444,10,22,0.455,5,8,0.625,3,22,25,17,5,3,6,8,71
0022101082,1610612741,Bulls,CHI,Chicago,Bench,88.000000:54,11,29,0.379,3,11,0.273,2,5,0.4,2,6,8,4,4,1,1,4,27
