GAME_ID,TEAM_ID,TEAM_NAME,TEAM_ABBREVIATION,TEAM_CITY,STARTERS_BENCH,MIN,FGM,FGA,FG_PCT,FG3M,FG3A,FG3_PCT,FTM,FTA,FT_PCT,OREB,DREB,REB,AST,STL,BLK,TO,PF,PTS
0022100421,1610612749,Bucks,MIL,Milwaukee,Starters,148.000000:48,36,71,0.507,9,21,0.429,6,9,0.667,5,20,25,19,6,2,4,5,87
0022100421,1610612749,Bucks,MIL,Milwaukee,Bench,54.000000:05,7,12,0.583,4,6,0.667,4,4,1.0,2,3,5,3,1,0,4,2,22
0022100421,1610612754,Pacers,IND,Indiana,Starters,153.000000:01,25,54,0.463,8,25,0.32,9,10,0.9,7,20,27,17,4,6,14,8,67
0022100421,1610612754,Pacers,IND,Indiana,Bench,86.000000:59,14,29,0.483,3,13,0.231,1,1,1.0,4,14,18,7,2,0,4,8,32
