GAME_ID,TEAM_ID,TEAM_NAME,TEAM_ABBREVIATION,TEAM_CITY,STARTERS_BENCH,MIN,FGM,FGA,FG_PCT,FG3M,FG3A,FG3_PCT,FTM,FTA,FT_PCT,OREB,DREB,REB,AST,STL,BLK,TO,PF,PTS
0022100915,1610612765,Pistons,DET,Detroit,Starters,155.000000:33,32,66,0.485,8,24,0.333,10,13,0.769,10,19,29,16,3,3,11,17,82
0022100915,1610612765,Pistons,DET,Detroit,Bench,109.000000:27,18,44,0.409,6,16,0.375,3,5,0.6,12,13,25,14,7,0,3,12,45
0022100915,1610612766,Hornets,CHA,Charlotte,Starters,173.000000:38,34,72,0.472,10,23,0.435,16,24,0.667,10,25,35,18,5,6,11,12,94
0022100915,1610612766,Hornets,CHA,Charlotte,Bench,91.000000:22,11,17,0.647,3,8,0.375,7,10,0.7,2,9,11,7,3,2,6,7,32
