GAME_ID,TEAM_ID,TEAM_NAME,TEAM_ABBREVIATION,TEAM_CITY,STARTERS_BENCH,MIN,FGM,FGA,FG_PCT,FG3M,FG3A,FG3_PCT,FTM,FTA,FT_PCT,OREB,DREB,REB,AST,STL,BLK,TO,PF,PTS
0022101182,1610612761,Raptors,TOR,Toronto,Starters,168.000000:53,30,73,0.411,5,25,0.2,16,22,0.727,11,30,41,18,3,5,5,8,81
0022101182,1610612761,Raptors,TOR,Toronto,Bench,71.000000:07,14,28,0.5,4,10,0.4,5,9,0.556,9,10,19,2,3,0,2,6,37
0022101182,1610612737,Hawks,ATL,Atlanta,Starters,159.000000:06,34,66,0.515,9,22,0.409,7,10,0.7,8,20,28,23,3,2,5,15,84
0022101182,1610612737,Hawks,ATL,Atlanta,Bench,80.000000:54,9,28,0.321,5,15,0.333,1,2,0.5,2,13,15,8,2,2,2,7,24
