GAME_ID,TEAM_ID,TEAM_NAME,TEAM_ABBREVIATION,TEAM_CITY,STARTERS_BENCH,MIN,FGM,FGA,FG_PCT,FG3M,FG3A,FG3_PCT,FTM,FTA,FT_PCT,OREB,DREB,REB,AST,STL,BLK,TO,PF,PTS
0022101090,1610612756,Suns,PHX,Phoenix,Starters,165.000000:12,35,68,0.515,6,21,0.286,21,27,0.778,10,21,31,24,5,4,7,12,97
0022101090,1610612756,Suns,PHX,Phoenix,Bench,65.000000:45,9,16,0.563,6,11,0.545,2,2,1.0,0,9,9,5,1,5,4,8,26
0022101090,1610612750,Timberwolves,MIN,Minnesota,Starters,150.000000:01,24,57,0.421,3,20,0.15,10,11,0.909,13,22,35,20,2,3,10,12,61
0022101090,1610612750,Timberwolves,MIN,Minnesota,Bench,67.000000:05,14,29,0.483,6,15,0.4,6,8,0.75,2,4,6,6,3,1,0,9,40
