GAME_ID,TEAM_ID,TEAM_NAME,TEAM_ABBREVIATION,TEAM_CITY,STARTERS_BENCH,MIN,FGM,FGA,FG_PCT,FG3M,FG3A,FG3_PCT,FTM,FTA,FT_PCT,OREB,DREB,REB,AST,STL,BLK,TO,PF,PTS
0022100277,1610612759,Spurs,SAS,San Antonio,Starters,145.000000:35,25,62,0.403,7,18,0.389,4,6,0.667,10,18,28,16,5,3,8,7,61
0022100277,1610612759,Spurs,SAS,San Antonio,Bench,66.000000:05,15,27,0.556,4,10,0.4,4,4,1.0,2,9,11,8,1,0,4,7,38
0022100277,1610612737,Hawks,ATL,Atlanta,Starters,152.000000:18,34,62,0.548,8,18,0.444,9,11,0.818,6,27,33,18,9,5,7,7,85
0022100277,1610612737,Hawks,ATL,Atlanta,Bench,87.000000:42,11,26,0.423,4,8,0.5,13,13,1.0,2,9,11,8,1,0,2,4,39
