GAME_ID,TEAM_ID,TEAM_NAME,TEAM_ABBREVIATION,TEAM_CITY,STARTERS_BENCH,MIN,FGM,FGA,FG_PCT,FG3M,FG3A,FG3_PCT,FTM,FTA,FT_PCT,OREB,DREB,REB,AST,STL,BLK,TO,PF,PTS
0022100769,1610612753,Magic,ORL,Orlando,Starters,157.000000:43,34,65,0.523,9,22,0.409,6,7,0.857,3,26,29,25,4,1,8,10,83
0022100769,1610612753,Magic,ORL,Orlando,Bench,82.000000:17,12,28,0.429,5,17,0.294,3,4,0.75,0,7,7,8,3,3,1,8,32
0022100769,1610612741,Bulls,CHI,Chicago,Starters,170.000000:27,35,69,0.507,7,21,0.333,20,23,0.87,8,28,36,19,5,5,7,9,97
0022100769,1610612741,Bulls,CHI,Chicago,Bench,69.000000:33,11,21,0.524,4,9,0.444,3,6,0.5,3,10,13,6,0,1,2,6,29
