GAME_ID,TEAM_ID,TEAM_NAME,TEAM_ABBREVIATION,TEAM_CITY,STARTERS_BENCH,MIN,FGM,FGA,FG_PCT,FG3M,FG3A,FG3_PCT,FTM,FTA,FT_PCT,OREB,DREB,REB,AST,STL,BLK,TO,PF,PTS
0022101092,1610612745,Rockets,HOU,Houston,Starters,134.000000:03,18,46,0.391,3,17,0.176,7,11,0.636,4,19,23,11,3,2,9,11,46
0022101092,1610612745,Rockets,HOU,Houston,Bench,105.000000:57,15,36,0.417,1,11,0.091,14,17,0.824,8,14,22,6,5,3,6,10,45
0022101092,1610612742,Mavericks,DAL,Dallas,Starters,155.000000:12,32,62,0.516,7,22,0.318,15,19,0.789,4,21,25,15,6,1,4,9,86
0022101092,1610612742,Mavericks,DAL,Dallas,Bench,65.000000:14,9,20,0.45,1,9,0.111,3,3,1.0,4,12,16,9,3,0,7,13,22
