GAME_ID,TEAM_ID,TEAM_NAME,TEAM_ABBREVIATION,TEAM_CITY,STARTERS_BENCH,MIN,FGM,FGA,FG_PCT,FG3M,FG3A,FG3_PCT,FTM,FTA,FT_PCT,OREB,DREB,REB,AST,STL,BLK,TO,PF,PTS
2022100479,1612709908,Vipers,RGV,Rio Grande Valley,Starters,161.000000:56,26,66,0.394,4,30,0.133,9,11,0.818,12,18,30,16,6,4,11,16,70
2022100479,1612709908,Vipers,RGV,Rio Grande Valley,Bench,69.000000:12,12,34,0.353,4,19,0.211,4,7,0.571,7,13,20,5,8,1,2,4,35
2022100479,1612709924,Clippers,ACC,Agua Caliente,Starters,184.000000:50,35,74,0.473,10,27,0.37,10,13,0.769,9,33,42,20,4,5,15,12,94
2022100479,1612709924,Clippers,ACC,Agua Caliente,Bench,28.000000:07,5,9,0.556,2,3,0.667,2,3,0.667,2,3,5,0,1,4,1,3,16
