GAME_ID,TEAM_ID,TEAM_NAME,TEAM_ABBREVIATION,TEAM_CITY,STARTERS_BENCH,MIN,FGM,FGA,FG_PCT,FG3M,FG3A,FG3_PCT,FTM,FTA,FT_PCT,OREB,DREB,REB,AST,STL,BLK,TO,PF,PTS
0022100566,1610612758,Kings,SAC,Sacramento,Starters,151.000000:24,25,50,0.5,6,18,0.333,10,14,0.714,5,24,29,24,1,0,12,14,66
0022100566,1610612758,Kings,SAC,Sacramento,Bench,70.000000:33,14,29,0.483,8,16,0.5,3,3,1.0,1,7,8,5,1,3,3,2,39
0022100566,1610612747,Lakers,LAL,Los Angeles,Starters,146.000000:35,30,67,0.448,10,27,0.37,11,17,0.647,6,15,21,14,2,5,3,7,81
0022100566,1610612747,Lakers,LAL,Los Angeles,Bench,71.000000:50,13,20,0.65,1,5,0.2,0,1,0.0,1,8,9,7,2,0,2,6,27
