GAME_ID,TEAM_ID,TEAM_NAME,TEAM_ABBREVIATION,TEAM_CITY,STARTERS_BENCH,MIN,FGM,FGA,FG_PCT,FG3M,FG3A,FG3_PCT,FTM,FTA,FT_PCT,OREB,DREB,REB,AST,STL,BLK,TO,PF,PTS
0022101138,1610612764,Wizards,WAS,Washington,Starters,153.000000:22,32,63,0.508,11,27,0.407,13,16,0.813,5,25,30,23,3,4,7,7,88
0022101138,1610612764,Wizards,WAS,Washington,Bench,86.000000:38,15,29,0.517,2,9,0.222,7,10,0.7,7,14,21,12,2,4,4,8,39
0022101138,1610612753,Magic,ORL,Orlando,Starters,135.000000:30,23,56,0.411,8,22,0.364,9,9,1.0,6,18,24,10,3,2,3,13,63
0022101138,1610612753,Magic,ORL,Orlando,Bench,104.000000:30,17,40,0.425,3,12,0.25,10,13,0.769,5,13,18,11,5,3,8,10,47
