GAME_ID,TEAM_ID,TEAM_NAME,TEAM_ABBREVIATION,TEAM_CITY,STARTERS_BENCH,MIN,FGM,FGA,FG_PCT,FG3M,FG3A,FG3_PCT,FTM,FTA,FT_PCT,OREB,DREB,REB,AST,STL,BLK,TO,PF,PTS
2022100475,1612709911,Wolves,IWA,Iowa,Starters,163.000000:28,27,59,0.458,6,18,0.333,10,12,0.833,6,23,29,23,6,1,11,14,73
2022100475,1612709911,Wolves,IWA,Iowa,Bench,50.000000:40,9,20,0.45,1,8,0.125,0,4,0.0,1,4,5,4,1,1,3,1,19
2022100475,1612709913,Squadron,BIR,Birmingham,Starters,155.000000:39,30,60,0.5,7,23,0.304,8,14,0.571,6,21,27,19,6,4,14,14,77
2022100475,1612709913,Squadron,BIR,Birmingham,Bench,84.000000:21,15,25,0.6,6,13,0.462,1,1,1.0,3,14,17,12,4,1,2,5,37
