GAME_ID,TEAM_ID,TEAM_NAME,TEAM_ABBREVIATION,TEAM_CITY,STARTERS_BENCH,MIN,FGM,FGA,FG_PCT,FG3M,FG3A,FG3_PCT,FTM,FTA,FT_PCT,OREB,DREB,REB,AST,STL,BLK,TO,PF,PTS
2022100408,1612709915,Celtics,MNE,Maine,Starters,165.000000:49,39,61,0.639,18,33,0.545,9,11,0.818,2,37,39,22,6,4,10,9,108
2022100408,1612709915,Celtics,MNE,Maine,Bench,65.000000:22,8,18,0.444,3,9,0.333,1,1,1.0,4,6,10,11,3,4,5,3,22
2022100408,1612709925,Magic,LAK,Lakeland,Starters,134.000000:47,23,54,0.426,10,26,0.385,5,6,0.833,4,11,15,12,5,2,4,4,62
2022100408,1612709925,Magic,LAK,Lakeland,Bench,84.000000:18,13,35,0.371,7,19,0.368,0,0,0.0,1,14,15,12,2,0,5,7,33
