GAME_ID,TEAM_ID,TEAM_NAME,TEAM_ABBREVIATION,TEAM_CITY,STARTERS_BENCH,MIN,FGM,FGA,FG_PCT,FG3M,FG3A,FG3_PCT,FTM,FTA,FT_PCT,OREB,DREB,REB,AST,STL,BLK,TO,PF,PTS
0022100430,1610612761,Raptors,TOR,Toronto,Starters,206.000000:25,37,85,0.435,14,33,0.424,16,18,0.889,8,21,29,27,7,3,12,13,104
0022100430,1610612761,Raptors,TOR,Toronto,Bench,58.000000:35,11,28,0.393,0,3,0.0,1,1,1.0,14,15,29,3,3,2,0,4,23
0022100430,1610612741,Bulls,CHI,Chicago,Starters,201.000000:13,34,67,0.507,7,17,0.412,22,24,0.917,5,34,39,28,8,4,13,14,97
0022100430,1610612741,Bulls,CHI,Chicago,Bench,63.000000:47,9,23,0.391,5,12,0.417,0,0,0.0,5,7,12,2,0,3,4,5,23
