GAME_ID,TEAM_ID,TEAM_NAME,TEAM_ABBREVIATION,TEAM_CITY,STARTERS_BENCH,MIN,FGM,FGA,FG_PCT,FG3M,FG3A,FG3_PCT,FTM,FTA,FT_PCT,OREB,DREB,REB,AST,STL,BLK,TO,PF,PTS
0022100004,1610612765,Pistons,DET,Detroit,Starters,139.000000:34,23,58,0.397,4,15,0.267,6,7,0.857,8,22,30,8,1,2,8,13,56
0022100004,1610612765,Pistons,DET,Detroit,Bench,100.000000:26,13,32,0.406,2,13,0.154,4,6,0.667,3,14,17,9,6,3,8,3,32
0022100004,1610612741,Bulls,CHI,Chicago,Starters,170.000000:48,33,70,0.471,5,16,0.313,13,15,0.867,8,28,36,14,4,2,12,7,84
0022100004,1610612741,Bulls,CHI,Chicago,Bench,65.000000:03,4,16,0.25,2,7,0.286,0,0,0.0,1,11,12,4,4,3,5,9,10
