GAME_ID,TEAM_ID,TEAM_NAME,TEAM_ABBREVIATION,TEAM_CITY,STARTERS_BENCH,MIN,FGM,FGA,FG_PCT,FG3M,FG3A,FG3_PCT,FTM,FTA,FT_PCT,OREB,DREB,REB,AST,STL,BLK,TO,PF,PTS
0022100331,1610612756,Suns,PHX,Phoenix,Starters,162.000000:25,25,47,0.532,7,14,0.5,9,13,0.692,2,23,25,16,7,0,7,12,66
0022100331,1610612756,Suns,PHX,Phoenix,Bench,77.000000:35,18,32,0.563,5,7,0.714,7,10,0.7,4,15,19,7,1,3,7,8,48
0022100331,1610612765,Pistons,DET,Detroit,Starters,168.000000:38,30,59,0.508,9,18,0.5,14,17,0.824,6,25,31,15,3,5,9,13,83
0022100331,1610612765,Pistons,DET,Detroit,Bench,71.000000:22,6,21,0.286,2,9,0.222,6,9,0.667,1,4,5,5,3,1,3,9,20
