GAME_ID,TEAM_ID,TEAM_NAME,TEAM_ABBREVIATION,TEAM_CITY,STARTERS_BENCH,MIN,FGM,FGA,FG_PCT,FG3M,FG3A,FG3_PCT,FTM,FTA,FT_PCT,OREB,DREB,REB,AST,STL,BLK,TO,PF,PTS
0022101003,1610612761,Raptors,TOR,Toronto,Starters,182.000000:06,35,77,0.455,13,27,0.481,13,14,0.929,9,26,35,17,6,3,12,13,96
0022101003,1610612761,Raptors,TOR,Toronto,Bench,57.000000:54,7,17,0.412,1,5,0.2,6,7,0.857,3,10,13,2,5,1,3,6,21
0022101003,1610612756,Suns,PHX,Phoenix,Starters,165.000000:53,38,72,0.528,10,27,0.37,7,9,0.778,2,26,28,17,5,2,10,14,93
0022101003,1610612756,Suns,PHX,Phoenix,Bench,74.000000:07,6,16,0.375,1,9,0.111,6,8,0.75,3,9,12,10,2,6,6,9,19
