GAME_ID,TEAM_ID,TEAM_NAME,TEAM_ABBREVIATION,TEAM_CITY,STARTERS_BENCH,MIN,FGM,FGA,FG_PCT,FG3M,FG3A,FG3_PCT,FTM,FTA,FT_PCT,OREB,DREB,REB,AST,STL,BLK,TO,PF,PTS
0042100125,1610612749,Bucks,MIL,Milwaukee,Starters,154.000000:23,28,56,0.5,5,19,0.263,16,20,0.8,5,32,37,17,4,2,12,7,77
0042100125,1610612749,Bucks,MIL,Milwaukee,Bench,83.000000:55,15,31,0.484,9,17,0.529,0,0,0.0,2,10,12,6,6,0,4,6,39
0042100125,1610612741,Bulls,CHI,Chicago,Starters,163.000000:32,26,57,0.456,8,25,0.32,4,7,0.571,5,19,24,16,10,3,13,13,64
0042100125,1610612741,Bulls,CHI,Chicago,Bench,62.000000:37,10,27,0.37,6,22,0.273,1,1,1.0,1,11,12,8,2,0,3,1,27
