GAME_ID,TEAM_ID,TEAM_NAME,TEAM_ABBREVIATION,TEAM_CITY,STARTERS_BENCH,MIN,FGM,FGA,FG_PCT,FG3M,FG3A,FG3_PCT,FTM,FTA,FT_PCT,OREB,DREB,REB,AST,STL,BLK,TO,PF,PTS
2052100191,1612709917,Gold,GRG,Grand Rapids,Starters,149.000000:42,19,57,0.333,3,26,0.115,3,5,0.6,6,23,29,14,4,2,9,14,47
2052100191,1612709917,Gold,GRG,Grand Rapids,Bench,67.000000:11,9,20,0.45,4,11,0.364,3,4,0.75,0,13,13,2,1,0,7,7,28
2052100191,1612709913,Squadron,BIR,Birmingham,Starters,149.000000:06,31,60,0.517,13,31,0.419,6,8,0.75,5,25,30,15,6,2,9,17,87
2052100191,1612709913,Squadron,BIR,Birmingham,Bench,72.000000:14,10,28,0.357,6,20,0.3,1,1,1.0,1,9,10,10,1,1,1,1,28
