GAME_ID,TEAM_ID,TEAM_NAME,TEAM_ABBREVIATION,TEAM_CITY,STARTERS_BENCH,MIN,FGM,FGA,FG_PCT,FG3M,FG3A,FG3_PCT,FTM,FTA,FT_PCT,OREB,DREB,REB,AST,STL,BLK,TO,PF,PTS
0022100457,1610612755,76ers,PHI,Philadelphia,Starters,193.000000:28,36,67,0.537,10,22,0.455,25,29,0.862,2,26,28,19,10,7,14,16,107
0022100457,1610612755,76ers,PHI,Philadelphia,Bench,46.000000:32,0,5,0.0,0,3,0.0,1,2,0.5,0,6,6,1,1,0,1,7,1
0022100457,1610612738,Celtics,BOS,Boston,Starters,174.000000:36,30,66,0.455,5,18,0.278,20,25,0.8,10,24,34,14,7,3,15,16,85
0022100457,1610612738,Celtics,BOS,Boston,Bench,65.000000:24,8,16,0.5,2,9,0.222,0,0,0.0,1,7,8,2,2,2,3,7,18
