GAME_ID,TEAM_ID,TEAM_NAME,TEAM_ABBREVIATION,TEAM_CITY,STARTERS_BENCH,MIN,FGM,FGA,FG_PCT,FG3M,FG3A,FG3_PCT,FTM,FTA,FT_PCT,OREB,DREB,REB,AST,STL,BLK,TO,PF,PTS
0022100562,1610612763,Grizzlies,MEM,Memphis,Starters,147.000000:42,25,57,0.439,7,20,0.35,14,16,0.875,7,20,27,18,4,5,7,10,71
0022100562,1610612763,Grizzlies,MEM,Memphis,Bench,79.000000:44,16,30,0.533,2,6,0.333,3,6,0.5,4,11,15,3,2,3,2,7,37
0022100562,1610612739,Cavaliers,CLE,Cleveland,Starters,169.000000:18,31,65,0.477,4,17,0.235,14,16,0.875,8,25,33,21,1,6,5,10,80
0022100562,1610612739,Cavaliers,CLE,Cleveland,Bench,47.000000:33,8,22,0.364,6,14,0.429,2,3,0.667,5,6,11,4,0,0,3,1,24
