GAME_ID,TEAM_ID,TEAM_NAME,TEAM_ABBREVIATION,TEAM_CITY,STARTERS_BENCH,MIN,FGM,FGA,FG_PCT,FG3M,FG3A,FG3_PCT,FTM,FTA,FT_PCT,OREB,DREB,REB,AST,STL,BLK,TO,PF,PTS
0022100263,1610612748,Heat,MIA,Miami,Starters,146.000000:09,18,42,0.429,4,14,0.286,16,21,0.762,8,25,33,19,4,2,11,12,56
0022100263,1610612748,Heat,MIA,Miami,Bench,93.000000:51,17,34,0.5,5,15,0.333,5,8,0.625,4,14,18,3,5,1,5,7,44
0022100263,1610612765,Pistons,DET,Detroit,Starters,150.000000:35,21,55,0.382,6,25,0.24,10,11,0.909,3,17,20,20,7,0,10,15,58
0022100263,1610612765,Pistons,DET,Detroit,Bench,89.000000:25,14,29,0.483,4,13,0.308,2,3,0.667,6,9,15,2,0,1,4,8,34
