GAME_ID,TEAM_ID,TEAM_NAME,TEAM_ABBREVIATION,TEAM_CITY,STARTERS_BENCH,MIN,FGM,FGA,FG_PCT,FG3M,FG3A,FG3_PCT,FTM,FTA,FT_PCT,OREB,DREB,REB,AST,STL,BLK,TO,PF,PTS
0022100320,1610612753,Magic,ORL,Orlando,Starters,164.000000:25,32,60,0.533,5,19,0.263,8,8,1.0,1,25,26,17,6,4,7,11,77
0022100320,1610612753,Magic,ORL,Orlando,Bench,75.000000:35,12,21,0.571,1,8,0.125,6,11,0.545,0,13,13,9,2,2,5,4,31
0022100320,1610612743,Nuggets,DEN,Denver,Starters,168.000000:42,31,64,0.484,6,24,0.25,12,17,0.706,1,29,30,18,1,2,12,10,80
0022100320,1610612743,Nuggets,DEN,Denver,Bench,71.000000:18,8,16,0.5,4,10,0.4,3,4,0.75,0,5,5,4,4,2,2,9,23
