GAME_ID,TEAM_ID,TEAM_NAME,TEAM_ABBREVIATION,TEAM_CITY,STARTERS_BENCH,MIN,FGM,FGA,FG_PCT,FG3M,FG3A,FG3_PCT,FTM,FTA,FT_PCT,OREB,DREB,REB,AST,STL,BLK,TO,PF,PTS
2052100068,1612709903,Stars,SLC,Salt Lake City,Starters,156.000000:31,32,71,0.451,11,30,0.367,7,14,0.5,9,27,36,12,9,6,8,14,85
2052100068,1612709903,Stars,SLC,Salt Lake City,Bench,56.000000:41,7,21,0.333,2,9,0.222,0,0,0.0,1,8,9,1,1,1,2,4,16
2052100068,1612709902,Warriors,SCW,Santa Cruz,Starters,147.000000:25,24,53,0.453,5,18,0.278,9,12,0.75,7,27,34,16,4,3,9,11,65
2052100068,1612709902,Warriors,SCW,Santa Cruz,Bench,92.000000:35,18,35,0.514,4,13,0.308,9,10,0.9,3,17,20,12,2,2,6,12,51
