GAME_ID,TEAM_ID,TEAM_NAME,TEAM_ABBREVIATION,TEAM_CITY,STARTERS_BENCH,MIN,FGM,FGA,FG_PCT,FG3M,FG3A,FG3_PCT,FTM,FTA,FT_PCT,OREB,DREB,REB,AST,STL,BLK,TO,PF,PTS
0022100147,1610612755,76ers,PHI,Philadelphia,Starters,188.000000:16,25,63,0.397,12,32,0.375,9,12,0.75,11,31,42,17,6,6,7,10,71
0022100147,1610612755,76ers,PHI,Philadelphia,Bench,51.000000:44,10,28,0.357,1,8,0.125,4,4,1.0,1,4,5,3,1,0,1,3,25
0022100147,1610612752,Knicks,NYK,New York,Starters,141.000000:60,28,65,0.431,9,28,0.321,6,6,1.0,6,27,33,14,3,1,7,11,71
0022100147,1610612752,Knicks,NYK,New York,Bench,98.000000:00,12,26,0.462,4,12,0.333,4,7,0.571,8,14,22,11,1,3,6,7,32
