GAME_ID,TEAM_ID,TEAM_NAME,TEAM_ABBREVIATION,TEAM_CITY,STARTERS_BENCH,MIN,FGM,FGA,FG_PCT,FG3M,FG3A,FG3_PCT,FTM,FTA,FT_PCT,OREB,DREB,REB,AST,STL,BLK,TO,PF,PTS
2022100150,1612709904,Skyforce,SXF,Sioux Falls,Starters,156.000000:58,19,56,0.339,1,20,0.05,6,8,0.75,5,20,25,14,6,1,13,7,50
2022100150,1612709904,Skyforce,SXF,Sioux Falls,Bench,83.000000:02,9,24,0.375,1,8,0.125,4,7,0.571,3,11,14,8,2,1,2,11,25
2022100150,1612709914,Kings,STO,Stockton,Starters,171.000000:37,28,58,0.483,7,27,0.259,5,8,0.625,8,29,37,16,8,4,14,9,72
2022100150,1612709914,Kings,STO,Stockton,Bench,68.000000:23,6,17,0.353,3,9,0.333,2,4,0.5,4,11,15,4,1,0,5,10,19
