GAME_ID,TEAM_ID,TEAM_NAME,TEAM_ABBREVIATION,TEAM_CITY,STARTERS_BENCH,MIN,FGM,FGA,FG_PCT,FG3M,FG3A,FG3_PCT,FTM,FTA,FT_PCT,OREB,DREB,REB,AST,STL,BLK,TO,PF,PTS
0022100930,1610612750,Timberwolves,MIN,Minnesota,Starters,130.000000:41,29,57,0.509,8,24,0.333,15,18,0.833,4,21,25,18,3,1,11,11,81
0022100930,1610612750,Timberwolves,MIN,Minnesota,Bench,92.000000:41,16,30,0.533,8,16,0.5,3,4,0.75,1,13,14,6,7,1,5,8,43
0022100930,1610612744,Warriors,GSW,Golden State,Starters,125.000000:06,23,51,0.451,10,28,0.357,12,15,0.8,3,20,23,15,2,3,10,12,68
0022100930,1610612744,Warriors,GSW,Golden State,Bench,114.000000:55,18,39,0.462,3,17,0.176,7,7,1.0,5,12,17,11,9,0,7,13,46
