GAME_ID,TEAM_ID,TEAM_NAME,TEAM_ABBREVIATION,TEAM_CITY,STARTERS_BENCH,MIN,FGM,FGA,FG_PCT,FG3M,FG3A,FG3_PCT,FTM,FTA,FT_PCT,OREB,DREB,REB,AST,STL,BLK,TO,PF,PTS
2022100277,1612709921,Nets,LIN,Long Island,Starters,159.000000:09,39,64,0.609,12,26,0.462,6,9,0.667,2,29,31,18,3,3,14,8,97
2022100277,1612709921,Nets,LIN,Long Island,Bench,49.000000:07,5,10,0.5,2,5,0.4,1,3,0.333,1,7,8,4,2,1,1,1,14
2022100277,1612709917,Gold,GRG,Grand Rapids,Starters,166.000000:24,30,64,0.469,12,27,0.444,5,8,0.625,7,18,25,15,5,2,6,19,80
2022100277,1612709917,Gold,GRG,Grand Rapids,Bench,63.000000:45,8,20,0.4,0,5,0.0,1,2,0.5,0,6,6,8,1,0,3,4,18
