GAME_ID,TEAM_ID,TEAM_NAME,TEAM_ABBREVIATION,TEAM_CITY,STARTERS_BENCH,MIN,FGM,FGA,FG_PCT,FG3M,FG3A,FG3_PCT,FTM,FTA,FT_PCT,OREB,DREB,REB,AST,STL,BLK,TO,PF,PTS
0022100278,1610612755,76ers,PHI,Philadelphia,Starters,152.000000:27,20,52,0.385,2,12,0.167,18,20,0.9,4,21,25,11,5,3,14,18,60
0022100278,1610612755,76ers,PHI,Philadelphia,Bench,70.000000:32,10,23,0.435,4,13,0.308,2,2,1.0,4,10,14,5,1,3,3,3,26
0022100278,1610612744,Warriors,GSW,Golden State,Starters,152.000000:51,27,53,0.509,10,25,0.4,13,19,0.684,1,28,29,24,4,3,11,12,77
0022100278,1610612744,Warriors,GSW,Golden State,Bench,81.000000:05,15,25,0.6,5,12,0.417,2,3,0.667,3,9,12,7,3,2,4,9,37
