GAME_ID,TEAM_ID,TEAM_NAME,TEAM_ABBREVIATION,TEAM_CITY,STARTERS_BENCH,MIN,FGM,FGA,FG_PCT,FG3M,FG3A,FG3_PCT,FTM,FTA,FT_PCT,OREB,DREB,REB,AST,STL,BLK,TO,PF,PTS
0022100167,1610612754,Pacers,IND,Indiana,Starters,154.000000:56,28,60,0.467,10,25,0.4,4,6,0.667,8,27,35,9,4,9,9,14,70
0022100167,1610612754,Pacers,IND,Indiana,Bench,51.000000:40,10,16,0.625,1,3,0.333,0,2,0.0,1,7,8,9,1,1,2,3,21
0022100167,1610612743,Nuggets,DEN,Denver,Starters,146.000000:03,22,55,0.4,8,19,0.421,10,11,0.909,7,20,27,12,4,2,7,7,62
0022100167,1610612743,Nuggets,DEN,Denver,Bench,93.000000:57,14,29,0.483,4,11,0.364,7,9,0.778,4,8,12,7,1,2,3,7,39
