GAME_ID,TEAM_ID,TEAM_NAME,TEAM_ABBREVIATION,TEAM_CITY,STARTERS_BENCH,MIN,FGM,FGA,FG_PCT,FG3M,FG3A,FG3_PCT,FTM,FTA,FT_PCT,OREB,DREB,REB,AST,STL,BLK,TO,PF,PTS
0022100731,1610612762,Jazz,UTA,Utah,Starters,153.000000:31,20,46,0.435,5,13,0.385,8,12,0.667,2,24,26,17,3,3,8,19,53
0022100731,1610612762,Jazz,UTA,Utah,Bench,59.000000:14,10,23,0.435,7,16,0.438,2,2,1.0,4,4,8,3,1,1,4,6,29
0022100731,1610612756,Suns,PHX,Phoenix,Starters,186.000000:52,34,69,0.493,5,13,0.385,18,25,0.72,4,28,32,12,4,4,4,14,91
0022100731,1610612756,Suns,PHX,Phoenix,Bench,11.000000:46,0,1,0.0,0,1,0.0,0,0,0.0,0,1,1,1,0,0,0,1,0
