GAME_ID,TEAM_ID,TEAM_NAME,TEAM_ABBREVIATION,TEAM_CITY,STARTERS_BENCH,MIN,FGM,FGA,FG_PCT,FG3M,FG3A,FG3_PCT,FTM,FTA,FT_PCT,OREB,DREB,REB,AST,STL,BLK,TO,PF,PTS
0022100196,1610612760,Thunder,OKC,Oklahoma City,Starters,129.000000:45,21,51,0.412,9,27,0.333,5,5,1.0,7,20,27,9,4,0,10,11,56
0022100196,1610612760,Thunder,OKC,Oklahoma City,Bench,110.000000:15,15,39,0.385,5,18,0.278,5,6,0.833,3,14,17,11,5,2,4,11,40
0022100196,1610612751,Nets,BKN,Brooklyn,Starters,135.000000:13,21,43,0.488,4,19,0.211,18,19,0.947,3,24,27,23,5,1,9,8,64
0022100196,1610612751,Nets,BKN,Brooklyn,Bench,104.000000:47,20,39,0.513,14,24,0.583,2,2,1.0,4,13,17,8,3,2,4,7,56
