GAME_ID,TEAM_ID,TEAM_NAME,TEAM_ABBREVIATION,TEAM_CITY,STARTERS_BENCH,MIN,FGM,FGA,FG_PCT,FG3M,FG3A,FG3_PCT,FTM,FTA,FT_PCT,OREB,DREB,REB,AST,STL,BLK,TO,PF,PTS
0022100786,1610612747,Lakers,LAL,Los Angeles,Starters,148.000000:38,30,68,0.441,6,19,0.316,10,14,0.714,9,24,33,13,5,3,6,8,76
0022100786,1610612747,Lakers,LAL,Los Angeles,Bench,91.000000:22,11,20,0.55,5,10,0.5,7,11,0.636,2,9,11,6,1,3,4,5,34
0022100786,1610612746,Clippers,LAC,LA,Starters,152.000000:23,33,60,0.55,10,19,0.526,5,9,0.556,4,26,30,15,3,6,3,11,81
0022100786,1610612746,Clippers,LAC,LA,Bench,87.000000:37,13,29,0.448,3,11,0.273,1,2,0.5,3,10,13,14,2,0,4,11,30
