GAME_ID,TEAM_ID,TEAM_NAME,TEAM_ABBREVIATION,TEAM_CITY,STARTERS_BENCH,MIN,FGM,FGA,FG_PCT,FG3M,FG3A,FG3_PCT,FTM,FTA,FT_PCT,OREB,DREB,REB,AST,STL,BLK,TO,PF,PTS
0022100160,1610612761,Raptors,TOR,Toronto,Starters,168.000000:16,27,58,0.466,6,21,0.286,13,15,0.867,3,23,26,17,6,3,14,12,73
0022100160,1610612761,Raptors,TOR,Toronto,Bench,71.000000:44,6,19,0.316,0,4,0.0,3,4,0.75,3,12,15,3,2,5,4,5,15
0022100160,1610612738,Celtics,BOS,Boston,Starters,162.000000:17,34,73,0.466,6,17,0.353,7,11,0.636,11,25,36,20,7,3,13,6,81
0022100160,1610612738,Celtics,BOS,Boston,Bench,77.000000:43,8,21,0.381,4,12,0.333,3,4,0.75,1,7,8,1,3,2,2,7,23
