GAME_ID,TEAM_ID,TEAM_NAME,TEAM_ABBREVIATION,TEAM_CITY,STARTERS_BENCH,MIN,FGM,FGA,FG_PCT,FG3M,FG3A,FG3_PCT,FTM,FTA,FT_PCT,OREB,DREB,REB,AST,STL,BLK,TO,PF,PTS
0022100265,1610612757,Trail Blazers,POR,Portland,Starters,143.000000:14,32,54,0.593,12,26,0.462,11,15,0.733,3,19,22,16,8,5,5,8,87
0022100265,1610612757,Trail Blazers,POR,Portland,Bench,86.000000:55,13,31,0.419,3,13,0.231,2,3,0.667,8,12,20,7,4,1,4,9,31
0022100265,1610612743,Nuggets,DEN,Denver,Starters,157.000000:54,28,55,0.509,9,18,0.5,6,6,1.0,4,18,22,17,1,3,12,10,71
0022100265,1610612743,Nuggets,DEN,Denver,Bench,78.000000:05,9,20,0.45,6,14,0.429,3,5,0.6,2,11,13,8,5,2,5,5,27
