GAME_ID,TEAM_ID,TEAM_NAME,TEAM_ABBREVIATION,TEAM_CITY,STARTERS_BENCH,MIN,FGM,FGA,FG_PCT,FG3M,FG3A,FG3_PCT,FTM,FTA,FT_PCT,OREB,DREB,REB,AST,STL,BLK,TO,PF,PTS
0022100635,1610612755,76ers,PHI,Philadelphia,Starters,174.000000:05,30,64,0.469,14,32,0.438,16,19,0.842,3,25,28,21,9,4,8,11,90
0022100635,1610612755,76ers,PHI,Philadelphia,Bench,65.000000:55,8,21,0.381,0,9,0.0,5,6,0.833,4,8,12,5,3,0,1,8,21
0022100635,1610612738,Celtics,BOS,Boston,Starters,138.000000:35,22,54,0.407,5,21,0.238,10,12,0.833,6,25,31,11,0,2,16,15,59
0022100635,1610612738,Celtics,BOS,Boston,Bench,101.000000:25,15,24,0.625,6,10,0.6,4,6,0.667,1,12,13,9,4,2,4,6,40
