GAME_ID,TEAM_ID,TEAM_NAME,TEAM_ABBREVIATION,TEAM_CITY,STARTERS_BENCH,MIN,FGM,FGA,FG_PCT,FG3M,FG3A,FG3_PCT,FTM,FTA,FT_PCT,OREB,DREB,REB,AST,STL,BLK,TO,PF,PTS
0022100366,1610612755,76ers,PHI,Philadelphia,Starters,154.000000:09,27,55,0.491,10,23,0.435,21,26,0.808,5,20,25,18,2,2,9,13,85
0022100366,1610612755,76ers,PHI,Philadelphia,Bench,85.000000:51,9,20,0.45,3,11,0.273,4,4,1.0,3,8,11,5,4,2,6,8,25
0022100366,1610612766,Hornets,CHA,Charlotte,Starters,189.000000:16,34,66,0.515,8,22,0.364,17,19,0.895,5,23,28,19,6,1,15,18,93
0022100366,1610612766,Hornets,CHA,Charlotte,Bench,50.000000:44,5,14,0.357,2,7,0.286,1,2,0.5,3,4,7,3,1,3,3,6,13
