GAME_ID,TEAM_ID,TEAM_NAME,TEAM_ABBREVIATION,TEAM_CITY,STARTERS_BENCH,MIN,FGM,FGA,FG_PCT,FG3M,FG3A,FG3_PCT,FTM,FTA,FT_PCT,OREB,DREB,REB,AST,STL,BLK,TO,PF,PTS
0022100546,1610612753,Magic,ORL,Orlando,Starters,174.000000:51,26,61,0.426,5,14,0.357,15,20,0.75,7,27,34,13,8,2,11,18,72
0022100546,1610612753,Magic,ORL,Orlando,Bench,90.000000:09,14,34,0.412,4,13,0.308,7,7,1.0,3,8,11,4,4,1,3,6,39
0022100546,1610612738,Celtics,BOS,Boston,Starters,203.000000:49,33,67,0.493,11,28,0.393,25,28,0.893,6,30,36,20,4,10,16,19,102
0022100546,1610612738,Celtics,BOS,Boston,Bench,54.000000:29,6,18,0.333,2,7,0.286,0,0,0.0,3,4,7,5,1,0,4,3,14
