GAME_ID,TEAM_ID,TEAM_NAME,TEAM_ABBREVIATION,TEAM_CITY,STARTERS_BENCH,MIN,FGM,FGA,FG_PCT,FG3M,FG3A,FG3_PCT,FTM,FTA,FT_PCT,OREB,DREB,REB,AST,STL,BLK,TO,PF,PTS
2022100187,1612709918,Legends,TEX,Texas,Starters,154.000000:23,25,72,0.347,13,30,0.433,6,9,0.667,4,22,26,16,3,4,7,10,75
2022100187,1612709918,Legends,TEX,Texas,Bench,77.000000:05,9,25,0.36,3,13,0.231,1,1,1.0,5,12,17,8,1,2,3,7,23
2022100187,1612709905,Lakers,SBL,South Bay,Starters,149.000000:57,29,62,0.468,6,20,0.3,6,7,0.857,6,30,36,15,2,8,7,11,75
2022100187,1612709905,Lakers,SBL,South Bay,Bench,90.000000:03,16,34,0.471,3,9,0.333,4,5,0.8,9,14,23,9,3,3,2,4,42
