GAME_ID,TEAM_ID,TEAM_NAME,TEAM_ABBREVIATION,TEAM_CITY,STARTERS_BENCH,MIN,FGM,FGA,FG_PCT,FG3M,FG3A,FG3_PCT,FTM,FTA,FT_PCT,OREB,DREB,REB,AST,STL,BLK,TO,PF,PTS
2022100083,1612709920,905,RAP,Raptors,Starters,150.000000:07,28,69,0.406,12,27,0.444,4,8,0.5,12,19,31,20,10,2,5,9,75
2022100083,1612709920,905,RAP,Raptors,Bench,89.000000:53,13,45,0.289,1,13,0.077,1,3,0.333,13,16,29,5,1,2,6,12,28
2022100083,1612709921,Nets,LIN,Long Island,Starters,166.000000:11,24,57,0.421,4,22,0.182,10,12,0.833,9,29,38,12,5,4,11,12,67
2022100083,1612709921,Nets,LIN,Long Island,Bench,45.000000:15,6,18,0.333,1,5,0.2,3,5,0.6,0,9,9,4,2,0,6,1,17
