GAME_ID,TEAM_ID,TEAM_NAME,TEAM_ABBREVIATION,TEAM_CITY,STARTERS_BENCH,MIN,FGM,FGA,FG_PCT,FG3M,FG3A,FG3_PCT,FTM,FTA,FT_PCT,OREB,DREB,REB,AST,STL,BLK,TO,PF,PTS
2022100219,1612709920,905,RAP,Raptors,Starters,153.000000:07,26,64,0.406,5,20,0.25,6,8,0.75,7,23,30,22,7,6,11,12,67
2022100219,1612709920,905,RAP,Raptors,Bench,81.000000:06,21,37,0.568,6,8,0.75,3,4,0.75,11,9,20,4,4,1,3,7,54
2022100219,1612709909,Blue Coats,DEL,Delaware,Starters,153.000000:43,37,63,0.587,10,20,0.5,8,10,0.8,7,29,36,21,9,12,13,14,96
2022100219,1612709909,Blue Coats,DEL,Delaware,Bench,73.000000:49,11,28,0.393,5,16,0.313,2,2,1.0,2,5,7,9,0,3,5,6,30
