GAME_ID,TEAM_ID,TEAM_NAME,TEAM_ABBREVIATION,TEAM_CITY,STARTERS_BENCH,MIN,FGM,FGA,FG_PCT,FG3M,FG3A,FG3_PCT,FTM,FTA,FT_PCT,OREB,DREB,REB,AST,STL,BLK,TO,PF,PTS
2022100093,1612709915,Celtics,MNE,Maine,Starters,173.000000:53,38,75,0.507,13,33,0.394,4,5,0.8,8,36,44,24,2,5,12,10,95
2022100093,1612709915,Celtics,MNE,Maine,Bench,56.000000:50,4,14,0.286,2,10,0.2,0,0,0.0,1,9,10,9,2,1,4,7,10
2022100093,1612709909,Blue Coats,DEL,Delaware,Starters,178.000000:59,36,89,0.404,13,33,0.394,11,16,0.688,5,24,29,21,7,7,5,8,101
2022100093,1612709909,Blue Coats,DEL,Delaware,Bench,61.000000:01,4,9,0.444,0,1,0.0,1,2,0.5,6,8,14,4,1,1,1,6,10
