GAME_ID,TEAM_ID,TEAM_NAME,TEAM_ABBREVIATION,TEAM_CITY,STARTERS_BENCH,MIN,FGM,FGA,FG_PCT,FG3M,FG3A,FG3_PCT,FTM,FTA,FT_PCT,OREB,DREB,REB,AST,STL,BLK,TO,PF,PTS
0022101143,1610612760,Thunder,OKC,Oklahoma City,Starters,165.000000:06,23,58,0.397,7,22,0.318,14,21,0.667,8,18,26,26,3,1,13,8,67
0022101143,1610612760,Thunder,OKC,Oklahoma City,Bench,74.000000:54,18,29,0.621,10,19,0.526,5,6,0.833,2,14,16,5,2,1,5,9,51
0022101143,1610612737,Hawks,ATL,Atlanta,Starters,131.000000:40,33,57,0.579,11,24,0.458,17,18,0.944,0,23,23,13,4,3,8,11,94
0022101143,1610612737,Hawks,ATL,Atlanta,Bench,108.000000:20,16,34,0.471,7,15,0.467,3,4,0.75,6,14,20,15,6,1,4,8,42
