GAME_ID,TEAM_ID,TEAM_NAME,TEAM_ABBREVIATION,TEAM_CITY,STARTERS_BENCH,MIN,FGM,FGA,FG_PCT,FG3M,FG3A,FG3_PCT,FTM,FTA,FT_PCT,OREB,DREB,REB,AST,STL,BLK,TO,PF,PTS
2022100425,1612709915,Celtics,MNE,Maine,Starters,161.000000:51,34,59,0.576,17,31,0.548,12,14,0.857,4,16,20,26,7,1,11,16,103
2022100425,1612709915,Celtics,MNE,Maine,Bench,47.000000:02,9,17,0.529,2,6,0.333,2,3,0.667,1,9,10,5,2,0,5,3,22
2022100425,1612709909,Blue Coats,DEL,Delaware,Starters,147.000000:08,32,52,0.615,8,18,0.444,13,17,0.765,5,18,23,16,6,5,9,19,93
2022100425,1612709909,Blue Coats,DEL,Delaware,Bench,92.000000:52,17,35,0.486,5,14,0.357,4,6,0.667,3,8,11,16,7,1,5,8,48
