GAME_ID,TEAM_ID,TEAM_NAME,TEAM_ABBREVIATION,TEAM_CITY,STARTERS_BENCH,MIN,FGM,FGA,FG_PCT,FG3M,FG3A,FG3_PCT,FTM,FTA,FT_PCT,OREB,DREB,REB,AST,STL,BLK,TO,PF,PTS
2052100048,1612709911,Wolves,IWA,Iowa,Starters,145.000000:34,33,59,0.559,8,19,0.421,16,18,0.889,5,23,28,14,9,2,9,16,96
2052100048,1612709911,Wolves,IWA,Iowa,Bench,81.000000:38,9,25,0.36,2,6,0.333,2,4,0.5,3,6,9,9,4,1,4,7,25
2052100048,1612709917,Gold,GRG,Grand Rapids,Starters,135.000000:15,18,48,0.375,6,22,0.273,7,8,0.875,3,35,38,15,2,2,18,12,55
2052100048,1612709917,Gold,GRG,Grand Rapids,Bench,70.000000:56,12,22,0.545,5,11,0.455,4,4,1.0,3,0,3,5,3,1,6,8,37
