GAME_ID,TEAM_ID,TEAM_NAME,TEAM_ABBREVIATION,TEAM_CITY,STARTERS_BENCH,MIN,FGM,FGA,FG_PCT,FG3M,FG3A,FG3_PCT,FTM,FTA,FT_PCT,OREB,DREB,REB,AST,STL,BLK,TO,PF,PTS
0042100302,1610612748,Heat,MIA,Miami,Starters,133.000000:01,23,47,0.489,8,19,0.421,6,11,0.545,10,17,27,11,2,1,9,12,60
0042100302,1610612748,Heat,MIA,Miami,Bench,106.000000:59,15,39,0.385,2,15,0.133,10,11,0.909,2,13,15,10,2,2,5,6,42
0042100302,1610612738,Celtics,BOS,Boston,Starters,157.000000:34,31,59,0.525,15,27,0.556,13,13,1.0,5,24,29,23,6,5,9,11,90
0042100302,1610612738,Celtics,BOS,Boston,Bench,82.000000:26,12,25,0.48,5,13,0.385,8,10,0.8,3,9,12,5,2,0,0,10,37
