GAME_ID,TEAM_ID,TEAM_NAME,TEAM_ABBREVIATION,TEAM_CITY,STARTERS_BENCH,MIN,FGM,FGA,FG_PCT,FG3M,FG3A,FG3_PCT,FTM,FTA,FT_PCT,OREB,DREB,REB,AST,STL,BLK,TO,PF,PTS
0022100149,1610612750,Timberwolves,MIN,Minnesota,Starters,187.000000:50,36,80,0.45,15,37,0.405,15,19,0.789,11,21,32,18,7,6,13,21,102
0022100149,1610612750,Timberwolves,MIN,Minnesota,Bench,77.000000:11,5,17,0.294,2,8,0.25,4,4,1.0,4,9,13,5,0,2,0,6,16
0022100149,1610612763,Grizzlies,MEM,Memphis,Starters,165.000000:31,29,64,0.453,8,21,0.381,16,18,0.889,6,17,23,17,5,6,11,16,82
0022100149,1610612763,Grizzlies,MEM,Memphis,Bench,99.000000:29,17,28,0.607,3,7,0.429,6,8,0.75,9,19,28,11,2,2,2,6,43
