GAME_ID,TEAM_ID,TEAM_NAME,TEAM_ABBREVIATION,TEAM_CITY,STARTERS_BENCH,MIN,FGM,FGA,FG_PCT,FG3M,FG3A,FG3_PCT,FTM,FTA,FT_PCT,OREB,DREB,REB,AST,STL,BLK,TO,PF,PTS
0022100972,1610612762,Jazz,UTA,Utah,Starters,156.000000:24,21,50,0.42,9,23,0.391,15,19,0.789,4,23,27,19,1,3,9,14,66
0022100972,1610612762,Jazz,UTA,Utah,Bench,61.000000:52,11,24,0.458,3,6,0.5,4,5,0.8,5,6,11,2,3,1,3,4,29
0022100972,1610612742,Mavericks,DAL,Dallas,Starters,172.000000:52,33,67,0.493,15,35,0.429,16,18,0.889,8,23,31,14,5,3,6,17,97
0022100972,1610612742,Mavericks,DAL,Dallas,Bench,67.000000:08,6,21,0.286,2,11,0.182,0,2,0.0,1,11,12,5,4,2,3,4,14
