GAME_ID,TEAM_ID,TEAM_NAME,TEAM_ABBREVIATION,TEAM_CITY,STARTERS_BENCH,MIN,FGM,FGA,FG_PCT,FG3M,FG3A,FG3_PCT,FTM,FTA,FT_PCT,OREB,DREB,REB,AST,STL,BLK,TO,PF,PTS
0022101069,1610612761,Raptors,TOR,Toronto,Starters,167.000000:35,28,75,0.373,4,17,0.235,13,19,0.684,14,19,33,13,2,1,5,11,73
0022101069,1610612761,Raptors,TOR,Toronto,Bench,72.000000:25,7,18,0.389,3,9,0.333,3,4,0.75,6,17,23,3,3,3,3,5,20
0022101069,1610612755,76ers,PHI,Philadelphia,Starters,172.000000:28,25,61,0.41,4,19,0.211,20,26,0.769,4,26,30,18,6,5,9,18,74
0022101069,1610612755,76ers,PHI,Philadelphia,Bench,67.000000:32,5,12,0.417,3,8,0.375,1,2,0.5,1,9,10,3,1,0,1,5,14
