GAME_ID,TEAM_ID,TEAM_NAME,TEAM_ABBREVIATION,TEAM_CITY,STARTERS_BENCH,MIN,FGM,FGA,FG_PCT,FG3M,FG3A,FG3_PCT,FTM,FTA,FT_PCT,OREB,DREB,REB,AST,STL,BLK,TO,PF,PTS
2052100106,1612709929,Skyhawks,CPS,College Park,Starters,167.000000:02,27,63,0.429,7,18,0.389,12,13,0.923,6,21,27,13,10,1,13,15,83
2052100106,1612709929,Skyhawks,CPS,College Park,Bench,72.000000:58,8,21,0.381,2,6,0.333,3,4,0.75,3,6,9,12,5,3,8,7,24
2052100106,1612709928,Go-Go,CCG,Capital City,Starters,149.000000:10,29,52,0.558,7,20,0.35,2,4,0.5,6,20,26,14,4,7,12,12,68
2052100106,1612709928,Go-Go,CCG,Capital City,Bench,90.000000:50,14,31,0.452,1,7,0.143,11,11,1.0,3,13,16,12,7,3,10,13,45
