GAME_ID,TEAM_ID,TEAM_NAME,TEAM_ABBREVIATION,TEAM_CITY,STARTERS_BENCH,MIN,FGM,FGA,FG_PCT,FG3M,FG3A,FG3_PCT,FTM,FTA,FT_PCT,OREB,DREB,REB,AST,STL,BLK,TO,PF,PTS
0022100116,1610612759,Spurs,SAS,San Antonio,Starters,146.000000:41,26,58,0.448,3,11,0.273,15,20,0.75,2,22,24,14,5,5,11,18,70
0022100116,1610612759,Spurs,SAS,San Antonio,Bench,55.000000:53,7,16,0.438,1,4,0.25,0,0,0.0,3,8,11,9,4,3,2,4,15
0022100116,1610612742,Mavericks,DAL,Dallas,Starters,166.000000:47,31,71,0.437,7,29,0.241,18,23,0.783,8,29,37,15,9,2,10,12,87
0022100116,1610612742,Mavericks,DAL,Dallas,Bench,55.000000:52,9,20,0.45,1,4,0.25,3,6,0.5,6,10,16,5,1,2,8,9,22
