GAME_ID,TEAM_ID,TEAM_NAME,TEAM_ABBREVIATION,TEAM_CITY,STARTERS_BENCH,MIN,FGM,FGA,FG_PCT,FG3M,FG3A,FG3_PCT,FTM,FTA,FT_PCT,OREB,DREB,REB,AST,STL,BLK,TO,PF,PTS
0022100375,1610612740,Pelicans,NOP,New Orleans,Starters,201.000000:56,35,68,0.515,9,23,0.391,7,9,0.778,8,29,37,24,6,5,18,16,86
0022100375,1610612740,Pelicans,NOP,New Orleans,Bench,63.000000:04,12,22,0.545,2,7,0.286,2,3,0.667,2,7,9,8,2,0,4,6,28
0022100375,1610612743,Nuggets,DEN,Denver,Starters,193.000000:58,34,64,0.531,7,21,0.333,13,18,0.722,3,21,24,22,7,3,9,12,88
0022100375,1610612743,Nuggets,DEN,Denver,Bench,71.000000:02,11,24,0.458,2,11,0.182,8,9,0.889,2,7,9,6,5,1,2,7,32
