GAME_ID,TEAM_ID,TEAM_NAME,TEAM_ABBREVIATION,TEAM_CITY,STARTERS_BENCH,MIN,FGM,FGA,FG_PCT,FG3M,FG3A,FG3_PCT,FTM,FTA,FT_PCT,OREB,DREB,REB,AST,STL,BLK,TO,PF,PTS
0012100039,1610612761,Raptors,TOR,Toronto,Starters,95.000000:52,21,44,0.477,6,17,0.353,8,11,0.727,2,14,16,8,9,3,4,11,56
0012100039,1610612761,Raptors,TOR,Toronto,Bench,126.000000:55,19,45,0.422,9,25,0.36,2,3,0.667,4,21,25,12,9,2,15,15,49
0012100039,1610612745,Rockets,HOU,Houston,Starters,116.000000:01,17,41,0.415,3,15,0.2,7,11,0.636,2,20,22,11,3,2,14,8,44
0012100039,1610612745,Rockets,HOU,Houston,Bench,123.000000:59,17,37,0.459,6,15,0.4,8,12,0.667,6,18,24,12,4,5,14,4,48
