GAME_ID,TEAM_ID,TEAM_NAME,TEAM_ABBREVIATION,TEAM_CITY,STARTERS_BENCH,MIN,FGM,FGA,FG_PCT,FG3M,FG3A,FG3_PCT,FTM,FTA,FT_PCT,OREB,DREB,REB,AST,STL,BLK,TO,PF,PTS
0022100901,1610612755,76ers,PHI,Philadelphia,Starters,151.000000:37,35,62,0.565,13,24,0.542,23,26,0.885,4,26,30,23,9,0,7,14,106
0022100901,1610612755,76ers,PHI,Philadelphia,Bench,56.000000:14,5,14,0.357,4,10,0.4,5,6,0.833,1,9,10,5,1,0,2,6,19
0022100901,1610612750,Timberwolves,MIN,Minnesota,Starters,135.000000:16,21,52,0.404,5,23,0.217,18,22,0.818,7,20,27,12,2,1,10,15,65
0022100901,1610612750,Timberwolves,MIN,Minnesota,Bench,104.000000:44,15,34,0.441,4,16,0.25,3,3,1.0,2,12,14,11,2,0,6,12,37
