GAME_ID,TEAM_ID,TEAM_NAME,TEAM_ABBREVIATION,TEAM_CITY,STARTERS_BENCH,MIN,FGM,FGA,FG_PCT,FG3M,FG3A,FG3_PCT,FTM,FTA,FT_PCT,OREB,DREB,REB,AST,STL,BLK,TO,PF,PTS
0022100218,1610612753,Magic,ORL,Orlando,Starters,152.000000:46,27,68,0.397,6,23,0.261,7,9,0.778,13,27,40,16,5,3,8,14,67
0022100218,1610612753,Magic,ORL,Orlando,Bench,57.000000:17,6,13,0.462,2,7,0.286,4,5,0.8,1,8,9,2,0,0,3,5,18
0022100218,1610612752,Knicks,NYK,New York,Starters,137.000000:49,20,49,0.408,6,24,0.25,7,10,0.7,9,18,27,11,3,1,8,9,53
0022100218,1610612752,Knicks,NYK,New York,Bench,102.000000:11,17,39,0.436,10,25,0.4,1,2,0.5,2,16,18,14,2,6,10,11,45
