GAME_ID,TEAM_ID,TEAM_NAME,TEAM_ABBREVIATION,TEAM_CITY,STARTERS_BENCH,MIN,FGM,FGA,FG_PCT,FG3M,FG3A,FG3_PCT,FTM,FTA,FT_PCT,OREB,DREB,REB,AST,STL,BLK,TO,PF,PTS
0022100134,1610612762,Jazz,UTA,Utah,Starters,164.000000:09,35,62,0.565,12,31,0.387,12,17,0.706,5,16,21,20,9,2,5,8,94
0022100134,1610612762,Jazz,UTA,Utah,Bench,56.000000:56,5,17,0.294,3,14,0.214,2,2,1.0,0,2,2,5,1,0,1,6,15
0022100134,1610612748,Heat,MIA,Miami,Starters,155.000000:10,29,45,0.644,4,10,0.4,11,14,0.786,5,21,26,24,3,0,9,12,73
0022100134,1610612748,Heat,MIA,Miami,Bench,84.000000:50,18,33,0.545,7,11,0.636,2,3,0.667,2,8,10,6,0,1,5,6,45
