GAME_ID,TEAM_ID,TEAM_NAME,TEAM_ABBREVIATION,TEAM_CITY,STARTERS_BENCH,MIN,FGM,FGA,FG_PCT,FG3M,FG3A,FG3_PCT,FTM,FTA,FT_PCT,OREB,DREB,REB,AST,STL,BLK,TO,PF,PTS
0022100130,1610612740,Pelicans,NOP,New Orleans,Starters,145.000000:49,19,49,0.388,8,24,0.333,9,13,0.692,9,23,32,14,1,1,10,13,55
0022100130,1610612740,Pelicans,NOP,New Orleans,Bench,94.000000:11,12,39,0.308,3,20,0.15,3,3,1.0,2,8,10,9,5,2,7,5,30
0022100130,1610612744,Warriors,GSW,Golden State,Starters,119.000000:21,24,50,0.48,12,29,0.414,9,10,0.9,4,13,17,13,1,3,3,13,69
0022100130,1610612744,Warriors,GSW,Golden State,Bench,103.000000:06,16,31,0.516,7,18,0.389,1,2,0.5,3,22,25,20,8,1,8,3,40
