GAME_ID,TEAM_ID,TEAM_NAME,TEAM_ABBREVIATION,TEAM_CITY,STARTERS_BENCH,MIN,FGM,FGA,FG_PCT,FG3M,FG3A,FG3_PCT,FTM,FTA,FT_PCT,OREB,DREB,REB,AST,STL,BLK,TO,PF,PTS
0022100541,1610612764,Wizards,WAS,Washington,Starters,169.000000:60,38,70,0.543,5,21,0.238,17,22,0.773,6,28,34,22,6,3,10,9,98
0022100541,1610612764,Wizards,WAS,Washington,Bench,42.000000:30,5,11,0.455,0,4,0.0,2,2,1.0,0,6,6,1,2,0,0,8,12
0022100541,1610612741,Bulls,CHI,Chicago,Starters,173.000000:59,39,75,0.52,17,30,0.567,19,23,0.826,4,28,32,15,2,3,15,15,114
0022100541,1610612741,Bulls,CHI,Chicago,Bench,66.000000:01,2,9,0.222,0,4,0.0,2,2,1.0,2,10,12,2,2,1,0,9,6
