GAME_ID,TEAM_ID,TEAM_NAME,TEAM_ABBREVIATION,TEAM_CITY,STARTERS_BENCH,MIN,FGM,FGA,FG_PCT,FG3M,FG3A,FG3_PCT,FTM,FTA,FT_PCT,OREB,DREB,REB,AST,STL,BLK,TO,PF,PTS
2022100191,1612709905,Lakers,SBL,South Bay,Starters,153.000000:24,25,59,0.424,9,26,0.346,4,5,0.8,2,21,23,20,6,3,14,18,65
2022100191,1612709905,Lakers,SBL,South Bay,Bench,67.000000:48,13,29,0.448,2,7,0.286,2,4,0.5,6,12,18,3,6,1,6,5,31
2022100191,1612709889,Blue,OKL,Oklahoma City,Starters,155.000000:28,27,53,0.509,9,22,0.409,11,16,0.688,5,30,35,24,8,2,13,11,75
2022100191,1612709889,Blue,OKL,Oklahoma City,Bench,72.000000:57,13,22,0.591,3,8,0.375,3,5,0.6,2,6,8,2,2,1,5,6,34
