GAME_ID,TEAM_ID,TEAM_NAME,TEAM_ABBREVIATION,TEAM_CITY,STARTERS_BENCH,MIN,FGM,FGA,FG_PCT,FG3M,FG3A,FG3_PCT,FTM,FTA,FT_PCT,OREB,DREB,REB,AST,STL,BLK,TO,PF,PTS
2052100183,1612709908,Vipers,RGV,Rio Grande Valley,Starters,161.000000:35,22,68,0.324,8,40,0.2,10,13,0.769,9,20,29,18,7,1,6,18,67
2052100183,1612709908,Vipers,RGV,Rio Grande Valley,Bench,77.000000:11,17,36,0.472,7,16,0.438,0,2,0.0,7,15,22,4,2,4,3,8,41
2052100183,1612709889,Blue,OKL,Oklahoma City,Starters,156.000000:22,34,61,0.557,1,17,0.059,8,14,0.571,10,27,37,26,5,3,9,14,79
2052100183,1612709889,Blue,OKL,Oklahoma City,Bench,68.000000:40,11,22,0.5,4,10,0.4,2,4,0.5,5,14,19,5,1,0,2,6,29
