GAME_ID,TEAM_ID,TEAM_NAME,TEAM_ABBREVIATION,TEAM_CITY,STARTERS_BENCH,MIN,FGM,FGA,FG_PCT,FG3M,FG3A,FG3_PCT,FTM,FTA,FT_PCT,OREB,DREB,REB,AST,STL,BLK,TO,PF,PTS
0022100225,1610612764,Wizards,WAS,Washington,Starters,171.000000:37,29,53,0.547,9,24,0.375,6,8,0.75,3,26,29,21,4,0,16,12,73
0022100225,1610612764,Wizards,WAS,Washington,Bench,46.000000:34,8,18,0.444,6,11,0.545,0,0,0.0,1,5,6,2,0,2,1,1,22
0022100225,1610612748,Heat,MIA,Miami,Starters,157.000000:53,31,59,0.525,6,17,0.353,13,14,0.929,6,19,25,21,8,0,5,10,81
0022100225,1610612748,Heat,MIA,Miami,Bench,73.000000:03,10,22,0.455,4,9,0.444,6,8,0.75,1,11,12,5,2,1,1,2,30
