GAME_ID,TEAM_ID,TEAM_NAME,TEAM_ABBREVIATION,TEAM_CITY,STARTERS_BENCH,MIN,FGM,FGA,FG_PCT,FG3M,FG3A,FG3_PCT,FTM,FTA,FT_PCT,OREB,DREB,REB,AST,STL,BLK,TO,PF,PTS
0022100042,1610612749,Bucks,MIL,Milwaukee,Starters,145.000000:55,31,58,0.534,6,16,0.375,22,26,0.846,3,24,27,19,7,4,10,15,90
0022100042,1610612749,Bucks,MIL,Milwaukee,Bench,74.000000:08,8,23,0.348,4,13,0.308,4,5,0.8,3,8,11,5,5,2,3,2,24
0022100042,1610612754,Pacers,IND,Indiana,Starters,160.000000:15,31,64,0.484,9,24,0.375,10,12,0.833,4,25,29,15,4,1,14,14,81
0022100042,1610612754,Pacers,IND,Indiana,Bench,57.000000:02,8,20,0.4,4,8,0.5,5,5,1.0,7,5,12,6,2,0,4,8,25
