GAME_ID,TEAM_ID,TEAM_NAME,TEAM_ABBREVIATION,TEAM_CITY,STARTERS_BENCH,MIN,FGM,FGA,FG_PCT,FG3M,FG3A,FG3_PCT,FTM,FTA,FT_PCT,OREB,DREB,REB,AST,STL,BLK,TO,PF,PTS
2022100509,1612709923,Bulls,WCB,Windy City,Starters,145.000000:29,29,54,0.537,0,7,0.0,10,12,0.833,9,24,33,15,7,2,18,23,73
2022100509,1612709923,Bulls,WCB,Windy City,Bench,102.000000:09,18,34,0.529,6,18,0.333,6,8,0.75,4,5,9,6,4,5,10,12,52
2022100509,1612709910,Mad Ants,FWN,Fort Wayne,Starters,197.000000:56,38,87,0.437,11,37,0.297,19,23,0.826,10,15,25,20,19,4,14,15,113
2022100509,1612709910,Mad Ants,FWN,Fort Wayne,Bench,62.000000:04,4,12,0.333,2,6,0.333,5,7,0.714,4,7,11,5,2,0,4,10,18
