GAME_ID,TEAM_ID,TEAM_NAME,TEAM_ABBREVIATION,TEAM_CITY,STARTERS_BENCH,MIN,FGM,FGA,FG_PCT,FG3M,FG3A,FG3_PCT,FTM,FTA,FT_PCT,OREB,DREB,REB,AST,STL,BLK,TO,PF,PTS
2022100462,1612709919,Knicks,WES,Westchester,Starters,153.000000:25,31,67,0.463,14,29,0.483,5,8,0.625,10,21,31,18,11,3,9,10,83
2022100462,1612709919,Knicks,WES,Westchester,Bench,75.000000:02,12,24,0.5,5,11,0.455,2,3,0.667,3,8,11,10,4,0,6,2,33
2022100462,1612709893,Charge,CLC,Cleveland,Starters,158.000000:57,26,53,0.491,8,21,0.381,5,8,0.625,8,25,33,14,11,4,13,11,70
2022100462,1612709893,Charge,CLC,Cleveland,Bench,61.000000:12,12,26,0.462,2,4,0.5,1,1,1.0,5,8,13,8,2,1,9,0,28
