GAME_ID,TEAM_ID,TEAM_NAME,TEAM_ABBREVIATION,TEAM_CITY,STARTERS_BENCH,MIN,FGM,FGA,FG_PCT,FG3M,FG3A,FG3_PCT,FTM,FTA,FT_PCT,OREB,DREB,REB,AST,STL,BLK,TO,PF,PTS
0022100477,1610612753,Magic,ORL,Orlando,Starters,150.000000:13,31,67,0.463,6,23,0.261,19,21,0.905,7,16,23,15,5,7,4,16,87
0022100477,1610612753,Magic,ORL,Orlando,Bench,75.000000:32,5,16,0.313,3,8,0.375,0,0,0.0,2,13,15,4,1,4,3,8,13
0022100477,1610612740,Pelicans,NOP,New Orleans,Starters,168.000000:35,28,67,0.418,9,20,0.45,19,20,0.95,11,27,38,16,3,1,8,7,84
0022100477,1610612740,Pelicans,NOP,New Orleans,Bench,71.000000:25,9,19,0.474,4,10,0.4,4,6,0.667,1,7,8,5,1,1,2,6,26
