GAME_ID,TEAM_ID,TEAM_NAME,TEAM_ABBREVIATION,TEAM_CITY,STARTERS_BENCH,MIN,FGM,FGA,FG_PCT,FG3M,FG3A,FG3_PCT,FTM,FTA,FT_PCT,OREB,DREB,REB,AST,STL,BLK,TO,PF,PTS
0022100131,1610612757,Trail Blazers,POR,Portland,Starters,167.000000:45,32,66,0.485,13,30,0.433,8,8,1.0,2,23,25,22,6,2,10,8,85
0022100131,1610612757,Trail Blazers,POR,Portland,Bench,61.000000:22,8,16,0.5,4,9,0.444,5,7,0.714,2,9,11,4,1,2,2,6,25
0022100131,1610612754,Pacers,IND,Indiana,Starters,159.000000:19,30,63,0.476,7,26,0.269,4,8,0.5,4,28,32,18,4,2,10,12,71
0022100131,1610612754,Pacers,IND,Indiana,Bench,80.000000:41,13,25,0.52,7,16,0.438,2,2,1.0,3,5,8,10,4,0,1,6,35
