GAME_ID,TEAM_ID,TEAM_NAME,TEAM_ABBREVIATION,TEAM_CITY,STARTERS_BENCH,MIN,FGM,FGA,FG_PCT,FG3M,FG3A,FG3_PCT,FTM,FTA,FT_PCT,OREB,DREB,REB,AST,STL,BLK,TO,PF,PTS
0012100020,1610612756,Suns,PHX,Phoenix,Starters,118.000000:59,22,52,0.423,7,18,0.389,5,5,1.0,6,22,28,18,4,2,6,6,56
0012100020,1610612756,Suns,PHX,Phoenix,Bench,121.000000:01,22,47,0.468,4,10,0.4,13,14,0.929,6,18,24,13,7,0,8,11,61
0012100020,1610612747,Lakers,LAL,Los Angeles,Starters,114.000000:18,19,48,0.396,5,16,0.313,6,10,0.6,2,20,22,9,4,2,7,7,49
0012100020,1610612747,Lakers,LAL,Los Angeles,Bench,125.000000:42,20,36,0.556,7,18,0.389,9,9,1.0,2,16,18,15,6,2,10,14,56
