GAME_ID,TEAM_ID,TEAM_NAME,TEAM_ABBREVIATION,TEAM_CITY,STARTERS_BENCH,MIN,FGM,FGA,FG_PCT,FG3M,FG3A,FG3_PCT,FTM,FTA,FT_PCT,OREB,DREB,REB,AST,STL,BLK,TO,PF,PTS
0022100696,1610612758,Kings,SAC,Sacramento,Starters,155.000000:08,42,71,0.592,12,25,0.48,9,13,0.692,6,25,31,20,3,1,9,11,105
0022100696,1610612758,Kings,SAC,Sacramento,Bench,84.000000:52,9,26,0.346,3,12,0.25,1,3,0.333,7,10,17,9,1,1,5,9,22
0022100696,1610612749,Bucks,MIL,Milwaukee,Starters,157.000000:35,33,66,0.5,16,30,0.533,16,17,0.941,6,26,32,15,8,0,7,7,98
0022100696,1610612749,Bucks,MIL,Milwaukee,Bench,34.000000:50,6,13,0.462,2,6,0.333,0,0,0.0,1,6,7,2,1,0,0,4,14
