GAME_ID,TEAM_ID,TEAM_NAME,TEAM_ABBREVIATION,TEAM_CITY,STARTERS_BENCH,MIN,FGM,FGA,FG_PCT,FG3M,FG3A,FG3_PCT,FTM,FTA,FT_PCT,OREB,DREB,REB,AST,STL,BLK,TO,PF,PTS
2022100086,1612709923,Bulls,WCB,Windy City,Starters,168.000000:54,28,65,0.431,4,21,0.19,6,13,0.462,6,30,36,15,6,6,10,12,69
2022100086,1612709923,Bulls,WCB,Windy City,Bench,46.000000:09,6,17,0.353,4,11,0.364,1,1,1.0,0,8,8,3,1,1,2,5,18
2022100086,1612709893,Charge,CLC,Cleveland,Starters,157.000000:23,29,67,0.433,8,24,0.333,8,12,0.667,6,33,39,14,5,6,12,13,78
2022100086,1612709893,Charge,CLC,Cleveland,Bench,64.000000:05,6,20,0.3,3,8,0.375,4,6,0.667,3,10,13,7,0,1,2,7,21
