GAME_ID,TEAM_ID,TEAM_NAME,TEAM_ABBREVIATION,TEAM_CITY,STARTERS_BENCH,MIN,FGM,FGA,FG_PCT,FG3M,FG3A,FG3_PCT,FTM,FTA,FT_PCT,OREB,DREB,REB,AST,STL,BLK,TO,PF,PTS
2022100070,1612709932,Cruise,MCC,Motor City,Starters,159.000000:25,24,52,0.462,6,17,0.353,14,15,0.933,8,26,34,19,1,9,7,14,71
2022100070,1612709932,Cruise,MCC,Motor City,Bench,80.000000:35,16,33,0.485,3,10,0.3,7,11,0.636,6,8,14,9,2,1,4,7,47
2022100070,1612709928,Go-Go,CCG,Capital City,Starters,149.000000:28,26,67,0.388,2,15,0.133,6,6,1.0,10,15,25,17,3,3,3,19,67
2022100070,1612709928,Go-Go,CCG,Capital City,Bench,90.000000:32,17,31,0.548,4,8,0.5,4,4,1.0,5,14,19,6,3,2,4,6,46
