GAME_ID,TEAM_ID,TEAM_NAME,TEAM_ABBREVIATION,TEAM_CITY,STARTERS_BENCH,MIN,FGM,FGA,FG_PCT,FG3M,FG3A,FG3_PCT,FTM,FTA,FT_PCT,OREB,DREB,REB,AST,STL,BLK,TO,PF,PTS
0022100500,1610612746,Clippers,LAC,LA,Starters,148.000000:02,25,52,0.481,4,15,0.267,4,7,0.571,6,19,25,19,6,5,8,14,58
0022100500,1610612746,Clippers,LAC,LA,Bench,91.000000:58,15,34,0.441,4,11,0.364,8,11,0.727,2,19,21,7,2,2,6,8,42
0022100500,1610612743,Nuggets,DEN,Denver,Starters,156.000000:38,27,69,0.391,9,25,0.36,8,8,1.0,8,28,36,22,4,3,9,11,71
0022100500,1610612743,Nuggets,DEN,Denver,Bench,83.000000:22,12,26,0.462,6,16,0.375,2,3,0.667,2,10,12,7,3,1,5,9,32
