GAME_ID,TEAM_ID,TEAM_NAME,TEAM_ABBREVIATION,TEAM_CITY,STARTERS_BENCH,MIN,FGM,FGA,FG_PCT,FG3M,FG3A,FG3_PCT,FTM,FTA,FT_PCT,OREB,DREB,REB,AST,STL,BLK,TO,PF,PTS
2052100054,1612709911,Wolves,IWA,Iowa,Starters,155.000000:40,22,55,0.4,11,31,0.355,8,9,0.889,5,15,20,12,3,4,14,15,67
2052100054,1612709911,Wolves,IWA,Iowa,Bench,84.000000:20,17,31,0.548,5,13,0.385,2,4,0.5,4,13,17,8,2,1,6,9,43
2052100054,1612709917,Gold,GRG,Grand Rapids,Starters,162.000000:13,31,59,0.525,7,20,0.35,10,10,1.0,9,26,35,18,11,1,15,21,86
2052100054,1612709917,Gold,GRG,Grand Rapids,Bench,43.000000:38,4,14,0.286,4,11,0.364,3,3,1.0,0,4,4,3,0,0,0,2,16
