GAME_ID,TEAM_ID,TEAM_NAME,TEAM_ABBREVIATION,TEAM_CITY,STARTERS_BENCH,MIN,FGM,FGA,FG_PCT,FG3M,FG3A,FG3_PCT,FTM,FTA,FT_PCT,OREB,DREB,REB,AST,STL,BLK,TO,PF,PTS
2052100065,1612709920,905,RAP,Raptors,Starters,142.000000:01,25,65,0.385,8,31,0.258,7,8,0.875,15,27,42,16,9,3,12,17,70
2052100065,1612709920,905,RAP,Raptors,Bench,97.000000:60,10,34,0.294,4,17,0.235,9,13,0.692,3,14,17,6,3,0,3,9,36
2052100065,1612709921,Nets,LIN,Long Island,Starters,139.000000:12,25,59,0.424,4,25,0.16,6,7,0.857,6,27,33,14,6,7,11,14,63
2052100065,1612709921,Nets,LIN,Long Island,Bench,69.000000:08,7,22,0.318,5,15,0.333,4,7,0.571,3,9,12,6,1,3,4,6,25
