GAME_ID,TEAM_ID,TEAM_NAME,TEAM_ABBREVIATION,TEAM_CITY,STARTERS_BENCH,MIN,FGM,FGA,FG_PCT,FG3M,FG3A,FG3_PCT,FTM,FTA,FT_PCT,OREB,DREB,REB,AST,STL,BLK,TO,PF,PTS
0042100225,1610612756,Suns,PHX,Phoenix,Starters,152.000000:18,30,60,0.5,7,20,0.35,5,6,0.833,6,24,30,17,7,0,7,16,72
0042100225,1610612756,Suns,PHX,Phoenix,Bench,87.000000:42,13,27,0.481,5,12,0.417,7,10,0.7,6,14,20,11,3,2,5,7,38
0042100225,1610612742,Mavericks,DAL,Dallas,Starters,149.000000:03,21,51,0.412,4,17,0.235,11,15,0.733,4,22,26,7,6,0,11,11,57
0042100225,1610612742,Mavericks,DAL,Dallas,Bench,53.000000:52,4,11,0.364,3,8,0.375,5,9,0.556,1,5,6,1,1,0,3,4,16
