GAME_ID,TEAM_ID,TEAM_NAME,TEAM_ABBREVIATION,TEAM_CITY,STARTERS_BENCH,MIN,FGM,FGA,FG_PCT,FG3M,FG3A,FG3_PCT,FTM,FTA,FT_PCT,OREB,DREB,REB,AST,STL,BLK,TO,PF,PTS
0022100341,1610612747,Lakers,LAL,Los Angeles,Starters,157.000000:18,30,61,0.492,4,16,0.25,10,16,0.625,11,22,33,24,5,3,9,14,74
0022100341,1610612747,Lakers,LAL,Los Angeles,Bench,82.000000:42,15,29,0.517,8,17,0.471,3,5,0.6,2,8,10,4,3,0,2,5,41
0022100341,1610612746,Clippers,LAC,LA,Starters,159.000000:18,26,56,0.464,11,26,0.423,14,15,0.933,5,18,23,22,4,2,7,10,77
0022100341,1610612746,Clippers,LAC,LA,Bench,80.000000:42,15,25,0.6,5,9,0.556,7,9,0.778,1,10,11,6,1,1,2,9,42
