GAME_ID,TEAM_ID,TEAM_NAME,TEAM_ABBREVIATION,TEAM_CITY,STARTERS_BENCH,MIN,FGM,FGA,FG_PCT,FG3M,FG3A,FG3_PCT,FTM,FTA,FT_PCT,OREB,DREB,REB,AST,STL,BLK,TO,PF,PTS
0022100207,1610612760,Thunder,OKC,Oklahoma City,Starters,148.000000:12,21,55,0.382,11,26,0.423,6,8,0.75,6,22,28,20,4,8,12,7,59
0022100207,1610612760,Thunder,OKC,Oklahoma City,Bench,91.000000:48,13,28,0.464,4,15,0.267,1,2,0.5,3,11,14,6,2,2,8,8,31
0022100207,1610612748,Heat,MIA,Miami,Starters,161.000000:26,26,54,0.481,14,28,0.5,6,7,0.857,3,23,26,18,7,4,12,6,72
0022100207,1610612748,Heat,MIA,Miami,Bench,73.000000:56,11,27,0.407,4,12,0.333,5,6,0.833,5,14,19,4,4,0,3,6,31
