GAME_ID,TEAM_ID,TEAM_NAME,TEAM_ABBREVIATION,TEAM_CITY,STARTERS_BENCH,MIN,FGM,FGA,FG_PCT,FG3M,FG3A,FG3_PCT,FTM,FTA,FT_PCT,OREB,DREB,REB,AST,STL,BLK,TO,PF,PTS
0022101200,1610612757,Trail Blazers,POR,Portland,Starters,138.000000:33,20,38,0.526,4,14,0.286,5,6,0.833,1,16,17,20,5,2,10,15,49
0022101200,1610612757,Trail Blazers,POR,Portland,Bench,84.000000:39,15,27,0.556,7,16,0.438,3,3,1.0,2,7,9,4,5,2,8,11,40
0022101200,1610612740,Pelicans,NOP,New Orleans,Starters,119.000000:20,23,47,0.489,7,18,0.389,10,12,0.833,10,13,23,17,6,1,5,9,63
0022101200,1610612740,Pelicans,NOP,New Orleans,Bench,120.000000:40,21,46,0.457,6,19,0.316,16,19,0.842,13,13,26,14,9,0,6,5,64
