GAME_ID,TEAM_ID,TEAM_NAME,TEAM_ABBREVIATION,TEAM_CITY,STARTERS_BENCH,MIN,FGM,FGA,FG_PCT,FG3M,FG3A,FG3_PCT,FTM,FTA,FT_PCT,OREB,DREB,REB,AST,STL,BLK,TO,PF,PTS
0022100003,1610612754,Pacers,IND,Indiana,Starters,163.000000:52,37,70,0.529,15,35,0.429,19,22,0.864,5,33,38,19,1,5,12,17,108
0022100003,1610612754,Pacers,IND,Indiana,Bench,76.000000:08,5,20,0.25,2,12,0.167,2,2,1.0,3,10,13,10,1,5,4,7,14
0022100003,1610612766,Hornets,CHA,Charlotte,Starters,164.000000:34,34,80,0.425,12,26,0.462,13,19,0.684,7,28,35,20,6,2,8,17,93
0022100003,1610612766,Hornets,CHA,Charlotte,Bench,64.000000:32,12,26,0.462,1,4,0.25,4,6,0.667,5,6,11,8,2,3,0,3,29
