GAME_ID,TEAM_ID,TEAM_NAME,TEAM_ABBREVIATION,TEAM_CITY,STARTERS_BENCH,MIN,FGM,FGA,FG_PCT,FG3M,FG3A,FG3_PCT,FTM,FTA,FT_PCT,OREB,DREB,REB,AST,STL,BLK,TO,PF,PTS
2052100169,1612709918,Legends,TEX,Texas,Starters,147.000000:13,26,52,0.5,3,12,0.25,9,13,0.692,9,18,27,14,7,3,18,15,71
2052100169,1612709918,Legends,TEX,Texas,Bench,64.000000:58,6,20,0.3,2,8,0.25,0,2,0.0,2,8,10,4,0,4,2,5,14
2052100169,1612709908,Vipers,RGV,Rio Grande Valley,Starters,162.000000:48,32,65,0.492,8,26,0.308,6,9,0.667,11,21,32,26,13,4,9,13,82
2052100169,1612709908,Vipers,RGV,Rio Grande Valley,Bench,77.000000:12,18,33,0.545,4,12,0.333,4,5,0.8,5,15,20,7,2,2,6,9,46
