GAME_ID,TEAM_ID,TEAM_NAME,TEAM_ABBREVIATION,TEAM_CITY,STARTERS_BENCH,MIN,FGM,FGA,FG_PCT,FG3M,FG3A,FG3_PCT,FTM,FTA,FT_PCT,OREB,DREB,REB,AST,STL,BLK,TO,PF,PTS
0022101074,1610612755,76ers,PHI,Philadelphia,Starters,135.000000:21,24,46,0.522,8,20,0.4,11,12,0.917,4,19,23,17,3,3,8,15,67
0022101074,1610612755,76ers,PHI,Philadelphia,Bench,104.000000:39,19,40,0.475,7,17,0.412,1,4,0.25,7,15,22,9,3,1,3,5,46
0022101074,1610612748,Heat,MIA,Miami,Starters,159.000000:35,27,50,0.54,8,21,0.381,15,15,1.0,4,22,26,16,4,4,10,12,77
0022101074,1610612748,Heat,MIA,Miami,Bench,80.000000:25,11,30,0.367,2,12,0.167,5,5,1.0,0,8,8,7,2,0,2,4,29
