GAME_ID,TEAM_ID,TEAM_NAME,TEAM_ABBREVIATION,TEAM_CITY,STARTERS_BENCH,MIN,FGM,FGA,FG_PCT,FG3M,FG3A,FG3_PCT,FTM,FTA,FT_PCT,OREB,DREB,REB,AST,STL,BLK,TO,PF,PTS
0022100919,1610612740,Pelicans,NOP,New Orleans,Starters,154.000000:27,32,61,0.525,5,13,0.385,13,20,0.65,5,30,35,21,11,1,11,10,82
0022100919,1610612740,Pelicans,NOP,New Orleans,Bench,71.000000:17,13,27,0.481,8,16,0.5,3,5,0.6,6,9,15,4,4,2,1,7,37
0022100919,1610612747,Lakers,LAL,Los Angeles,Starters,117.000000:37,23,51,0.451,1,12,0.083,12,13,0.923,3,20,23,5,4,3,17,10,59
0022100919,1610612747,Lakers,LAL,Los Angeles,Bench,122.000000:23,12,33,0.364,6,22,0.273,6,7,0.857,4,11,15,10,4,4,6,8,36
