GAME_ID,TEAM_ID,TEAM_NAME,TEAM_ABBREVIATION,TEAM_CITY,STARTERS_BENCH,MIN,FGM,FGA,FG_PCT,FG3M,FG3A,FG3_PCT,FTM,FTA,FT_PCT,OREB,DREB,REB,AST,STL,BLK,TO,PF,PTS
2022100195,1612709919,Knicks,WES,Westchester,Starters,161.000000:47,24,54,0.444,12,28,0.429,11,17,0.647,6,28,34,13,10,3,12,17,76
2022100195,1612709919,Knicks,WES,Westchester,Bench,68.000000:07,14,33,0.424,3,14,0.214,5,5,1.0,2,9,11,7,0,0,5,1,38
2022100195,1612709909,Blue Coats,DEL,Delaware,Starters,148.000000:49,27,64,0.422,3,16,0.188,10,11,0.909,7,26,33,14,9,6,15,15,73
2022100195,1612709909,Blue Coats,DEL,Delaware,Bench,91.000000:11,12,32,0.375,8,17,0.471,1,1,1.0,7,12,19,8,5,1,5,8,34
