GAME_ID,TEAM_ID,TEAM_NAME,TEAM_ABBREVIATION,TEAM_CITY,STARTERS_BENCH,MIN,FGM,FGA,FG_PCT,FG3M,FG3A,FG3_PCT,FTM,FTA,FT_PCT,OREB,DREB,REB,AST,STL,BLK,TO,PF,PTS
2052100050,1612709910,Mad Ants,FWN,Fort Wayne,Starters,148.000000:04,40,69,0.58,10,25,0.4,3,5,0.6,11,33,44,22,9,1,7,8,94
2052100050,1612709910,Mad Ants,FWN,Fort Wayne,Bench,78.000000:05,9,32,0.281,1,12,0.083,0,2,0.0,7,14,21,5,3,1,9,13,19
2052100050,1612709893,Charge,CLC,Cleveland,Starters,137.000000:49,18,51,0.353,6,23,0.261,1,3,0.333,6,17,23,8,3,1,17,9,43
2052100050,1612709893,Charge,CLC,Cleveland,Bench,82.000000:20,17,32,0.531,4,9,0.444,4,6,0.667,1,15,16,11,2,1,2,4,45
