GAME_ID,TEAM_ID,TEAM_NAME,TEAM_ABBREVIATION,TEAM_CITY,STARTERS_BENCH,MIN,FGM,FGA,FG_PCT,FG3M,FG3A,FG3_PCT,FTM,FTA,FT_PCT,OREB,DREB,REB,AST,STL,BLK,TO,PF,PTS
2022100376,1612709927,Herd,WIS,Wisconsin,Starters,134.000000:28,16,45,0.356,4,20,0.2,5,6,0.833,9,23,32,22,7,1,6,8,43
2022100376,1612709927,Herd,WIS,Wisconsin,Bench,105.000000:32,28,58,0.483,11,26,0.423,5,6,0.833,5,8,13,10,1,0,2,11,76
2022100376,1612709893,Charge,CLC,Cleveland,Starters,158.000000:02,31,57,0.544,10,26,0.385,11,13,0.846,3,27,30,16,3,1,6,12,89
2022100376,1612709893,Charge,CLC,Cleveland,Bench,81.000000:58,15,27,0.556,3,10,0.3,4,5,0.8,5,17,22,6,2,6,7,4,40
