GAME_ID,TEAM_ID,TEAM_NAME,TEAM_ABBREVIATION,TEAM_CITY,STARTERS_BENCH,MIN,FGM,FGA,FG_PCT,FG3M,FG3A,FG3_PCT,FTM,FTA,FT_PCT,OREB,DREB,REB,AST,STL,BLK,TO,PF,PTS
0022100594,1610612762,Jazz,UTA,Utah,Starters,169.000000:15,29,58,0.5,12,27,0.444,12,13,0.923,6,21,27,19,4,1,9,17,82
0022100594,1610612762,Jazz,UTA,Utah,Bench,70.000000:45,11,26,0.423,3,8,0.375,6,6,1.0,3,9,12,1,2,2,5,8,31
0022100594,1610612754,Pacers,IND,Indiana,Starters,158.000000:01,31,53,0.585,11,20,0.55,15,20,0.75,3,21,24,15,3,5,9,11,88
0022100594,1610612754,Pacers,IND,Indiana,Bench,81.000000:59,13,27,0.481,3,9,0.333,8,12,0.667,2,12,14,15,6,2,1,10,37
