GAME_ID,TEAM_ID,TEAM_NAME,TEAM_ABBREVIATION,TEAM_CITY,STARTERS_BENCH,MIN,FGM,FGA,FG_PCT,FG3M,FG3A,FG3_PCT,FTM,FTA,FT_PCT,OREB,DREB,REB,AST,STL,BLK,TO,PF,PTS
0022100738,1610612748,Heat,MIA,Miami,Starters,160.000000:35,32,58,0.552,13,24,0.542,26,27,0.963,5,24,29,20,6,1,10,13,103
0022100738,1610612748,Heat,MIA,Miami,Bench,79.000000:25,8,27,0.296,2,10,0.2,0,0,0.0,7,15,22,8,0,2,8,10,18
0022100738,1610612746,Clippers,LAC,LA,Starters,123.000000:02,18,42,0.429,4,19,0.211,10,15,0.667,2,10,12,7,0,1,5,14,50
0022100738,1610612746,Clippers,LAC,LA,Bench,116.000000:58,23,50,0.46,5,16,0.313,13,17,0.765,7,18,25,15,7,2,8,7,64
