GAME_ID,TEAM_ID,TEAM_NAME,TEAM_ABBREVIATION,TEAM_CITY,STARTERS_BENCH,MIN,FGM,FGA,FG_PCT,FG3M,FG3A,FG3_PCT,FTM,FTA,FT_PCT,OREB,DREB,REB,AST,STL,BLK,TO,PF,PTS
2022100053,1612709923,Bulls,WCB,Windy City,Starters,160.000000:43,27,62,0.435,4,14,0.286,14,16,0.875,6,28,34,19,7,7,10,20,76
2022100053,1612709923,Bulls,WCB,Windy City,Bench,23.000000:45,5,9,0.556,2,4,0.5,0,1,0.0,2,1,3,1,0,0,1,1,12
2022100053,1612709932,Cruise,MCC,Motor City,Starters,166.000000:25,30,64,0.469,5,19,0.263,8,11,0.727,8,32,40,21,8,4,8,15,79
2022100053,1612709932,Cruise,MCC,Motor City,Bench,73.000000:35,11,30,0.367,1,8,0.125,7,9,0.778,5,11,16,5,1,1,4,9,33
