GAME_ID,TEAM_ID,TEAM_NAME,TEAM_ABBREVIATION,TEAM_CITY,STARTERS_BENCH,MIN,FGM,FGA,FG_PCT,FG3M,FG3A,FG3_PCT,FTM,FTA,FT_PCT,OREB,DREB,REB,AST,STL,BLK,TO,PF,PTS
0022100219,1610612749,Bucks,MIL,Milwaukee,Starters,164.000000:21,35,68,0.515,8,26,0.308,15,21,0.714,6,27,33,20,6,3,12,8,93
0022100219,1610612749,Bucks,MIL,Milwaukee,Bench,29.000000:48,0,2,0.0,0,1,0.0,0,0,0.0,0,11,11,2,2,0,3,1,0
0022100219,1610612747,Lakers,LAL,Los Angeles,Starters,160.000000:03,31,65,0.477,8,23,0.348,7,8,0.875,7,25,32,23,5,3,10,15,77
0022100219,1610612747,Lakers,LAL,Los Angeles,Bench,79.000000:57,9,31,0.29,4,20,0.2,3,4,0.75,4,12,16,1,3,1,3,4,25
