GAME_ID,TEAM_ID,TEAM_NAME,TEAM_ABBREVIATION,TEAM_CITY,STARTERS_BENCH,MIN,FGM,FGA,FG_PCT,FG3M,FG3A,FG3_PCT,FTM,FTA,FT_PCT,OREB,DREB,REB,AST,STL,BLK,TO,PF,PTS
2022100360,1612709920,905,RAP,Raptors,Starters,158.000000:38,38,72,0.528,11,29,0.379,4,4,1.0,9,27,36,16,10,3,10,12,95
2022100360,1612709920,905,RAP,Raptors,Bench,81.000000:22,11,26,0.423,4,9,0.444,6,6,1.0,0,12,12,15,2,1,5,14,36
2022100360,1612709910,Mad Ants,FWN,Fort Wayne,Starters,164.000000:59,25,62,0.403,4,22,0.182,14,15,0.933,7,21,28,13,13,10,16,8,82
2022100360,1612709910,Mad Ants,FWN,Fort Wayne,Bench,35.000000:16,3,15,0.2,2,11,0.182,0,0,0.0,1,6,7,1,0,0,1,4,8
