GAME_ID,TEAM_ID,TEAM_NAME,TEAM_ABBREVIATION,TEAM_CITY,STARTERS_BENCH,MIN,FGM,FGA,FG_PCT,FG3M,FG3A,FG3_PCT,FTM,FTA,FT_PCT,OREB,DREB,REB,AST,STL,BLK,TO,PF,PTS
0022100076,1610612757,Trail Blazers,POR,Portland,Starters,146.000000:19,28,65,0.431,14,27,0.519,4,6,0.667,8,25,33,11,6,4,12,13,74
0022100076,1610612757,Trail Blazers,POR,Portland,Bench,93.000000:41,13,33,0.394,5,14,0.357,6,10,0.6,8,22,30,10,2,2,2,6,37
0022100076,1610612746,Clippers,LAC,LA,Starters,137.000000:30,21,53,0.396,9,24,0.375,7,11,0.636,4,22,26,11,4,4,10,7,58
0022100076,1610612746,Clippers,LAC,LA,Bench,102.000000:30,13,34,0.382,6,18,0.333,2,5,0.4,2,15,17,6,3,1,2,7,34
