GAME_ID,TEAM_ID,TEAM_NAME,TEAM_ABBREVIATION,TEAM_CITY,STARTERS_BENCH,MIN,FGM,FGA,FG_PCT,FG3M,FG3A,FG3_PCT,FTM,FTA,FT_PCT,OREB,DREB,REB,AST,STL,BLK,TO,PF,PTS
0022100613,1610612761,Raptors,TOR,Toronto,Starters,163.000000:42,28,69,0.406,8,31,0.258,10,17,0.588,5,13,18,15,8,0,11,14,74
0022100613,1610612761,Raptors,TOR,Toronto,Bench,76.000000:18,8,20,0.4,0,6,0.0,5,8,0.625,17,12,29,0,3,3,3,6,21
0022100613,1610612756,Suns,PHX,Phoenix,Starters,175.000000:14,27,57,0.474,9,27,0.333,15,17,0.882,4,20,24,19,9,1,11,15,78
0022100613,1610612756,Suns,PHX,Phoenix,Bench,64.000000:46,8,17,0.471,2,5,0.4,3,5,0.6,6,9,15,6,1,1,9,8,21
