GAME_ID,TEAM_ID,TEAM_NAME,TEAM_ABBREVIATION,TEAM_CITY,STARTERS_BENCH,MIN,FGM,FGA,FG_PCT,FG3M,FG3A,FG3_PCT,FTM,FTA,FT_PCT,OREB,DREB,REB,AST,STL,BLK,TO,PF,PTS
0022100512,1610612752,Knicks,NYK,New York,Starters,151.000000:56,23,63,0.365,8,23,0.348,4,10,0.4,13,29,42,9,2,3,12,12,58
0022100512,1610612752,Knicks,NYK,New York,Bench,88.000000:05,14,27,0.519,8,17,0.471,2,6,0.333,2,10,12,11,3,1,3,8,38
0022100512,1610612750,Timberwolves,MIN,Minnesota,Starters,154.000000:09,22,60,0.367,5,27,0.185,9,14,0.643,9,18,27,12,4,6,6,13,58
0022100512,1610612750,Timberwolves,MIN,Minnesota,Bench,68.000000:14,11,21,0.524,2,9,0.222,3,4,0.75,1,10,11,10,1,4,3,6,27
