GAME_ID,TEAM_ID,TEAM_NAME,TEAM_ABBREVIATION,TEAM_CITY,STARTERS_BENCH,MIN,FGM,FGA,FG_PCT,FG3M,FG3A,FG3_PCT,FTM,FTA,FT_PCT,OREB,DREB,REB,AST,STL,BLK,TO,PF,PTS
0022100965,1610612762,Jazz,UTA,Utah,Starters,165.000000:28,30,60,0.5,19,39,0.487,7,10,0.7,8,27,35,23,3,2,8,10,86
0022100965,1610612762,Jazz,UTA,Utah,Bench,55.000000:30,10,28,0.357,4,13,0.308,4,5,0.8,2,7,9,3,0,0,2,9,28
0022100965,1610612760,Thunder,OKC,Oklahoma City,Starters,167.000000:43,29,70,0.414,1,25,0.04,14,15,0.933,6,25,31,19,8,5,4,9,73
0022100965,1610612760,Thunder,OKC,Oklahoma City,Bench,72.000000:17,10,22,0.455,7,15,0.467,3,4,0.75,5,11,16,1,3,4,3,10,30
