GAME_ID,TEAM_ID,TEAM_NAME,TEAM_ABBREVIATION,TEAM_CITY,STARTERS_BENCH,MIN,FGM,FGA,FG_PCT,FG3M,FG3A,FG3_PCT,FTM,FTA,FT_PCT,OREB,DREB,REB,AST,STL,BLK,TO,PF,PTS
0022101180,1610612745,Rockets,HOU,Houston,Starters,169.000000:23,33,77,0.429,10,34,0.294,14,19,0.737,12,20,32,14,5,3,8,12,90
0022101180,1610612745,Rockets,HOU,Houston,Bench,70.000000:37,7,22,0.318,1,9,0.111,0,6,0.0,6,10,16,4,3,3,3,8,15
0022101180,1610612751,Nets,BKN,Brooklyn,Starters,155.000000:50,29,64,0.453,14,30,0.467,19,20,0.95,5,24,29,19,4,8,12,14,91
0022101180,1610612751,Nets,BKN,Brooklyn,Bench,67.000000:53,6,16,0.375,0,5,0.0,2,3,0.667,7,12,19,3,2,1,3,8,14
