GAME_ID,TEAM_ID,TEAM_NAME,TEAM_ABBREVIATION,TEAM_CITY,STARTERS_BENCH,MIN,FGM,FGA,FG_PCT,FG3M,FG3A,FG3_PCT,FTM,FTA,FT_PCT,OREB,DREB,REB,AST,STL,BLK,TO,PF,PTS
2022100418,1612709905,Lakers,SBL,South Bay,Starters,157.000000:23,30,60,0.5,7,26,0.269,8,8,1.0,4,11,15,19,10,6,18,17,81
2022100418,1612709905,Lakers,SBL,South Bay,Bench,82.000000:38,15,33,0.455,6,13,0.462,2,4,0.5,6,8,14,7,6,2,1,8,40
2022100418,1612709911,Wolves,IWA,Iowa,Starters,167.000000:35,28,58,0.483,6,20,0.3,17,17,1.0,9,22,31,16,9,3,20,15,88
2022100418,1612709911,Wolves,IWA,Iowa,Bench,57.000000:57,12,25,0.48,1,3,0.333,3,5,0.6,8,7,15,9,5,0,4,4,31
