GAME_ID,TEAM_ID,TEAM_NAME,TEAM_ABBREVIATION,TEAM_CITY,STARTERS_BENCH,MIN,FGM,FGA,FG_PCT,FG3M,FG3A,FG3_PCT,FTM,FTA,FT_PCT,OREB,DREB,REB,AST,STL,BLK,TO,PF,PTS
0022100474,1610612760,Thunder,OKC,Oklahoma City,Starters,158.000000:44,30,67,0.448,6,25,0.24,14,16,0.875,9,28,37,19,5,2,7,13,80
0022100474,1610612760,Thunder,OKC,Oklahoma City,Bench,81.000000:16,12,27,0.444,2,9,0.222,2,3,0.667,6,17,23,3,2,2,4,12,28
0022100474,1610612743,Nuggets,DEN,Denver,Starters,118.000000:03,18,41,0.439,5,17,0.294,8,12,0.667,2,18,20,13,2,2,6,4,49
0022100474,1610612743,Nuggets,DEN,Denver,Bench,121.000000:57,15,43,0.349,8,27,0.296,7,14,0.5,2,17,19,8,5,3,5,14,45
