GAME_ID,TEAM_ID,TEAM_NAME,TEAM_ABBREVIATION,TEAM_CITY,STARTERS_BENCH,MIN,FGM,FGA,FG_PCT,FG3M,FG3A,FG3_PCT,FTM,FTA,FT_PCT,OREB,DREB,REB,AST,STL,BLK,TO,PF,PTS
2022100054,1612709927,Herd,WIS,Wisconsin,Starters,138.000000:01,31,65,0.477,4,20,0.2,9,14,0.643,13,24,37,21,0,5,11,12,78
2022100054,1612709927,Herd,WIS,Wisconsin,Bench,121.000000:59,17,39,0.436,8,22,0.364,3,6,0.5,3,11,14,12,3,5,8,14,46
2022100054,1612709909,Blue Coats,DEL,Delaware,Starters,186.000000:54,35,71,0.493,17,38,0.447,6,6,1.0,6,27,33,15,8,2,12,17,98
2022100054,1612709909,Blue Coats,DEL,Delaware,Bench,73.000000:06,6,24,0.25,0,7,0.0,8,10,0.8,4,10,14,9,3,0,4,7,25
