GAME_ID,TEAM_ID,TEAM_NAME,TEAM_ABBREVIATION,TEAM_CITY,STARTERS_BENCH,MIN,FGM,FGA,FG_PCT,FG3M,FG3A,FG3_PCT,FTM,FTA,FT_PCT,OREB,DREB,REB,AST,STL,BLK,TO,PF,PTS
0022101011,1610612764,Wizards,WAS,Washington,Starters,133.000000:29,26,53,0.491,12,25,0.48,17,18,0.944,5,13,18,14,2,4,6,10,81
0022101011,1610612764,Wizards,WAS,Washington,Bench,92.000000:56,13,27,0.481,2,9,0.222,9,9,1.0,4,12,16,11,4,4,8,5,37
0022101011,1610612757,Trail Blazers,POR,Portland,Starters,189.000000:23,43,75,0.573,8,20,0.4,17,18,0.944,10,26,36,18,8,2,8,14,111
0022101011,1610612757,Trail Blazers,POR,Portland,Bench,50.000000:37,5,18,0.278,3,10,0.3,3,4,0.75,2,5,7,3,2,1,3,7,16
