GAME_ID,TEAM_ID,TEAM_NAME,TEAM_ABBREVIATION,TEAM_CITY,STARTERS_BENCH,MIN,FGM,FGA,FG_PCT,FG3M,FG3A,FG3_PCT,FTM,FTA,FT_PCT,OREB,DREB,REB,AST,STL,BLK,TO,PF,PTS
0042100144,1610612756,Suns,PHX,Phoenix,Starters,170.000000:25,24,52,0.462,4,15,0.267,7,10,0.7,5,22,27,25,4,2,7,19,59
0042100144,1610612756,Suns,PHX,Phoenix,Bench,42.000000:03,14,18,0.778,2,5,0.4,0,1,0.0,4,4,8,6,1,0,3,6,30
0042100144,1610612740,Pelicans,NOP,New Orleans,Starters,154.000000:02,32,68,0.471,4,16,0.25,21,29,0.724,11,21,32,14,3,3,5,10,89
0042100144,1610612740,Pelicans,NOP,New Orleans,Bench,60.000000:50,5,14,0.357,2,8,0.25,11,13,0.846,4,5,9,3,4,0,3,4,23
