GAME_ID,TEAM_ID,TEAM_NAME,TEAM_ABBREVIATION,TEAM_CITY,STARTERS_BENCH,MIN,FGM,FGA,FG_PCT,FG3M,FG3A,FG3_PCT,FTM,FTA,FT_PCT,OREB,DREB,REB,AST,STL,BLK,TO,PF,PTS
0022100318,1610612758,Kings,SAC,Sacramento,Starters,151.000000:57,29,50,0.58,2,9,0.222,12,17,0.706,8,27,35,14,8,4,14,9,72
0022100318,1610612758,Kings,SAC,Sacramento,Bench,75.000000:53,5,28,0.179,3,19,0.158,4,5,0.8,0,4,4,7,2,0,4,8,17
0022100318,1610612747,Lakers,LAL,Los Angeles,Starters,123.000000:40,25,53,0.472,4,14,0.286,5,9,0.556,2,15,17,13,7,4,8,12,59
0022100318,1610612747,Lakers,LAL,Los Angeles,Bench,116.000000:20,21,39,0.538,7,14,0.5,9,11,0.818,8,22,30,8,3,2,6,8,58
