GAME_ID,TEAM_ID,TEAM_NAME,TEAM_ABBREVIATION,TEAM_CITY,STARTERS_BENCH,MIN,FGM,FGA,FG_PCT,FG3M,FG3A,FG3_PCT,FTM,FTA,FT_PCT,OREB,DREB,REB,AST,STL,BLK,TO,PF,PTS
0022100227,1610612759,Spurs,SAS,San Antonio,Starters,128.000000:13,13,36,0.361,3,14,0.214,11,13,0.846,8,17,25,13,2,2,6,6,40
0022100227,1610612759,Spurs,SAS,San Antonio,Bench,107.000000:44,22,47,0.468,3,18,0.167,3,6,0.5,3,14,17,11,4,4,6,6,50
0022100227,1610612750,Timberwolves,MIN,Minnesota,Starters,159.000000:01,26,58,0.448,12,31,0.387,10,13,0.769,7,28,35,25,4,8,10,11,74
0022100227,1610612750,Timberwolves,MIN,Minnesota,Bench,75.000000:34,15,27,0.556,9,18,0.5,2,2,1.0,4,7,11,2,1,1,1,5,41
