GAME_ID,TEAM_ID,TEAM_NAME,TEAM_ABBREVIATION,TEAM_CITY,STARTERS_BENCH,MIN,FGM,FGA,FG_PCT,FG3M,FG3A,FG3_PCT,FTM,FTA,FT_PCT,OREB,DREB,REB,AST,STL,BLK,TO,PF,PTS
0022100747,1610612758,Kings,SAC,Sacramento,Starters,162.000000:41,29,61,0.475,10,23,0.435,17,20,0.85,8,24,32,18,4,1,5,11,85
0022100747,1610612758,Kings,SAC,Sacramento,Bench,61.000000:10,3,17,0.176,1,11,0.091,0,0,0.0,2,8,10,3,3,0,6,6,7
0022100747,1610612755,76ers,PHI,Philadelphia,Starters,159.000000:58,29,55,0.527,8,19,0.421,15,20,0.75,3,21,24,20,3,2,11,12,81
0022100747,1610612755,76ers,PHI,Philadelphia,Bench,80.000000:02,7,15,0.467,4,11,0.364,4,6,0.667,0,12,12,4,5,1,6,5,22
