GAME_ID,TEAM_ID,TEAM_NAME,TEAM_ABBREVIATION,TEAM_CITY,STARTERS_BENCH,MIN,FGM,FGA,FG_PCT,FG3M,FG3A,FG3_PCT,FTM,FTA,FT_PCT,OREB,DREB,REB,AST,STL,BLK,TO,PF,PTS
2022100441,1612709923,Bulls,WCB,Windy City,Starters,135.000000:14,29,60,0.483,10,23,0.435,5,8,0.625,11,21,32,15,7,1,4,9,78
2022100441,1612709923,Bulls,WCB,Windy City,Bench,104.000000:46,14,35,0.4,9,23,0.391,1,2,0.5,3,13,16,14,2,1,4,8,39
2022100441,1612709893,Charge,CLC,Cleveland,Starters,165.000000:07,26,67,0.388,7,28,0.25,8,11,0.727,13,26,39,14,2,5,15,14,74
2022100441,1612709893,Charge,CLC,Cleveland,Bench,74.000000:53,8,20,0.4,5,7,0.714,2,2,1.0,4,10,14,7,3,4,3,4,25
