GAME_ID,TEAM_ID,TEAM_NAME,TEAM_ABBREVIATION,TEAM_CITY,STARTERS_BENCH,MIN,FGM,FGA,FG_PCT,FG3M,FG3A,FG3_PCT,FTM,FTA,FT_PCT,OREB,DREB,REB,AST,STL,BLK,TO,PF,PTS
2022100161,1612709921,Nets,LIN,Long Island,Starters,157.000000:27,29,73,0.397,7,29,0.241,7,8,0.875,14,21,35,11,8,9,5,17,76
2022100161,1612709921,Nets,LIN,Long Island,Bench,43.000000:27,5,15,0.333,3,7,0.429,2,5,0.4,1,8,9,4,2,0,1,2,17
2022100161,1612709929,Skyhawks,CPS,College Park,Starters,157.000000:28,28,65,0.431,6,15,0.4,11,13,0.846,9,30,39,16,4,8,12,8,82
2022100161,1612709929,Skyhawks,CPS,College Park,Bench,82.000000:32,8,23,0.348,3,8,0.375,4,4,1.0,2,8,10,2,2,3,1,10,23
