GAME_ID,TEAM_ID,TEAM_NAME,TEAM_ABBREVIATION,TEAM_CITY,STARTERS_BENCH,MIN,FGM,FGA,FG_PCT,FG3M,FG3A,FG3_PCT,FTM,FTA,FT_PCT,OREB,DREB,REB,AST,STL,BLK,TO,PF,PTS
2022100430,1612709918,Legends,TEX,Texas,Starters,167.000000:23,33,71,0.465,15,35,0.429,11,15,0.733,9,19,28,22,3,2,8,13,99
2022100430,1612709918,Legends,TEX,Texas,Bench,36.000000:34,4,8,0.5,0,3,0.0,3,4,0.75,1,5,6,4,0,2,3,4,11
2022100430,1612709905,Lakers,SBL,South Bay,Starters,140.000000:44,29,57,0.509,4,13,0.308,10,13,0.769,6,17,23,14,4,4,7,11,79
2022100430,1612709905,Lakers,SBL,South Bay,Bench,99.000000:16,11,38,0.289,2,11,0.182,4,5,0.8,13,12,25,6,2,0,4,10,31
