GAME_ID,TEAM_ID,TEAM_NAME,TEAM_ABBREVIATION,TEAM_CITY,STARTERS_BENCH,MIN,FGM,FGA,FG_PCT,FG3M,FG3A,FG3_PCT,FTM,FTA,FT_PCT,OREB,DREB,REB,AST,STL,BLK,TO,PF,PTS
2022100060,1612709902,Warriors,SCW,Santa Cruz,Starters,183.000000:46,31,65,0.477,12,34,0.353,14,18,0.778,4,29,33,24,7,6,13,16,97
2022100060,1612709902,Warriors,SCW,Santa Cruz,Bench,39.000000:15,3,15,0.2,2,14,0.143,1,1,1.0,1,1,2,1,3,0,1,3,10
2022100060,1612709889,Blue,OKL,Oklahoma City,Starters,127.000000:32,19,47,0.404,5,16,0.313,4,8,0.5,10,22,32,12,2,3,13,11,51
2022100060,1612709889,Blue,OKL,Oklahoma City,Bench,111.000000:43,16,41,0.39,9,22,0.409,8,9,0.889,6,15,21,9,3,3,8,15,55
