GAME_ID,TEAM_ID,TEAM_NAME,TEAM_ABBREVIATION,TEAM_CITY,STARTERS_BENCH,MIN,FGM,FGA,FG_PCT,FG3M,FG3A,FG3_PCT,FTM,FTA,FT_PCT,OREB,DREB,REB,AST,STL,BLK,TO,PF,PTS
2022100268,1612709902,Warriors,SCW,Santa Cruz,Starters,158.000000:24,28,68,0.412,10,31,0.323,16,21,0.762,5,25,30,17,5,0,6,16,89
2022100268,1612709902,Warriors,SCW,Santa Cruz,Bench,44.000000:53,5,12,0.417,2,7,0.286,1,1,1.0,3,6,9,8,0,3,1,4,14
2022100268,1612709911,Wolves,IWA,Iowa,Starters,161.000000:19,26,60,0.433,4,22,0.182,12,15,0.8,10,25,35,25,1,0,7,19,75
2022100268,1612709911,Wolves,IWA,Iowa,Bench,78.000000:41,12,31,0.387,5,18,0.278,5,6,0.833,3,14,17,5,2,0,5,14,38
