GAME_ID,TEAM_ID,TEAM_NAME,TEAM_ABBREVIATION,TEAM_CITY,STARTERS_BENCH,MIN,FGM,FGA,FG_PCT,FG3M,FG3A,FG3_PCT,FTM,FTA,FT_PCT,OREB,DREB,REB,AST,STL,BLK,TO,PF,PTS
0022100322,1610612755,76ers,PHI,Philadelphia,Starters,154.000000:49,19,60,0.317,5,18,0.278,7,11,0.636,5,25,30,14,4,4,4,10,50
0022100322,1610612755,76ers,PHI,Philadelphia,Bench,85.000000:11,14,29,0.483,3,13,0.231,6,6,1.0,3,13,16,6,3,5,3,7,37
0022100322,1610612738,Celtics,BOS,Boston,Starters,158.000000:29,23,51,0.451,7,18,0.389,8,11,0.727,3,31,34,14,3,7,8,9,61
0022100322,1610612738,Celtics,BOS,Boston,Bench,64.000000:23,8,21,0.381,4,9,0.444,3,4,0.75,0,5,5,4,2,0,4,4,23
