GAME_ID,TEAM_ID,TEAM_NAME,TEAM_ABBREVIATION,TEAM_CITY,STARTERS_BENCH,MIN,FGM,FGA,FG_PCT,FG3M,FG3A,FG3_PCT,FTM,FTA,FT_PCT,OREB,DREB,REB,AST,STL,BLK,TO,PF,PTS
0022100782,1610612750,Timberwolves,MIN,Minnesota,Starters,155.000000:08,28,58,0.483,5,20,0.25,19,22,0.864,6,25,31,14,5,3,10,10,80
0022100782,1610612750,Timberwolves,MIN,Minnesota,Bench,84.000000:52,16,29,0.552,10,14,0.714,6,6,1.0,3,8,11,15,6,0,4,8,48
0022100782,1610612765,Pistons,DET,Detroit,Starters,144.000000:43,24,56,0.429,9,27,0.333,7,11,0.636,11,25,36,18,1,3,8,14,64
0022100782,1610612765,Pistons,DET,Detroit,Bench,95.000000:17,16,35,0.457,6,19,0.316,15,17,0.882,2,7,9,9,2,3,7,10,53
