GAME_ID,TEAM_ID,TEAM_NAME,TEAM_ABBREVIATION,TEAM_CITY,STARTERS_BENCH,MIN,FGM,FGA,FG_PCT,FG3M,FG3A,FG3_PCT,FTM,FTA,FT_PCT,OREB,DREB,REB,AST,STL,BLK,TO,PF,PTS
0022100124,1610612765,Pistons,DET,Detroit,Starters,154.000000:09,18,54,0.333,5,19,0.263,8,9,0.889,1,20,21,10,9,4,13,14,49
0022100124,1610612765,Pistons,DET,Detroit,Bench,60.000000:39,10,22,0.455,4,11,0.364,3,5,0.6,4,9,13,5,1,1,0,6,27
0022100124,1610612751,Nets,BKN,Brooklyn,Starters,159.000000:40,27,57,0.474,9,22,0.409,9,10,0.9,1,30,31,20,3,2,13,13,72
0022100124,1610612751,Nets,BKN,Brooklyn,Bench,80.000000:20,9,23,0.391,2,5,0.4,4,4,1.0,3,11,14,5,0,2,3,8,24
