GAME_ID,TEAM_ID,TEAM_NAME,TEAM_ABBREVIATION,TEAM_CITY,STARTERS_BENCH,MIN,FGM,FGA,FG_PCT,FG3M,FG3A,FG3_PCT,FTM,FTA,FT_PCT,OREB,DREB,REB,AST,STL,BLK,TO,PF,PTS
0042100136,1610612761,Raptors,TOR,Toronto,Starters,153.000000:10,26,59,0.441,5,21,0.238,9,10,0.9,7,9,16,12,5,0,6,17,66
0042100136,1610612761,Raptors,TOR,Toronto,Bench,86.000000:50,9,30,0.3,2,14,0.143,11,15,0.733,8,13,21,3,1,1,3,5,31
0042100136,1610612755,76ers,PHI,Philadelphia,Starters,189.000000:12,38,68,0.559,14,36,0.389,21,22,0.955,4,31,35,27,4,3,8,13,111
0042100136,1610612755,76ers,PHI,Philadelphia,Bench,38.000000:19,5,8,0.625,2,4,0.5,0,0,0.0,3,5,8,4,0,1,1,6,12
