GAME_ID,TEAM_ID,TEAM_NAME,TEAM_ABBREVIATION,TEAM_CITY,STARTERS_BENCH,MIN,FGM,FGA,FG_PCT,FG3M,FG3A,FG3_PCT,FTM,FTA,FT_PCT,OREB,DREB,REB,AST,STL,BLK,TO,PF,PTS
2022100301,1612709927,Herd,WIS,Wisconsin,Starters,155.000000:52,27,69,0.391,4,22,0.182,2,7,0.286,7,24,31,8,4,5,13,13,61
2022100301,1612709927,Herd,WIS,Wisconsin,Bench,57.000000:47,8,24,0.333,3,11,0.273,1,2,0.5,2,6,8,3,1,1,1,3,21
2022100301,1612709919,Knicks,WES,Westchester,Starters,150.000000:11,32,55,0.582,10,18,0.556,7,10,0.7,3,32,35,21,8,2,10,9,87
2022100301,1612709919,Knicks,WES,Westchester,Bench,89.000000:49,13,31,0.419,3,10,0.3,5,7,0.714,4,17,21,12,5,0,4,8,38
