GAME_ID,TEAM_ID,TEAM_NAME,TEAM_ABBREVIATION,TEAM_CITY,STARTERS_BENCH,MIN,FGM,FGA,FG_PCT,FG3M,FG3A,FG3_PCT,FTM,FTA,FT_PCT,OREB,DREB,REB,AST,STL,BLK,TO,PF,PTS
0022100908,1610612759,Spurs,SAS,San Antonio,Starters,134.000000:24,30,50,0.6,6,13,0.462,6,8,0.75,4,26,30,22,3,1,13,12,72
0022100908,1610612759,Spurs,SAS,San Antonio,Bench,50.000000:56,13,26,0.5,5,13,0.385,5,6,0.833,3,3,6,2,0,0,4,8,36
0022100908,1610612748,Heat,MIA,Miami,Starters,135.000000:31,28,48,0.583,6,11,0.545,22,29,0.759,0,14,14,18,5,3,7,14,84
0022100908,1610612748,Heat,MIA,Miami,Bench,104.000000:29,19,35,0.543,6,17,0.353,5,9,0.556,4,14,18,7,3,0,4,6,49
