GAME_ID,TEAM_ID,TEAM_NAME,TEAM_ABBREVIATION,TEAM_CITY,STARTERS_BENCH,MIN,FGM,FGA,FG_PCT,FG3M,FG3A,FG3_PCT,FTM,FTA,FT_PCT,OREB,DREB,REB,AST,STL,BLK,TO,PF,PTS
0022100128,1610612752,Knicks,NYK,New York,Starters,133.000000:46,24,60,0.4,7,27,0.259,13,17,0.765,10,18,28,9,2,2,9,7,68
0022100128,1610612752,Knicks,NYK,New York,Bench,106.000000:14,17,36,0.472,3,13,0.231,8,9,0.889,10,21,31,7,10,2,5,10,45
0022100128,1610612749,Bucks,MIL,Milwaukee,Starters,132.000000:22,20,43,0.465,11,25,0.44,11,15,0.733,4,15,19,13,4,2,6,11,62
0022100128,1610612749,Bucks,MIL,Milwaukee,Bench,39.000000:25,2,9,0.222,1,6,0.167,2,2,1.0,0,3,3,1,1,0,1,4,7
