GAME_ID,TEAM_ID,TEAM_NAME,TEAM_ABBREVIATION,TEAM_CITY,STARTERS_BENCH,MIN,FGM,FGA,FG_PCT,FG3M,FG3A,FG3_PCT,FTM,FTA,FT_PCT,OREB,DREB,REB,AST,STL,BLK,TO,PF,PTS
0022100619,1610612755,76ers,PHI,Philadelphia,Starters,157.000000:54,24,53,0.453,7,18,0.389,13,18,0.722,3,20,23,14,2,2,13,6,68
0022100619,1610612755,76ers,PHI,Philadelphia,Bench,82.000000:06,10,20,0.5,5,12,0.417,5,10,0.5,0,10,10,4,1,1,3,7,30
0022100619,1610612766,Hornets,CHA,Charlotte,Starters,179.000000:05,40,75,0.533,9,27,0.333,3,4,0.75,2,25,27,24,7,2,6,14,92
0022100619,1610612766,Hornets,CHA,Charlotte,Bench,60.000000:55,6,14,0.429,1,7,0.143,4,4,1.0,5,10,15,5,2,1,4,7,17
