GAME_ID,TEAM_ID,TEAM_NAME,TEAM_ABBREVIATION,TEAM_CITY,STARTERS_BENCH,MIN,FGM,FGA,FG_PCT,FG3M,FG3A,FG3_PCT,FTM,FTA,FT_PCT,OREB,DREB,REB,AST,STL,BLK,TO,PF,PTS
0022100050,1610612755,76ers,PHI,Philadelphia,Starters,147.000000:26,21,48,0.438,6,23,0.261,12,13,0.923,4,17,21,16,4,2,11,6,60
0022100050,1610612755,76ers,PHI,Philadelphia,Bench,92.000000:34,15,34,0.441,6,18,0.333,3,4,0.75,8,11,19,8,5,2,3,8,39
0022100050,1610612752,Knicks,NYK,New York,Starters,156.000000:54,27,56,0.482,13,26,0.5,3,4,0.75,8,21,29,18,3,2,7,11,70
0022100050,1610612752,Knicks,NYK,New York,Bench,83.000000:06,14,31,0.452,3,11,0.273,11,11,1.0,5,11,16,6,4,3,5,7,42
