GAME_ID,TEAM_ID,TEAM_NAME,TEAM_ABBREVIATION,TEAM_CITY,STARTERS_BENCH,MIN,FGM,FGA,FG_PCT,FG3M,FG3A,FG3_PCT,FTM,FTA,FT_PCT,OREB,DREB,REB,AST,STL,BLK,TO,PF,PTS
0022101087,1610612762,Jazz,UTA,Utah,Starters,148.000000:55,27,58,0.466,6,25,0.24,17,17,1.0,9,16,25,9,6,0,7,6,77
0022101087,1610612762,Jazz,UTA,Utah,Bench,76.000000:12,6,26,0.231,2,11,0.182,1,2,0.5,4,6,10,4,2,0,7,6,15
0022101087,1610612738,Celtics,BOS,Boston,Starters,143.000000:23,30,47,0.638,12,21,0.571,6,7,0.857,4,21,25,26,3,8,11,9,78
0022101087,1610612738,Celtics,BOS,Boston,Bench,84.000000:55,18,33,0.545,7,15,0.467,0,0,0.0,4,9,13,11,4,1,0,7,43
