GAME_ID,TEAM_ID,TEAM_NAME,TEAM_ABBREVIATION,TEAM_CITY,STARTERS_BENCH,MIN,FGM,FGA,FG_PCT,FG3M,FG3A,FG3_PCT,FTM,FTA,FT_PCT,OREB,DREB,REB,AST,STL,BLK,TO,PF,PTS
0022100920,1610612750,Timberwolves,MIN,Minnesota,Starters,157.000000:38,29,55,0.527,9,23,0.391,11,14,0.786,5,18,23,18,7,6,10,21,78
0022100920,1610612750,Timberwolves,MIN,Minnesota,Bench,82.000000:22,18,31,0.581,9,19,0.474,4,5,0.8,3,5,8,12,5,0,3,10,49
0022100920,1610612739,Cavaliers,CLE,Cleveland,Starters,166.000000:10,25,47,0.532,5,17,0.294,14,17,0.824,8,23,31,19,3,3,13,12,69
0022100920,1610612739,Cavaliers,CLE,Cleveland,Bench,73.000000:50,14,27,0.519,10,20,0.5,15,17,0.882,2,5,7,10,2,0,7,5,53
