GAME_ID,TEAM_ID,TEAM_NAME,TEAM_ABBREVIATION,TEAM_CITY,STARTERS_BENCH,MIN,FGM,FGA,FG_PCT,FG3M,FG3A,FG3_PCT,FTM,FTA,FT_PCT,OREB,DREB,REB,AST,STL,BLK,TO,PF,PTS
0022100903,1610612762,Jazz,UTA,Utah,Starters,164.000000:55,32,57,0.561,13,30,0.433,12,15,0.8,6,25,31,17,5,3,13,8,89
0022100903,1610612762,Jazz,UTA,Utah,Bench,60.000000:38,8,17,0.471,3,8,0.375,4,5,0.8,1,4,5,4,4,0,4,4,23
0022100903,1610612742,Mavericks,DAL,Dallas,Starters,159.000000:04,27,60,0.45,8,21,0.381,7,7,1.0,7,13,20,16,5,0,9,15,69
0022100903,1610612742,Mavericks,DAL,Dallas,Bench,80.000000:56,15,28,0.536,9,18,0.5,1,1,1.0,1,9,10,6,4,3,2,6,40
