GAME_ID,TEAM_ID,TEAM_NAME,TEAM_ABBREVIATION,TEAM_CITY,STARTERS_BENCH,MIN,FGM,FGA,FG_PCT,FG3M,FG3A,FG3_PCT,FTM,FTA,FT_PCT,OREB,DREB,REB,AST,STL,BLK,TO,PF,PTS
0022100999,1610612745,Rockets,HOU,Houston,Starters,123.000000:47,20,46,0.435,3,17,0.176,6,9,0.667,2,16,18,14,4,1,7,15,49
0022100999,1610612745,Rockets,HOU,Houston,Bench,116.000000:13,21,40,0.525,3,13,0.231,6,10,0.6,3,18,21,15,5,2,4,8,51
0022100999,1610612742,Mavericks,DAL,Dallas,Starters,172.000000:35,31,62,0.5,9,25,0.36,19,24,0.792,10,27,37,18,6,8,9,13,90
0022100999,1610612742,Mavericks,DAL,Dallas,Bench,63.000000:07,9,25,0.36,2,10,0.2,3,4,0.75,1,7,8,2,0,0,4,5,23
