GAME_ID,TEAM_ID,TEAM_NAME,TEAM_ABBREVIATION,TEAM_CITY,STARTERS_BENCH,MIN,FGM,FGA,FG_PCT,FG3M,FG3A,FG3_PCT,FTM,FTA,FT_PCT,OREB,DREB,REB,AST,STL,BLK,TO,PF,PTS
0022100498,1610612759,Spurs,SAS,San Antonio,Starters,99.000000:11,26,37,0.703,7,9,0.778,12,15,0.8,3,18,21,18,1,0,7,11,71
0022100498,1610612759,Spurs,SAS,San Antonio,Bench,124.000000:05,18,45,0.4,5,17,0.294,14,18,0.778,3,23,26,18,5,4,9,14,55
0022100498,1610612765,Pistons,DET,Detroit,Starters,166.000000:04,32,73,0.438,6,20,0.3,18,26,0.692,7,16,23,13,6,3,12,17,88
0022100498,1610612765,Pistons,DET,Detroit,Bench,73.000000:56,6,25,0.24,2,12,0.167,7,8,0.875,7,12,19,3,4,2,2,13,21
