GAME_ID,TEAM_ID,TEAM_NAME,TEAM_ABBREVIATION,TEAM_CITY,STARTERS_BENCH,MIN,FGM,FGA,FG_PCT,FG3M,FG3A,FG3_PCT,FTM,FTA,FT_PCT,OREB,DREB,REB,AST,STL,BLK,TO,PF,PTS
2022100218,1612709903,Stars,SLC,Salt Lake City,Starters,196.000000:30,36,73,0.493,11,29,0.379,14,14,1.0,3,24,27,25,4,3,15,9,105
2022100218,1612709903,Stars,SLC,Salt Lake City,Bench,53.000000:30,5,11,0.455,0,3,0.0,1,2,0.5,2,6,8,1,0,2,1,2,12
2022100218,1612709905,Lakers,SBL,South Bay,Starters,167.000000:31,41,80,0.512,7,22,0.318,5,5,1.0,9,17,26,23,8,3,9,16,97
2022100218,1612709905,Lakers,SBL,South Bay,Bench,47.000000:00,4,12,0.333,0,0,0.0,0,1,0.0,8,10,18,4,1,1,5,4,8
