GAME_ID,TEAM_ID,TEAM_NAME,TEAM_ABBREVIATION,TEAM_CITY,STARTERS_BENCH,MIN,FGM,FGA,FG_PCT,FG3M,FG3A,FG3_PCT,FTM,FTA,FT_PCT,OREB,DREB,REB,AST,STL,BLK,TO,PF,PTS
2022100489,1612709917,Gold,GRG,Grand Rapids,Starters,171.000000:45,32,64,0.5,13,24,0.542,3,8,0.375,7,30,37,19,3,0,9,16,82
2022100489,1612709917,Gold,GRG,Grand Rapids,Bench,33.000000:28,8,15,0.533,2,5,0.4,1,6,0.167,2,2,4,2,0,3,1,4,19
2022100489,1612709929,Skyhawks,CPS,College Park,Starters,173.000000:20,36,74,0.486,9,24,0.375,10,11,0.909,6,28,34,19,5,3,6,15,97
2022100489,1612709929,Skyhawks,CPS,College Park,Bench,66.000000:40,7,22,0.318,2,9,0.222,3,5,0.6,4,11,15,2,2,1,2,7,21
