GAME_ID,TEAM_ID,TEAM_NAME,TEAM_ABBREVIATION,TEAM_CITY,STARTERS_BENCH,MIN,FGM,FGA,FG_PCT,FG3M,FG3A,FG3_PCT,FTM,FTA,FT_PCT,OREB,DREB,REB,AST,STL,BLK,TO,PF,PTS
0022101049,1610612743,Nuggets,DEN,Denver,Starters,163.000000:28,31,62,0.5,2,16,0.125,10,13,0.769,8,23,31,21,2,3,15,14,74
0022101049,1610612743,Nuggets,DEN,Denver,Bench,101.000000:32,15,30,0.5,8,17,0.471,4,5,0.8,5,15,20,14,4,0,3,10,42
0022101049,1610612739,Cavaliers,CLE,Cleveland,Starters,184.000000:16,37,75,0.493,8,22,0.364,13,18,0.722,11,20,31,22,9,3,6,9,95
0022101049,1610612739,Cavaliers,CLE,Cleveland,Bench,80.000000:44,7,23,0.304,6,15,0.4,4,8,0.5,4,11,15,9,2,1,5,8,24
