GAME_ID,TEAM_ID,TEAM_NAME,TEAM_ABBREVIATION,TEAM_CITY,STARTERS_BENCH,MIN,FGM,FGA,FG_PCT,FG3M,FG3A,FG3_PCT,FTM,FTA,FT_PCT,OREB,DREB,REB,AST,STL,BLK,TO,PF,PTS
0022100186,1610612755,76ers,PHI,Philadelphia,Starters,163.000000:29,31,65,0.477,10,15,0.667,20,24,0.833,16,21,37,13,5,1,10,14,92
0022100186,1610612755,76ers,PHI,Philadelphia,Bench,76.000000:31,7,24,0.292,2,8,0.25,5,5,1.0,2,7,9,3,6,1,4,8,21
0022100186,1610612754,Pacers,IND,Indiana,Starters,153.000000:44,28,52,0.538,7,16,0.438,7,11,0.636,6,25,31,21,4,7,11,11,70
0022100186,1610612754,Pacers,IND,Indiana,Bench,86.000000:16,19,30,0.633,7,12,0.583,3,4,0.75,1,5,6,12,3,3,4,10,48
