GAME_ID,TEAM_ID,TEAM_NAME,TEAM_ABBREVIATION,TEAM_CITY,STARTERS_BENCH,MIN,FGM,FGA,FG_PCT,FG3M,FG3A,FG3_PCT,FTM,FTA,FT_PCT,OREB,DREB,REB,AST,STL,BLK,TO,PF,PTS
0022100693,1610612762,Jazz,UTA,Utah,Starters,157.000000:11,23,50,0.46,6,23,0.261,24,28,0.857,6,25,31,13,3,4,5,14,76
0022100693,1610612762,Jazz,UTA,Utah,Bench,64.000000:52,10,25,0.4,4,8,0.5,3,3,1.0,1,10,11,5,0,2,5,6,27
0022100693,1610612765,Pistons,DET,Detroit,Starters,151.000000:00,25,59,0.424,5,18,0.278,7,8,0.875,6,15,21,15,6,3,3,15,62
0022100693,1610612765,Pistons,DET,Detroit,Bench,88.000000:60,13,28,0.464,8,14,0.571,5,8,0.625,3,16,19,7,0,1,7,9,39
