GAME_ID,TEAM_ID,TEAM_NAME,TEAM_ABBREVIATION,TEAM_CITY,STARTERS_BENCH,MIN,FGM,FGA,FG_PCT,FG3M,FG3A,FG3_PCT,FTM,FTA,FT_PCT,OREB,DREB,REB,AST,STL,BLK,TO,PF,PTS
0022100536,1610612760,Thunder,OKC,Oklahoma City,Starters,126.000000:34,20,50,0.4,7,20,0.35,5,7,0.714,1,23,24,7,4,2,7,8,52
0022100536,1610612760,Thunder,OKC,Oklahoma City,Bench,85.000000:54,13,32,0.406,9,21,0.429,0,0,0.0,3,15,18,10,2,1,1,8,35
0022100536,1610612752,Knicks,NYK,New York,Starters,132.000000:59,19,46,0.413,3,20,0.15,9,19,0.474,3,26,29,8,4,1,8,7,50
0022100536,1610612752,Knicks,NYK,New York,Bench,107.000000:01,11,35,0.314,5,21,0.238,3,3,1.0,2,17,19,4,2,2,2,5,30
