GAME_ID,TEAM_ID,TEAM_NAME,TEAM_ABBREVIATION,TEAM_CITY,STARTERS_BENCH,MIN,FGM,FGA,FG_PCT,FG3M,FG3A,FG3_PCT,FTM,FTA,FT_PCT,OREB,DREB,REB,AST,STL,BLK,TO,PF,PTS
2022100401,1612709919,Knicks,WES,Westchester,Starters,158.000000:51,30,56,0.536,5,20,0.25,8,10,0.8,1,19,20,13,4,3,7,10,77
2022100401,1612709919,Knicks,WES,Westchester,Bench,81.000000:09,13,25,0.52,3,10,0.3,7,7,1.0,1,9,10,9,2,1,6,9,41
2022100401,1612709921,Nets,LIN,Long Island,Starters,171.000000:45,33,80,0.412,8,26,0.308,9,9,1.0,25,26,51,14,8,4,12,16,88
2022100401,1612709921,Nets,LIN,Long Island,Bench,68.000000:15,8,25,0.32,1,12,0.083,5,5,1.0,3,9,12,5,1,0,2,6,26
