GAME_ID,TEAM_ID,TEAM_NAME,TEAM_ABBREVIATION,TEAM_CITY,STARTERS_BENCH,MIN,FGM,FGA,FG_PCT,FG3M,FG3A,FG3_PCT,FTM,FTA,FT_PCT,OREB,DREB,REB,AST,STL,BLK,TO,PF,PTS
2022100397,1612709917,Gold,GRG,Grand Rapids,Starters,186.000000:31,37,71,0.521,13,27,0.481,14,19,0.737,5,30,35,26,7,4,9,8,103
2022100397,1612709917,Gold,GRG,Grand Rapids,Bench,28.000000:47,2,5,0.4,0,3,0.0,1,1,1.0,1,4,5,5,2,1,5,1,6
2022100397,1612709922,Swarm,GBO,Greensboro,Starters,150.000000:35,23,53,0.434,7,22,0.318,3,3,1.0,4,20,24,8,5,2,8,12,58
2022100397,1612709922,Swarm,GBO,Greensboro,Bench,78.000000:19,16,34,0.471,4,12,0.333,4,5,0.8,3,11,14,14,2,1,4,9,44
