GAME_ID,TEAM_ID,TEAM_NAME,TEAM_ABBREVIATION,TEAM_CITY,STARTERS_BENCH,MIN,FGM,FGA,FG_PCT,FG3M,FG3A,FG3_PCT,FTM,FTA,FT_PCT,OREB,DREB,REB,AST,STL,BLK,TO,PF,PTS
2022100136,1612709902,Warriors,SCW,Santa Cruz,Starters,145.000000:55,28,64,0.438,6,27,0.222,5,7,0.714,7,24,31,19,6,0,11,10,69
2022100136,1612709902,Warriors,SCW,Santa Cruz,Bench,66.000000:16,5,17,0.294,4,14,0.286,1,1,1.0,0,8,8,6,3,1,1,2,16
2022100136,1612709924,Clippers,ACC,Agua Caliente,Starters,148.000000:31,32,67,0.478,6,22,0.273,5,7,0.714,2,28,30,14,5,6,12,12,79
2022100136,1612709924,Clippers,ACC,Agua Caliente,Bench,91.000000:29,12,25,0.48,5,11,0.455,4,5,0.8,9,18,27,13,3,2,4,6,36
