GAME_ID,TEAM_ID,TEAM_NAME,TEAM_ABBREVIATION,TEAM_CITY,STARTERS_BENCH,MIN,FGM,FGA,FG_PCT,FG3M,FG3A,FG3_PCT,FTM,FTA,FT_PCT,OREB,DREB,REB,AST,STL,BLK,TO,PF,PTS
0022100730,1610612760,Thunder,OKC,Oklahoma City,Starters,138.000000:13,24,52,0.462,10,24,0.417,15,20,0.75,6,16,22,21,5,3,9,9,73
0022100730,1610612760,Thunder,OKC,Oklahoma City,Bench,101.000000:47,14,40,0.35,6,21,0.286,3,4,0.75,4,18,22,5,4,2,2,6,37
0022100730,1610612741,Bulls,CHI,Chicago,Starters,164.000000:15,32,63,0.508,13,27,0.481,11,14,0.786,5,27,32,22,6,7,11,12,88
0022100730,1610612741,Bulls,CHI,Chicago,Bench,64.000000:55,8,24,0.333,2,12,0.167,3,5,0.6,5,10,15,9,1,2,4,7,21
