GAME_ID,TEAM_ID,TEAM_NAME,TEAM_ABBREVIATION,TEAM_CITY,STARTERS_BENCH,MIN,FGM,FGA,FG_PCT,FG3M,FG3A,FG3_PCT,FTM,FTA,FT_PCT,OREB,DREB,REB,AST,STL,BLK,TO,PF,PTS
0022100172,1610612762,Jazz,UTA,Utah,Starters,154.000000:00,24,51,0.471,5,17,0.294,10,16,0.625,2,20,22,13,6,2,9,11,63
0022100172,1610612762,Jazz,UTA,Utah,Bench,69.000000:50,11,25,0.44,4,15,0.267,3,3,1.0,1,7,8,9,0,1,3,4,29
0022100172,1610612754,Pacers,IND,Indiana,Starters,157.000000:58,24,60,0.4,8,22,0.364,10,15,0.667,8,26,34,10,4,4,6,14,66
0022100172,1610612754,Pacers,IND,Indiana,Bench,56.000000:57,16,28,0.571,3,5,0.6,2,2,1.0,6,8,14,7,3,0,2,9,37
