GAME_ID,TEAM_ID,TEAM_NAME,TEAM_ABBREVIATION,TEAM_CITY,STARTERS_BENCH,MIN,FGM,FGA,FG_PCT,FG3M,FG3A,FG3_PCT,FTM,FTA,FT_PCT,OREB,DREB,REB,AST,STL,BLK,TO,PF,PTS
0012100003,1610612753,Magic,ORL,Orlando,Starters,106.000000:03,13,38,0.342,6,19,0.316,5,8,0.625,3,15,18,9,3,5,7,13,37
0012100003,1610612753,Magic,ORL,Orlando,Bench,128.000000:03,23,50,0.46,11,22,0.5,3,6,0.5,7,24,31,15,4,4,8,9,60
0012100003,1610612738,Celtics,BOS,Boston,Starters,112.000000:01,17,47,0.362,5,20,0.25,15,17,0.882,7,18,25,9,4,4,8,6,54
0012100003,1610612738,Celtics,BOS,Boston,Bench,127.000000:59,15,44,0.341,9,20,0.45,5,6,0.833,6,20,26,10,5,2,8,8,44
