GAME_ID,TEAM_ID,TEAM_NAME,TEAM_ABBREVIATION,TEAM_CITY,STARTERS_BENCH,MIN,FGM,FGA,FG_PCT,FG3M,FG3A,FG3_PCT,FTM,FTA,FT_PCT,OREB,DREB,REB,AST,STL,BLK,TO,PF,PTS
0022100946,1610612754,Pacers,IND,Indiana,Starters,166.000000:28,25,66,0.379,5,24,0.208,17,24,0.708,16,22,38,22,3,7,11,11,72
0022100946,1610612754,Pacers,IND,Indiana,Bench,57.000000:11,11,28,0.393,5,16,0.313,1,2,0.5,3,10,13,1,1,2,1,2,28
0022100946,1610612765,Pistons,DET,Detroit,Starters,149.000000:44,24,55,0.436,9,17,0.529,11,15,0.733,11,18,29,16,3,5,9,10,68
0022100946,1610612765,Pistons,DET,Detroit,Bench,90.000000:16,18,39,0.462,6,13,0.462,1,3,0.333,8,15,23,12,2,4,4,12,43
