GAME_ID,TEAM_ID,TEAM_NAME,TEAM_ABBREVIATION,TEAM_CITY,STARTERS_BENCH,MIN,FGM,FGA,FG_PCT,FG3M,FG3A,FG3_PCT,FTM,FTA,FT_PCT,OREB,DREB,REB,AST,STL,BLK,TO,PF,PTS
0022100810,1610612761,Raptors,TOR,Toronto,Starters,183.000000:15,37,73,0.507,15,33,0.455,14,21,0.667,8,28,36,20,7,3,15,16,103
0022100810,1610612761,Raptors,TOR,Toronto,Bench,41.000000:20,3,8,0.375,0,1,0.0,2,4,0.5,4,7,11,0,1,2,1,4,8
0022100810,1610612766,Hornets,CHA,Charlotte,Starters,161.000000:46,25,61,0.41,8,26,0.308,11,12,0.917,6,17,23,24,9,2,12,13,69
0022100810,1610612766,Hornets,CHA,Charlotte,Bench,78.000000:14,14,34,0.412,1,14,0.071,3,4,0.75,3,12,15,4,2,2,1,6,32
