GAME_ID,TEAM_ID,TEAM_NAME,TEAM_ABBREVIATION,TEAM_CITY,STARTERS_BENCH,MIN,FGM,FGA,FG_PCT,FG3M,FG3A,FG3_PCT,FTM,FTA,FT_PCT,OREB,DREB,REB,AST,STL,BLK,TO,PF,PTS
0022101001,1610612740,Pelicans,NOP,New Orleans,Starters,156.000000:40,23,52,0.442,7,22,0.318,15,17,0.882,5,18,23,25,8,1,10,9,68
0022101001,1610612740,Pelicans,NOP,New Orleans,Bench,61.000000:36,18,27,0.667,7,13,0.538,4,6,0.667,6,9,15,3,1,1,4,9,47
0022101001,1610612766,Hornets,CHA,Charlotte,Starters,138.000000:41,30,53,0.566,15,32,0.469,8,10,0.8,3,17,20,34,8,1,8,12,83
0022101001,1610612766,Hornets,CHA,Charlotte,Bench,101.000000:19,22,34,0.647,7,15,0.467,8,10,0.8,3,15,18,7,3,0,6,11,59
