GAME_ID,TEAM_ID,TEAM_NAME,TEAM_ABBREVIATION,TEAM_CITY,STARTERS_BENCH,MIN,FGM,FGA,FG_PCT,FG3M,FG3A,FG3_PCT,FTM,FTA,FT_PCT,OREB,DREB,REB,AST,STL,BLK,TO,PF,PTS
0022100285,1610612763,Grizzlies,MEM,Memphis,Starters,92.000000:45,14,44,0.318,2,13,0.154,9,9,1.0,6,9,15,5,3,3,4,11,39
0022100285,1610612763,Grizzlies,MEM,Memphis,Bench,99.000000:24,20,29,0.69,8,14,0.571,4,8,0.5,1,12,13,16,2,3,5,6,52
0022100285,1610612737,Hawks,ATL,Atlanta,Starters,131.000000:25,37,52,0.712,7,11,0.636,9,14,0.643,6,28,34,22,2,4,6,8,90
0022100285,1610612737,Hawks,ATL,Atlanta,Bench,108.000000:35,15,37,0.405,6,16,0.375,6,7,0.857,3,12,15,11,6,1,6,7,42
