GAME_ID,TEAM_ID,TEAM_NAME,TEAM_ABBREVIATION,TEAM_CITY,STARTERS_BENCH,MIN,FGM,FGA,FG_PCT,FG3M,FG3A,FG3_PCT,FTM,FTA,FT_PCT,OREB,DREB,REB,AST,STL,BLK,TO,PF,PTS
0022100139,1610612761,Raptors,TOR,Toronto,Starters,170.000000:55,29,63,0.46,5,23,0.217,11,13,0.846,4,20,24,18,7,4,5,11,74
0022100139,1610612761,Raptors,TOR,Toronto,Bench,69.000000:05,12,24,0.5,2,7,0.286,3,5,0.6,4,7,11,5,3,2,3,5,29
0022100139,1610612751,Nets,BKN,Brooklyn,Starters,168.000000:17,36,67,0.537,13,31,0.419,11,14,0.786,12,24,36,22,2,0,10,9,96
0022100139,1610612751,Nets,BKN,Brooklyn,Bench,68.000000:08,5,13,0.385,4,7,0.571,6,6,1.0,0,12,12,7,1,0,5,6,20
