GAME_ID,TEAM_ID,TEAM_NAME,TEAM_ABBREVIATION,TEAM_CITY,STARTERS_BENCH,MIN,FGM,FGA,FG_PCT,FG3M,FG3A,FG3_PCT,FTM,FTA,FT_PCT,OREB,DREB,REB,AST,STL,BLK,TO,PF,PTS
2022100298,1612709910,Mad Ants,FWN,Fort Wayne,Starters,160.000000:49,32,81,0.395,5,21,0.238,11,14,0.786,12,23,35,14,9,4,14,8,88
2022100298,1612709910,Mad Ants,FWN,Fort Wayne,Bench,79.000000:11,7,28,0.25,1,9,0.111,3,4,0.75,4,14,18,7,4,2,5,5,20
2022100298,1612709909,Blue Coats,DEL,Delaware,Starters,128.000000:57,27,54,0.5,9,25,0.36,7,8,0.875,5,22,27,18,7,13,12,13,75
2022100298,1612709909,Blue Coats,DEL,Delaware,Bench,111.000000:03,23,43,0.535,8,20,0.4,1,2,0.5,3,23,26,21,4,4,9,8,56
