GAME_ID,TEAM_ID,TEAM_NAME,TEAM_ABBREVIATION,TEAM_CITY,STARTERS_BENCH,MIN,FGM,FGA,FG_PCT,FG3M,FG3A,FG3_PCT,FTM,FTA,FT_PCT,OREB,DREB,REB,AST,STL,BLK,TO,PF,PTS
2022100255,1612709920,905,RAP,Raptors,Starters,160.000000:04,22,65,0.338,7,28,0.25,16,19,0.842,15,33,48,19,7,3,11,19,74
2022100255,1612709920,905,RAP,Raptors,Bench,79.000000:56,14,28,0.5,3,9,0.333,2,3,0.667,5,10,15,3,2,1,10,10,35
2022100255,1612709909,Blue Coats,DEL,Delaware,Starters,140.000000:36,23,61,0.377,8,28,0.286,8,12,0.667,8,16,24,12,4,3,8,15,66
2022100255,1612709909,Blue Coats,DEL,Delaware,Bench,99.000000:24,13,31,0.419,4,11,0.364,6,8,0.75,5,14,19,9,4,5,8,7,38
