GAME_ID,TEAM_ID,TEAM_NAME,TEAM_ABBREVIATION,TEAM_CITY,STARTERS_BENCH,MIN,FGM,FGA,FG_PCT,FG3M,FG3A,FG3_PCT,FTM,FTA,FT_PCT,OREB,DREB,REB,AST,STL,BLK,TO,PF,PTS
0022100237,1610612756,Suns,PHX,Phoenix,Starters,156.000000:48,27,54,0.5,9,19,0.474,6,6,1.0,4,27,31,21,6,3,11,14,69
0022100237,1610612756,Suns,PHX,Phoenix,Bench,83.000000:12,17,31,0.548,5,10,0.5,4,8,0.5,6,16,22,7,1,1,6,8,43
0022100237,1610612742,Mavericks,DAL,Dallas,Starters,152.000000:30,27,63,0.429,9,26,0.346,10,13,0.769,8,19,27,16,5,1,5,8,73
0022100237,1610612742,Mavericks,DAL,Dallas,Bench,60.000000:35,7,17,0.412,2,9,0.222,3,4,0.75,1,6,7,3,7,0,3,5,19
