GAME_ID,TEAM_ID,TEAM_NAME,TEAM_ABBREVIATION,TEAM_CITY,STARTERS_BENCH,MIN,FGM,FGA,FG_PCT,FG3M,FG3A,FG3_PCT,FTM,FTA,FT_PCT,OREB,DREB,REB,AST,STL,BLK,TO,PF,PTS
0022100065,1610612755,76ers,PHI,Philadelphia,Starters,159.000000:08,25,52,0.481,6,17,0.353,19,21,0.905,6,30,36,11,3,6,11,9,75
0022100065,1610612755,76ers,PHI,Philadelphia,Bench,80.000000:52,13,24,0.542,6,10,0.6,3,3,1.0,0,10,10,11,4,3,9,14,35
0022100065,1610612765,Pistons,DET,Detroit,Starters,144.000000:54,20,53,0.377,7,23,0.304,6,11,0.545,7,16,23,14,6,3,6,9,53
0022100065,1610612765,Pistons,DET,Detroit,Bench,95.000000:06,15,33,0.455,6,16,0.375,13,16,0.813,3,11,14,8,5,1,6,13,49
