GAME_ID,TEAM_ID,TEAM_NAME,TEAM_ABBREVIATION,TEAM_CITY,STARTERS_BENCH,MIN,FGM,FGA,FG_PCT,FG3M,FG3A,FG3_PCT,FTM,FTA,FT_PCT,OREB,DREB,REB,AST,STL,BLK,TO,PF,PTS
0022101139,1610612748,Heat,MIA,Miami,Starters,164.000000:58,28,56,0.5,10,24,0.417,14,19,0.737,4,22,26,22,7,3,8,11,80
0022101139,1610612748,Heat,MIA,Miami,Bench,75.000000:02,10,23,0.435,3,10,0.3,3,6,0.5,0,16,16,5,2,3,7,12,26
0022101139,1610612738,Celtics,BOS,Boston,Starters,171.000000:21,25,67,0.373,8,29,0.276,13,17,0.765,8,30,38,24,7,1,15,18,71
0022101139,1610612738,Celtics,BOS,Boston,Bench,68.000000:39,10,18,0.556,3,8,0.375,4,6,0.667,0,6,6,3,2,0,2,4,27
