GAME_ID,TEAM_ID,TEAM_NAME,TEAM_ABBREVIATION,TEAM_CITY,STARTERS_BENCH,MIN,FGM,FGA,FG_PCT,FG3M,FG3A,FG3_PCT,FTM,FTA,FT_PCT,OREB,DREB,REB,AST,STL,BLK,TO,PF,PTS
0022100390,1610612756,Suns,PHX,Phoenix,Starters,147.000000:48,28,55,0.509,8,18,0.444,7,7,1.0,11,21,32,18,2,6,5,12,71
0022100390,1610612756,Suns,PHX,Phoenix,Bench,64.000000:34,12,29,0.414,5,12,0.417,4,4,1.0,1,11,12,6,1,1,5,4,33
0022100390,1610612738,Celtics,BOS,Boston,Starters,149.000000:08,24,66,0.364,1,18,0.056,13,19,0.684,5,16,21,10,3,4,7,9,62
0022100390,1610612738,Celtics,BOS,Boston,Bench,77.000000:33,10,23,0.435,3,6,0.5,3,4,0.75,9,12,21,3,2,1,3,6,26
