GAME_ID,TEAM_ID,TEAM_NAME,TEAM_ABBREVIATION,TEAM_CITY,STARTERS_BENCH,MIN,FGM,FGA,FG_PCT,FG3M,FG3A,FG3_PCT,FTM,FTA,FT_PCT,OREB,DREB,REB,AST,STL,BLK,TO,PF,PTS
2052100131,1612709908,Vipers,RGV,Rio Grande Valley,Starters,146.000000:07,22,62,0.355,11,28,0.393,2,4,0.5,14,19,33,11,8,6,12,7,58
2052100131,1612709908,Vipers,RGV,Rio Grande Valley,Bench,40.000000:56,8,22,0.364,3,12,0.25,4,5,0.8,3,6,9,2,0,1,4,6,25
2052100131,1612709926,Hustle,MHU,Memphis,Starters,174.000000:47,30,63,0.476,10,23,0.435,6,7,0.857,10,30,40,15,8,10,17,12,79
2052100131,1612709926,Hustle,MHU,Memphis,Bench,65.000000:13,13,26,0.5,4,11,0.364,4,4,1.0,3,10,13,9,5,4,4,5,37
