GAME_ID,TEAM_ID,TEAM_NAME,TEAM_ABBREVIATION,TEAM_CITY,STARTERS_BENCH,MIN,FGM,FGA,FG_PCT,FG3M,FG3A,FG3_PCT,FTM,FTA,FT_PCT,OREB,DREB,REB,AST,STL,BLK,TO,PF,PTS
0022100807,1610612742,Mavericks,DAL,Dallas,Starters,174.000000:37,31,65,0.477,14,29,0.483,9,11,0.818,8,27,35,23,5,3,8,16,85
0022100807,1610612742,Mavericks,DAL,Dallas,Bench,65.000000:23,7,23,0.304,2,7,0.286,2,2,1.0,4,9,13,2,3,2,6,9,18
0022100807,1610612737,Hawks,ATL,Atlanta,Starters,158.000000:46,28,71,0.394,3,18,0.167,13,14,0.929,10,26,36,16,2,1,10,11,72
0022100807,1610612737,Hawks,ATL,Atlanta,Bench,81.000000:14,9,24,0.375,2,7,0.286,2,2,1.0,5,9,14,5,5,3,2,7,22
