GAME_ID,TEAM_ID,TEAM_NAME,TEAM_ABBREVIATION,TEAM_CITY,STARTERS_BENCH,MIN,FGM,FGA,FG_PCT,FG3M,FG3A,FG3_PCT,FTM,FTA,FT_PCT,OREB,DREB,REB,AST,STL,BLK,TO,PF,PTS
0022100200,1610612758,Kings,SAC,Sacramento,Starters,159.000000:24,36,63,0.571,7,16,0.438,7,9,0.778,7,26,33,21,8,2,9,10,86
0022100200,1610612758,Kings,SAC,Sacramento,Bench,65.000000:17,15,31,0.484,9,17,0.529,0,0,0.0,3,3,6,10,3,2,4,6,39
0022100200,1610612765,Pistons,DET,Detroit,Starters,140.000000:53,26,63,0.413,10,30,0.333,6,7,0.857,11,22,33,16,5,1,10,6,68
0022100200,1610612765,Pistons,DET,Detroit,Bench,99.000000:07,13,33,0.394,3,17,0.176,10,10,1.0,5,9,14,7,2,1,7,4,39
