GAME_ID,TEAM_ID,TEAM_NAME,TEAM_ABBREVIATION,TEAM_CITY,STARTERS_BENCH,MIN,FGM,FGA,FG_PCT,FG3M,FG3A,FG3_PCT,FTM,FTA,FT_PCT,OREB,DREB,REB,AST,STL,BLK,TO,PF,PTS
2022100109,1612709917,Gold,GRG,Grand Rapids,Starters,141.000000:40,18,46,0.391,6,26,0.231,5,7,0.714,13,24,37,15,4,3,13,15,53
2022100109,1612709917,Gold,GRG,Grand Rapids,Bench,98.000000:20,20,43,0.465,6,19,0.316,8,8,1.0,4,15,19,10,3,2,13,7,58
2022100109,1612709909,Blue Coats,DEL,Delaware,Starters,174.000000:04,37,75,0.493,14,32,0.438,11,15,0.733,3,22,25,22,13,6,7,14,105
2022100109,1612709909,Blue Coats,DEL,Delaware,Bench,47.000000:51,3,11,0.273,2,5,0.4,2,3,0.667,2,5,7,8,2,0,4,10,10
