GAME_ID,TEAM_ID,TEAM_NAME,TEAM_ABBREVIATION,TEAM_CITY,STARTERS_BENCH,MIN,FGM,FGA,FG_PCT,FG3M,FG3A,FG3_PCT,FTM,FTA,FT_PCT,OREB,DREB,REB,AST,STL,BLK,TO,PF,PTS
2072100008,1612709930,Ignite,GLI,G League,Starters,164.000000:38,30,66,0.455,8,23,0.348,3,5,0.6,4,19,23,19,8,3,16,15,73
2072100008,1612709930,Ignite,GLI,G League,Bench,75.000000:22,7,22,0.318,4,13,0.308,2,3,0.667,1,8,9,8,9,1,4,5,22
2072100008,1612709909,Blue Coats,DEL,Delaware,Starters,133.000000:36,29,54,0.537,12,21,0.571,6,7,0.857,5,24,29,18,8,3,11,11,78
2072100008,1612709909,Blue Coats,DEL,Delaware,Bench,90.000000:50,19,31,0.613,2,7,0.286,7,8,0.875,5,14,19,7,7,8,12,6,53
