GAME_ID,TEAM_ID,TEAM_NAME,TEAM_ABBREVIATION,TEAM_CITY,STARTERS_BENCH,MIN,FGM,FGA,FG_PCT,FG3M,FG3A,FG3_PCT,FTM,FTA,FT_PCT,OREB,DREB,REB,AST,STL,BLK,TO,PF,PTS
2022100248,1612709927,Herd,WIS,Wisconsin,Starters,145.000000:13,30,56,0.536,6,18,0.333,4,8,0.5,8,18,26,21,8,4,8,10,73
2022100248,1612709927,Herd,WIS,Wisconsin,Bench,70.000000:26,13,38,0.342,6,22,0.273,3,4,0.75,5,15,20,7,3,1,3,4,36
2022100248,1612709915,Celtics,MNE,Maine,Starters,217.000000:50,41,83,0.494,16,44,0.364,9,14,0.643,8,35,43,35,7,6,15,16,112
2022100248,1612709915,Celtics,MNE,Maine,Bench,22.000000:10,3,7,0.429,1,5,0.2,1,1,1.0,0,5,5,2,1,0,1,2,9
