GAME_ID,TEAM_ID,TEAM_NAME,TEAM_ABBREVIATION,TEAM_CITY,STARTERS_BENCH,MIN,FGM,FGA,FG_PCT,FG3M,FG3A,FG3_PCT,FTM,FTA,FT_PCT,OREB,DREB,REB,AST,STL,BLK,TO,PF,PTS
0022100568,1610612755,76ers,PHI,Philadelphia,Starters,182.000000:39,35,71,0.493,10,24,0.417,13,17,0.765,3,23,26,21,6,3,15,11,93
0022100568,1610612755,76ers,PHI,Philadelphia,Bench,57.000000:21,8,14,0.571,2,4,0.5,5,7,0.714,7,9,16,5,2,1,0,5,23
0022100568,1610612753,Magic,ORL,Orlando,Starters,141.000000:42,30,59,0.508,8,24,0.333,14,20,0.7,10,21,31,13,4,2,13,19,82
0022100568,1610612753,Magic,ORL,Orlando,Bench,98.000000:18,10,31,0.323,4,15,0.267,0,0,0.0,4,12,16,9,5,1,6,11,24
