GAME_ID,TEAM_ID,TEAM_NAME,TEAM_ABBREVIATION,TEAM_CITY,STARTERS_BENCH,MIN,FGM,FGA,FG_PCT,FG3M,FG3A,FG3_PCT,FTM,FTA,FT_PCT,OREB,DREB,REB,AST,STL,BLK,TO,PF,PTS
0022101101,1610612764,Wizards,WAS,Washington,Starters,152.000000:15,23,56,0.411,5,21,0.238,11,13,0.846,5,17,22,12,6,4,7,8,62
0022101101,1610612764,Wizards,WAS,Washington,Bench,87.000000:45,13,27,0.481,4,9,0.444,8,8,1.0,0,23,23,11,0,3,10,7,38
0022101101,1610612765,Pistons,DET,Detroit,Starters,117.000000:05,22,48,0.458,3,15,0.2,6,7,0.857,5,18,23,13,3,2,7,11,53
0022101101,1610612765,Pistons,DET,Detroit,Bench,122.000000:55,17,47,0.362,3,17,0.176,7,7,1.0,5,20,25,6,6,6,8,9,44
