GAME_ID,TEAM_ID,TEAM_NAME,TEAM_ABBREVIATION,TEAM_CITY,STARTERS_BENCH,MIN,FGM,FGA,FG_PCT,FG3M,FG3A,FG3_PCT,FTM,FTA,FT_PCT,OREB,DREB,REB,AST,STL,BLK,TO,PF,PTS
0022100838,1610612765,Pistons,DET,Detroit,Starters,134.000000:29,27,58,0.466,6,18,0.333,9,10,0.9,11,18,29,14,4,6,12,10,69
0022100838,1610612765,Pistons,DET,Detroit,Bench,105.000000:31,21,44,0.477,6,17,0.353,2,8,0.25,5,11,16,18,6,0,6,10,50
0022100838,1610612766,Hornets,CHA,Charlotte,Starters,159.000000:54,36,66,0.545,13,33,0.394,14,18,0.778,10,25,35,30,10,0,13,14,99
0022100838,1610612766,Hornets,CHA,Charlotte,Bench,80.000000:06,18,31,0.581,5,9,0.556,1,5,0.2,5,11,16,6,3,2,5,8,42
