GAME_ID,TEAM_ID,TEAM_NAME,TEAM_ABBREVIATION,TEAM_CITY,STARTERS_BENCH,MIN,FGM,FGA,FG_PCT,FG3M,FG3A,FG3_PCT,FTM,FTA,FT_PCT,OREB,DREB,REB,AST,STL,BLK,TO,PF,PTS
0022100204,1610612743,Nuggets,DEN,Denver,Starters,171.000000:59,34,62,0.548,8,22,0.364,9,14,0.643,5,28,33,16,3,3,6,8,85
0022100204,1610612743,Nuggets,DEN,Denver,Bench,68.000000:01,6,22,0.273,1,10,0.1,3,3,1.0,5,8,13,4,1,2,5,8,16
0022100204,1610612742,Mavericks,DAL,Dallas,Starters,145.000000:19,33,67,0.493,11,25,0.44,7,10,0.7,10,27,37,19,5,2,7,13,84
0022100204,1610612742,Mavericks,DAL,Dallas,Bench,91.000000:35,12,23,0.522,3,11,0.273,0,0,0.0,0,7,7,10,2,0,1,6,27
