GAME_ID,TEAM_ID,TEAM_NAME,TEAM_ABBREVIATION,TEAM_CITY,STARTERS_BENCH,MIN,FGM,FGA,FG_PCT,FG3M,FG3A,FG3_PCT,FTM,FTA,FT_PCT,OREB,DREB,REB,AST,STL,BLK,TO,PF,PTS
2022100169,1612709905,Lakers,SBL,South Bay,Starters,172.000000:52,34,81,0.42,10,34,0.294,11,11,1.0,13,33,46,26,4,6,11,15,94
2022100169,1612709905,Lakers,SBL,South Bay,Bench,77.000000:08,13,28,0.464,3,10,0.3,4,4,1.0,2,13,15,5,1,5,3,9,33
2022100169,1612709926,Hustle,MHU,Memphis,Starters,162.000000:19,29,69,0.42,10,30,0.333,7,8,0.875,5,19,24,18,6,6,7,11,81
2022100169,1612709926,Hustle,MHU,Memphis,Bench,87.000000:41,14,36,0.389,5,16,0.313,8,10,0.8,6,15,21,9,0,7,1,4,43
