GAME_ID,TEAM_ID,TEAM_NAME,TEAM_ABBREVIATION,TEAM_CITY,STARTERS_BENCH,MIN,FGM,FGA,FG_PCT,FG3M,FG3A,FG3_PCT,FTM,FTA,FT_PCT,OREB,DREB,REB,AST,STL,BLK,TO,PF,PTS
0022100441,1610612745,Rockets,HOU,Houston,Starters,150.000000:13,31,58,0.534,11,24,0.458,3,6,0.5,3,20,23,19,10,2,14,9,76
0022100441,1610612745,Rockets,HOU,Houston,Bench,89.000000:47,15,35,0.429,3,14,0.214,7,11,0.636,10,14,24,8,5,3,5,9,40
0022100441,1610612765,Pistons,DET,Detroit,Starters,150.000000:41,31,63,0.492,7,23,0.304,7,9,0.778,8,18,26,25,7,4,11,13,76
0022100441,1610612765,Pistons,DET,Detroit,Bench,89.000000:19,12,30,0.4,3,13,0.231,4,7,0.571,7,9,16,4,1,2,9,11,31
