GAME_ID,TEAM_ID,TEAM_NAME,TEAM_ABBREVIATION,TEAM_CITY,STARTERS_BENCH,MIN,FGM,FGA,FG_PCT,FG3M,FG3A,FG3_PCT,FTM,FTA,FT_PCT,OREB,DREB,REB,AST,STL,BLK,TO,PF,PTS
0022100665,1610612762,Jazz,UTA,Utah,Starters,168.000000:45,22,52,0.423,8,26,0.308,18,20,0.9,4,28,32,19,2,6,12,12,70
0022100665,1610612762,Jazz,UTA,Utah,Bench,71.000000:15,9,31,0.29,4,20,0.2,3,4,0.75,4,8,12,2,4,0,3,9,25
0022100665,1610612747,Lakers,LAL,Los Angeles,Starters,141.000000:10,19,53,0.358,7,24,0.292,12,17,0.706,5,23,28,10,5,3,6,10,57
0022100665,1610612747,Lakers,LAL,Los Angeles,Bench,98.000000:50,19,33,0.576,4,13,0.308,2,6,0.333,5,12,17,5,2,2,6,9,44
