GAME_ID,TEAM_ID,TEAM_NAME,TEAM_ABBREVIATION,TEAM_CITY,STARTERS_BENCH,MIN,FGM,FGA,FG_PCT,FG3M,FG3A,FG3_PCT,FTM,FTA,FT_PCT,OREB,DREB,REB,AST,STL,BLK,TO,PF,PTS
0012100057,1610612760,Thunder,OKC,Oklahoma City,Starters,129.000000:34,19,46,0.413,7,20,0.35,4,5,0.8,5,19,24,16,4,2,7,9,49
0012100057,1610612760,Thunder,OKC,Oklahoma City,Bench,122.000000:40,22,47,0.468,8,25,0.32,6,10,0.6,8,17,25,12,2,1,10,8,58
0012100057,1610612743,Nuggets,DEN,Denver,Starters,119.000000:42,15,32,0.469,4,11,0.364,6,8,0.75,2,20,22,6,4,5,8,9,40
0012100057,1610612743,Nuggets,DEN,Denver,Bench,145.000000:18,23,55,0.418,17,37,0.459,10,11,0.909,6,15,21,12,4,0,6,11,73
