GAME_ID,TEAM_ID,TEAM_NAME,TEAM_ABBREVIATION,TEAM_CITY,STARTERS_BENCH,MIN,FGM,FGA,FG_PCT,FG3M,FG3A,FG3_PCT,FTM,FTA,FT_PCT,OREB,DREB,REB,AST,STL,BLK,TO,PF,PTS
0022100680,1610612747,Lakers,LAL,Los Angeles,Starters,116.000000:40,19,50,0.38,8,19,0.421,8,12,0.667,7,17,24,9,4,3,7,9,54
0022100680,1610612747,Lakers,LAL,Los Angeles,Bench,106.000000:55,20,37,0.541,3,14,0.214,3,4,0.75,4,10,14,12,0,4,4,7,46
0022100680,1610612754,Pacers,IND,Indiana,Starters,148.000000:05,34,64,0.531,9,23,0.391,8,9,0.889,11,27,38,23,4,4,7,16,85
0022100680,1610612754,Pacers,IND,Indiana,Bench,88.000000:52,9,25,0.36,2,7,0.286,3,4,0.75,3,6,9,5,2,2,4,4,23
