GAME_ID,TEAM_ID,TEAM_NAME,TEAM_ABBREVIATION,TEAM_CITY,STARTERS_BENCH,MIN,FGM,FGA,FG_PCT,FG3M,FG3A,FG3_PCT,FTM,FTA,FT_PCT,OREB,DREB,REB,AST,STL,BLK,TO,PF,PTS
2022100477,1612709903,Stars,SLC,Salt Lake City,Starters,169.000000:04,29,83,0.349,11,40,0.275,8,10,0.8,9,18,27,14,14,0,9,17,82
2022100477,1612709903,Stars,SLC,Salt Lake City,Bench,80.000000:56,14,25,0.56,3,11,0.273,1,2,0.5,8,13,21,8,1,3,1,6,33
2022100477,1612709902,Warriors,SCW,Santa Cruz,Starters,170.000000:29,32,56,0.571,9,23,0.391,11,18,0.611,9,31,40,25,6,4,16,11,91
2022100477,1612709902,Warriors,SCW,Santa Cruz,Bench,79.000000:31,10,23,0.435,4,12,0.333,2,2,1.0,2,14,16,10,1,0,5,5,27
