GAME_ID,TEAM_ID,TEAM_NAME,TEAM_ABBREVIATION,TEAM_CITY,STARTERS_BENCH,MIN,FGM,FGA,FG_PCT,FG3M,FG3A,FG3_PCT,FTM,FTA,FT_PCT,OREB,DREB,REB,AST,STL,BLK,TO,PF,PTS
0022100177,1610612757,Trail Blazers,POR,Portland,Starters,153.000000:26,19,57,0.333,7,22,0.318,17,19,0.895,5,25,30,15,7,3,6,13,62
0022100177,1610612757,Trail Blazers,POR,Portland,Bench,78.000000:05,13,28,0.464,4,14,0.286,3,6,0.5,6,16,22,6,3,1,6,12,33
0022100177,1610612745,Rockets,HOU,Houston,Starters,150.000000:32,23,57,0.404,4,21,0.19,8,14,0.571,7,30,37,10,2,2,10,17,58
0022100177,1610612745,Rockets,HOU,Houston,Bench,89.000000:28,11,28,0.393,3,11,0.273,9,13,0.692,2,10,12,3,4,4,3,6,34
