GAME_ID,TEAM_ID,TEAM_NAME,TEAM_ABBREVIATION,TEAM_CITY,STARTERS_BENCH,MIN,FGM,FGA,FG_PCT,FG3M,FG3A,FG3_PCT,FTM,FTA,FT_PCT,OREB,DREB,REB,AST,STL,BLK,TO,PF,PTS
2022100105,1612709922,Swarm,GBO,Greensboro,Starters,156.000000:13,29,58,0.5,5,17,0.294,9,12,0.75,8,22,30,11,7,8,18,19,79
2022100105,1612709922,Swarm,GBO,Greensboro,Bench,83.000000:47,9,18,0.5,6,12,0.5,3,4,0.75,3,13,16,12,0,0,4,2,30
2022100105,1612709928,Go-Go,CCG,Capital City,Starters,161.000000:03,30,64,0.469,7,21,0.333,8,12,0.667,14,21,35,17,7,1,8,14,77
2022100105,1612709928,Go-Go,CCG,Capital City,Bench,78.000000:57,16,30,0.533,2,8,0.25,3,5,0.6,2,6,8,12,7,2,4,10,39
