GAME_ID,TEAM_ID,TEAM_NAME,TEAM_ABBREVIATION,TEAM_CITY,STARTERS_BENCH,MIN,FGM,FGA,FG_PCT,FG3M,FG3A,FG3_PCT,FTM,FTA,FT_PCT,OREB,DREB,REB,AST,STL,BLK,TO,PF,PTS
2052100186,1612709915,Celtics,MNE,Maine,Starters,179.000000:48,32,75,0.427,8,26,0.308,13,15,0.867,4,20,24,10,7,5,12,18,90
2052100186,1612709915,Celtics,MNE,Maine,Bench,60.000000:12,6,15,0.4,1,2,0.5,0,0,0.0,3,7,10,5,2,0,1,7,13
2052100186,1612709932,Cruise,MCC,Motor City,Starters,165.000000:09,28,53,0.528,14,25,0.56,13,14,0.929,5,27,32,16,4,1,13,14,93
2052100186,1612709932,Cruise,MCC,Motor City,Bench,74.000000:51,10,28,0.357,3,11,0.273,0,1,0.0,2,11,13,9,4,2,8,8,23
