GAME_ID,TEAM_ID,TEAM_NAME,TEAM_ABBREVIATION,TEAM_CITY,STARTERS_BENCH,MIN,FGM,FGA,FG_PCT,FG3M,FG3A,FG3_PCT,FTM,FTA,FT_PCT,OREB,DREB,REB,AST,STL,BLK,TO,PF,PTS
0022100509,1610612764,Wizards,WAS,Washington,Starters,181.000000:41,30,60,0.5,12,28,0.429,11,13,0.846,7,26,33,23,2,3,13,12,83
0022100509,1610612764,Wizards,WAS,Washington,Bench,55.000000:27,12,23,0.522,5,14,0.357,0,1,0.0,6,8,14,4,3,0,5,8,29
0022100509,1610612748,Heat,MIA,Miami,Starters,166.000000:52,28,62,0.452,11,26,0.423,11,11,1.0,11,20,31,21,11,3,5,9,78
0022100509,1610612748,Heat,MIA,Miami,Bench,73.000000:08,13,30,0.433,5,8,0.625,10,12,0.833,3,8,11,5,3,2,2,4,41
