GAME_ID,TEAM_ID,TEAM_NAME,TEAM_ABBREVIATION,TEAM_CITY,STARTERS_BENCH,MIN,FGM,FGA,FG_PCT,FG3M,FG3A,FG3_PCT,FTM,FTA,FT_PCT,OREB,DREB,REB,AST,STL,BLK,TO,PF,PTS
0022100505,1610612756,Suns,PHX,Phoenix,Starters,163.000000:29,28,55,0.509,7,19,0.368,15,17,0.882,3,17,20,21,8,2,8,10,78
0022100505,1610612756,Suns,PHX,Phoenix,Bench,62.000000:32,12,29,0.414,3,8,0.375,5,6,0.833,7,7,14,4,2,0,3,6,32
0022100505,1610612763,Grizzlies,MEM,Memphis,Starters,164.000000:28,36,67,0.537,11,23,0.478,13,17,0.765,12,26,38,17,5,4,11,16,96
0022100505,1610612763,Grizzlies,MEM,Memphis,Bench,47.000000:42,8,15,0.533,0,4,0.0,0,0,0.0,2,4,6,3,1,1,2,3,16
