GAME_ID,TEAM_ID,TEAM_NAME,TEAM_ABBREVIATION,TEAM_CITY,STARTERS_BENCH,MIN,FGM,FGA,FG_PCT,FG3M,FG3A,FG3_PCT,FTM,FTA,FT_PCT,OREB,DREB,REB,AST,STL,BLK,TO,PF,PTS
2052100193,1612709930,Ignite,GLI,G League,Starters,149.000000:49,21,57,0.368,2,19,0.105,4,9,0.444,9,20,29,13,8,6,11,8,52
2052100193,1612709930,Ignite,GLI,G League,Bench,79.000000:22,12,25,0.48,3,7,0.429,2,3,0.667,3,6,9,4,5,0,7,6,31
2052100193,1612709890,Spurs,AUS,Austin,Starters,148.000000:00,27,55,0.491,9,23,0.391,3,4,0.75,2,28,30,17,6,5,18,9,69
2052100193,1612709890,Spurs,AUS,Austin,Bench,83.000000:22,14,30,0.467,3,14,0.214,6,6,1.0,9,12,21,12,6,0,2,7,40
