GAME_ID,TEAM_ID,TEAM_NAME,TEAM_ABBREVIATION,TEAM_CITY,STARTERS_BENCH,MIN,FGM,FGA,FG_PCT,FG3M,FG3A,FG3_PCT,FTM,FTA,FT_PCT,OREB,DREB,REB,AST,STL,BLK,TO,PF,PTS
2052100210,1612709904,Skyforce,SXF,Sioux Falls,Starters,168.000000:47,27,72,0.375,8,29,0.276,7,11,0.636,10,25,35,12,8,3,13,15,75
2052100210,1612709904,Skyforce,SXF,Sioux Falls,Bench,71.000000:13,7,19,0.368,4,9,0.444,3,3,1.0,4,7,11,6,2,1,2,9,24
2052100210,1612709890,Spurs,AUS,Austin,Starters,134.000000:24,20,37,0.541,2,9,0.222,6,11,0.545,1,18,19,15,7,9,7,10,52
2052100210,1612709890,Spurs,AUS,Austin,Bench,105.000000:36,24,46,0.522,5,13,0.385,4,6,0.667,6,22,28,14,1,2,9,10,60
