GAME_ID,TEAM_ID,TEAM_NAME,TEAM_ABBREVIATION,TEAM_CITY,STARTERS_BENCH,MIN,FGM,FGA,FG_PCT,FG3M,FG3A,FG3_PCT,FTM,FTA,FT_PCT,OREB,DREB,REB,AST,STL,BLK,TO,PF,PTS
2022100092,1612709920,905,RAP,Raptors,Starters,124.000000:17,19,48,0.396,4,14,0.286,7,8,0.875,9,20,29,13,7,2,10,11,54
2022100092,1612709920,905,RAP,Raptors,Bench,115.000000:43,20,39,0.513,6,18,0.333,3,5,0.6,4,10,14,4,6,3,4,12,50
2022100092,1612709928,Go-Go,CCG,Capital City,Starters,159.000000:06,24,49,0.49,8,19,0.421,3,6,0.5,8,17,25,18,3,5,11,11,61
2022100092,1612709928,Go-Go,CCG,Capital City,Bench,80.000000:54,17,36,0.472,2,6,0.333,9,11,0.818,7,15,22,10,5,3,5,6,52
