GAME_ID,TEAM_ID,TEAM_NAME,TEAM_ABBREVIATION,TEAM_CITY,STARTERS_BENCH,MIN,FGM,FGA,FG_PCT,FG3M,FG3A,FG3_PCT,FTM,FTA,FT_PCT,OREB,DREB,REB,AST,STL,BLK,TO,PF,PTS
0022100552,1610612755,76ers,PHI,Philadelphia,Starters,154.000000:01,34,65,0.523,9,24,0.375,13,14,0.929,9,29,38,28,2,4,11,8,90
0022100552,1610612755,76ers,PHI,Philadelphia,Bench,61.000000:28,12,22,0.545,6,11,0.545,3,3,1.0,2,9,11,5,3,3,1,8,33
0022100552,1610612745,Rockets,HOU,Houston,Starters,149.000000:14,22,57,0.386,9,29,0.31,17,25,0.68,4,21,25,9,2,3,7,14,70
0022100552,1610612745,Rockets,HOU,Houston,Bench,70.000000:13,12,23,0.522,5,11,0.455,1,2,0.5,7,8,15,12,1,1,4,1,30
