GAME_ID,TEAM_ID,TEAM_NAME,TEAM_ABBREVIATION,TEAM_CITY,STARTERS_BENCH,MIN,FGM,FGA,FG_PCT,FG3M,FG3A,FG3_PCT,FTM,FTA,FT_PCT,OREB,DREB,REB,AST,STL,BLK,TO,PF,PTS
0022100590,1610612757,Trail Blazers,POR,Portland,Starters,167.000000:29,25,64,0.391,15,30,0.5,7,14,0.5,12,24,36,15,5,4,10,14,72
0022100590,1610612757,Trail Blazers,POR,Portland,Bench,72.000000:32,12,28,0.429,1,5,0.2,4,5,0.8,4,11,15,7,3,1,1,5,29
0022100590,1610612739,Cavaliers,CLE,Cleveland,Starters,156.000000:31,27,51,0.529,7,16,0.438,14,21,0.667,7,19,26,16,5,3,6,8,75
0022100590,1610612739,Cavaliers,CLE,Cleveland,Bench,83.000000:29,12,29,0.414,10,23,0.435,5,8,0.625,1,16,17,6,2,0,2,7,39
