GAME_ID,TEAM_ID,TEAM_NAME,TEAM_ABBREVIATION,TEAM_CITY,STARTERS_BENCH,MIN,FGM,FGA,FG_PCT,FG3M,FG3A,FG3_PCT,FTM,FTA,FT_PCT,OREB,DREB,REB,AST,STL,BLK,TO,PF,PTS
0022100890,1610612738,Celtics,BOS,Boston,Starters,150.000000:36,30,53,0.566,11,26,0.423,15,19,0.789,7,28,35,20,6,3,11,10,86
0022100890,1610612738,Celtics,BOS,Boston,Bench,89.000000:24,16,32,0.5,6,16,0.375,5,8,0.625,1,12,13,8,3,0,2,10,43
0022100890,1610612751,Nets,BKN,Brooklyn,Starters,141.000000:38,21,58,0.362,4,21,0.19,10,15,0.667,4,20,24,16,5,2,5,10,56
0022100890,1610612751,Nets,BKN,Brooklyn,Bench,73.000000:05,14,30,0.467,0,3,0.0,9,11,0.818,2,6,8,7,3,2,4,3,37
