GAME_ID,TEAM_ID,TEAM_NAME,TEAM_ABBREVIATION,TEAM_CITY,STARTERS_BENCH,MIN,FGM,FGA,FG_PCT,FG3M,FG3A,FG3_PCT,FTM,FTA,FT_PCT,OREB,DREB,REB,AST,STL,BLK,TO,PF,PTS
2022100426,1612709932,Cruise,MCC,Motor City,Starters,138.000000:15,28,59,0.475,6,22,0.273,1,4,0.25,9,22,31,19,9,1,9,7,63
2022100426,1612709932,Cruise,MCC,Motor City,Bench,101.000000:45,23,40,0.575,10,18,0.556,5,5,1.0,5,22,27,12,3,5,12,11,62
2022100426,1612709922,Swarm,GBO,Greensboro,Starters,139.000000:52,23,47,0.489,5,14,0.357,4,6,0.667,1,22,23,13,5,4,12,9,56
2022100426,1612709922,Swarm,GBO,Greensboro,Bench,100.000000:08,9,37,0.243,1,10,0.1,6,7,0.857,3,9,12,8,8,2,8,11,28
