GAME_ID,TEAM_ID,TEAM_NAME,TEAM_ABBREVIATION,TEAM_CITY,STARTERS_BENCH,MIN,FGM,FGA,FG_PCT,FG3M,FG3A,FG3_PCT,FTM,FTA,FT_PCT,OREB,DREB,REB,AST,STL,BLK,TO,PF,PTS
0022100646,1610612760,Thunder,OKC,Oklahoma City,Starters,137.000000:26,21,53,0.396,3,13,0.231,14,16,0.875,12,24,36,11,1,4,10,12,59
0022100646,1610612760,Thunder,OKC,Oklahoma City,Bench,102.000000:35,15,30,0.5,7,14,0.5,6,6,1.0,2,13,15,6,3,1,5,9,43
0022100646,1610612739,Cavaliers,CLE,Cleveland,Starters,153.000000:29,30,58,0.517,4,16,0.25,13,19,0.684,9,19,28,21,5,3,6,9,77
0022100646,1610612739,Cavaliers,CLE,Cleveland,Bench,86.000000:31,10,29,0.345,5,19,0.263,5,6,0.833,2,7,9,7,1,1,1,4,30
