GAME_ID,TEAM_ID,TEAM_NAME,TEAM_ABBREVIATION,TEAM_CITY,STARTERS_BENCH,MIN,FGM,FGA,FG_PCT,FG3M,FG3A,FG3_PCT,FTM,FTA,FT_PCT,OREB,DREB,REB,AST,STL,BLK,TO,PF,PTS
2042100131,1612709918,Legends,TEX,Texas,Starters,170.000000:19,32,68,0.471,11,31,0.355,9,10,0.9,8,23,31,21,8,1,4,11,90
2042100131,1612709918,Legends,TEX,Texas,Bench,69.000000:41,10,23,0.435,3,10,0.3,1,2,0.5,4,14,18,7,2,1,3,8,25
2042100131,1612709913,Squadron,BIR,Birmingham,Starters,170.000000:25,31,67,0.463,10,26,0.385,7,8,0.875,11,26,37,21,1,1,9,14,85
2042100131,1612709913,Squadron,BIR,Birmingham,Bench,69.000000:35,6,23,0.261,2,11,0.182,1,2,0.5,0,11,11,5,0,2,4,3,15
