GAME_ID,TEAM_ID,TEAM_NAME,TEAM_ABBREVIATION,TEAM_CITY,STARTERS_BENCH,MIN,FGM,FGA,FG_PCT,FG3M,FG3A,FG3_PCT,FTM,FTA,FT_PCT,OREB,DREB,REB,AST,STL,BLK,TO,PF,PTS
0022100851,1610612748,Heat,MIA,Miami,Starters,161.000000:52,26,51,0.51,5,15,0.333,15,20,0.75,8,27,35,17,4,0,12,14,72
0022100851,1610612748,Heat,MIA,Miami,Bench,78.000000:08,15,31,0.484,5,14,0.357,8,9,0.889,2,15,17,3,2,1,3,7,43
0022100851,1610612751,Nets,BKN,Brooklyn,Starters,151.000000:57,25,60,0.417,9,28,0.321,11,14,0.786,3,18,21,7,9,2,5,15,70
0022100851,1610612751,Nets,BKN,Brooklyn,Bench,88.000000:03,17,33,0.515,3,12,0.25,4,8,0.5,6,14,20,9,3,0,3,12,41
