GAME_ID,TEAM_ID,TEAM_NAME,TEAM_ABBREVIATION,TEAM_CITY,STARTERS_BENCH,MIN,FGM,FGA,FG_PCT,FG3M,FG3A,FG3_PCT,FTM,FTA,FT_PCT,OREB,DREB,REB,AST,STL,BLK,TO,PF,PTS
0022101062,1610612757,Trail Blazers,POR,Portland,Starters,138.000000:39,26,48,0.542,7,19,0.368,8,12,0.667,6,18,24,9,5,1,10,11,67
0022101062,1610612757,Trail Blazers,POR,Portland,Bench,101.000000:21,12,33,0.364,2,14,0.143,5,6,0.833,4,4,8,14,5,2,7,8,31
0022101062,1610612754,Pacers,IND,Indiana,Starters,129.000000:19,26,47,0.553,9,23,0.391,12,12,1.0,6,18,24,17,4,0,6,10,73
0022101062,1610612754,Pacers,IND,Indiana,Bench,110.000000:41,22,37,0.595,6,12,0.5,6,9,0.667,5,12,17,21,6,2,8,9,56
