GAME_ID,TEAM_ID,TEAM_NAME,TEAM_ABBREVIATION,TEAM_CITY,STARTERS_BENCH,MIN,FGM,FGA,FG_PCT,FG3M,FG3A,FG3_PCT,FTM,FTA,FT_PCT,OREB,DREB,REB,AST,STL,BLK,TO,PF,PTS
0022100164,1610612763,Grizzlies,MEM,Memphis,Starters,148.000000:24,29,66,0.439,5,26,0.192,6,10,0.6,14,22,36,16,6,6,7,11,69
0022100164,1610612763,Grizzlies,MEM,Memphis,Bench,65.000000:29,8,24,0.333,0,5,0.0,3,5,0.6,6,11,17,5,6,2,7,3,19
0022100164,1610612766,Hornets,CHA,Charlotte,Starters,156.000000:52,21,57,0.368,6,20,0.3,16,19,0.842,6,24,30,29,8,4,13,10,64
0022100164,1610612766,Hornets,CHA,Charlotte,Bench,62.000000:44,17,25,0.68,8,12,0.667,5,5,1.0,2,13,15,2,3,3,3,6,47
