GAME_ID,TEAM_ID,TEAM_NAME,TEAM_ABBREVIATION,TEAM_CITY,STARTERS_BENCH,MIN,FGM,FGA,FG_PCT,FG3M,FG3A,FG3_PCT,FTM,FTA,FT_PCT,OREB,DREB,REB,AST,STL,BLK,TO,PF,PTS
0022100605,1610612758,Kings,SAC,Sacramento,Starters,146.000000:02,26,56,0.464,5,16,0.313,9,13,0.692,6,21,27,13,3,4,8,9,66
0022100605,1610612758,Kings,SAC,Sacramento,Bench,78.000000:30,7,27,0.259,2,15,0.133,5,6,0.833,1,15,16,7,4,0,4,6,21
0022100605,1610612757,Trail Blazers,POR,Portland,Starters,167.000000:19,27,62,0.435,15,33,0.455,10,12,0.833,4,26,30,20,5,4,12,17,79
0022100605,1610612757,Trail Blazers,POR,Portland,Bench,72.000000:41,10,26,0.385,2,7,0.286,2,3,0.667,6,12,18,6,1,1,4,6,24
