GAME_ID,TEAM_ID,TEAM_NAME,TEAM_ABBREVIATION,TEAM_CITY,STARTERS_BENCH,MIN,FGM,FGA,FG_PCT,FG3M,FG3A,FG3_PCT,FTM,FTA,FT_PCT,OREB,DREB,REB,AST,STL,BLK,TO,PF,PTS
0022100414,1610612752,Knicks,NYK,New York,Starters,163.000000:36,21,57,0.368,10,26,0.385,13,14,0.929,3,17,20,13,5,4,6,14,65
0022100414,1610612752,Knicks,NYK,New York,Bench,76.000000:24,9,26,0.346,6,16,0.375,7,8,0.875,1,14,15,5,1,2,2,7,31
0022100414,1610612744,Warriors,GSW,Golden State,Starters,158.000000:02,22,53,0.415,9,27,0.333,18,23,0.783,5,29,34,17,2,5,12,15,71
0022100414,1610612744,Warriors,GSW,Golden State,Bench,61.000000:45,9,20,0.45,5,12,0.417,2,4,0.5,2,10,12,11,0,0,0,6,25
