GAME_ID,TEAM_ID,TEAM_NAME,TEAM_ABBREVIATION,TEAM_CITY,STARTERS_BENCH,MIN,FGM,FGA,FG_PCT,FG3M,FG3A,FG3_PCT,FTM,FTA,FT_PCT,OREB,DREB,REB,AST,STL,BLK,TO,PF,PTS
2052100015,1612709918,Legends,TEX,Texas,Starters,152.000000:17,36,58,0.621,12,27,0.444,3,8,0.375,1,31,32,21,5,1,10,15,89
2052100015,1612709918,Legends,TEX,Texas,Bench,75.000000:35,12,22,0.545,2,8,0.25,2,2,1.0,0,7,7,5,7,0,7,6,31
2052100015,1612709925,Magic,LAK,Lakeland,Starters,166.000000:31,27,66,0.409,11,32,0.344,7,9,0.778,8,24,32,12,6,5,12,11,76
2052100015,1612709925,Magic,LAK,Lakeland,Bench,61.000000:21,7,18,0.389,3,11,0.273,2,3,0.667,0,7,7,6,2,1,4,1,21
