GAME_ID,TEAM_ID,TEAM_NAME,TEAM_ABBREVIATION,TEAM_CITY,STARTERS_BENCH,MIN,FGM,FGA,FG_PCT,FG3M,FG3A,FG3_PCT,FTM,FTA,FT_PCT,OREB,DREB,REB,AST,STL,BLK,TO,PF,PTS
2052100199,1612709927,Herd,WIS,Wisconsin,Starters,164.000000:17,31,66,0.47,6,23,0.261,10,15,0.667,9,20,29,15,2,4,16,13,84
2052100199,1612709927,Herd,WIS,Wisconsin,Bench,53.000000:03,6,11,0.545,3,6,0.5,1,3,0.333,1,5,6,1,2,1,4,8,16
2052100199,1612709910,Mad Ants,FWN,Fort Wayne,Starters,152.000000:36,38,68,0.559,8,22,0.364,4,10,0.4,13,21,34,24,8,1,7,14,92
2052100199,1612709910,Mad Ants,FWN,Fort Wayne,Bench,60.000000:40,10,19,0.526,3,8,0.375,3,5,0.6,7,12,19,3,4,1,1,7,27
