GAME_ID,TEAM_ID,TEAM_NAME,TEAM_ABBREVIATION,TEAM_CITY,STARTERS_BENCH,MIN,FGM,FGA,FG_PCT,FG3M,FG3A,FG3_PCT,FTM,FTA,FT_PCT,OREB,DREB,REB,AST,STL,BLK,TO,PF,PTS
0022101027,1610612762,Jazz,UTA,Utah,Starters,149.000000:29,31,69,0.449,14,35,0.4,15,18,0.833,8,22,30,17,6,0,9,13,91
0022101027,1610612762,Jazz,UTA,Utah,Bench,74.000000:14,5,22,0.227,3,13,0.231,4,4,1.0,4,6,10,3,1,0,4,8,17
0022101027,1610612749,Bucks,MIL,Milwaukee,Starters,157.000000:54,35,75,0.467,8,23,0.348,20,23,0.87,4,27,31,16,7,2,10,11,98
0022101027,1610612749,Bucks,MIL,Milwaukee,Bench,61.000000:22,4,8,0.5,4,7,0.571,5,6,0.833,2,3,5,3,1,1,2,7,17
