GAME_ID,TEAM_ID,TEAM_NAME,TEAM_ABBREVIATION,TEAM_CITY,STARTERS_BENCH,MIN,FGM,FGA,FG_PCT,FG3M,FG3A,FG3_PCT,FTM,FTA,FT_PCT,OREB,DREB,REB,AST,STL,BLK,TO,PF,PTS
0022100753,1610612757,Trail Blazers,POR,Portland,Starters,160.000000:24,33,60,0.55,16,28,0.571,12,16,0.75,3,20,23,14,3,0,10,6,94
0022100753,1610612757,Trail Blazers,POR,Portland,Bench,79.000000:36,10,23,0.435,2,11,0.182,0,0,0.0,2,11,13,9,1,3,2,6,22
0022100753,1610612741,Bulls,CHI,Chicago,Starters,156.000000:15,35,58,0.603,8,18,0.444,12,13,0.923,2,27,29,29,7,3,5,9,90
0022100753,1610612741,Bulls,CHI,Chicago,Bench,83.000000:45,15,32,0.469,5,14,0.357,5,5,1.0,6,9,15,7,3,0,2,7,40
