GAME_ID,TEAM_ID,TEAM_NAME,TEAM_ABBREVIATION,TEAM_CITY,STARTERS_BENCH,MIN,FGM,FGA,FG_PCT,FG3M,FG3A,FG3_PCT,FTM,FTA,FT_PCT,OREB,DREB,REB,AST,STL,BLK,TO,PF,PTS
0022100007,1610612763,Grizzlies,MEM,Memphis,Starters,156.000000:27,40,78,0.513,10,24,0.417,10,10,1.0,10,23,33,17,3,7,9,6,100
0022100007,1610612763,Grizzlies,MEM,Memphis,Bench,43.000000:11,8,12,0.667,2,3,0.667,0,0,0.0,1,6,7,7,2,1,1,3,18
0022100007,1610612739,Cavaliers,CLE,Cleveland,Starters,159.000000:58,34,66,0.515,8,25,0.32,6,10,0.6,4,20,24,22,5,4,5,9,82
0022100007,1610612739,Cavaliers,CLE,Cleveland,Bench,59.000000:28,10,22,0.455,6,12,0.5,5,6,0.833,2,7,9,15,1,0,5,4,31
