GAME_ID,TEAM_ID,TEAM_NAME,TEAM_ABBREVIATION,TEAM_CITY,STARTERS_BENCH,MIN,FGM,FGA,FG_PCT,FG3M,FG3A,FG3_PCT,FTM,FTA,FT_PCT,OREB,DREB,REB,AST,STL,BLK,TO,PF,PTS
0022100708,1610612762,Jazz,UTA,Utah,Starters,162.000000:54,19,51,0.373,5,22,0.227,9,11,0.818,11,26,37,12,3,0,6,6,52
0022100708,1610612762,Jazz,UTA,Utah,Bench,46.000000:13,8,21,0.381,5,10,0.5,4,4,1.0,3,5,8,4,0,1,2,3,25
0022100708,1610612744,Warriors,GSW,Golden State,Starters,162.000000:30,27,62,0.435,9,31,0.29,7,8,0.875,7,19,26,12,5,3,5,11,70
0022100708,1610612744,Warriors,GSW,Golden State,Bench,77.000000:30,9,21,0.429,4,11,0.364,2,2,1.0,3,11,14,7,3,2,4,8,24
