GAME_ID,TEAM_ID,TEAM_NAME,TEAM_ABBREVIATION,TEAM_CITY,STARTERS_BENCH,MIN,FGM,FGA,FG_PCT,FG3M,FG3A,FG3_PCT,FTM,FTA,FT_PCT,OREB,DREB,REB,AST,STL,BLK,TO,PF,PTS
2022100057,1612709920,905,RAP,Raptors,Starters,161.000000:48,23,63,0.365,8,27,0.296,3,6,0.5,10,33,43,14,5,3,9,15,58
2022100057,1612709920,905,RAP,Raptors,Bench,78.000000:12,17,30,0.567,7,13,0.538,3,5,0.6,1,14,15,9,1,4,12,8,45
2022100057,1612709910,Mad Ants,FWN,Fort Wayne,Starters,184.000000:13,16,67,0.239,8,30,0.267,5,6,0.833,12,29,41,17,7,8,11,14,49
2022100057,1612709910,Mad Ants,FWN,Fort Wayne,Bench,38.000000:27,15,30,0.5,4,10,0.4,5,5,1.0,0,4,4,1,2,0,3,4,45
