GAME_ID,TEAM_ID,TEAM_NAME,TEAM_ABBREVIATION,TEAM_CITY,STARTERS_BENCH,MIN,FGM,FGA,FG_PCT,FG3M,FG3A,FG3_PCT,FTM,FTA,FT_PCT,OREB,DREB,REB,AST,STL,BLK,TO,PF,PTS
0022100540,1610612759,Spurs,SAS,San Antonio,Starters,190.000000:02,28,68,0.412,7,23,0.304,16,23,0.696,12,21,33,27,6,2,15,19,79
0022100540,1610612759,Spurs,SAS,San Antonio,Bench,42.000000:14,10,23,0.435,5,11,0.455,2,3,0.667,0,7,7,2,1,0,0,4,27
0022100540,1610612765,Pistons,DET,Detroit,Starters,212.000000:47,36,86,0.419,7,27,0.259,26,31,0.839,21,33,54,14,12,3,16,15,105
0022100540,1610612765,Pistons,DET,Detroit,Bench,52.000000:13,5,15,0.333,2,8,0.25,0,2,0.0,1,8,9,4,0,3,4,8,12
