GAME_ID,TEAM_ID,TEAM_NAME,TEAM_ABBREVIATION,TEAM_CITY,STARTERS_BENCH,MIN,FGM,FGA,FG_PCT,FG3M,FG3A,FG3_PCT,FTM,FTA,FT_PCT,OREB,DREB,REB,AST,STL,BLK,TO,PF,PTS
2022100439,1612709925,Magic,LAK,Lakeland,Starters,133.000000:09,21,42,0.5,11,25,0.44,6,9,0.667,10,15,25,14,4,1,5,12,61
2022100439,1612709925,Magic,LAK,Lakeland,Bench,88.000000:09,20,39,0.513,8,14,0.571,3,6,0.5,7,6,13,15,4,0,7,9,53
2022100439,1612709917,Gold,GRG,Grand Rapids,Starters,180.000000:53,32,58,0.552,14,31,0.452,13,18,0.722,5,23,28,14,4,4,9,12,97
2022100439,1612709917,Gold,GRG,Grand Rapids,Bench,33.000000:31,9,14,0.643,1,3,0.333,1,1,1.0,4,1,5,3,2,1,4,7,21
