GAME_ID,TEAM_ID,TEAM_NAME,TEAM_ABBREVIATION,TEAM_CITY,STARTERS_BENCH,MIN,FGM,FGA,FG_PCT,FG3M,FG3A,FG3_PCT,FTM,FTA,FT_PCT,OREB,DREB,REB,AST,STL,BLK,TO,PF,PTS
2022100130,1612709908,Vipers,RGV,Rio Grande Valley,Starters,159.000000:30,28,51,0.549,10,21,0.476,7,14,0.5,10,25,35,19,15,9,19,20,78
2022100130,1612709908,Vipers,RGV,Rio Grande Valley,Bench,35.000000:36,7,15,0.467,4,9,0.444,1,1,1.0,0,2,2,2,4,3,0,4,20
2022100130,1612709890,Spurs,AUS,Austin,Starters,140.000000:15,20,54,0.37,3,15,0.2,8,11,0.727,9,17,26,9,7,1,20,21,56
2022100130,1612709890,Spurs,AUS,Austin,Bench,70.000000:22,10,26,0.385,1,8,0.125,2,3,0.667,9,10,19,6,0,2,8,5,24
