GAME_ID,TEAM_ID,TEAM_NAME,TEAM_ABBREVIATION,TEAM_CITY,STARTERS_BENCH,MIN,FGM,FGA,FG_PCT,FG3M,FG3A,FG3_PCT,FTM,FTA,FT_PCT,OREB,DREB,REB,AST,STL,BLK,TO,PF,PTS
2022100166,1612709920,905,RAP,Raptors,Starters,170.000000:43,29,54,0.537,7,20,0.35,13,17,0.765,1,24,25,23,4,1,15,18,82
2022100166,1612709920,905,RAP,Raptors,Bench,79.000000:18,14,33,0.424,3,12,0.25,6,9,0.667,2,13,15,6,5,1,1,7,41
2022100166,1612709932,Cruise,MCC,Motor City,Starters,161.000000:10,28,63,0.444,4,23,0.174,12,18,0.667,3,22,25,18,7,2,12,16,77
2022100166,1612709932,Cruise,MCC,Motor City,Bench,88.000000:51,15,31,0.484,4,15,0.267,3,3,1.0,2,20,22,5,2,5,6,10,39
