GAME_ID,TEAM_ID,TEAM_NAME,TEAM_ABBREVIATION,TEAM_CITY,STARTERS_BENCH,MIN,FGM,FGA,FG_PCT,FG3M,FG3A,FG3_PCT,FTM,FTA,FT_PCT,OREB,DREB,REB,AST,STL,BLK,TO,PF,PTS
2022100156,1612709919,Knicks,WES,Westchester,Starters,176.000000:03,33,65,0.508,5,20,0.25,10,16,0.625,4,30,34,14,3,4,10,14,91
2022100156,1612709919,Knicks,WES,Westchester,Bench,63.000000:57,6,23,0.261,2,8,0.25,0,0,0.0,4,6,10,5,1,1,1,5,14
2022100156,1612709920,905,RAP,Raptors,Starters,159.000000:32,33,67,0.493,8,27,0.296,7,10,0.7,8,25,33,10,5,6,8,17,86
2022100156,1612709920,905,RAP,Raptors,Bench,80.000000:28,10,25,0.4,3,7,0.429,2,5,0.4,7,8,15,14,3,3,2,6,26
