GAME_ID,TEAM_ID,TEAM_NAME,TEAM_ABBREVIATION,TEAM_CITY,STARTERS_BENCH,MIN,FGM,FGA,FG_PCT,FG3M,FG3A,FG3_PCT,FTM,FTA,FT_PCT,OREB,DREB,REB,AST,STL,BLK,TO,PF,PTS
0022100584,1610612762,Jazz,UTA,Utah,Starters,174.000000:37,31,64,0.484,12,28,0.429,11,15,0.733,4,21,25,19,3,2,18,17,85
0022100584,1610612762,Jazz,UTA,Utah,Bench,48.000000:56,7,16,0.438,5,10,0.5,2,2,1.0,2,10,12,4,0,1,3,4,21
0022100584,1610612761,Raptors,TOR,Toronto,Starters,173.000000:47,35,77,0.455,12,35,0.343,15,17,0.882,10,18,28,24,8,6,7,8,97
0022100584,1610612761,Raptors,TOR,Toronto,Bench,44.000000:46,9,20,0.45,0,4,0.0,4,6,0.667,6,4,10,1,3,1,0,5,22
