GAME_ID,TEAM_ID,TEAM_NAME,TEAM_ABBREVIATION,TEAM_CITY,STARTERS_BENCH,MIN,FGM,FGA,FG_PCT,FG3M,FG3A,FG3_PCT,FTM,FTA,FT_PCT,OREB,DREB,REB,AST,STL,BLK,TO,PF,PTS
0022100996,1610612746,Clippers,LAC,LA,Starters,170.000000:09,31,64,0.484,9,24,0.375,11,13,0.846,5,18,23,16,6,3,9,10,82
0022100996,1610612746,Clippers,LAC,LA,Bench,69.000000:51,9,18,0.5,3,8,0.375,3,4,0.75,1,12,13,6,1,0,3,10,24
0022100996,1610612737,Hawks,ATL,Atlanta,Starters,148.000000:16,29,53,0.547,5,16,0.313,15,17,0.882,8,21,29,17,3,3,9,14,78
0022100996,1610612737,Hawks,ATL,Atlanta,Bench,91.000000:44,14,37,0.378,4,15,0.267,2,2,1.0,7,11,18,11,2,0,1,5,34
