GAME_ID,TEAM_ID,TEAM_NAME,TEAM_ABBREVIATION,TEAM_CITY,STARTERS_BENCH,MIN,FGM,FGA,FG_PCT,FG3M,FG3A,FG3_PCT,FTM,FTA,FT_PCT,OREB,DREB,REB,AST,STL,BLK,TO,PF,PTS
0042100313,1610612744,Warriors,GSW,Golden State,Starters,183.000000:58,35,72,0.486,9,25,0.36,17,19,0.895,12,28,40,26,3,1,7,18,96
0042100313,1610612744,Warriors,GSW,Golden State,Bench,56.000000:02,3,9,0.333,2,7,0.286,5,6,0.833,2,5,7,2,2,0,3,5,13
0042100313,1610612742,Mavericks,DAL,Dallas,Starters,166.000000:56,22,53,0.415,9,27,0.333,19,26,0.731,5,21,26,13,3,2,5,12,72
0042100313,1610612742,Mavericks,DAL,Dallas,Bench,44.000000:23,8,16,0.5,4,12,0.333,8,8,1.0,0,3,3,2,1,0,1,4,28
