GAME_ID,TEAM_ID,TEAM_NAME,TEAM_ABBREVIATION,TEAM_CITY,STARTERS_BENCH,MIN,FGM,FGA,FG_PCT,FG3M,FG3A,FG3_PCT,FTM,FTA,FT_PCT,OREB,DREB,REB,AST,STL,BLK,TO,PF,PTS
0022100038,1610612755,76ers,PHI,Philadelphia,Starters,162.000000:36,32,63,0.508,12,28,0.429,13,17,0.765,9,25,34,16,2,5,9,10,89
0022100038,1610612755,76ers,PHI,Philadelphia,Bench,77.000000:24,9,25,0.36,5,13,0.385,3,3,1.0,3,10,13,9,2,4,3,7,26
0022100038,1610612760,Thunder,OKC,Oklahoma City,Starters,159.000000:58,29,60,0.483,3,18,0.167,14,17,0.824,3,27,30,21,7,3,6,8,75
0022100038,1610612760,Thunder,OKC,Oklahoma City,Bench,64.000000:22,8,20,0.4,2,9,0.222,1,2,0.5,3,7,10,2,0,1,5,5,19
