GAME_ID,TEAM_ID,TEAM_NAME,TEAM_ABBREVIATION,TEAM_CITY,STARTERS_BENCH,MIN,FGM,FGA,FG_PCT,FG3M,FG3A,FG3_PCT,FTM,FTA,FT_PCT,OREB,DREB,REB,AST,STL,BLK,TO,PF,PTS
2022100451,1612709927,Herd,WIS,Wisconsin,Starters,184.000000:49,28,69,0.406,12,36,0.333,5,10,0.5,3,28,31,21,7,6,6,11,76
2022100451,1612709927,Herd,WIS,Wisconsin,Bench,55.000000:11,12,22,0.545,4,11,0.364,1,1,1.0,0,2,2,4,0,0,3,2,29
2022100451,1612709920,905,RAP,Raptors,Starters,153.000000:06,36,74,0.486,12,35,0.343,7,7,1.0,15,28,43,16,4,6,7,9,95
2022100451,1612709920,905,RAP,Raptors,Bench,86.000000:54,12,30,0.4,4,12,0.333,0,2,0.0,7,14,21,19,2,1,10,12,28
