GAME_ID,TEAM_ID,TEAM_NAME,TEAM_ABBREVIATION,TEAM_CITY,STARTERS_BENCH,MIN,FGM,FGA,FG_PCT,FG3M,FG3A,FG3_PCT,FTM,FTA,FT_PCT,OREB,DREB,REB,AST,STL,BLK,TO,PF,PTS
0022100046,1610612761,Raptors,TOR,Toronto,Starters,184.000000:58,31,65,0.477,10,24,0.417,7,10,0.7,9,25,34,25,5,1,18,14,79
0022100046,1610612761,Raptors,TOR,Toronto,Bench,55.000000:02,9,18,0.5,2,6,0.333,9,10,0.9,4,9,13,2,3,0,1,4,29
0022100046,1610612741,Bulls,CHI,Chicago,Starters,169.000000:03,29,64,0.453,10,22,0.455,16,17,0.941,1,19,20,20,7,3,9,7,84
0022100046,1610612741,Bulls,CHI,Chicago,Bench,40.000000:39,2,5,0.4,1,1,1.0,5,5,1.0,1,4,5,2,4,0,4,4,10
