GAME_ID,TEAM_ID,TEAM_NAME,TEAM_ABBREVIATION,TEAM_CITY,STARTERS_BENCH,MIN,FGM,FGA,FG_PCT,FG3M,FG3A,FG3_PCT,FTM,FTA,FT_PCT,OREB,DREB,REB,AST,STL,BLK,TO,PF,PTS
0022100216,1610612739,Cavaliers,CLE,Cleveland,Starters,173.000000:35,27,68,0.397,8,31,0.258,12,13,0.923,9,22,31,15,7,1,10,11,74
0022100216,1610612739,Cavaliers,CLE,Cleveland,Bench,34.000000:26,3,8,0.375,2,6,0.333,4,6,0.667,1,7,8,2,1,0,0,3,12
0022100216,1610612751,Nets,BKN,Brooklyn,Starters,155.000000:17,26,53,0.491,11,23,0.478,18,19,0.947,4,27,31,21,6,2,9,6,81
0022100216,1610612751,Nets,BKN,Brooklyn,Bench,84.000000:43,12,30,0.4,1,9,0.111,3,6,0.5,4,12,16,8,1,1,2,14,28
