GAME_ID,TEAM_ID,TEAM_NAME,TEAM_ABBREVIATION,TEAM_CITY,STARTERS_BENCH,MIN,FGM,FGA,FG_PCT,FG3M,FG3A,FG3_PCT,FTM,FTA,FT_PCT,OREB,DREB,REB,AST,STL,BLK,TO,PF,PTS
0022101055,1610612762,Jazz,UTA,Utah,Starters,136.000000:24,19,46,0.413,6,22,0.273,7,8,0.875,9,25,34,15,5,4,7,10,51
0022101055,1610612762,Jazz,UTA,Utah,Bench,85.000000:07,21,37,0.568,9,18,0.5,2,2,1.0,4,17,21,13,4,0,5,7,53
0022101055,1610612746,Clippers,LAC,LA,Starters,90.000000:01,9,29,0.31,1,7,0.143,6,7,0.857,3,10,13,4,2,2,4,8,25
0022101055,1610612746,Clippers,LAC,LA,Bench,149.000000:59,22,57,0.386,10,28,0.357,13,14,0.929,5,25,30,19,8,6,8,5,67
