GAME_ID,TEAM_ID,TEAM_NAME,TEAM_ABBREVIATION,TEAM_CITY,STARTERS_BENCH,MIN,FGM,FGA,FG_PCT,FG3M,FG3A,FG3_PCT,FTM,FTA,FT_PCT,OREB,DREB,REB,AST,STL,BLK,TO,PF,PTS
2022100204,1612709927,Herd,WIS,Wisconsin,Starters,163.000000:40,34,67,0.507,5,23,0.217,9,15,0.6,5,20,25,14,6,1,10,11,89
2022100204,1612709927,Herd,WIS,Wisconsin,Bench,35.000000:05,5,9,0.556,1,5,0.2,0,1,0.0,1,6,7,1,1,2,2,3,11
2022100204,1612709925,Magic,LAK,Lakeland,Starters,148.000000:05,26,56,0.464,11,27,0.407,10,10,1.0,6,27,33,30,1,2,10,8,82
2022100204,1612709925,Magic,LAK,Lakeland,Bench,54.000000:10,8,19,0.421,4,12,0.333,0,0,0.0,3,6,9,5,4,0,2,8,20
