GAME_ID,TEAM_ID,TEAM_NAME,TEAM_ABBREVIATION,TEAM_CITY,STARTERS_BENCH,MIN,FGM,FGA,FG_PCT,FG3M,FG3A,FG3_PCT,FTM,FTA,FT_PCT,OREB,DREB,REB,AST,STL,BLK,TO,PF,PTS
0022100378,1610612746,Clippers,LAC,LA,Starters,150.000000:42,21,50,0.42,4,15,0.267,11,12,0.917,6,22,28,12,3,5,15,12,57
0022100378,1610612746,Clippers,LAC,LA,Bench,89.000000:18,19,35,0.543,10,17,0.588,9,10,0.9,3,7,10,8,10,2,5,6,57
0022100378,1610612738,Celtics,BOS,Boston,Starters,166.000000:17,30,64,0.469,6,23,0.261,13,14,0.929,8,27,35,24,8,1,19,17,79
0022100378,1610612738,Celtics,BOS,Boston,Bench,73.000000:44,11,22,0.5,4,9,0.444,6,7,0.857,6,6,12,2,3,2,3,4,32
