GAME_ID,TEAM_ID,TEAM_NAME,TEAM_ABBREVIATION,TEAM_CITY,STARTERS_BENCH,MIN,FGM,FGA,FG_PCT,FG3M,FG3A,FG3_PCT,FTM,FTA,FT_PCT,OREB,DREB,REB,AST,STL,BLK,TO,PF,PTS
2022100251,1612709904,Skyforce,SXF,Sioux Falls,Starters,161.000000:13,29,56,0.518,12,23,0.522,5,6,0.833,4,17,21,21,9,3,12,14,80
2022100251,1612709904,Skyforce,SXF,Sioux Falls,Bench,78.000000:47,13,26,0.5,4,13,0.308,2,3,0.667,3,13,16,9,4,0,2,6,33
2022100251,1612709914,Kings,STO,Stockton,Starters,177.000000:10,31,58,0.534,6,16,0.375,7,11,0.636,6,20,26,20,8,1,18,12,80
2022100251,1612709914,Kings,STO,Stockton,Bench,61.000000:27,8,18,0.444,3,7,0.429,1,1,1.0,1,9,10,6,2,4,2,4,21
