GAME_ID,TEAM_ID,TEAM_NAME,TEAM_ABBREVIATION,TEAM_CITY,STARTERS_BENCH,MIN,FGM,FGA,FG_PCT,FG3M,FG3A,FG3_PCT,FTM,FTA,FT_PCT,OREB,DREB,REB,AST,STL,BLK,TO,PF,PTS
0022100654,1610612740,Pelicans,NOP,New Orleans,Starters,174.000000:35,30,68,0.441,7,24,0.292,10,14,0.714,7,30,37,19,6,2,10,13,77
0022100654,1610612740,Pelicans,NOP,New Orleans,Bench,50.000000:44,5,17,0.294,2,6,0.333,1,2,0.5,1,1,2,4,3,0,1,2,13
0022100654,1610612738,Celtics,BOS,Boston,Starters,163.000000:58,35,67,0.522,10,26,0.385,15,17,0.882,3,27,30,18,4,2,7,11,95
0022100654,1610612738,Celtics,BOS,Boston,Bench,76.000000:02,3,13,0.231,0,6,0.0,3,3,1.0,2,15,17,4,2,2,7,7,9
