GAME_ID,TEAM_ID,TEAM_NAME,TEAM_ABBREVIATION,TEAM_CITY,STARTERS_BENCH,MIN,FGM,FGA,FG_PCT,FG3M,FG3A,FG3_PCT,FTM,FTA,FT_PCT,OREB,DREB,REB,AST,STL,BLK,TO,PF,PTS
0022100955,1610612759,Spurs,SAS,San Antonio,Starters,154.000000:03,35,73,0.479,7,24,0.292,14,18,0.778,7,23,30,16,6,3,9,10,91
0022100955,1610612759,Spurs,SAS,San Antonio,Bench,65.000000:57,8,20,0.4,4,12,0.333,0,0,0.0,6,11,17,5,1,3,1,7,20
0022100955,1610612766,Hornets,CHA,Charlotte,Starters,162.000000:16,28,62,0.452,14,32,0.438,14,15,0.933,7,30,37,23,4,4,9,12,84
0022100955,1610612766,Hornets,CHA,Charlotte,Bench,77.000000:44,14,29,0.483,2,10,0.2,9,14,0.643,4,9,13,6,4,1,0,4,39
