GAME_ID,TEAM_ID,TEAM_NAME,TEAM_ABBREVIATION,TEAM_CITY,STARTERS_BENCH,MIN,FGM,FGA,FG_PCT,FG3M,FG3A,FG3_PCT,FTM,FTA,FT_PCT,OREB,DREB,REB,AST,STL,BLK,TO,PF,PTS
2022100354,1612709905,Lakers,SBL,South Bay,Starters,162.000000:19,31,65,0.477,8,23,0.348,11,13,0.846,7,32,39,13,3,9,6,14,85
2022100354,1612709905,Lakers,SBL,South Bay,Bench,77.000000:41,8,26,0.308,3,9,0.333,3,6,0.5,2,15,17,8,3,2,5,9,23
2022100354,1612709924,Clippers,ACC,Agua Caliente,Starters,159.000000:40,21,62,0.339,6,21,0.286,8,10,0.8,11,23,34,18,3,6,8,12,62
2022100354,1612709924,Clippers,ACC,Agua Caliente,Bench,63.000000:19,12,27,0.444,3,8,0.375,3,4,0.75,1,10,11,6,0,2,0,6,34
