GAME_ID,TEAM_ID,TEAM_NAME,TEAM_ABBREVIATION,TEAM_CITY,STARTERS_BENCH,MIN,FGM,FGA,FG_PCT,FG3M,FG3A,FG3_PCT,FTM,FTA,FT_PCT,OREB,DREB,REB,AST,STL,BLK,TO,PF,PTS
2022100361,1612709918,Legends,TEX,Texas,Starters,175.000000:02,33,75,0.44,7,28,0.25,6,9,0.667,11,27,38,23,4,8,14,17,84
2022100361,1612709918,Legends,TEX,Texas,Bench,64.000000:58,8,16,0.5,2,6,0.333,0,1,0.0,2,8,10,7,3,0,4,5,18
2022100361,1612709903,Stars,SLC,Salt Lake City,Starters,178.000000:02,33,73,0.452,10,26,0.385,15,19,0.789,12,31,43,11,4,6,13,5,97
2022100361,1612709903,Stars,SLC,Salt Lake City,Bench,47.000000:42,3,9,0.333,1,2,0.5,0,0,0.0,1,6,7,7,4,1,4,8,7
