GAME_ID,TEAM_ID,TEAM_NAME,TEAM_ABBREVIATION,TEAM_CITY,STARTERS_BENCH,MIN,FGM,FGA,FG_PCT,FG3M,FG3A,FG3_PCT,FTM,FTA,FT_PCT,OREB,DREB,REB,AST,STL,BLK,TO,PF,PTS
0022101045,1610612753,Magic,ORL,Orlando,Starters,146.000000:35,28,61,0.459,7,21,0.333,9,13,0.692,8,21,29,17,2,4,6,10,72
0022101045,1610612753,Magic,ORL,Orlando,Bench,93.000000:25,19,36,0.528,4,9,0.444,6,8,0.75,2,14,16,7,1,0,7,11,48
0022101045,1610612765,Pistons,DET,Detroit,Starters,143.000000:04,35,66,0.53,15,24,0.625,15,25,0.6,7,27,34,19,6,0,5,9,100
0022101045,1610612765,Pistons,DET,Detroit,Bench,96.000000:56,12,28,0.429,5,19,0.263,5,6,0.833,3,8,11,15,5,3,2,12,34
