GAME_ID,TEAM_ID,TEAM_NAME,TEAM_ABBREVIATION,TEAM_CITY,STARTERS_BENCH,MIN,FGM,FGA,FG_PCT,FG3M,FG3A,FG3_PCT,FTM,FTA,FT_PCT,OREB,DREB,REB,AST,STL,BLK,TO,PF,PTS
2052100206,1612709889,Blue,OKL,Oklahoma City,Starters,124.000000:13,19,52,0.365,6,21,0.286,4,4,1.0,9,14,23,13,8,5,13,11,52
2052100206,1612709889,Blue,OKL,Oklahoma City,Bench,115.000000:47,14,41,0.341,8,28,0.286,6,8,0.75,8,19,27,8,3,0,7,12,46
2052100206,1612709909,Blue Coats,DEL,Delaware,Starters,191.000000:01,28,65,0.431,14,37,0.378,16,18,0.889,7,29,36,19,7,3,18,15,93
2052100206,1612709909,Blue Coats,DEL,Delaware,Bench,48.000000:59,5,13,0.385,1,3,0.333,0,0,0.0,0,8,8,4,6,2,7,6,11
