GAME_ID,TEAM_ID,TEAM_NAME,TEAM_ABBREVIATION,TEAM_CITY,STARTERS_BENCH,MIN,FGM,FGA,FG_PCT,FG3M,FG3A,FG3_PCT,FTM,FTA,FT_PCT,OREB,DREB,REB,AST,STL,BLK,TO,PF,PTS
0012100014,1610612749,Bucks,MIL,Milwaukee,Starters,95.000000:11,18,45,0.4,4,18,0.222,5,6,0.833,3,18,21,8,4,4,9,4,45
0012100014,1610612749,Bucks,MIL,Milwaukee,Bench,144.000000:49,13,29,0.448,5,14,0.357,1,2,0.5,5,9,14,13,2,0,6,7,32
0012100014,1610612763,Grizzlies,MEM,Memphis,Starters,126.000000:58,28,52,0.538,8,18,0.444,5,5,1.0,9,18,27,15,4,7,11,8,69
0012100014,1610612763,Grizzlies,MEM,Memphis,Bench,95.000000:06,5,19,0.263,1,10,0.1,3,5,0.6,1,13,14,6,4,3,2,2,14
