GAME_ID,TEAM_ID,TEAM_NAME,TEAM_ABBREVIATION,TEAM_CITY,STARTERS_BENCH,MIN,FGM,FGA,FG_PCT,FG3M,FG3A,FG3_PCT,FTM,FTA,FT_PCT,OREB,DREB,REB,AST,STL,BLK,TO,PF,PTS
0022100954,1610612758,Kings,SAC,Sacramento,Starters,157.000000:32,37,69,0.536,5,15,0.333,9,15,0.6,5,22,27,18,4,0,11,19,88
0022100954,1610612758,Kings,SAC,Sacramento,Bench,66.000000:37,7,22,0.318,4,10,0.4,1,1,1.0,2,10,12,6,1,1,2,5,19
0022100954,1610612742,Mavericks,DAL,Dallas,Starters,175.000000:47,33,67,0.493,10,27,0.37,17,19,0.895,2,17,19,18,5,0,9,19,93
0022100954,1610612742,Mavericks,DAL,Dallas,Bench,49.000000:40,5,12,0.417,2,5,0.4,2,6,0.333,8,9,17,2,2,1,1,2,14
