GAME_ID,TEAM_ID,TEAM_NAME,TEAM_ABBREVIATION,TEAM_CITY,STARTERS_BENCH,MIN,FGM,FGA,FG_PCT,FG3M,FG3A,FG3_PCT,FTM,FTA,FT_PCT,OREB,DREB,REB,AST,STL,BLK,TO,PF,PTS
2022100422,1612709914,Kings,STO,Stockton,Starters,155.000000:18,25,59,0.424,3,12,0.25,9,9,1.0,7,19,26,12,3,2,9,12,65
2022100422,1612709914,Kings,STO,Stockton,Bench,84.000000:42,13,28,0.464,1,9,0.111,6,6,1.0,3,16,19,6,3,2,3,6,36
2022100422,1612709890,Spurs,AUS,Austin,Starters,139.000000:22,21,45,0.467,6,18,0.333,8,11,0.727,4,21,25,9,5,7,11,11,63
2022100422,1612709890,Spurs,AUS,Austin,Bench,63.000000:16,6,16,0.375,4,10,0.4,1,1,1.0,2,8,10,3,1,2,2,4,18
