GAME_ID,TEAM_ID,TEAM_NAME,TEAM_ABBREVIATION,TEAM_CITY,STARTERS_BENCH,MIN,FGM,FGA,FG_PCT,FG3M,FG3A,FG3_PCT,FTM,FTA,FT_PCT,OREB,DREB,REB,AST,STL,BLK,TO,PF,PTS
0022100523,1610612762,Jazz,UTA,Utah,Starters,146.000000:11,22,44,0.5,3,14,0.214,14,21,0.667,6,17,23,13,3,2,8,12,61
0022100523,1610612762,Jazz,UTA,Utah,Bench,57.000000:32,16,30,0.533,5,15,0.333,3,3,1.0,3,8,11,6,2,0,3,4,40
0022100523,1610612757,Trail Blazers,POR,Portland,Starters,150.000000:02,29,64,0.453,11,30,0.367,14,18,0.778,5,21,26,14,5,2,8,13,83
0022100523,1610612757,Trail Blazers,POR,Portland,Bench,89.000000:58,8,24,0.333,3,10,0.3,3,6,0.5,6,13,19,9,1,1,2,15,22
