GAME_ID,TEAM_ID,TEAM_NAME,TEAM_ABBREVIATION,TEAM_CITY,STARTERS_BENCH,MIN,FGM,FGA,FG_PCT,FG3M,FG3A,FG3_PCT,FTM,FTA,FT_PCT,OREB,DREB,REB,AST,STL,BLK,TO,PF,PTS
2052100060,1612709923,Bulls,WCB,Windy City,Starters,160.000000:23,29,60,0.483,6,20,0.3,9,10,0.9,5,23,28,15,5,7,13,14,77
2052100060,1612709923,Bulls,WCB,Windy City,Bench,37.000000:22,2,8,0.25,1,3,0.333,0,0,0.0,2,3,5,3,0,1,1,5,5
2052100060,1612709932,Cruise,MCC,Motor City,Starters,160.000000:34,25,54,0.463,9,28,0.321,7,9,0.778,8,26,34,24,3,4,10,16,71
2052100060,1612709932,Cruise,MCC,Motor City,Bench,79.000000:26,16,37,0.432,3,12,0.25,3,4,0.75,4,11,15,8,4,0,4,7,40
