GAME_ID,TEAM_ID,TEAM_NAME,TEAM_ABBREVIATION,TEAM_CITY,STARTERS_BENCH,MIN,FGM,FGA,FG_PCT,FG3M,FG3A,FG3_PCT,FTM,FTA,FT_PCT,OREB,DREB,REB,AST,STL,BLK,TO,PF,PTS
0022101054,1610612759,Spurs,SAS,San Antonio,Starters,152.000000:21,22,58,0.379,8,27,0.296,10,14,0.714,3,24,27,13,4,2,10,9,62
0022101054,1610612759,Spurs,SAS,San Antonio,Bench,43.000000:20,7,13,0.538,3,8,0.375,2,2,1.0,3,4,7,4,1,1,1,1,19
0022101054,1610612740,Pelicans,NOP,New Orleans,Starters,124.000000:13,28,51,0.549,9,18,0.5,9,12,0.75,4,28,32,11,7,3,4,10,74
0022101054,1610612740,Pelicans,NOP,New Orleans,Bench,115.000000:47,20,45,0.444,5,16,0.313,5,6,0.833,9,17,26,13,6,1,5,11,50
