GAME_ID,TEAM_ID,TEAM_NAME,TEAM_ABBREVIATION,TEAM_CITY,STARTERS_BENCH,MIN,FGM,FGA,FG_PCT,FG3M,FG3A,FG3_PCT,FTM,FTA,FT_PCT,OREB,DREB,REB,AST,STL,BLK,TO,PF,PTS
0022100582,1610612759,Spurs,SAS,San Antonio,Starters,149.000000:54,27,62,0.435,6,18,0.333,9,11,0.818,5,18,23,15,6,4,8,12,69
0022100582,1610612759,Spurs,SAS,San Antonio,Bench,60.000000:07,9,23,0.391,3,10,0.3,3,4,0.75,3,7,10,5,0,2,3,5,24
0022100582,1610612755,76ers,PHI,Philadelphia,Starters,169.000000:19,37,69,0.536,5,16,0.313,17,22,0.773,6,27,33,22,2,1,6,7,96
0022100582,1610612755,76ers,PHI,Philadelphia,Bench,55.000000:54,6,14,0.429,1,4,0.25,4,5,0.8,6,8,14,5,5,2,7,11,17
