GAME_ID,TEAM_ID,TEAM_NAME,TEAM_ABBREVIATION,TEAM_CITY,STARTERS_BENCH,MIN,FGM,FGA,FG_PCT,FG3M,FG3A,FG3_PCT,FTM,FTA,FT_PCT,OREB,DREB,REB,AST,STL,BLK,TO,PF,PTS
0022100837,1610612752,Knicks,NYK,New York,Starters,148.000000:45,25,62,0.403,8,25,0.32,13,18,0.722,11,23,34,13,0,2,7,9,71
0022100837,1610612752,Knicks,NYK,New York,Bench,91.000000:15,14,28,0.5,6,11,0.545,11,15,0.733,5,12,17,11,3,1,6,9,45
0022100837,1610612744,Warriors,GSW,Golden State,Starters,159.000000:35,32,67,0.478,12,32,0.375,15,17,0.882,4,22,26,21,3,5,5,14,91
0022100837,1610612744,Warriors,GSW,Golden State,Bench,71.000000:20,10,23,0.435,3,12,0.25,0,0,0.0,1,9,10,5,0,0,2,10,23
