GAME_ID,TEAM_ID,TEAM_NAME,TEAM_ABBREVIATION,TEAM_CITY,STARTERS_BENCH,MIN,FGM,FGA,FG_PCT,FG3M,FG3A,FG3_PCT,FTM,FTA,FT_PCT,OREB,DREB,REB,AST,STL,BLK,TO,PF,PTS
0032100001,1610616834,LeBron,LBN,Team,Starters,146.000000:51,51,88,0.58,20,45,0.444,2,2,1.0,11,25,36,29,8,4,11,4,124
0032100001,1610616834,LeBron,LBN,Team,Bench,90.000000:50,16,30,0.533,7,17,0.412,0,0,0.0,2,10,12,11,5,2,5,1,39
0032100001,1610616833,Durant,DRT,Team,Starters,102.000000:49,30,56,0.536,10,26,0.385,3,3,1.0,4,13,17,23,3,0,4,0,73
0032100001,1610616833,Durant,DRT,Team,Bench,112.000000:12,27,51,0.529,8,25,0.32,4,4,1.0,6,18,24,12,8,1,8,2,66
