GAME_ID,TEAM_ID,TEAM_NAME,TEAM_ABBREVIATION,TEAM_CITY,STARTERS_BENCH,MIN,FGM,FGA,FG_PCT,FG3M,FG3A,FG3_PCT,FTM,FTA,FT_PCT,OREB,DREB,REB,AST,STL,BLK,TO,PF,PTS
0022100827,1610612761,Raptors,TOR,Toronto,Starters,178.000000:26,36,67,0.537,13,30,0.433,11,11,1.0,4,25,29,19,8,2,12,10,96
0022100827,1610612761,Raptors,TOR,Toronto,Bench,61.000000:34,9,21,0.429,0,5,0.0,3,3,1.0,6,10,16,3,1,2,4,6,21
0022100827,1610612760,Thunder,OKC,Oklahoma City,Starters,116.000000:57,14,40,0.35,4,18,0.222,11,13,0.846,8,16,24,14,4,0,13,7,43
0022100827,1610612760,Thunder,OKC,Oklahoma City,Bench,123.000000:03,22,47,0.468,10,29,0.345,1,1,1.0,6,15,21,14,7,4,4,10,55
