GAME_ID,TEAM_ID,TEAM_NAME,TEAM_ABBREVIATION,TEAM_CITY,STARTERS_BENCH,MIN,FGM,FGA,FG_PCT,FG3M,FG3A,FG3_PCT,FTM,FTA,FT_PCT,OREB,DREB,REB,AST,STL,BLK,TO,PF,PTS
2022100192,1612709920,905,RAP,Raptors,Starters,157.000000:52,33,70,0.471,7,23,0.304,11,12,0.917,10,26,36,22,6,5,12,16,89
2022100192,1612709920,905,RAP,Raptors,Bench,82.000000:08,9,24,0.375,2,8,0.25,2,2,1.0,1,8,9,5,4,2,4,8,23
2022100192,1612709928,Go-Go,CCG,Capital City,Starters,166.000000:09,26,64,0.406,7,21,0.333,4,5,0.8,13,29,42,21,5,6,9,13,65
2022100192,1612709928,Go-Go,CCG,Capital City,Bench,73.000000:51,17,31,0.548,4,7,0.571,11,13,0.846,0,9,9,6,3,2,7,7,51
