GAME_ID,TEAM_ID,TEAM_NAME,TEAM_ABBREVIATION,TEAM_CITY,STARTERS_BENCH,MIN,FGM,FGA,FG_PCT,FG3M,FG3A,FG3_PCT,FTM,FTA,FT_PCT,OREB,DREB,REB,AST,STL,BLK,TO,PF,PTS
2022100253,1612709918,Legends,TEX,Texas,Starters,161.000000:13,31,59,0.525,7,16,0.438,8,9,0.889,7,17,24,22,5,2,14,11,83
2022100253,1612709918,Legends,TEX,Texas,Bench,34.000000:04,6,12,0.5,2,6,0.333,0,1,0.0,1,2,3,1,2,0,0,2,14
2022100253,1612709924,Clippers,ACC,Agua Caliente,Starters,142.000000:37,38,64,0.594,6,17,0.353,7,8,0.875,9,14,23,19,12,3,8,6,91
2022100253,1612709924,Clippers,ACC,Agua Caliente,Bench,97.000000:23,13,32,0.406,3,10,0.3,4,4,1.0,5,15,20,13,2,5,5,11,36
