GAME_ID,TEAM_ID,TEAM_NAME,TEAM_ABBREVIATION,TEAM_CITY,STARTERS_BENCH,MIN,FGM,FGA,FG_PCT,FG3M,FG3A,FG3_PCT,FTM,FTA,FT_PCT,OREB,DREB,REB,AST,STL,BLK,TO,PF,PTS
0022100863,1610612761,Raptors,TOR,Toronto,Starters,138.000000:39,18,64,0.281,7,24,0.292,9,11,0.818,7,10,17,5,2,2,4,4,52
0022100863,1610612761,Raptors,TOR,Toronto,Bench,84.000000:30,8,27,0.296,1,10,0.1,15,20,0.75,8,13,21,3,3,1,2,6,32
0022100863,1610612740,Pelicans,NOP,New Orleans,Starters,141.000000:18,25,42,0.595,7,18,0.389,8,9,0.889,1,27,28,26,3,4,7,11,65
0022100863,1610612740,Pelicans,NOP,New Orleans,Bench,73.000000:50,17,26,0.654,7,14,0.5,6,7,0.857,2,9,11,8,1,2,6,11,47
