GAME_ID,TEAM_ID,TEAM_NAME,TEAM_ABBREVIATION,TEAM_CITY,STARTERS_BENCH,MIN,FGM,FGA,FG_PCT,FG3M,FG3A,FG3_PCT,FTM,FTA,FT_PCT,OREB,DREB,REB,AST,STL,BLK,TO,PF,PTS
0022100616,1610612746,Clippers,LAC,LA,Starters,144.000000:48,19,49,0.388,7,23,0.304,6,8,0.75,1,13,14,13,8,2,6,19,51
0022100616,1610612746,Clippers,LAC,LA,Bench,95.000000:12,15,35,0.429,3,11,0.273,3,4,0.75,2,15,17,10,4,2,3,3,36
0022100616,1610612743,Nuggets,DEN,Denver,Starters,152.000000:45,25,47,0.532,3,18,0.167,13,15,0.867,8,28,36,17,3,1,14,12,66
0022100616,1610612743,Nuggets,DEN,Denver,Bench,87.000000:15,7,33,0.212,1,15,0.067,4,5,0.8,5,15,20,7,1,1,5,7,19
