GAME_ID,TEAM_ID,TEAM_NAME,TEAM_ABBREVIATION,TEAM_CITY,STARTERS_BENCH,MIN,FGM,FGA,FG_PCT,FG3M,FG3A,FG3_PCT,FTM,FTA,FT_PCT,OREB,DREB,REB,AST,STL,BLK,TO,PF,PTS
0022101224,1610612750,Timberwolves,MIN,Minnesota,Starters,84.000000:47,13,32,0.406,4,16,0.25,5,6,0.833,2,8,10,7,1,2,5,8,35
0022101224,1610612750,Timberwolves,MIN,Minnesota,Bench,155.000000:13,33,59,0.559,7,15,0.467,12,16,0.75,7,15,22,23,6,7,8,15,85
0022101224,1610612741,Bulls,CHI,Chicago,Starters,180.000000:17,34,66,0.515,8,18,0.444,20,26,0.769,7,25,32,16,6,1,14,10,96
0022101224,1610612741,Bulls,CHI,Chicago,Bench,59.000000:43,10,17,0.588,2,3,0.667,6,7,0.857,9,7,16,6,3,2,7,12,28
