GAME_ID,TEAM_ID,TEAM_NAME,TEAM_ABBREVIATION,TEAM_CITY,STARTERS_BENCH,MIN,FGM,FGA,FG_PCT,FG3M,FG3A,FG3_PCT,FTM,FTA,FT_PCT,OREB,DREB,REB,AST,STL,BLK,TO,PF,PTS
2052100142,1612709931,Capitanes,MXC,Ciudad de Mexico,Starters,142.000000:52,21,49,0.429,1,17,0.059,8,11,0.727,11,19,30,14,4,1,15,16,53
2052100142,1612709931,Capitanes,MXC,Ciudad de Mexico,Bench,94.000000:11,13,34,0.382,8,17,0.471,4,5,0.8,6,7,13,7,7,1,6,5,43
2052100142,1612709922,Swarm,GBO,Greensboro,Starters,140.000000:33,18,46,0.391,5,22,0.227,11,14,0.786,5,20,25,14,5,4,9,11,57
2052100142,1612709922,Swarm,GBO,Greensboro,Bench,70.000000:49,11,22,0.5,4,9,0.444,1,2,0.5,5,3,8,3,6,0,7,11,27
