GAME_ID,TEAM_ID,TEAM_NAME,TEAM_ABBREVIATION,TEAM_CITY,STARTERS_BENCH,MIN,FGM,FGA,FG_PCT,FG3M,FG3A,FG3_PCT,FTM,FTA,FT_PCT,OREB,DREB,REB,AST,STL,BLK,TO,PF,PTS
0022100882,1610612756,Suns,PHX,Phoenix,Starters,152.000000:15,27,58,0.466,2,13,0.154,27,32,0.844,6,17,23,16,8,3,9,12,83
0022100882,1610612756,Suns,PHX,Phoenix,Bench,84.000000:49,17,28,0.607,5,11,0.455,2,4,0.5,1,17,18,10,2,4,2,7,41
0022100882,1610612745,Rockets,HOU,Houston,Starters,168.000000:35,34,72,0.472,11,33,0.333,22,25,0.88,6,28,34,16,3,4,13,20,101
0022100882,1610612745,Rockets,HOU,Houston,Bench,71.000000:25,8,25,0.32,2,11,0.182,2,3,0.667,7,8,15,7,2,1,3,7,20
