GAME_ID,TEAM_ID,TEAM_NAME,TEAM_ABBREVIATION,TEAM_CITY,STARTERS_BENCH,MIN,FGM,FGA,FG_PCT,FG3M,FG3A,FG3_PCT,FTM,FTA,FT_PCT,OREB,DREB,REB,AST,STL,BLK,TO,PF,PTS
2052100163,1612709925,Magic,LAK,Lakeland,Starters,160.000000:09,32,68,0.471,7,25,0.28,5,7,0.714,5,22,27,16,2,0,6,11,81
2052100163,1612709925,Magic,LAK,Lakeland,Bench,79.000000:51,6,23,0.261,3,12,0.25,0,1,0.0,5,11,16,6,2,2,7,8,15
2052100163,1612709890,Spurs,AUS,Austin,Starters,163.000000:15,32,58,0.552,7,21,0.333,8,10,0.8,4,31,35,18,3,0,10,8,83
2052100163,1612709890,Spurs,AUS,Austin,Bench,37.000000:34,5,11,0.455,1,3,0.333,2,2,1.0,1,6,7,9,0,0,0,5,15
