GAME_ID,TEAM_ID,TEAM_NAME,TEAM_ABBREVIATION,TEAM_CITY,STARTERS_BENCH,MIN,FGM,FGA,FG_PCT,FG3M,FG3A,FG3_PCT,FTM,FTA,FT_PCT,OREB,DREB,REB,AST,STL,BLK,TO,PF,PTS
2022100460,1612709902,Warriors,SCW,Santa Cruz,Starters,169.000000:47,34,72,0.472,10,24,0.417,12,15,0.8,15,25,40,23,4,4,14,13,94
2022100460,1612709902,Warriors,SCW,Santa Cruz,Bench,42.000000:05,6,10,0.6,3,6,0.5,0,0,0.0,2,6,8,4,1,0,2,3,15
2022100460,1612709890,Spurs,AUS,Austin,Starters,135.000000:53,26,56,0.464,8,25,0.32,3,4,0.75,5,15,20,17,5,0,6,10,64
2022100460,1612709890,Spurs,AUS,Austin,Bench,53.000000:22,9,23,0.391,0,9,0.0,3,4,0.75,3,3,6,4,4,3,0,6,23
