GAME_ID,TEAM_ID,TEAM_NAME,TEAM_ABBREVIATION,TEAM_CITY,STARTERS_BENCH,MIN,FGM,FGA,FG_PCT,FG3M,FG3A,FG3_PCT,FTM,FTA,FT_PCT,OREB,DREB,REB,AST,STL,BLK,TO,PF,PTS
0022101081,1610612752,Knicks,NYK,New York,Starters,161.000000:47,31,65,0.477,7,24,0.292,12,23,0.522,11,17,28,14,10,4,11,17,81
0022101081,1610612752,Knicks,NYK,New York,Bench,78.000000:13,11,21,0.524,6,10,0.6,2,3,0.667,3,10,13,6,2,0,2,6,30
0022101081,1610612737,Hawks,ATL,Atlanta,Starters,164.000000:12,27,55,0.491,11,26,0.423,16,19,0.842,4,26,30,19,3,4,12,8,81
0022101081,1610612737,Hawks,ATL,Atlanta,Bench,75.000000:48,13,26,0.5,4,10,0.4,6,8,0.75,6,7,13,7,4,1,2,10,36
