GAME_ID,TEAM_ID,TEAM_NAME,TEAM_ABBREVIATION,TEAM_CITY,STARTERS_BENCH,MIN,FGM,FGA,FG_PCT,FG3M,FG3A,FG3_PCT,FTM,FTA,FT_PCT,OREB,DREB,REB,AST,STL,BLK,TO,PF,PTS
2052100036,1612709927,Herd,WIS,Wisconsin,Starters,139.000000:35,35,62,0.565,12,21,0.571,8,11,0.727,4,16,20,14,6,2,10,9,95
2052100036,1612709927,Herd,WIS,Wisconsin,Bench,61.000000:02,7,12,0.583,3,6,0.5,1,2,0.5,1,7,8,8,3,1,6,4,18
2052100036,1612709932,Cruise,MCC,Motor City,Starters,174.000000:04,38,72,0.528,16,34,0.471,3,7,0.429,7,23,30,20,10,0,19,19,98
2052100036,1612709932,Cruise,MCC,Motor City,Bench,46.000000:29,8,16,0.5,3,7,0.429,1,1,1.0,3,5,8,6,2,2,1,3,21
