GAME_ID,TEAM_ID,TEAM_NAME,TEAM_ABBREVIATION,TEAM_CITY,STARTERS_BENCH,MIN,FGM,FGA,FG_PCT,FG3M,FG3A,FG3_PCT,FTM,FTA,FT_PCT,OREB,DREB,REB,AST,STL,BLK,TO,PF,PTS
0022101063,1610612763,Grizzlies,MEM,Memphis,Starters,131.000000:57,27,56,0.482,10,19,0.526,13,14,0.929,4,22,26,21,9,3,7,14,77
0022101063,1610612763,Grizzlies,MEM,Memphis,Bench,45.000000:14,4,10,0.4,0,1,0.0,0,2,0.0,2,7,9,3,4,1,2,6,8
0022101063,1610612745,Rockets,HOU,Houston,Starters,110.000000:03,14,44,0.318,4,17,0.235,8,14,0.571,2,17,19,9,3,1,6,7,40
0022101063,1610612745,Rockets,HOU,Houston,Bench,129.000000:57,23,42,0.548,6,14,0.429,6,10,0.6,3,23,26,17,3,2,11,9,58
