GAME_ID,TEAM_ID,TEAM_NAME,TEAM_ABBREVIATION,TEAM_CITY,STARTERS_BENCH,MIN,FGM,FGA,FG_PCT,FG3M,FG3A,FG3_PCT,FTM,FTA,FT_PCT,OREB,DREB,REB,AST,STL,BLK,TO,PF,PTS
0022100686,1610612755,76ers,PHI,Philadelphia,Starters,175.000000:58,33,71,0.465,9,21,0.429,12,17,0.706,5,17,22,21,5,2,5,9,87
0022100686,1610612755,76ers,PHI,Philadelphia,Bench,64.000000:02,5,20,0.25,1,7,0.143,3,4,0.75,8,14,22,2,2,1,2,8,14
0022100686,1610612746,Clippers,LAC,LA,Starters,147.000000:12,28,52,0.538,8,17,0.471,6,8,0.75,6,26,32,14,3,0,7,12,70
0022100686,1610612746,Clippers,LAC,LA,Bench,87.000000:16,11,31,0.355,3,13,0.231,5,7,0.714,4,12,16,7,2,0,3,9,30
