GAME_ID,TEAM_ID,TEAM_NAME,TEAM_ABBREVIATION,TEAM_CITY,STARTERS_BENCH,MIN,FGM,FGA,FG_PCT,FG3M,FG3A,FG3_PCT,FTM,FTA,FT_PCT,OREB,DREB,REB,AST,STL,BLK,TO,PF,PTS
0022100367,1610612739,Cavaliers,CLE,Cleveland,Starters,151.000000:27,31,51,0.608,5,13,0.385,9,11,0.818,4,25,29,13,4,6,8,12,76
0022100367,1610612739,Cavaliers,CLE,Cleveland,Bench,88.000000:33,13,29,0.448,8,15,0.533,5,5,1.0,1,12,13,15,6,2,6,10,39
0022100367,1610612741,Bulls,CHI,Chicago,Starters,167.000000:18,29,65,0.446,7,21,0.333,11,16,0.688,5,17,22,19,4,2,12,11,76
0022100367,1610612741,Bulls,CHI,Chicago,Bench,72.000000:42,6,19,0.316,0,5,0.0,4,5,0.8,6,9,15,2,2,1,5,6,16
