GAME_ID,TEAM_ID,TEAM_NAME,TEAM_ABBREVIATION,TEAM_CITY,STARTERS_BENCH,MIN,FGM,FGA,FG_PCT,FG3M,FG3A,FG3_PCT,FTM,FTA,FT_PCT,OREB,DREB,REB,AST,STL,BLK,TO,PF,PTS
0022100697,1610612756,Suns,PHX,Phoenix,Starters,155.000000:34,31,63,0.492,2,13,0.154,5,6,0.833,6,25,31,24,9,5,8,10,69
0022100697,1610612756,Suns,PHX,Phoenix,Bench,84.000000:26,16,33,0.485,5,12,0.417,7,8,0.875,8,12,20,10,2,3,3,9,44
0022100697,1610612754,Pacers,IND,Indiana,Starters,148.000000:54,21,51,0.412,8,19,0.421,6,10,0.6,6,20,26,13,4,2,11,11,56
0022100697,1610612754,Pacers,IND,Indiana,Bench,91.000000:07,16,33,0.485,2,10,0.2,13,17,0.765,6,12,18,6,1,3,6,7,47
