GAME_ID,TEAM_ID,TEAM_NAME,TEAM_ABBREVIATION,TEAM_CITY,STARTERS_BENCH,MIN,FGM,FGA,FG_PCT,FG3M,FG3A,FG3_PCT,FTM,FTA,FT_PCT,OREB,DREB,REB,AST,STL,BLK,TO,PF,PTS
0022100407,1610612745,Rockets,HOU,Houston,Starters,130.000000:07,23,55,0.418,10,29,0.345,14,16,0.875,2,19,21,13,6,2,8,13,70
0022100407,1610612745,Rockets,HOU,Houston,Bench,109.000000:53,23,41,0.561,9,17,0.529,7,11,0.636,10,14,24,14,2,3,3,11,62
0022100407,1610612737,Hawks,ATL,Atlanta,Starters,147.000000:13,27,54,0.5,8,22,0.364,18,22,0.818,6,27,33,16,4,3,10,15,80
0022100407,1610612737,Hawks,ATL,Atlanta,Bench,92.000000:47,15,31,0.484,7,17,0.412,9,9,1.0,2,5,7,4,5,3,2,11,46
