GAME_ID,TEAM_ID,TEAM_NAME,TEAM_ABBREVIATION,TEAM_CITY,STARTERS_BENCH,MIN,FGM,FGA,FG_PCT,FG3M,FG3A,FG3_PCT,FTM,FTA,FT_PCT,OREB,DREB,REB,AST,STL,BLK,TO,PF,PTS
2022100454,1612709902,Warriors,SCW,Santa Cruz,Starters,171.000000:33,33,67,0.493,9,22,0.409,8,13,0.615,9,23,32,20,4,4,12,17,89
2022100454,1612709902,Warriors,SCW,Santa Cruz,Bench,41.000000:35,5,14,0.357,5,11,0.455,2,2,1.0,1,4,5,1,1,2,4,6,17
2022100454,1612709911,Wolves,IWA,Iowa,Starters,161.000000:12,31,63,0.492,6,23,0.261,11,12,0.917,13,28,41,16,4,5,7,12,86
2022100454,1612709911,Wolves,IWA,Iowa,Bench,83.000000:58,8,24,0.333,2,8,0.25,4,6,0.667,2,6,8,6,2,1,7,5,26
