GAME_ID,TEAM_ID,TEAM_NAME,TEAM_ABBREVIATION,TEAM_CITY,STARTERS_BENCH,MIN,FGM,FGA,FG_PCT,FG3M,FG3A,FG3_PCT,FTM,FTA,FT_PCT,OREB,DREB,REB,AST,STL,BLK,TO,PF,PTS
0022100953,1610612756,Suns,PHX,Phoenix,Starters,163.000000:23,23,53,0.434,7,17,0.412,12,16,0.75,1,20,21,23,6,1,6,13,65
0022100953,1610612756,Suns,PHX,Phoenix,Bench,59.000000:22,12,24,0.5,9,16,0.563,7,8,0.875,1,9,10,1,1,2,2,7,40
0022100953,1610612752,Knicks,NYK,New York,Starters,179.000000:60,33,72,0.458,10,22,0.455,18,24,0.75,11,26,37,18,6,4,10,14,94
0022100953,1610612752,Knicks,NYK,New York,Bench,60.000000:00,7,14,0.5,3,7,0.429,3,6,0.5,1,11,12,5,1,1,2,8,20
