GAME_ID,TEAM_ID,TEAM_NAME,TEAM_ABBREVIATION,TEAM_CITY,STARTERS_BENCH,MIN,FGM,FGA,FG_PCT,FG3M,FG3A,FG3_PCT,FTM,FTA,FT_PCT,OREB,DREB,REB,AST,STL,BLK,TO,PF,PTS
0022100137,1610612756,Suns,PHX,Phoenix,Starters,149.000000:32,31,55,0.564,9,25,0.36,12,16,0.75,4,24,28,19,5,5,6,15,83
0022100137,1610612756,Suns,PHX,Phoenix,Bench,61.000000:03,7,23,0.304,3,15,0.2,5,5,1.0,1,7,8,3,3,0,5,6,22
0022100137,1610612737,Hawks,ATL,Atlanta,Starters,160.000000:10,31,72,0.431,11,26,0.423,13,15,0.867,8,29,37,16,1,0,9,9,86
0022100137,1610612737,Hawks,ATL,Atlanta,Bench,76.000000:36,11,24,0.458,2,6,0.333,7,8,0.875,5,6,11,1,1,1,3,7,31
