GAME_ID,TEAM_ID,TEAM_NAME,TEAM_ABBREVIATION,TEAM_CITY,STARTERS_BENCH,MIN,FGM,FGA,FG_PCT,FG3M,FG3A,FG3_PCT,FTM,FTA,FT_PCT,OREB,DREB,REB,AST,STL,BLK,TO,PF,PTS
2022100135,1612709927,Herd,WIS,Wisconsin,Starters,162.000000:36,29,59,0.492,11,29,0.379,9,14,0.643,8,23,31,21,7,5,12,9,87
2022100135,1612709927,Herd,WIS,Wisconsin,Bench,43.000000:57,7,16,0.438,1,6,0.167,1,2,0.5,2,1,3,3,0,0,3,2,17
2022100135,1612709925,Magic,LAK,Lakeland,Starters,180.000000:44,34,62,0.548,10,25,0.4,5,9,0.556,5,25,30,21,10,3,8,16,86
2022100135,1612709925,Magic,LAK,Lakeland,Bench,46.000000:55,7,17,0.412,2,8,0.25,2,3,0.667,3,6,9,3,2,0,4,4,20
