GAME_ID,TEAM_ID,TEAM_NAME,TEAM_ABBREVIATION,TEAM_CITY,STARTERS_BENCH,MIN,FGM,FGA,FG_PCT,FG3M,FG3A,FG3_PCT,FTM,FTA,FT_PCT,OREB,DREB,REB,AST,STL,BLK,TO,PF,PTS
2022100101,1612709914,Kings,STO,Stockton,Starters,165.000000:53,23,60,0.383,6,17,0.353,10,13,0.769,8,27,35,16,5,3,8,13,69
2022100101,1612709914,Kings,STO,Stockton,Bench,74.000000:07,9,27,0.333,4,15,0.267,0,1,0.0,1,8,9,6,1,1,2,4,22
2022100101,1612709924,Clippers,ACC,Agua Caliente,Starters,158.000000:28,25,62,0.403,9,26,0.346,5,7,0.714,4,30,34,18,5,4,8,14,66
2022100101,1612709924,Clippers,ACC,Agua Caliente,Bench,21.000000:11,6,13,0.462,2,4,0.5,0,0,0.0,2,3,5,2,0,0,1,0,14
