GAME_ID,TEAM_ID,TEAM_NAME,TEAM_ABBREVIATION,TEAM_CITY,STARTERS_BENCH,MIN,FGM,FGA,FG_PCT,FG3M,FG3A,FG3_PCT,FTM,FTA,FT_PCT,OREB,DREB,REB,AST,STL,BLK,TO,PF,PTS
0022100014,1610612742,Mavericks,DAL,Dallas,Starters,141.000000:09,17,56,0.304,6,24,0.25,12,13,0.923,8,22,30,10,6,2,12,13,52
0022100014,1610612742,Mavericks,DAL,Dallas,Bench,86.000000:14,13,33,0.394,7,19,0.368,0,0,0.0,1,13,14,6,1,1,3,8,33
0022100014,1610612737,Hawks,ATL,Atlanta,Starters,138.000000:01,28,52,0.538,8,16,0.5,5,6,0.833,3,27,30,20,4,6,8,11,69
0022100014,1610612737,Hawks,ATL,Atlanta,Bench,101.000000:59,17,42,0.405,7,19,0.368,3,3,1.0,3,22,25,11,4,3,5,5,44
