GAME_ID,TEAM_ID,TEAM_NAME,TEAM_ABBREVIATION,TEAM_CITY,STARTERS_BENCH,MIN,FGM,FGA,FG_PCT,FG3M,FG3A,FG3_PCT,FTM,FTA,FT_PCT,OREB,DREB,REB,AST,STL,BLK,TO,PF,PTS
2022100246,1612709908,Vipers,RGV,Rio Grande Valley,Starters,165.000000:09,36,65,0.554,11,29,0.379,12,16,0.75,10,21,31,19,10,1,12,17,107
2022100246,1612709908,Vipers,RGV,Rio Grande Valley,Bench,74.000000:52,11,25,0.44,4,11,0.364,4,5,0.8,2,8,10,10,3,2,4,7,32
2022100246,1612709890,Spurs,AUS,Austin,Starters,158.000000:45,38,65,0.585,8,16,0.5,11,13,0.846,3,18,21,18,8,2,12,20,105
2022100246,1612709890,Spurs,AUS,Austin,Bench,63.000000:18,9,18,0.5,4,11,0.364,0,1,0.0,3,10,13,6,0,2,3,9,22
