GAME_ID,TEAM_ID,TEAM_NAME,TEAM_ABBREVIATION,TEAM_CITY,STARTERS_BENCH,MIN,FGM,FGA,FG_PCT,FG3M,FG3A,FG3_PCT,FTM,FTA,FT_PCT,OREB,DREB,REB,AST,STL,BLK,TO,PF,PTS
2022100471,1612709925,Magic,LAK,Lakeland,Starters,150.000000:02,31,53,0.585,14,27,0.519,7,7,1.0,2,19,21,17,7,5,10,17,90
2022100471,1612709925,Magic,LAK,Lakeland,Bench,45.000000:35,11,18,0.611,3,7,0.429,2,4,0.5,0,9,9,7,1,1,3,7,29
2022100471,1612709929,Skyhawks,CPS,College Park,Starters,147.000000:56,31,52,0.596,10,20,0.5,13,15,0.867,3,18,21,18,6,1,10,12,96
2022100471,1612709929,Skyhawks,CPS,College Park,Bench,92.000000:04,13,29,0.448,3,14,0.214,8,11,0.727,3,11,14,9,0,1,2,10,44
