GAME_ID,TEAM_ID,TEAM_NAME,TEAM_ABBREVIATION,TEAM_CITY,STARTERS_BENCH,MIN,FGM,FGA,FG_PCT,FG3M,FG3A,FG3_PCT,FTM,FTA,FT_PCT,OREB,DREB,REB,AST,STL,BLK,TO,PF,PTS
0022100424,1610612750,Timberwolves,MIN,Minnesota,Starters,165.000000:04,39,63,0.619,19,36,0.528,6,9,0.667,3,24,27,22,5,3,8,14,103
0022100424,1610612750,Timberwolves,MIN,Minnesota,Bench,69.000000:22,6,21,0.286,4,10,0.4,5,7,0.714,3,9,12,2,5,2,2,7,21
0022100424,1610612743,Nuggets,DEN,Denver,Starters,144.000000:45,25,48,0.521,6,17,0.353,12,16,0.75,6,14,20,21,2,0,14,10,68
0022100424,1610612743,Nuggets,DEN,Denver,Bench,95.000000:15,13,36,0.361,8,22,0.364,5,7,0.714,3,19,22,12,3,3,3,5,39
