GAME_ID,TEAM_ID,TEAM_NAME,TEAM_ABBREVIATION,TEAM_CITY,STARTERS_BENCH,MIN,FGM,FGA,FG_PCT,FG3M,FG3A,FG3_PCT,FTM,FTA,FT_PCT,OREB,DREB,REB,AST,STL,BLK,TO,PF,PTS
2022100504,1612709914,Kings,STO,Stockton,Starters,172.000000:19,34,68,0.5,10,25,0.4,3,4,0.75,1,22,23,13,4,1,9,14,83
2022100504,1612709914,Kings,STO,Stockton,Bench,67.000000:41,8,18,0.444,2,6,0.333,0,3,0.0,4,16,20,7,1,2,3,6,18
2022100504,1612709903,Stars,SLC,Salt Lake City,Starters,170.000000:38,29,65,0.446,11,33,0.333,10,12,0.833,4,20,24,19,3,3,7,14,86
2022100504,1612709903,Stars,SLC,Salt Lake City,Bench,49.000000:43,4,15,0.267,1,7,0.143,0,0,0.0,0,6,6,3,1,1,3,2,9
