GAME_ID,TEAM_ID,TEAM_NAME,TEAM_ABBREVIATION,TEAM_CITY,STARTERS_BENCH,MIN,FGM,FGA,FG_PCT,FG3M,FG3A,FG3_PCT,FTM,FTA,FT_PCT,OREB,DREB,REB,AST,STL,BLK,TO,PF,PTS
2022100337,1612709925,Magic,LAK,Lakeland,Starters,132.000000:03,24,45,0.533,15,24,0.625,13,13,1.0,3,11,14,18,7,1,7,8,78
2022100337,1612709925,Magic,LAK,Lakeland,Bench,83.000000:57,16,33,0.485,4,14,0.286,2,2,1.0,2,15,17,14,4,1,10,6,39
2022100337,1612709910,Mad Ants,FWN,Fort Wayne,Starters,186.000000:52,46,79,0.582,15,34,0.441,11,13,0.846,7,20,27,27,15,4,12,18,122
2022100337,1612709910,Mad Ants,FWN,Fort Wayne,Bench,34.000000:54,3,7,0.429,0,1,0.0,0,1,0.0,1,3,4,6,0,1,1,4,6
