GAME_ID,TEAM_ID,TEAM_NAME,TEAM_ABBREVIATION,TEAM_CITY,STARTERS_BENCH,MIN,FGM,FGA,FG_PCT,FG3M,FG3A,FG3_PCT,FTM,FTA,FT_PCT,OREB,DREB,REB,AST,STL,BLK,TO,PF,PTS
0022101046,1610612755,76ers,PHI,Philadelphia,Starters,152.000000:19,29,55,0.527,11,24,0.458,19,21,0.905,2,21,23,22,9,3,10,14,88
0022101046,1610612755,76ers,PHI,Philadelphia,Bench,87.000000:41,8,20,0.4,5,14,0.357,2,2,1.0,3,12,15,1,0,1,1,7,23
0022101046,1610612742,Mavericks,DAL,Dallas,Starters,169.000000:25,29,62,0.468,7,22,0.318,13,18,0.722,7,22,29,18,3,2,9,8,78
0022101046,1610612742,Mavericks,DAL,Dallas,Bench,53.000000:56,6,14,0.429,4,8,0.5,2,3,0.667,3,5,8,1,1,1,2,6,18
