GAME_ID,TEAM_ID,TEAM_NAME,TEAM_ABBREVIATION,TEAM_CITY,STARTERS_BENCH,MIN,FGM,FGA,FG_PCT,FG3M,FG3A,FG3_PCT,FTM,FTA,FT_PCT,OREB,DREB,REB,AST,STL,BLK,TO,PF,PTS
0022101172,1610612761,Raptors,TOR,Toronto,Starters,175.000000:12,31,66,0.47,11,32,0.344,23,24,0.958,4,17,21,15,10,0,11,15,96
0022101172,1610612761,Raptors,TOR,Toronto,Bench,59.000000:56,4,16,0.25,1,6,0.167,4,10,0.4,6,11,17,4,1,1,3,5,13
0022101172,1610612748,Heat,MIA,Miami,Starters,151.000000:33,23,46,0.5,11,22,0.5,12,18,0.667,5,19,24,16,6,4,4,13,69
0022101172,1610612748,Heat,MIA,Miami,Bench,88.000000:27,18,33,0.545,7,16,0.438,2,4,0.5,3,11,14,14,3,0,13,8,45
