GAME_ID,TEAM_ID,TEAM_NAME,TEAM_ABBREVIATION,TEAM_CITY,STARTERS_BENCH,MIN,FGM,FGA,FG_PCT,FG3M,FG3A,FG3_PCT,FTM,FTA,FT_PCT,OREB,DREB,REB,AST,STL,BLK,TO,PF,PTS
0022100435,1610612744,Warriors,GSW,Golden State,Starters,133.000000:50,24,56,0.429,10,26,0.385,13,15,0.867,9,17,26,14,4,4,10,18,71
0022100435,1610612744,Warriors,GSW,Golden State,Bench,79.000000:31,10,26,0.385,5,16,0.313,4,4,1.0,3,9,12,12,5,3,2,5,29
0022100435,1610612738,Celtics,BOS,Boston,Starters,154.000000:47,26,56,0.464,9,25,0.36,14,21,0.667,8,28,36,17,3,1,12,11,75
0022100435,1610612738,Celtics,BOS,Boston,Bench,85.000000:13,10,26,0.385,6,16,0.375,6,8,0.75,3,6,9,3,2,1,4,8,32
