GAME_ID,TEAM_ID,TEAM_NAME,TEAM_ABBREVIATION,TEAM_CITY,STARTERS_BENCH,MIN,FGM,FGA,FG_PCT,FG3M,FG3A,FG3_PCT,FTM,FTA,FT_PCT,OREB,DREB,REB,AST,STL,BLK,TO,PF,PTS
2022100411,1612709918,Legends,TEX,Texas,Starters,182.000000:52,35,72,0.486,9,26,0.346,12,16,0.75,10,23,33,16,5,6,5,12,98
2022100411,1612709918,Legends,TEX,Texas,Bench,57.000000:08,6,15,0.4,2,4,0.5,1,1,1.0,0,9,9,6,3,0,4,2,16
2022100411,1612709924,Clippers,ACC,Agua Caliente,Starters,158.000000:11,28,61,0.459,6,17,0.353,4,9,0.444,10,23,33,16,4,2,10,10,70
2022100411,1612709924,Clippers,ACC,Agua Caliente,Bench,78.000000:10,13,29,0.448,5,13,0.385,3,4,0.75,6,12,18,5,4,6,4,8,37
