GAME_ID,TEAM_ID,TEAM_NAME,TEAM_ABBREVIATION,TEAM_CITY,STARTERS_BENCH,MIN,FGM,FGA,FG_PCT,FG3M,FG3A,FG3_PCT,FTM,FTA,FT_PCT,OREB,DREB,REB,AST,STL,BLK,TO,PF,PTS
2022100329,1612709903,Stars,SLC,Salt Lake City,Starters,198.000000:23,41,86,0.477,11,32,0.344,14,18,0.778,13,32,45,22,8,7,13,14,115
2022100329,1612709903,Stars,SLC,Salt Lake City,Bench,41.000000:03,4,9,0.444,1,4,0.25,0,1,0.0,2,4,6,1,2,1,1,8,9
2022100329,1612709911,Wolves,IWA,Iowa,Starters,164.000000:38,30,59,0.508,14,26,0.538,11,12,0.917,7,20,27,21,4,4,9,14,90
2022100329,1612709911,Wolves,IWA,Iowa,Bench,85.000000:22,12,34,0.353,1,11,0.091,6,6,1.0,3,16,19,6,1,1,9,11,32
