GAME_ID,TEAM_ID,TEAM_NAME,TEAM_ABBREVIATION,TEAM_CITY,STARTERS_BENCH,MIN,FGM,FGA,FG_PCT,FG3M,FG3A,FG3_PCT,FTM,FTA,FT_PCT,OREB,DREB,REB,AST,STL,BLK,TO,PF,PTS
0022100981,1610612766,Hornets,CHA,Charlotte,Starters,177.000000:51,26,59,0.441,6,25,0.24,12,16,0.75,8,25,33,16,6,7,14,11,70
0022100981,1610612766,Hornets,CHA,Charlotte,Bench,62.000000:09,10,26,0.385,2,8,0.25,9,12,0.75,7,6,13,2,2,0,2,4,31
0022100981,1610612738,Celtics,BOS,Boston,Starters,159.000000:22,37,67,0.552,9,22,0.409,9,12,0.75,12,22,34,21,7,3,9,14,92
0022100981,1610612738,Celtics,BOS,Boston,Bench,80.000000:38,9,26,0.346,3,15,0.2,2,2,1.0,4,9,13,9,3,5,2,6,23
