GAME_ID,TEAM_ID,TEAM_NAME,TEAM_ABBREVIATION,TEAM_CITY,STARTERS_BENCH,MIN,FGM,FGA,FG_PCT,FG3M,FG3A,FG3_PCT,FTM,FTA,FT_PCT,OREB,DREB,REB,AST,STL,BLK,TO,PF,PTS
2042100111,1612709929,Skyhawks,CPS,College Park,Starters,179.000000:27,32,75,0.427,7,24,0.292,13,15,0.867,9,25,34,31,4,3,7,14,92
2042100111,1612709929,Skyhawks,CPS,College Park,Bench,60.000000:33,13,19,0.684,2,2,1.0,1,1,1.0,2,6,8,0,1,0,8,6,30
2042100111,1612709928,Go-Go,CCG,Capital City,Starters,169.000000:18,39,71,0.549,7,17,0.412,8,10,0.8,9,20,29,23,5,5,5,15,96
2042100111,1612709928,Go-Go,CCG,Capital City,Bench,70.000000:42,11,23,0.478,1,6,0.167,7,7,1.0,2,11,13,7,3,3,8,11,35
