GAME_ID,TEAM_ID,TEAM_NAME,TEAM_ABBREVIATION,TEAM_CITY,STARTERS_BENCH,MIN,FGM,FGA,FG_PCT,FG3M,FG3A,FG3_PCT,FTM,FTA,FT_PCT,OREB,DREB,REB,AST,STL,BLK,TO,PF,PTS
2052100190,1612709911,Wolves,IWA,Iowa,Starters,162.000000:16,19,47,0.404,8,21,0.381,5,8,0.625,7,18,25,17,7,5,14,17,54
2052100190,1612709911,Wolves,IWA,Iowa,Bench,77.000000:44,12,33,0.364,3,16,0.188,5,6,0.833,2,13,15,6,3,2,5,4,35
2052100190,1612709928,Go-Go,CCG,Capital City,Starters,119.000000:15,25,57,0.439,12,22,0.545,2,5,0.4,9,17,26,14,7,1,7,13,66
2052100190,1612709928,Go-Go,CCG,Capital City,Bench,120.000000:45,13,31,0.419,2,5,0.4,6,9,0.667,7,19,26,12,6,3,11,11,40
