GAME_ID,TEAM_ID,TEAM_NAME,TEAM_ABBREVIATION,TEAM_CITY,STARTERS_BENCH,MIN,FGM,FGA,FG_PCT,FG3M,FG3A,FG3_PCT,FTM,FTA,FT_PCT,OREB,DREB,REB,AST,STL,BLK,TO,PF,PTS
0022100410,1610612742,Mavericks,DAL,Dallas,Starters,124.000000:16,20,40,0.5,8,18,0.444,13,15,0.867,8,17,25,12,2,6,3,12,61
0022100410,1610612742,Mavericks,DAL,Dallas,Bench,115.000000:44,23,43,0.535,11,23,0.478,2,2,1.0,6,19,25,16,2,2,6,7,59
0022100410,1610612766,Hornets,CHA,Charlotte,Starters,124.000000:56,17,41,0.415,7,17,0.412,8,12,0.667,7,15,22,15,4,2,4,6,49
0022100410,1610612766,Hornets,CHA,Charlotte,Bench,115.000000:04,17,45,0.378,6,20,0.3,7,12,0.583,11,5,16,7,4,0,4,12,47
