GAME_ID,TEAM_ID,TEAM_NAME,TEAM_ABBREVIATION,TEAM_CITY,STARTERS_BENCH,MIN,FGM,FGA,FG_PCT,FG3M,FG3A,FG3_PCT,FTM,FTA,FT_PCT,OREB,DREB,REB,AST,STL,BLK,TO,PF,PTS
0022100162,1610612745,Rockets,HOU,Houston,Starters,166.000000:43,26,58,0.448,8,24,0.333,21,33,0.636,8,23,31,12,4,4,9,14,81
0022100162,1610612745,Rockets,HOU,Houston,Bench,73.000000:17,9,24,0.375,4,10,0.4,1,1,1.0,0,11,11,5,1,1,4,6,23
0022100162,1610612765,Pistons,DET,Detroit,Starters,146.000000:39,29,65,0.446,11,29,0.379,10,13,0.769,10,17,27,13,4,4,6,14,79
0022100162,1610612765,Pistons,DET,Detroit,Bench,93.000000:21,13,32,0.406,5,19,0.263,2,5,0.4,6,16,22,10,2,2,8,12,33
