GAME_ID,TEAM_ID,TEAM_NAME,TEAM_ABBREVIATION,TEAM_CITY,STARTERS_BENCH,MIN,FGM,FGA,FG_PCT,FG3M,FG3A,FG3_PCT,FTM,FTA,FT_PCT,OREB,DREB,REB,AST,STL,BLK,TO,PF,PTS
2022100375,1612709914,Kings,STO,Stockton,Starters,147.000000:50,21,56,0.375,7,21,0.333,9,11,0.818,9,24,33,12,8,4,6,13,64
2022100375,1612709914,Kings,STO,Stockton,Bench,81.000000:47,16,32,0.5,6,13,0.462,4,4,1.0,4,11,15,9,0,0,3,11,45
2022100375,1612709902,Warriors,SCW,Santa Cruz,Starters,141.000000:26,25,62,0.403,4,24,0.167,9,12,0.75,6,23,29,12,3,2,8,13,70
2022100375,1612709902,Warriors,SCW,Santa Cruz,Bench,66.000000:16,5,17,0.294,1,7,0.143,4,5,0.8,5,13,18,7,1,1,3,2,17
