GAME_ID,TEAM_ID,TEAM_NAME,TEAM_ABBREVIATION,TEAM_CITY,STARTERS_BENCH,MIN,FGM,FGA,FG_PCT,FG3M,FG3A,FG3_PCT,FTM,FTA,FT_PCT,OREB,DREB,REB,AST,STL,BLK,TO,PF,PTS
0022101150,1610612762,Jazz,UTA,Utah,Starters,150.000000:07,32,60,0.533,9,26,0.346,12,17,0.706,6,24,30,18,2,2,6,12,85
0022101150,1610612762,Jazz,UTA,Utah,Bench,77.000000:58,13,29,0.448,6,18,0.333,1,2,0.5,0,7,7,5,5,0,2,6,33
0022101150,1610612747,Lakers,LAL,Los Angeles,Starters,144.000000:41,25,55,0.455,3,14,0.214,14,20,0.7,6,21,27,12,3,2,6,11,67
0022101150,1610612747,Lakers,LAL,Los Angeles,Bench,75.000000:20,13,24,0.542,1,7,0.143,6,8,0.75,3,8,11,4,2,1,4,9,33
