GAME_ID,TEAM_ID,TEAM_NAME,TEAM_ABBREVIATION,TEAM_CITY,STARTERS_BENCH,MIN,FGM,FGA,FG_PCT,FG3M,FG3A,FG3_PCT,FTM,FTA,FT_PCT,OREB,DREB,REB,AST,STL,BLK,TO,PF,PTS
2022100260,1612709923,Bulls,WCB,Windy City,Starters,144.000000:37,19,45,0.422,1,16,0.063,8,14,0.571,8,19,27,14,5,1,11,13,54
2022100260,1612709923,Bulls,WCB,Windy City,Bench,85.000000:25,16,32,0.5,9,21,0.429,2,3,0.667,4,8,12,7,4,1,1,8,44
2022100260,1612709921,Nets,LIN,Long Island,Starters,167.000000:36,30,64,0.469,18,36,0.5,6,7,0.857,8,27,35,17,3,0,13,15,88
2022100260,1612709921,Nets,LIN,Long Island,Bench,52.000000:53,8,12,0.667,3,6,0.5,1,1,1.0,1,3,4,6,1,0,2,5,21
