GAME_ID,TEAM_ID,TEAM_NAME,TEAM_ABBREVIATION,TEAM_CITY,STARTERS_BENCH,MIN,FGM,FGA,FG_PCT,FG3M,FG3A,FG3_PCT,FTM,FTA,FT_PCT,OREB,DREB,REB,AST,STL,BLK,TO,PF,PTS
0022101194,1610612762,Jazz,UTA,Utah,Starters,106.000000:45,23,33,0.697,6,12,0.5,17,21,0.81,6,16,22,3,3,3,8,6,69
0022101194,1610612762,Jazz,UTA,Utah,Bench,115.000000:59,21,42,0.5,9,24,0.375,2,3,0.667,2,20,22,25,4,2,3,4,53
0022101194,1610612760,Thunder,OKC,Oklahoma City,Starters,164.000000:32,24,55,0.436,11,21,0.524,6,10,0.6,6,15,21,26,8,1,9,21,65
0022101194,1610612760,Thunder,OKC,Oklahoma City,Bench,75.000000:28,13,35,0.371,5,16,0.313,5,7,0.714,5,6,11,1,1,0,1,1,36
