GAME_ID,TEAM_ID,TEAM_NAME,TEAM_ABBREVIATION,TEAM_CITY,STARTERS_BENCH,MIN,FGM,FGA,FG_PCT,FG3M,FG3A,FG3_PCT,FTM,FTA,FT_PCT,OREB,DREB,REB,AST,STL,BLK,TO,PF,PTS
0022101080,1610612753,Magic,ORL,Orlando,Starters,142.000000:31,22,46,0.478,6,19,0.316,13,16,0.813,3,20,23,16,5,3,7,11,63
0022101080,1610612753,Magic,ORL,Orlando,Bench,97.000000:29,12,33,0.364,4,17,0.235,3,4,0.75,3,13,16,9,4,3,6,3,31
0022101080,1610612744,Warriors,GSW,Golden State,Starters,149.000000:22,23,63,0.365,9,26,0.346,6,8,0.75,4,15,19,17,5,0,7,13,61
0022101080,1610612744,Warriors,GSW,Golden State,Bench,84.000000:42,11,20,0.55,2,6,0.333,5,8,0.625,5,20,25,4,1,3,10,9,29
