GAME_ID,TEAM_ID,TEAM_NAME,TEAM_ABBREVIATION,TEAM_CITY,STARTERS_BENCH,MIN,FGM,FGA,FG_PCT,FG3M,FG3A,FG3_PCT,FTM,FTA,FT_PCT,OREB,DREB,REB,AST,STL,BLK,TO,PF,PTS
2022100106,1612709904,Skyforce,SXF,Sioux Falls,Starters,153.000000:39,29,61,0.475,4,18,0.222,10,14,0.714,14,20,34,19,2,4,13,17,78
2022100106,1612709904,Skyforce,SXF,Sioux Falls,Bench,86.000000:21,7,27,0.259,5,17,0.294,4,5,0.8,3,8,11,3,3,2,5,11,27
2022100106,1612709926,Hustle,MHU,Memphis,Starters,141.000000:50,21,45,0.467,5,14,0.357,11,12,0.917,7,21,28,17,7,1,8,15,66
2022100106,1612709926,Hustle,MHU,Memphis,Bench,98.000000:10,16,34,0.471,6,17,0.353,5,6,0.833,3,11,14,4,2,2,8,11,47
