GAME_ID,TEAM_ID,TEAM_NAME,TEAM_ABBREVIATION,TEAM_CITY,STARTERS_BENCH,MIN,FGM,FGA,FG_PCT,FG3M,FG3A,FG3_PCT,FTM,FTA,FT_PCT,OREB,DREB,REB,AST,STL,BLK,TO,PF,PTS
2022100261,1612709902,Warriors,SCW,Santa Cruz,Starters,143.000000:22,23,56,0.411,8,29,0.276,9,12,0.75,6,26,32,14,3,6,11,6,70
2022100261,1612709902,Warriors,SCW,Santa Cruz,Bench,96.000000:38,7,24,0.292,3,13,0.231,1,3,0.333,3,4,7,6,2,2,11,7,19
2022100261,1612709905,Lakers,SBL,South Bay,Starters,137.000000:06,32,66,0.485,7,26,0.269,5,6,0.833,8,25,33,27,8,2,6,12,78
2022100261,1612709905,Lakers,SBL,South Bay,Bench,69.000000:21,18,37,0.486,7,21,0.333,1,2,0.5,4,7,11,7,8,1,1,4,45
