GAME_ID,TEAM_ID,TEAM_NAME,TEAM_ABBREVIATION,TEAM_CITY,STARTERS_BENCH,MIN,FGM,FGA,FG_PCT,FG3M,FG3A,FG3_PCT,FTM,FTA,FT_PCT,OREB,DREB,REB,AST,STL,BLK,TO,PF,PTS
0022100767,1610612761,Raptors,TOR,Toronto,Starters,192.000000:00,34,79,0.43,17,34,0.5,9,13,0.692,2,27,29,19,5,7,8,11,94
0022100767,1610612761,Raptors,TOR,Toronto,Bench,44.000000:33,3,9,0.333,1,2,0.5,3,4,0.75,3,10,13,2,2,1,0,3,10
0022100767,1610612737,Hawks,ATL,Atlanta,Starters,145.000000:06,23,49,0.469,6,16,0.375,7,8,0.875,3,23,26,15,6,3,12,12,59
0022100767,1610612737,Hawks,ATL,Atlanta,Bench,94.000000:54,14,32,0.438,6,16,0.375,7,8,0.875,2,18,20,13,0,2,3,8,41
