GAME_ID,TEAM_ID,TEAM_NAME,TEAM_ABBREVIATION,TEAM_CITY,STARTERS_BENCH,MIN,FGM,FGA,FG_PCT,FG3M,FG3A,FG3_PCT,FTM,FTA,FT_PCT,OREB,DREB,REB,AST,STL,BLK,TO,PF,PTS
0022100771,1610612759,Spurs,SAS,San Antonio,Starters,139.000000:17,33,52,0.635,10,18,0.556,5,9,0.556,3,18,21,23,3,2,13,12,81
0022100771,1610612759,Spurs,SAS,San Antonio,Bench,92.000000:26,12,27,0.444,6,14,0.429,7,8,0.875,1,11,12,10,4,5,1,4,37
0022100771,1610612744,Warriors,GSW,Golden State,Starters,151.000000:58,30,68,0.441,15,34,0.441,15,15,1.0,12,21,33,18,4,1,7,5,90
0022100771,1610612744,Warriors,GSW,Golden State,Bench,88.000000:02,13,28,0.464,5,12,0.417,3,3,1.0,3,10,13,12,6,2,7,12,34
