GAME_ID,TEAM_ID,TEAM_NAME,TEAM_ABBREVIATION,TEAM_CITY,STARTERS_BENCH,MIN,FGM,FGA,FG_PCT,FG3M,FG3A,FG3_PCT,FTM,FTA,FT_PCT,OREB,DREB,REB,AST,STL,BLK,TO,PF,PTS
0022100511,1610612747,Lakers,LAL,Los Angeles,Starters,176.000000:49,37,71,0.521,10,23,0.435,20,26,0.769,10,24,34,25,7,4,10,13,104
0022100511,1610612747,Lakers,LAL,Los Angeles,Bench,63.000000:11,11,21,0.524,4,11,0.364,2,3,0.667,4,10,14,2,1,2,2,10,28
0022100511,1610612745,Rockets,HOU,Houston,Starters,172.000000:06,31,58,0.534,14,25,0.56,12,17,0.706,2,21,23,20,6,6,11,11,88
0022100511,1610612745,Rockets,HOU,Houston,Bench,67.000000:54,13,25,0.52,2,10,0.2,7,8,0.875,2,5,7,4,4,1,3,9,35
