GAME_ID,TEAM_ID,TEAM_NAME,TEAM_ABBREVIATION,TEAM_CITY,STARTERS_BENCH,MIN,FGM,FGA,FG_PCT,FG3M,FG3A,FG3_PCT,FTM,FTA,FT_PCT,OREB,DREB,REB,AST,STL,BLK,TO,PF,PTS
0022100900,1610612752,Knicks,NYK,New York,Starters,173.000000:04,24,60,0.4,11,29,0.379,23,32,0.719,3,34,37,14,2,1,13,21,82
0022100900,1610612752,Knicks,NYK,New York,Bench,66.000000:42,6,15,0.4,3,11,0.273,3,4,0.75,2,6,8,5,2,0,5,9,18
0022100900,1610612748,Heat,MIA,Miami,Starters,149.000000:26,21,49,0.429,4,15,0.267,20,26,0.769,3,29,32,14,5,5,4,14,66
0022100900,1610612748,Heat,MIA,Miami,Bench,90.000000:34,18,34,0.529,7,17,0.412,6,9,0.667,1,11,12,8,8,0,4,14,49
