GAME_ID,TEAM_ID,TEAM_NAME,TEAM_ABBREVIATION,TEAM_CITY,STARTERS_BENCH,MIN,FGM,FGA,FG_PCT,FG3M,FG3A,FG3_PCT,FTM,FTA,FT_PCT,OREB,DREB,REB,AST,STL,BLK,TO,PF,PTS
0022100850,1610612761,Raptors,TOR,Toronto,Starters,185.000000:24,39,78,0.5,11,29,0.379,8,11,0.727,6,22,28,17,8,1,7,13,97
0022100850,1610612761,Raptors,TOR,Toronto,Bench,43.000000:56,4,8,0.5,1,4,0.25,3,6,0.5,1,5,6,5,3,0,0,5,12
0022100850,1610612743,Nuggets,DEN,Denver,Starters,151.000000:09,28,55,0.509,10,23,0.435,15,17,0.882,7,26,33,19,1,2,11,9,81
0022100850,1610612743,Nuggets,DEN,Denver,Bench,88.000000:51,11,29,0.379,4,14,0.286,3,4,0.75,5,12,17,9,4,1,6,7,29
