GAME_ID,TEAM_ID,TEAM_NAME,TEAM_ABBREVIATION,TEAM_CITY,STARTERS_BENCH,MIN,FGM,FGA,FG_PCT,FG3M,FG3A,FG3_PCT,FTM,FTA,FT_PCT,OREB,DREB,REB,AST,STL,BLK,TO,PF,PTS
0042100104,1610612748,Heat,MIA,Miami,Starters,157.000000:05,31,64,0.484,10,26,0.385,15,17,0.882,13,21,34,15,6,1,2,12,87
0042100104,1610612748,Heat,MIA,Miami,Bench,79.000000:20,8,27,0.296,3,16,0.188,1,3,0.333,2,12,14,7,2,0,4,9,20
0042100104,1610612737,Hawks,ATL,Atlanta,Starters,138.000000:46,18,43,0.419,10,25,0.4,4,9,0.444,3,13,16,11,0,1,12,11,50
0042100104,1610612737,Hawks,ATL,Atlanta,Bench,101.000000:15,12,32,0.375,5,17,0.294,7,11,0.636,8,17,25,7,2,2,3,10,36
