GAME_ID,TEAM_ID,TEAM_NAME,TEAM_ABBREVIATION,TEAM_CITY,STARTERS_BENCH,MIN,FGM,FGA,FG_PCT,FG3M,FG3A,FG3_PCT,FTM,FTA,FT_PCT,OREB,DREB,REB,AST,STL,BLK,TO,PF,PTS
0022100830,1610612758,Kings,SAC,Sacramento,Starters,159.000000:47,36,69,0.522,6,16,0.375,20,22,0.909,9,28,37,17,3,4,11,12,98
0022100830,1610612758,Kings,SAC,Sacramento,Bench,68.000000:37,11,23,0.478,6,14,0.429,4,5,0.8,2,12,14,12,1,3,1,4,32
0022100830,1610612750,Timberwolves,MIN,Minnesota,Starters,175.000000:13,37,74,0.5,13,32,0.406,10,12,0.833,4,23,27,24,3,4,9,15,97
0022100830,1610612750,Timberwolves,MIN,Minnesota,Bench,63.000000:12,7,24,0.292,3,14,0.214,5,6,0.833,2,5,7,4,1,2,1,6,22
