GAME_ID,TEAM_ID,TEAM_NAME,TEAM_ABBREVIATION,TEAM_CITY,STARTERS_BENCH,MIN,FGM,FGA,FG_PCT,FG3M,FG3A,FG3_PCT,FTM,FTA,FT_PCT,OREB,DREB,REB,AST,STL,BLK,TO,PF,PTS
2022100116,1612709917,Gold,GRG,Grand Rapids,Starters,154.000000:03,31,68,0.456,9,25,0.36,9,10,0.9,10,24,34,12,6,4,15,18,82
2022100116,1612709917,Gold,GRG,Grand Rapids,Bench,69.000000:38,12,26,0.462,5,12,0.417,1,4,0.25,11,13,24,11,2,0,3,4,31
2022100116,1612709909,Blue Coats,DEL,Delaware,Starters,168.000000:15,38,73,0.521,10,31,0.323,8,16,0.5,10,25,35,21,6,5,10,13,96
2022100116,1612709909,Blue Coats,DEL,Delaware,Bench,68.000000:11,10,24,0.417,4,12,0.333,3,3,1.0,4,7,11,7,5,0,4,8,29
