GAME_ID,TEAM_ID,TEAM_NAME,TEAM_ABBREVIATION,TEAM_CITY,STARTERS_BENCH,MIN,FGM,FGA,FG_PCT,FG3M,FG3A,FG3_PCT,FTM,FTA,FT_PCT,OREB,DREB,REB,AST,STL,BLK,TO,PF,PTS
2022100429,1612709921,Nets,LIN,Long Island,Starters,159.000000:35,32,69,0.464,11,31,0.355,5,7,0.714,13,31,44,19,4,5,16,10,85
2022100429,1612709921,Nets,LIN,Long Island,Bench,31.000000:18,4,12,0.333,1,9,0.111,1,1,1.0,1,1,2,0,2,1,4,4,10
2022100429,1612709910,Mad Ants,FWN,Fort Wayne,Starters,171.000000:39,32,83,0.386,11,35,0.314,9,11,0.818,7,24,31,20,15,5,9,9,90
2022100429,1612709910,Mad Ants,FWN,Fort Wayne,Bench,59.000000:43,6,14,0.429,3,5,0.6,4,5,0.8,4,5,9,3,3,1,3,7,21
