GAME_ID,TEAM_ID,TEAM_NAME,TEAM_ABBREVIATION,TEAM_CITY,STARTERS_BENCH,MIN,FGM,FGA,FG_PCT,FG3M,FG3A,FG3_PCT,FTM,FTA,FT_PCT,OREB,DREB,REB,AST,STL,BLK,TO,PF,PTS
0022100931,1610612747,Lakers,LAL,Los Angeles,Starters,154.000000:48,25,61,0.41,9,24,0.375,9,13,0.692,3,26,29,19,4,4,9,12,68
0022100931,1610612747,Lakers,LAL,Los Angeles,Bench,81.000000:12,11,20,0.55,5,10,0.5,7,7,1.0,1,5,6,3,4,2,3,7,34
0022100931,1610612742,Mavericks,DAL,Dallas,Starters,168.000000:04,30,59,0.508,8,25,0.32,15,23,0.652,7,25,32,12,7,4,11,12,83
0022100931,1610612742,Mavericks,DAL,Dallas,Bench,62.000000:00,8,20,0.4,2,10,0.2,2,4,0.5,1,8,9,10,1,3,2,4,20
