GAME_ID,TEAM_ID,TEAM_NAME,TEAM_ABBREVIATION,TEAM_CITY,STARTERS_BENCH,MIN,FGM,FGA,FG_PCT,FG3M,FG3A,FG3_PCT,FTM,FTA,FT_PCT,OREB,DREB,REB,AST,STL,BLK,TO,PF,PTS
0012100028,1610612746,Clippers,LAC,LA,Starters,94.000000:58,13,35,0.371,5,14,0.357,4,4,1.0,3,14,17,16,3,0,7,7,35
0012100028,1610612746,Clippers,LAC,LA,Bench,145.000000:02,27,57,0.474,8,19,0.421,17,23,0.739,3,19,22,15,5,5,9,19,79
0012100028,1610612742,Mavericks,DAL,Dallas,Starters,85.000000:00,19,37,0.514,5,17,0.294,10,14,0.714,7,19,26,18,4,4,5,6,53
0012100028,1610612742,Mavericks,DAL,Dallas,Bench,133.000000:20,24,50,0.48,2,13,0.154,15,22,0.682,6,24,30,16,8,3,8,17,65
