GAME_ID,TEAM_ID,TEAM_NAME,TEAM_ABBREVIATION,TEAM_CITY,STARTERS_BENCH,MIN,FGM,FGA,FG_PCT,FG3M,FG3A,FG3_PCT,FTM,FTA,FT_PCT,OREB,DREB,REB,AST,STL,BLK,TO,PF,PTS
0022100344,1610612749,Bucks,MIL,Milwaukee,Starters,141.000000:12,32,66,0.485,15,36,0.417,6,6,1.0,12,26,38,23,2,3,9,9,85
0022100344,1610612749,Bucks,MIL,Milwaukee,Bench,60.000000:09,9,19,0.474,3,9,0.333,3,4,0.75,4,7,11,5,0,2,4,6,24
0022100344,1610612748,Heat,MIA,Miami,Starters,128.000000:04,16,47,0.34,7,23,0.304,7,11,0.636,8,20,28,18,3,2,9,9,46
0022100344,1610612748,Heat,MIA,Miami,Bench,111.000000:56,18,37,0.486,10,20,0.5,10,13,0.769,1,10,11,11,3,3,5,8,56
