GAME_ID,TEAM_ID,TEAM_NAME,TEAM_ABBREVIATION,TEAM_CITY,STARTERS_BENCH,MIN,FGM,FGA,FG_PCT,FG3M,FG3A,FG3_PCT,FTM,FTA,FT_PCT,OREB,DREB,REB,AST,STL,BLK,TO,PF,PTS
0022100379,1610612762,Jazz,UTA,Utah,Starters,139.000000:24,25,54,0.463,8,21,0.381,12,17,0.706,8,20,28,12,4,3,6,8,70
0022100379,1610612762,Jazz,UTA,Utah,Bench,85.000000:17,13,29,0.448,7,19,0.368,1,2,0.5,2,12,14,9,3,0,4,6,34
0022100379,1610612755,76ers,PHI,Philadelphia,Starters,143.000000:38,26,56,0.464,4,16,0.25,9,10,0.9,4,19,23,10,6,3,4,13,65
0022100379,1610612755,76ers,PHI,Philadelphia,Bench,96.000000:22,12,32,0.375,2,17,0.118,5,5,1.0,2,9,11,7,3,1,5,7,31
