GAME_ID,TEAM_ID,TEAM_NAME,TEAM_ABBREVIATION,TEAM_CITY,STARTERS_BENCH,MIN,FGM,FGA,FG_PCT,FG3M,FG3A,FG3_PCT,FTM,FTA,FT_PCT,OREB,DREB,REB,AST,STL,BLK,TO,PF,PTS
0022100735,1610612747,Lakers,LAL,Los Angeles,Starters,122.000000:43,20,50,0.4,7,17,0.412,10,18,0.556,8,15,23,7,3,0,4,12,57
0022100735,1610612747,Lakers,LAL,Los Angeles,Bench,117.000000:17,18,41,0.439,8,23,0.348,13,14,0.929,4,17,21,12,4,3,2,11,57
0022100735,1610612766,Hornets,CHA,Charlotte,Starters,180.000000:12,29,60,0.483,7,26,0.269,16,21,0.762,9,35,44,19,4,3,9,19,81
0022100735,1610612766,Hornets,CHA,Charlotte,Bench,59.000000:48,14,23,0.609,4,10,0.4,4,7,0.571,2,4,6,6,0,2,2,5,36
