GAME_ID,TEAM_ID,TEAM_NAME,TEAM_ABBREVIATION,TEAM_CITY,STARTERS_BENCH,MIN,FGM,FGA,FG_PCT,FG3M,FG3A,FG3_PCT,FTM,FTA,FT_PCT,OREB,DREB,REB,AST,STL,BLK,TO,PF,PTS
0022100846,1610612763,Grizzlies,MEM,Memphis,Starters,135.000000:16,32,63,0.508,8,23,0.348,16,29,0.552,13,18,31,16,6,6,11,18,88
0022100846,1610612763,Grizzlies,MEM,Memphis,Bench,88.000000:33,13,27,0.481,2,8,0.25,0,0,0.0,2,17,19,13,2,2,4,7,28
0022100846,1610612766,Hornets,CHA,Charlotte,Starters,155.000000:32,27,72,0.375,11,36,0.306,15,18,0.833,13,22,35,22,4,2,12,21,80
0022100846,1610612766,Hornets,CHA,Charlotte,Bench,84.000000:28,12,25,0.48,3,9,0.333,11,15,0.733,5,13,18,6,3,4,4,8,38
