GAME_ID,TEAM_ID,TEAM_NAME,TEAM_ABBREVIATION,TEAM_CITY,STARTERS_BENCH,MIN,FGM,FGA,FG_PCT,FG3M,FG3A,FG3_PCT,FTM,FTA,FT_PCT,OREB,DREB,REB,AST,STL,BLK,TO,PF,PTS
2022100094,1612709926,Hustle,MHU,Memphis,Starters,162.000000:35,23,60,0.383,4,20,0.2,5,7,0.714,8,18,26,23,8,3,9,14,59
2022100094,1612709926,Hustle,MHU,Memphis,Bench,77.000000:25,14,30,0.467,9,15,0.6,3,5,0.6,4,11,15,2,2,0,3,3,43
2022100094,1612709911,Wolves,IWA,Iowa,Starters,140.000000:14,27,46,0.587,10,21,0.476,5,6,0.833,3,28,31,15,2,4,14,11,71
2022100094,1612709911,Wolves,IWA,Iowa,Bench,72.000000:27,15,27,0.556,7,14,0.5,5,6,0.833,2,8,10,9,2,1,7,3,44
