GAME_ID,TEAM_ID,TEAM_NAME,TEAM_ABBREVIATION,TEAM_CITY,STARTERS_BENCH,MIN,FGM,FGA,FG_PCT,FG3M,FG3A,FG3_PCT,FTM,FTA,FT_PCT,OREB,DREB,REB,AST,STL,BLK,TO,PF,PTS
0022100968,1610612765,Pistons,DET,Detroit,Starters,142.000000:08,23,56,0.411,7,20,0.35,11,15,0.733,7,16,23,15,1,1,6,14,64
0022100968,1610612765,Pistons,DET,Detroit,Bench,122.000000:52,20,37,0.541,5,13,0.385,4,8,0.5,8,16,24,12,6,1,6,13,49
0022100968,1610612737,Hawks,ATL,Atlanta,Starters,179.000000:53,28,68,0.412,7,27,0.259,14,20,0.7,11,23,34,22,1,5,10,19,77
0022100968,1610612737,Hawks,ATL,Atlanta,Bench,85.000000:07,14,25,0.56,4,11,0.364,1,2,0.5,2,12,14,6,2,1,3,6,33
