GAME_ID,TEAM_ID,TEAM_NAME,TEAM_ABBREVIATION,TEAM_CITY,STARTERS_BENCH,MIN,FGM,FGA,FG_PCT,FG3M,FG3A,FG3_PCT,FTM,FTA,FT_PCT,OREB,DREB,REB,AST,STL,BLK,TO,PF,PTS
2052100100,1612709908,Vipers,RGV,Rio Grande Valley,Starters,134.000000:27,28,63,0.444,4,16,0.25,4,6,0.667,14,25,39,10,8,4,20,14,67
2052100100,1612709908,Vipers,RGV,Rio Grande Valley,Bench,104.000000:27,13,24,0.542,4,10,0.4,2,2,1.0,3,11,14,10,7,2,5,7,34
2052100100,1612709913,Squadron,BIR,Birmingham,Starters,154.000000:04,23,54,0.426,7,23,0.304,5,7,0.714,4,18,22,13,9,5,13,19,63
2052100100,1612709913,Squadron,BIR,Birmingham,Bench,85.000000:56,10,25,0.4,4,15,0.267,2,3,0.667,2,7,9,11,5,1,9,4,26
