GAME_ID,TEAM_ID,TEAM_NAME,TEAM_ABBREVIATION,TEAM_CITY,STARTERS_BENCH,MIN,FGM,FGA,FG_PCT,FG3M,FG3A,FG3_PCT,FTM,FTA,FT_PCT,OREB,DREB,REB,AST,STL,BLK,TO,PF,PTS
0022101140,1610612752,Knicks,NYK,New York,Starters,183.000000:46,32,68,0.471,15,35,0.429,15,22,0.682,10,25,35,18,4,2,12,14,94
0022101140,1610612752,Knicks,NYK,New York,Bench,56.000000:15,8,17,0.471,1,9,0.111,3,4,0.75,1,7,8,5,1,3,0,5,20
0022101140,1610612766,Hornets,CHA,Charlotte,Starters,161.000000:28,32,63,0.508,7,23,0.304,12,13,0.923,6,20,26,28,7,2,11,14,83
0022101140,1610612766,Hornets,CHA,Charlotte,Bench,78.000000:32,17,27,0.63,5,12,0.417,3,4,0.75,2,12,14,11,0,1,0,7,42
