GAME_ID,TEAM_ID,TEAM_NAME,TEAM_ABBREVIATION,TEAM_CITY,STARTERS_BENCH,MIN,FGM,FGA,FG_PCT,FG3M,FG3A,FG3_PCT,FTM,FTA,FT_PCT,OREB,DREB,REB,AST,STL,BLK,TO,PF,PTS
2052100197,1612709908,Vipers,RGV,Rio Grande Valley,Starters,175.000000:26,32,77,0.416,10,30,0.333,9,12,0.75,13,31,44,23,4,3,10,10,85
2052100197,1612709908,Vipers,RGV,Rio Grande Valley,Bench,40.000000:15,5,10,0.5,1,2,0.5,1,1,1.0,2,5,7,2,3,0,2,8,13
2052100197,1612709915,Celtics,MNE,Maine,Starters,189.000000:43,31,81,0.383,10,33,0.303,8,10,0.8,11,29,40,11,7,5,9,19,84
2052100197,1612709915,Celtics,MNE,Maine,Bench,39.000000:36,5,13,0.385,2,7,0.286,0,1,0.0,1,5,6,7,0,0,4,3,12
