GAME_ID,TEAM_ID,TEAM_NAME,TEAM_ABBREVIATION,TEAM_CITY,STARTERS_BENCH,MIN,FGM,FGA,FG_PCT,FG3M,FG3A,FG3_PCT,FTM,FTA,FT_PCT,OREB,DREB,REB,AST,STL,BLK,TO,PF,PTS
0022100211,1610612762,Jazz,UTA,Utah,Starters,129.000000:11,26,44,0.591,9,16,0.563,10,16,0.625,1,36,37,14,2,6,4,12,71
0022100211,1610612762,Jazz,UTA,Utah,Bench,94.000000:14,15,37,0.405,7,22,0.318,2,3,0.667,4,10,14,13,3,0,4,6,39
0022100211,1610612755,76ers,PHI,Philadelphia,Starters,128.000000:50,22,56,0.393,4,13,0.308,9,11,0.818,2,16,18,14,3,3,4,10,57
0022100211,1610612755,76ers,PHI,Philadelphia,Bench,111.000000:10,11,34,0.324,2,16,0.125,4,6,0.667,4,20,24,5,2,2,4,6,28
