GAME_ID,TEAM_ID,TEAM_NAME,TEAM_ABBREVIATION,TEAM_CITY,STARTERS_BENCH,MIN,FGM,FGA,FG_PCT,FG3M,FG3A,FG3_PCT,FTM,FTA,FT_PCT,OREB,DREB,REB,AST,STL,BLK,TO,PF,PTS
2022100148,1612709902,Warriors,SCW,Santa Cruz,Starters,150.000000:24,28,70,0.4,9,26,0.346,4,4,1.0,9,22,31,14,8,2,12,10,71
2022100148,1612709902,Warriors,SCW,Santa Cruz,Bench,58.000000:24,10,27,0.37,3,13,0.231,3,3,1.0,12,8,20,6,2,1,2,5,29
2022100148,1612709889,Blue,OKL,Oklahoma City,Starters,143.000000:36,26,48,0.542,12,27,0.444,9,14,0.643,3,17,20,15,7,2,7,9,76
2022100148,1612709889,Blue,OKL,Oklahoma City,Bench,60.000000:30,7,18,0.389,4,13,0.308,1,1,1.0,0,8,8,11,2,1,5,6,19
