GAME_ID,TEAM_ID,TEAM_NAME,TEAM_ABBREVIATION,TEAM_CITY,STARTERS_BENCH,MIN,FGM,FGA,FG_PCT,FG3M,FG3A,FG3_PCT,FTM,FTA,FT_PCT,OREB,DREB,REB,AST,STL,BLK,TO,PF,PTS
0022100475,1610612758,Kings,SAC,Sacramento,Starters,174.000000:12,26,67,0.388,11,36,0.306,8,10,0.8,6,24,30,20,6,4,14,9,71
0022100475,1610612758,Kings,SAC,Sacramento,Bench,42.000000:09,3,8,0.375,0,1,0.0,1,2,0.5,0,3,3,3,0,1,2,2,7
0022100475,1610612746,Clippers,LAC,LA,Starters,147.000000:54,26,52,0.5,5,17,0.294,6,6,1.0,3,18,21,20,7,3,8,8,63
0022100475,1610612746,Clippers,LAC,LA,Bench,92.000000:06,16,30,0.533,2,7,0.286,8,10,0.8,3,19,22,6,3,0,4,7,42
