GAME_ID,TEAM_ID,TEAM_NAME,TEAM_ABBREVIATION,TEAM_CITY,STARTERS_BENCH,MIN,FGM,FGA,FG_PCT,FG3M,FG3A,FG3_PCT,FTM,FTA,FT_PCT,OREB,DREB,REB,AST,STL,BLK,TO,PF,PTS
0022100819,1610612740,Pelicans,NOP,New Orleans,Starters,154.000000:44,28,52,0.538,4,18,0.222,12,13,0.923,6,24,30,19,5,5,15,20,72
0022100819,1610612740,Pelicans,NOP,New Orleans,Bench,85.000000:16,14,28,0.5,4,14,0.286,6,7,0.857,2,11,13,8,5,5,4,9,38
0022100819,1610612745,Rockets,HOU,Houston,Starters,161.000000:49,27,61,0.443,12,31,0.387,12,20,0.6,9,24,33,15,6,3,17,16,78
0022100819,1610612745,Rockets,HOU,Houston,Bench,78.000000:11,5,25,0.2,1,11,0.091,8,11,0.727,9,5,14,4,2,0,4,7,19
