GAME_ID,TEAM_ID,TEAM_NAME,TEAM_ABBREVIATION,TEAM_CITY,STARTERS_BENCH,MIN,FGM,FGA,FG_PCT,FG3M,FG3A,FG3_PCT,FTM,FTA,FT_PCT,OREB,DREB,REB,AST,STL,BLK,TO,PF,PTS
0042100132,1610612761,Raptors,TOR,Toronto,Starters,161.000000:58,27,68,0.397,9,26,0.346,10,12,0.833,6,16,22,15,6,2,9,17,73
0042100132,1610612761,Raptors,TOR,Toronto,Bench,78.000000:02,11,21,0.524,2,6,0.333,0,0,0.0,7,6,13,1,1,2,0,7,24
0042100132,1610612755,76ers,PHI,Philadelphia,Starters,196.000000:06,31,59,0.525,11,24,0.458,26,30,0.867,6,31,37,18,5,8,13,11,99
0042100132,1610612755,76ers,PHI,Philadelphia,Bench,24.000000:24,1,4,0.25,1,2,0.5,0,0,0.0,1,3,4,0,0,1,0,2,3
