GAME_ID,TEAM_ID,TEAM_NAME,TEAM_ABBREVIATION,TEAM_CITY,STARTERS_BENCH,MIN,FGM,FGA,FG_PCT,FG3M,FG3A,FG3_PCT,FTM,FTA,FT_PCT,OREB,DREB,REB,AST,STL,BLK,TO,PF,PTS
2052100024,1612709931,Capitanes,MXC,Ciudad de Mexico,Starters,170.000000:08,35,72,0.486,13,26,0.5,11,12,0.917,7,25,32,15,5,1,10,9,101
2052100024,1612709931,Capitanes,MXC,Ciudad de Mexico,Bench,69.000000:52,3,19,0.158,3,12,0.25,0,0,0.0,1,10,11,5,6,0,3,10,9
2052100024,1612709925,Magic,LAK,Lakeland,Starters,163.000000:07,27,68,0.397,4,26,0.154,9,9,1.0,11,20,31,14,4,4,15,12,73
2052100024,1612709925,Magic,LAK,Lakeland,Bench,76.000000:53,9,19,0.474,0,2,0.0,3,3,1.0,2,13,15,6,1,5,3,5,23
