GAME_ID,TEAM_ID,TEAM_NAME,TEAM_ABBREVIATION,TEAM_CITY,STARTERS_BENCH,MIN,FGM,FGA,FG_PCT,FG3M,FG3A,FG3_PCT,FTM,FTA,FT_PCT,OREB,DREB,REB,AST,STL,BLK,TO,PF,PTS
0022101079,1610612750,Timberwolves,MIN,Minnesota,Starters,150.000000:35,23,59,0.39,8,21,0.381,17,23,0.739,11,23,34,14,6,2,7,11,71
0022101079,1610612750,Timberwolves,MIN,Minnesota,Bench,89.000000:25,13,32,0.406,5,15,0.333,6,6,1.0,4,12,16,7,3,1,2,7,37
0022101079,1610612742,Mavericks,DAL,Dallas,Starters,168.000000:55,31,57,0.544,13,33,0.394,10,13,0.769,5,26,31,18,4,1,9,16,85
0022101079,1610612742,Mavericks,DAL,Dallas,Bench,71.000000:05,9,26,0.346,1,13,0.077,6,8,0.75,2,14,16,9,1,2,2,5,25
