GAME_ID,TEAM_ID,TEAM_NAME,TEAM_ABBREVIATION,TEAM_CITY,STARTERS_BENCH,MIN,FGM,FGA,FG_PCT,FG3M,FG3A,FG3_PCT,FTM,FTA,FT_PCT,OREB,DREB,REB,AST,STL,BLK,TO,PF,PTS
0022100274,1610612750,Timberwolves,MIN,Minnesota,Starters,138.000000:32,25,58,0.431,11,32,0.344,11,12,0.917,10,28,38,20,8,5,12,14,72
0022100274,1610612750,Timberwolves,MIN,Minnesota,Bench,90.000000:04,13,34,0.382,7,22,0.318,8,9,0.889,5,9,14,1,2,2,2,12,41
0022100274,1610612748,Heat,MIA,Miami,Starters,167.000000:43,22,45,0.489,7,24,0.292,10,18,0.556,3,22,25,20,4,1,13,16,61
0022100274,1610612748,Heat,MIA,Miami,Bench,72.000000:17,11,29,0.379,8,18,0.444,10,11,0.909,1,14,15,5,2,1,8,9,40
