GAME_ID,TEAM_ID,TEAM_NAME,TEAM_ABBREVIATION,TEAM_CITY,STARTERS_BENCH,MIN,FGM,FGA,FG_PCT,FG3M,FG3A,FG3_PCT,FTM,FTA,FT_PCT,OREB,DREB,REB,AST,STL,BLK,TO,PF,PTS
2022100389,1612709911,Wolves,IWA,Iowa,Starters,179.000000:11,29,65,0.446,5,20,0.25,4,5,0.8,8,34,42,17,3,5,15,12,70
2022100389,1612709911,Wolves,IWA,Iowa,Bench,57.000000:15,8,21,0.381,0,5,0.0,3,6,0.5,6,5,11,1,4,1,2,5,21
2022100389,1612709890,Spurs,AUS,Austin,Starters,160.000000:31,21,58,0.362,9,19,0.474,7,12,0.583,10,22,32,13,7,2,11,6,63
2022100389,1612709890,Spurs,AUS,Austin,Bench,89.000000:29,10,30,0.333,3,14,0.214,3,4,0.75,5,11,16,9,2,4,6,8,28
