GAME_ID,TEAM_ID,TEAM_NAME,TEAM_ABBREVIATION,TEAM_CITY,STARTERS_BENCH,MIN,FGM,FGA,FG_PCT,FG3M,FG3A,FG3_PCT,FTM,FTA,FT_PCT,OREB,DREB,REB,AST,STL,BLK,TO,PF,PTS
0022101015,1610612755,76ers,PHI,Philadelphia,Starters,192.000000:25,28,79,0.354,9,27,0.333,32,37,0.865,8,27,35,20,6,3,7,12,97
0022101015,1610612755,76ers,PHI,Philadelphia,Bench,72.000000:35,7,13,0.538,5,10,0.5,0,0,0.0,2,8,10,1,1,0,1,5,19
0022101015,1610612753,Magic,ORL,Orlando,Starters,166.000000:47,22,57,0.386,6,22,0.273,13,16,0.813,7,30,37,12,4,6,6,16,63
0022101015,1610612753,Magic,ORL,Orlando,Bench,98.000000:13,19,34,0.559,12,21,0.571,1,4,0.25,1,12,13,16,3,1,5,11,51
