GAME_ID,TEAM_ID,TEAM_NAME,TEAM_ABBREVIATION,TEAM_CITY,STARTERS_BENCH,MIN,FGM,FGA,FG_PCT,FG3M,FG3A,FG3_PCT,FTM,FTA,FT_PCT,OREB,DREB,REB,AST,STL,BLK,TO,PF,PTS
0022100752,1610612746,Clippers,LAC,LA,Starters,118.000000:18,21,40,0.525,6,17,0.353,5,6,0.833,1,25,26,13,3,1,8,10,53
0022100752,1610612746,Clippers,LAC,LA,Bench,117.000000:54,23,43,0.535,5,11,0.455,11,13,0.846,5,29,34,10,2,5,9,11,62
0022100752,1610612766,Hornets,CHA,Charlotte,Starters,179.000000:18,26,68,0.382,5,23,0.217,12,18,0.667,7,25,32,20,6,2,6,11,69
0022100752,1610612766,Hornets,CHA,Charlotte,Bench,60.000000:42,6,30,0.2,3,11,0.273,6,9,0.667,4,8,12,4,2,0,2,4,21
