GAME_ID,TEAM_ID,TEAM_NAME,TEAM_ABBREVIATION,TEAM_CITY,STARTERS_BENCH,MIN,FGM,FGA,FG_PCT,FG3M,FG3A,FG3_PCT,FTM,FTA,FT_PCT,OREB,DREB,REB,AST,STL,BLK,TO,PF,PTS
2022100493,1612709920,905,RAP,Raptors,Starters,142.000000:49,31,62,0.5,11,21,0.524,9,11,0.818,8,26,34,16,8,2,9,7,85
2022100493,1612709920,905,RAP,Raptors,Bench,84.000000:07,15,34,0.441,0,8,0.0,2,4,0.5,3,11,14,10,4,0,7,15,34
2022100493,1612709922,Swarm,GBO,Greensboro,Starters,147.000000:32,27,54,0.5,6,15,0.4,9,12,0.75,5,19,24,12,7,10,16,12,78
2022100493,1612709922,Swarm,GBO,Greensboro,Bench,92.000000:28,15,30,0.5,5,14,0.357,0,4,0.0,4,19,23,11,5,1,7,6,35
