GAME_ID,TEAM_ID,TEAM_NAME,TEAM_ABBREVIATION,TEAM_CITY,STARTERS_BENCH,MIN,FGM,FGA,FG_PCT,FG3M,FG3A,FG3_PCT,FTM,FTA,FT_PCT,OREB,DREB,REB,AST,STL,BLK,TO,PF,PTS
0022100743,1610612756,Suns,PHX,Phoenix,Starters,182.000000:32,35,66,0.53,15,28,0.536,20,27,0.741,7,28,35,29,4,1,7,13,105
0022100743,1610612756,Suns,PHX,Phoenix,Bench,36.000000:30,7,15,0.467,5,9,0.556,8,10,0.8,1,7,8,5,0,1,2,6,27
0022100743,1610612750,Timberwolves,MIN,Minnesota,Starters,141.000000:02,25,54,0.463,8,23,0.348,13,17,0.765,6,20,26,17,5,2,5,17,71
0022100743,1610612750,Timberwolves,MIN,Minnesota,Bench,86.000000:23,19,36,0.528,6,16,0.375,9,10,0.9,2,10,12,3,2,3,1,9,53
