GAME_ID,TEAM_ID,TEAM_NAME,TEAM_ABBREVIATION,TEAM_CITY,STARTERS_BENCH,MIN,FGM,FGA,FG_PCT,FG3M,FG3A,FG3_PCT,FTM,FTA,FT_PCT,OREB,DREB,REB,AST,STL,BLK,TO,PF,PTS
0022100392,1610612764,Wizards,WAS,Washington,Starters,128.000000:33,22,49,0.449,1,9,0.111,6,8,0.75,7,20,27,11,2,2,11,11,51
0022100392,1610612764,Wizards,WAS,Washington,Bench,66.000000:24,11,19,0.579,4,8,0.5,2,6,0.333,2,5,7,5,0,1,1,2,28
0022100392,1610612762,Jazz,UTA,Utah,Starters,139.000000:57,30,56,0.536,8,21,0.381,10,11,0.909,6,16,22,15,3,1,6,9,78
0022100392,1610612762,Jazz,UTA,Utah,Bench,80.000000:25,10,28,0.357,5,18,0.278,2,3,0.667,2,11,13,13,2,0,1,3,27
