GAME_ID,TEAM_ID,TEAM_NAME,TEAM_ABBREVIATION,TEAM_CITY,STARTERS_BENCH,MIN,FGM,FGA,FG_PCT,FG3M,FG3A,FG3_PCT,FTM,FTA,FT_PCT,OREB,DREB,REB,AST,STL,BLK,TO,PF,PTS
2052100110,1612709927,Herd,WIS,Wisconsin,Starters,164.000000:23,29,66,0.439,13,30,0.433,10,16,0.625,12,17,29,16,9,1,7,17,87
2052100110,1612709927,Herd,WIS,Wisconsin,Bench,59.000000:05,10,27,0.37,7,18,0.389,5,5,1.0,1,5,6,10,4,2,3,2,34
2052100110,1612709917,Gold,GRG,Grand Rapids,Starters,181.000000:11,33,65,0.508,10,26,0.385,9,14,0.643,11,36,47,22,3,2,14,20,91
2052100110,1612709917,Gold,GRG,Grand Rapids,Bench,32.000000:16,6,9,0.667,3,4,0.75,2,2,1.0,2,1,3,3,1,0,5,4,19
