GAME_ID,TEAM_ID,TEAM_NAME,TEAM_ABBREVIATION,TEAM_CITY,STARTERS_BENCH,MIN,FGM,FGA,FG_PCT,FG3M,FG3A,FG3_PCT,FTM,FTA,FT_PCT,OREB,DREB,REB,AST,STL,BLK,TO,PF,PTS
0022100989,1610612761,Raptors,TOR,Toronto,Starters,156.000000:50,28,57,0.491,7,21,0.333,24,25,0.96,5,25,30,7,5,0,6,13,87
0022100989,1610612761,Raptors,TOR,Toronto,Bench,83.000000:10,13,28,0.464,4,9,0.444,2,3,0.667,8,9,17,5,2,1,4,10,32
0022100989,1610612759,Spurs,SAS,San Antonio,Starters,154.000000:37,29,60,0.483,6,23,0.261,14,14,1.0,7,24,31,16,5,2,9,10,78
0022100989,1610612759,Spurs,SAS,San Antonio,Bench,64.000000:54,7,16,0.438,3,7,0.429,5,6,0.833,0,4,4,4,0,2,1,6,22
