GAME_ID,TEAM_ID,TEAM_NAME,TEAM_ABBREVIATION,TEAM_CITY,STARTERS_BENCH,MIN,FGM,FGA,FG_PCT,FG3M,FG3A,FG3_PCT,FTM,FTA,FT_PCT,OREB,DREB,REB,AST,STL,BLK,TO,PF,PTS
0022100733,1610612755,76ers,PHI,Philadelphia,Starters,168.000000:40,31,61,0.508,5,20,0.25,10,17,0.588,1,23,24,26,7,5,11,10,77
0022100733,1610612755,76ers,PHI,Philadelphia,Bench,71.000000:20,10,21,0.476,8,15,0.533,0,0,0.0,2,15,17,4,1,0,3,4,28
0022100733,1610612747,Lakers,LAL,Los Angeles,Starters,149.000000:40,28,59,0.475,3,15,0.2,7,7,1.0,6,23,29,12,6,8,14,10,66
0022100733,1610612747,Lakers,LAL,Los Angeles,Bench,90.000000:20,8,29,0.276,3,14,0.214,2,2,1.0,3,10,13,7,1,1,3,6,21
