GAME_ID,TEAM_ID,TEAM_NAME,TEAM_ABBREVIATION,TEAM_CITY,STARTERS_BENCH,MIN,FGM,FGA,FG_PCT,FG3M,FG3A,FG3_PCT,FTM,FTA,FT_PCT,OREB,DREB,REB,AST,STL,BLK,TO,PF,PTS
0022100041,1610612766,Hornets,CHA,Charlotte,Starters,188.000000:34,34,78,0.436,16,39,0.41,12,19,0.632,10,31,41,20,3,2,11,17,96
0022100041,1610612766,Hornets,CHA,Charlotte,Bench,76.000000:27,12,25,0.48,3,5,0.6,6,9,0.667,4,7,11,6,1,4,3,8,33
0022100041,1610612738,Celtics,BOS,Boston,Starters,190.000000:02,40,81,0.494,14,37,0.378,19,23,0.826,10,32,42,28,6,7,10,15,113
0022100041,1610612738,Celtics,BOS,Boston,Bench,74.000000:58,10,20,0.5,5,13,0.385,2,2,1.0,1,10,11,5,2,2,2,8,27
