GAME_ID,TEAM_ID,TEAM_NAME,TEAM_ABBREVIATION,TEAM_CITY,STARTERS_BENCH,MIN,FGM,FGA,FG_PCT,FG3M,FG3A,FG3_PCT,FTM,FTA,FT_PCT,OREB,DREB,REB,AST,STL,BLK,TO,PF,PTS
2022100217,1612709902,Warriors,SCW,Santa Cruz,Starters,143.000000:55,30,62,0.484,14,29,0.483,2,2,1.0,5,17,22,23,9,2,5,13,77
2022100217,1612709902,Warriors,SCW,Santa Cruz,Bench,32.000000:17,8,18,0.444,2,9,0.222,2,3,0.667,2,5,7,2,1,0,1,5,22
2022100217,1612709908,Vipers,RGV,Rio Grande Valley,Starters,163.000000:05,25,55,0.455,7,21,0.333,7,9,0.778,11,29,40,20,4,3,14,14,68
2022100217,1612709908,Vipers,RGV,Rio Grande Valley,Bench,76.000000:55,19,36,0.528,6,17,0.353,12,14,0.857,4,15,19,8,4,0,8,7,59
