GAME_ID,TEAM_ID,TEAM_NAME,TEAM_ABBREVIATION,TEAM_CITY,STARTERS_BENCH,MIN,FGM,FGA,FG_PCT,FG3M,FG3A,FG3_PCT,FTM,FTA,FT_PCT,OREB,DREB,REB,AST,STL,BLK,TO,PF,PTS
0022100494,1610612761,Raptors,TOR,Toronto,Starters,158.000000:05,30,71,0.423,6,25,0.24,13,18,0.722,9,25,34,17,8,3,17,8,79
0022100494,1610612761,Raptors,TOR,Toronto,Bench,81.000000:55,7,18,0.389,3,11,0.273,3,5,0.6,2,7,9,7,3,0,4,5,20
0022100494,1610612739,Cavaliers,CLE,Cleveland,Starters,121.000000:09,38,67,0.567,14,32,0.438,7,7,1.0,6,19,25,19,7,1,9,7,97
0022100494,1610612739,Cavaliers,CLE,Cleveland,Bench,105.000000:56,17,34,0.5,8,19,0.421,1,2,0.5,5,19,24,20,5,3,3,9,43
