GAME_ID,TEAM_ID,TEAM_NAME,TEAM_ABBREVIATION,TEAM_CITY,STARTERS_BENCH,MIN,FGM,FGA,FG_PCT,FG3M,FG3A,FG3_PCT,FTM,FTA,FT_PCT,OREB,DREB,REB,AST,STL,BLK,TO,PF,PTS
0022100768,1610612764,Wizards,WAS,Washington,Starters,131.000000:14,17,46,0.37,8,24,0.333,10,13,0.769,3,18,21,16,3,5,8,5,52
0022100768,1610612764,Wizards,WAS,Washington,Bench,108.000000:46,19,36,0.528,4,11,0.364,4,7,0.571,4,15,19,6,1,0,4,11,46
0022100768,1610612749,Bucks,MIL,Milwaukee,Starters,176.000000:33,39,72,0.542,9,25,0.36,8,9,0.889,7,31,38,24,4,2,8,12,95
0022100768,1610612749,Bucks,MIL,Milwaukee,Bench,38.000000:44,5,13,0.385,1,7,0.143,0,0,0.0,1,3,4,2,2,0,1,4,11
