GAME_ID,TEAM_ID,TEAM_NAME,TEAM_ABBREVIATION,TEAM_CITY,STARTERS_BENCH,MIN,FGM,FGA,FG_PCT,FG3M,FG3A,FG3_PCT,FTM,FTA,FT_PCT,OREB,DREB,REB,AST,STL,BLK,TO,PF,PTS
2022100089,1612709919,Knicks,WES,Westchester,Starters,169.000000:43,32,63,0.508,8,23,0.348,6,6,1.0,7,24,31,19,11,3,13,11,83
2022100089,1612709919,Knicks,WES,Westchester,Bench,70.000000:17,12,27,0.444,1,8,0.125,1,4,0.25,1,12,13,5,2,2,2,6,27
2022100089,1612709932,Cruise,MCC,Motor City,Starters,165.000000:24,27,56,0.482,7,21,0.333,8,12,0.667,6,24,30,17,10,2,14,11,76
2022100089,1612709932,Cruise,MCC,Motor City,Bench,74.000000:36,12,27,0.444,3,10,0.3,1,1,1.0,1,12,13,8,1,4,7,3,29
