GAME_ID,TEAM_ID,TEAM_NAME,TEAM_ABBREVIATION,TEAM_CITY,STARTERS_BENCH,MIN,FGM,FGA,FG_PCT,FG3M,FG3A,FG3_PCT,FTM,FTA,FT_PCT,OREB,DREB,REB,AST,STL,BLK,TO,PF,PTS
0022100775,1610612766,Hornets,CHA,Charlotte,Starters,182.000000:27,32,70,0.457,11,31,0.355,13,19,0.684,13,25,38,16,8,1,13,14,88
0022100775,1610612766,Hornets,CHA,Charlotte,Bench,57.000000:33,5,17,0.294,1,9,0.111,8,8,1.0,1,7,8,2,4,3,3,6,19
0022100775,1610612738,Celtics,BOS,Boston,Starters,172.000000:31,27,55,0.491,5,21,0.238,13,14,0.929,5,31,36,25,6,4,15,12,72
0022100775,1610612738,Celtics,BOS,Boston,Bench,67.000000:29,15,27,0.556,9,15,0.6,2,3,0.667,1,5,6,6,3,1,3,9,41
