GAME_ID,TEAM_ID,TEAM_NAME,TEAM_ABBREVIATION,TEAM_CITY,STARTERS_BENCH,MIN,FGM,FGA,FG_PCT,FG3M,FG3A,FG3_PCT,FTM,FTA,FT_PCT,OREB,DREB,REB,AST,STL,BLK,TO,PF,PTS
0022100279,1610612758,Kings,SAC,Sacramento,Starters,130.000000:41,24,44,0.545,5,18,0.278,11,16,0.688,2,14,16,15,4,3,9,8,64
0022100279,1610612758,Kings,SAC,Sacramento,Bench,96.000000:55,19,37,0.514,7,15,0.467,12,18,0.667,8,11,19,5,0,1,5,11,57
0022100279,1610612757,Trail Blazers,POR,Portland,Starters,158.000000:29,33,72,0.458,9,30,0.3,20,23,0.87,9,21,30,21,4,0,10,17,95
0022100279,1610612757,Trail Blazers,POR,Portland,Bench,81.000000:31,11,22,0.5,3,8,0.375,1,2,0.5,4,9,13,6,5,1,3,9,26
