GAME_ID,TEAM_ID,TEAM_NAME,TEAM_ABBREVIATION,TEAM_CITY,STARTERS_BENCH,MIN,FGM,FGA,FG_PCT,FG3M,FG3A,FG3_PCT,FTM,FTA,FT_PCT,OREB,DREB,REB,AST,STL,BLK,TO,PF,PTS
2042100301,1612709920,905,RAP,Raptors,Starters,168.000000:56,37,82,0.451,10,33,0.303,7,9,0.778,16,24,40,19,6,7,15,13,96
2042100301,1612709920,905,RAP,Raptors,Bench,71.000000:04,14,27,0.519,4,11,0.364,7,7,1.0,10,11,21,8,1,0,5,10,43
2042100301,1612709909,Blue Coats,DEL,Delaware,Starters,173.000000:35,34,69,0.493,11,28,0.393,12,15,0.8,8,19,27,29,9,5,7,12,96
2042100301,1612709909,Blue Coats,DEL,Delaware,Bench,65.000000:57,15,29,0.517,7,16,0.438,7,8,0.875,1,7,8,5,3,3,3,6,47
