GAME_ID,TEAM_ID,TEAM_NAME,TEAM_ABBREVIATION,TEAM_CITY,STARTERS_BENCH,MIN,FGM,FGA,FG_PCT,FG3M,FG3A,FG3_PCT,FTM,FTA,FT_PCT,OREB,DREB,REB,AST,STL,BLK,TO,PF,PTS
0022100682,1610612756,Suns,PHX,Phoenix,Starters,162.000000:38,31,64,0.484,6,24,0.25,13,13,1.0,3,22,25,23,8,1,5,12,81
0022100682,1610612756,Suns,PHX,Phoenix,Bench,77.000000:22,8,22,0.364,2,12,0.167,10,12,0.833,2,13,15,2,5,0,2,9,28
0022100682,1610612742,Mavericks,DAL,Dallas,Starters,164.000000:18,29,66,0.439,7,27,0.259,14,17,0.824,7,28,35,16,1,3,18,15,79
0022100682,1610612742,Mavericks,DAL,Dallas,Bench,61.000000:21,6,16,0.375,4,10,0.4,0,0,0.0,1,11,12,3,0,0,0,6,16
