GAME_ID,TEAM_ID,TEAM_NAME,TEAM_ABBREVIATION,TEAM_CITY,STARTERS_BENCH,MIN,FGM,FGA,FG_PCT,FG3M,FG3A,FG3_PCT,FTM,FTA,FT_PCT,OREB,DREB,REB,AST,STL,BLK,TO,PF,PTS
2052100025,1612709908,Vipers,RGV,Rio Grande Valley,Starters,150.000000:55,27,55,0.491,6,26,0.231,9,11,0.818,8,21,29,20,10,3,10,13,79
2052100025,1612709908,Vipers,RGV,Rio Grande Valley,Bench,51.000000:50,9,15,0.6,3,7,0.429,2,3,0.667,2,3,5,3,4,1,3,2,24
2052100025,1612709922,Swarm,GBO,Greensboro,Starters,149.000000:19,23,50,0.46,13,23,0.565,7,10,0.7,2,16,18,12,6,2,13,17,71
2052100025,1612709922,Swarm,GBO,Greensboro,Bench,74.000000:13,10,20,0.5,5,12,0.417,0,1,0.0,2,8,10,12,1,2,11,11,25
