GAME_ID,TEAM_ID,TEAM_NAME,TEAM_ABBREVIATION,TEAM_CITY,STARTERS_BENCH,MIN,FGM,FGA,FG_PCT,FG3M,FG3A,FG3_PCT,FTM,FTA,FT_PCT,OREB,DREB,REB,AST,STL,BLK,TO,PF,PTS
0022100471,1610612739,Cavaliers,CLE,Cleveland,Starters,145.000000:49,19,56,0.339,3,20,0.15,12,13,0.923,8,21,29,12,6,3,11,4,53
0022100471,1610612739,Cavaliers,CLE,Cleveland,Bench,94.000000:11,17,36,0.472,6,18,0.333,8,11,0.727,7,17,24,5,2,0,4,11,48
0022100471,1610612738,Celtics,BOS,Boston,Starters,168.000000:50,34,68,0.5,9,25,0.36,11,14,0.786,9,28,37,19,10,5,8,15,88
0022100471,1610612738,Celtics,BOS,Boston,Bench,58.000000:47,7,22,0.318,1,4,0.25,3,4,0.75,3,8,11,5,2,0,3,7,18
