GAME_ID,TEAM_ID,TEAM_NAME,TEAM_ABBREVIATION,TEAM_CITY,STARTERS_BENCH,MIN,FGM,FGA,FG_PCT,FG3M,FG3A,FG3_PCT,FTM,FTA,FT_PCT,OREB,DREB,REB,AST,STL,BLK,TO,PF,PTS
0012100053,1610612762,Jazz,UTA,Utah,Starters,74.000000:35,16,32,0.5,7,17,0.412,9,11,0.818,2,8,10,3,4,1,6,7,48
0012100053,1610612762,Jazz,UTA,Utah,Bench,165.000000:25,27,56,0.482,13,29,0.448,9,12,0.75,4,34,38,21,4,6,13,11,76
0012100053,1610612749,Bucks,MIL,Milwaukee,Starters,122.000000:13,30,53,0.566,10,18,0.556,6,6,1.0,6,20,26,15,7,2,6,8,76
0012100053,1610612749,Bucks,MIL,Milwaukee,Bench,57.000000:59,11,26,0.423,3,7,0.429,0,0,0.0,0,6,6,6,1,1,3,7,25
