GAME_ID,TEAM_ID,TEAM_NAME,TEAM_ABBREVIATION,TEAM_CITY,STARTERS_BENCH,MIN,FGM,FGA,FG_PCT,FG3M,FG3A,FG3_PCT,FTM,FTA,FT_PCT,OREB,DREB,REB,AST,STL,BLK,TO,PF,PTS
2022100331,1612709919,Knicks,WES,Westchester,Starters,183.000000:43,32,68,0.471,9,27,0.333,8,9,0.889,3,21,24,26,12,4,10,13,88
2022100331,1612709919,Knicks,WES,Westchester,Bench,43.000000:06,7,15,0.467,3,5,0.6,1,1,1.0,0,6,6,5,3,1,1,6,19
2022100331,1612709932,Cruise,MCC,Motor City,Starters,167.000000:00,36,74,0.486,5,22,0.227,7,9,0.778,13,31,44,18,6,3,16,9,88
2022100331,1612709932,Cruise,MCC,Motor City,Bench,73.000000:00,14,27,0.519,2,9,0.222,2,2,1.0,8,7,15,5,1,0,3,7,33
