GAME_ID,TEAM_ID,TEAM_NAME,TEAM_ABBREVIATION,TEAM_CITY,STARTERS_BENCH,MIN,FGM,FGA,FG_PCT,FG3M,FG3A,FG3_PCT,FTM,FTA,FT_PCT,OREB,DREB,REB,AST,STL,BLK,TO,PF,PTS
0022100240,1610612740,Pelicans,NOP,New Orleans,Starters,119.000000:57,18,48,0.375,3,8,0.375,7,7,1.0,8,16,24,10,2,3,13,8,46
0022100240,1610612740,Pelicans,NOP,New Orleans,Bench,102.000000:35,16,36,0.444,3,10,0.3,11,12,0.917,3,24,27,5,3,1,2,5,46
0022100240,1610612754,Pacers,IND,Indiana,Starters,109.000000:47,25,44,0.568,12,23,0.522,7,10,0.7,4,18,22,16,5,2,4,7,69
0022100240,1610612754,Pacers,IND,Indiana,Bench,130.000000:13,17,47,0.362,2,15,0.133,6,8,0.75,4,20,24,12,6,7,6,9,42
