GAME_ID,TEAM_ID,TEAM_NAME,TEAM_ABBREVIATION,TEAM_CITY,STARTERS_BENCH,MIN,FGM,FGA,FG_PCT,FG3M,FG3A,FG3_PCT,FTM,FTA,FT_PCT,OREB,DREB,REB,AST,STL,BLK,TO,PF,PTS
0022101050,1610612764,Wizards,WAS,Washington,Starters,154.000000:23,24,52,0.462,10,26,0.385,12,14,0.857,3,21,24,17,2,5,8,13,70
0022101050,1610612764,Wizards,WAS,Washington,Bench,68.000000:59,8,25,0.32,3,8,0.375,3,5,0.6,0,12,12,2,0,0,4,12,22
0022101050,1610612752,Knicks,NYK,New York,Starters,170.000000:56,26,73,0.356,9,25,0.36,17,23,0.739,13,29,42,13,4,1,7,11,78
0022101050,1610612752,Knicks,NYK,New York,Bench,69.000000:04,5,17,0.294,1,8,0.125,11,13,0.846,6,12,18,5,5,2,5,9,22
