GAME_ID,TEAM_ID,TEAM_NAME,TEAM_ABBREVIATION,TEAM_CITY,STARTERS_BENCH,MIN,FGM,FGA,FG_PCT,FG3M,FG3A,FG3_PCT,FTM,FTA,FT_PCT,OREB,DREB,REB,AST,STL,BLK,TO,PF,PTS
0022101038,1610612756,Suns,PHX,Phoenix,Starters,176.000000:52,46,78,0.59,11,26,0.423,9,11,0.818,10,29,39,23,4,4,7,12,112
0022101038,1610612756,Suns,PHX,Phoenix,Bench,53.000000:59,7,14,0.5,2,4,0.5,1,2,0.5,3,6,9,8,1,0,3,5,17
0022101038,1610612745,Rockets,HOU,Houston,Starters,137.000000:55,26,52,0.5,12,27,0.444,10,14,0.714,5,16,21,15,5,3,10,6,74
0022101038,1610612745,Rockets,HOU,Houston,Bench,102.000000:05,16,33,0.485,4,12,0.333,2,5,0.4,4,8,12,11,4,0,1,7,38
