GAME_ID,TEAM_ID,TEAM_NAME,TEAM_ABBREVIATION,TEAM_CITY,STARTERS_BENCH,MIN,FGM,FGA,FG_PCT,FG3M,FG3A,FG3_PCT,FTM,FTA,FT_PCT,OREB,DREB,REB,AST,STL,BLK,TO,PF,PTS
0022100023,1610612760,Thunder,OKC,Oklahoma City,Starters,100.000000:57,13,42,0.31,4,17,0.235,5,9,0.556,1,13,14,12,4,3,9,7,35
0022100023,1610612760,Thunder,OKC,Oklahoma City,Bench,126.000000:01,18,44,0.409,8,23,0.348,4,5,0.8,7,18,25,10,5,1,10,12,48
0022100023,1610612745,Rockets,HOU,Houston,Starters,136.000000:32,31,57,0.544,11,22,0.5,4,5,0.8,7,30,37,18,6,6,7,11,77
0022100023,1610612745,Rockets,HOU,Houston,Bench,83.000000:06,16,33,0.485,5,13,0.385,5,7,0.714,3,11,14,6,5,4,10,6,42
