GAME_ID,TEAM_ID,TEAM_NAME,TEAM_ABBREVIATION,TEAM_CITY,STARTERS_BENCH,MIN,FGM,FGA,FG_PCT,FG3M,FG3A,FG3_PCT,FTM,FTA,FT_PCT,OREB,DREB,REB,AST,STL,BLK,TO,PF,PTS
2052100160,1612709903,Stars,SLC,Salt Lake City,Starters,138.000000:30,19,55,0.345,8,29,0.276,4,6,0.667,2,18,20,8,9,1,8,19,53
2052100160,1612709903,Stars,SLC,Salt Lake City,Bench,87.000000:24,9,23,0.391,4,9,0.444,5,6,0.833,6,10,16,7,9,1,5,4,30
2052100160,1612709930,Ignite,GLI,G League,Starters,152.000000:45,24,57,0.421,5,23,0.217,11,11,1.0,8,28,36,11,6,4,14,16,70
2052100160,1612709930,Ignite,GLI,G League,Bench,81.000000:14,7,17,0.412,2,5,0.4,4,7,0.571,9,11,20,4,3,3,15,8,22
