GAME_ID,TEAM_ID,TEAM_NAME,TEAM_ABBREVIATION,TEAM_CITY,STARTERS_BENCH,MIN,FGM,FGA,FG_PCT,FG3M,FG3A,FG3_PCT,FTM,FTA,FT_PCT,OREB,DREB,REB,AST,STL,BLK,TO,PF,PTS
2022100171,1612709915,Celtics,MNE,Maine,Starters,126.000000:51,28,48,0.583,8,22,0.364,7,11,0.636,4,19,23,16,7,5,7,14,77
2022100171,1612709915,Celtics,MNE,Maine,Bench,113.000000:09,20,41,0.488,10,24,0.417,6,6,1.0,5,21,26,19,2,1,11,7,57
2022100171,1612709910,Mad Ants,FWN,Fort Wayne,Starters,181.000000:01,38,86,0.442,11,32,0.344,14,16,0.875,8,24,32,23,9,2,9,17,106
2022100171,1612709910,Mad Ants,FWN,Fort Wayne,Bench,58.000000:59,5,16,0.313,2,7,0.286,4,4,1.0,5,6,11,5,3,1,6,5,20
