GAME_ID,TEAM_ID,TEAM_NAME,TEAM_ABBREVIATION,TEAM_CITY,STARTERS_BENCH,MIN,FGM,FGA,FG_PCT,FG3M,FG3A,FG3_PCT,FTM,FTA,FT_PCT,OREB,DREB,REB,AST,STL,BLK,TO,PF,PTS
2022100117,1612709922,Swarm,GBO,Greensboro,Starters,134.000000:45,18,38,0.474,8,17,0.471,9,11,0.818,4,14,18,15,5,2,4,13,59
2022100117,1612709922,Swarm,GBO,Greensboro,Bench,72.000000:35,13,25,0.52,4,14,0.286,1,1,1.0,1,5,6,7,5,0,7,4,32
2022100117,1612709928,Go-Go,CCG,Capital City,Starters,173.000000:53,23,54,0.426,6,25,0.24,10,12,0.833,10,19,29,18,4,3,12,11,68
2022100117,1612709928,Go-Go,CCG,Capital City,Bench,66.000000:07,10,19,0.526,2,5,0.4,2,3,0.667,3,10,13,10,4,0,7,7,26
