GAME_ID,TEAM_ID,TEAM_NAME,TEAM_ABBREVIATION,TEAM_CITY,STARTERS_BENCH,MIN,FGM,FGA,FG_PCT,FG3M,FG3A,FG3_PCT,FTM,FTA,FT_PCT,OREB,DREB,REB,AST,STL,BLK,TO,PF,PTS
0022100669,1610612764,Wizards,WAS,Washington,Starters,142.000000:56,21,51,0.412,6,21,0.286,19,23,0.826,4,13,17,15,5,3,10,12,67
0022100669,1610612764,Wizards,WAS,Washington,Bench,71.000000:54,15,27,0.556,4,8,0.5,7,9,0.778,6,10,16,6,1,5,1,7,41
0022100669,1610612751,Nets,BKN,Brooklyn,Starters,166.000000:17,33,64,0.516,8,22,0.364,10,12,0.833,4,22,26,19,5,2,12,17,84
0022100669,1610612751,Nets,BKN,Brooklyn,Bench,73.000000:44,14,25,0.56,0,3,0.0,7,8,0.875,3,7,10,4,0,2,0,8,35
