GAME_ID,TEAM_ID,TEAM_NAME,TEAM_ABBREVIATION,TEAM_CITY,STARTERS_BENCH,MIN,FGM,FGA,FG_PCT,FG3M,FG3A,FG3_PCT,FTM,FTA,FT_PCT,OREB,DREB,REB,AST,STL,BLK,TO,PF,PTS
0022100470,1610612753,Magic,ORL,Orlando,Starters,153.000000:28,25,63,0.397,7,29,0.241,15,16,0.938,3,18,21,22,10,3,3,11,72
0022100470,1610612753,Magic,ORL,Orlando,Bench,86.000000:32,13,22,0.591,4,8,0.5,2,7,0.286,5,14,19,5,1,2,7,13,32
0022100470,1610612737,Hawks,ATL,Atlanta,Starters,153.000000:44,27,57,0.474,11,22,0.5,14,17,0.824,9,20,29,11,2,5,10,11,79
0022100470,1610612737,Hawks,ATL,Atlanta,Bench,64.000000:22,3,14,0.214,0,4,0.0,7,10,0.7,4,14,18,8,0,3,4,7,13
