GAME_ID,TEAM_ID,TEAM_NAME,TEAM_ABBREVIATION,TEAM_CITY,STARTERS_BENCH,MIN,FGM,FGA,FG_PCT,FG3M,FG3A,FG3_PCT,FTM,FTA,FT_PCT,OREB,DREB,REB,AST,STL,BLK,TO,PF,PTS
0022100427,1610612764,Wizards,WAS,Washington,Starters,149.000000:59,29,59,0.492,2,13,0.154,4,6,0.667,6,21,27,15,4,3,6,14,64
0022100427,1610612764,Wizards,WAS,Washington,Bench,69.000000:34,12,25,0.48,3,11,0.273,11,13,0.846,1,9,10,3,2,0,2,6,38
0022100427,1610612758,Kings,SAC,Sacramento,Starters,148.000000:55,29,55,0.527,2,15,0.133,14,20,0.7,3,22,25,23,4,5,8,13,74
0022100427,1610612758,Kings,SAC,Sacramento,Bench,87.000000:34,16,27,0.593,6,11,0.545,7,9,0.778,3,9,12,2,3,1,3,6,45
