GAME_ID,TEAM_ID,TEAM_NAME,TEAM_ABBREVIATION,TEAM_CITY,STARTERS_BENCH,MIN,FGM,FGA,FG_PCT,FG3M,FG3A,FG3_PCT,FTM,FTA,FT_PCT,OREB,DREB,REB,AST,STL,BLK,TO,PF,PTS
0022101199,1610612759,Spurs,SAS,San Antonio,Starters,154.000000:12,29,58,0.5,7,18,0.389,14,20,0.7,4,25,29,22,4,4,8,13,79
0022101199,1610612759,Spurs,SAS,San Antonio,Bench,85.000000:48,14,31,0.452,3,10,0.3,11,14,0.786,4,12,16,9,1,1,4,9,42
0022101199,1610612750,Timberwolves,MIN,Minnesota,Starters,159.000000:51,31,68,0.456,14,37,0.378,19,25,0.76,12,24,36,21,7,2,5,17,95
0022101199,1610612750,Timberwolves,MIN,Minnesota,Bench,70.000000:40,10,25,0.4,6,13,0.462,6,6,1.0,1,9,10,4,1,0,5,7,32
