GAME_ID,TEAM_ID,TEAM_NAME,TEAM_ABBREVIATION,TEAM_CITY,STARTERS_BENCH,MIN,FGM,FGA,FG_PCT,FG3M,FG3A,FG3_PCT,FTM,FTA,FT_PCT,OREB,DREB,REB,AST,STL,BLK,TO,PF,PTS
2022100199,1612709910,Mad Ants,FWN,Fort Wayne,Starters,181.000000:20,37,85,0.435,13,34,0.382,9,13,0.692,10,19,29,24,7,3,8,15,103
2022100199,1612709910,Mad Ants,FWN,Fort Wayne,Bench,42.000000:47,6,13,0.462,2,5,0.4,2,3,0.667,5,6,11,4,2,1,4,4,18
2022100199,1612709928,Go-Go,CCG,Capital City,Starters,142.000000:57,27,52,0.519,7,17,0.412,8,12,0.667,10,24,34,15,3,3,12,9,72
2022100199,1612709928,Go-Go,CCG,Capital City,Bench,97.000000:03,23,41,0.561,2,8,0.25,4,4,1.0,4,11,15,20,4,5,6,11,54
