GAME_ID,TEAM_ID,TEAM_NAME,TEAM_ABBREVIATION,TEAM_CITY,STARTERS_BENCH,MIN,FGM,FGA,FG_PCT,FG3M,FG3A,FG3_PCT,FTM,FTA,FT_PCT,OREB,DREB,REB,AST,STL,BLK,TO,PF,PTS
0022101076,1610612761,Raptors,TOR,Toronto,Starters,168.000000:14,26,63,0.413,3,22,0.136,11,13,0.846,9,24,33,23,2,3,9,15,66
0022101076,1610612761,Raptors,TOR,Toronto,Bench,71.000000:46,14,28,0.5,3,10,0.3,2,2,1.0,5,11,16,3,3,3,3,5,33
0022101076,1610612741,Bulls,CHI,Chicago,Starters,164.000000:53,32,61,0.525,8,19,0.421,13,22,0.591,10,20,30,17,5,4,3,7,85
0022101076,1610612741,Bulls,CHI,Chicago,Bench,75.000000:07,12,29,0.414,3,9,0.333,1,2,0.5,4,8,12,11,1,3,2,7,28
