GAME_ID,TEAM_ID,TEAM_NAME,TEAM_ABBREVIATION,TEAM_CITY,STARTERS_BENCH,MIN,FGM,FGA,FG_PCT,FG3M,FG3A,FG3_PCT,FTM,FTA,FT_PCT,OREB,DREB,REB,AST,STL,BLK,TO,PF,PTS
0042100305,1610612748,Heat,MIA,Miami,Starters,155.000000:08,15,55,0.273,2,22,0.091,10,10,1.0,15,15,30,10,3,2,4,14,42
0042100305,1610612748,Heat,MIA,Miami,Bench,84.000000:52,15,39,0.385,5,23,0.217,3,4,0.75,4,15,19,4,4,0,8,5,38
0042100305,1610612738,Celtics,BOS,Boston,Starters,174.000000:04,25,54,0.463,9,23,0.391,15,20,0.75,6,32,38,19,3,6,11,11,74
0042100305,1610612738,Celtics,BOS,Boston,Bench,65.000000:56,8,17,0.471,1,10,0.1,2,3,0.667,0,8,8,5,2,1,4,8,19
