GAME_ID,TEAM_ID,TEAM_NAME,TEAM_ABBREVIATION,TEAM_CITY,STARTERS_BENCH,MIN,FGM,FGA,FG_PCT,FG3M,FG3A,FG3_PCT,FTM,FTA,FT_PCT,OREB,DREB,REB,AST,STL,BLK,TO,PF,PTS
0022100911,1610612758,Kings,SAC,Sacramento,Starters,150.000000:46,30,62,0.484,6,19,0.316,17,21,0.81,7,24,31,21,2,3,6,15,83
0022100911,1610612758,Kings,SAC,Sacramento,Bench,89.000000:14,8,27,0.296,3,11,0.273,8,12,0.667,2,12,14,3,2,0,6,10,27
0022100911,1610612743,Nuggets,DEN,Denver,Starters,148.000000:03,28,58,0.483,11,27,0.407,13,16,0.813,3,26,29,20,2,1,6,16,80
0022100911,1610612743,Nuggets,DEN,Denver,Bench,91.000000:57,10,24,0.417,5,16,0.313,10,13,0.769,1,15,16,9,3,1,6,9,35
