GAME_ID,TEAM_ID,TEAM_NAME,TEAM_ABBREVIATION,TEAM_CITY,STARTERS_BENCH,MIN,FGM,FGA,FG_PCT,FG3M,FG3A,FG3_PCT,FTM,FTA,FT_PCT,OREB,DREB,REB,AST,STL,BLK,TO,PF,PTS
2022100455,1612709905,Lakers,SBL,South Bay,Starters,134.000000:22,29,51,0.569,7,17,0.412,9,11,0.818,5,24,29,15,11,2,11,13,82
2022100455,1612709905,Lakers,SBL,South Bay,Bench,59.000000:51,7,22,0.318,1,7,0.143,3,4,0.75,3,10,13,7,0,0,0,10,19
2022100455,1612709890,Spurs,AUS,Austin,Starters,137.000000:37,24,53,0.453,6,21,0.286,5,5,1.0,4,16,20,11,3,2,10,14,62
2022100455,1612709890,Spurs,AUS,Austin,Bench,54.000000:27,5,12,0.417,1,2,0.5,2,7,0.286,3,9,12,6,6,2,2,5,14
