GAME_ID,TEAM_ID,TEAM_NAME,TEAM_ABBREVIATION,TEAM_CITY,STARTERS_BENCH,MIN,FGM,FGA,FG_PCT,FG3M,FG3A,FG3_PCT,FTM,FTA,FT_PCT,OREB,DREB,REB,AST,STL,BLK,TO,PF,PTS
2052100135,1612709909,Blue Coats,DEL,Delaware,Starters,140.000000:16,25,57,0.439,4,18,0.222,9,13,0.692,7,19,26,14,7,4,12,12,67
2052100135,1612709909,Blue Coats,DEL,Delaware,Bench,99.000000:44,16,38,0.421,4,17,0.235,6,7,0.857,6,11,17,10,5,0,5,4,47
2052100135,1612709928,Go-Go,CCG,Capital City,Starters,167.000000:55,27,63,0.429,10,28,0.357,5,7,0.714,11,23,34,20,4,5,9,15,72
2052100135,1612709928,Go-Go,CCG,Capital City,Bench,72.000000:06,15,29,0.517,1,6,0.167,1,3,0.333,3,15,18,7,7,1,13,10,33
