GAME_ID,TEAM_ID,TEAM_NAME,TEAM_ABBREVIATION,TEAM_CITY,STARTERS_BENCH,MIN,FGM,FGA,FG_PCT,FG3M,FG3A,FG3_PCT,FTM,FTA,FT_PCT,OREB,DREB,REB,AST,STL,BLK,TO,PF,PTS
2022100295,1612709918,Legends,TEX,Texas,Starters,142.000000:50,22,61,0.361,6,20,0.3,10,12,0.833,12,18,30,10,9,3,9,16,69
2022100295,1612709918,Legends,TEX,Texas,Bench,39.000000:57,5,12,0.417,1,5,0.2,1,1,1.0,1,3,4,3,0,1,3,6,13
2022100295,1612709908,Vipers,RGV,Rio Grande Valley,Starters,145.000000:48,34,70,0.486,12,30,0.4,6,9,0.667,12,27,39,19,7,5,10,16,91
2022100295,1612709908,Vipers,RGV,Rio Grande Valley,Bench,67.000000:02,9,14,0.643,5,9,0.556,7,7,1.0,5,12,17,4,3,1,4,8,34
