GAME_ID,TEAM_ID,TEAM_NAME,TEAM_ABBREVIATION,TEAM_CITY,STARTERS_BENCH,MIN,FGM,FGA,FG_PCT,FG3M,FG3A,FG3_PCT,FTM,FTA,FT_PCT,OREB,DREB,REB,AST,STL,BLK,TO,PF,PTS
0022100547,1610612754,Pacers,IND,Indiana,Starters,182.000000:20,32,63,0.508,17,33,0.515,11,14,0.786,6,25,31,19,5,6,11,21,92
0022100547,1610612754,Pacers,IND,Indiana,Bench,36.000000:39,5,15,0.333,2,10,0.2,0,0,0.0,3,5,8,4,0,0,3,3,12
0022100547,1610612739,Cavaliers,CLE,Cleveland,Starters,139.000000:32,25,47,0.532,3,12,0.25,10,14,0.714,7,23,30,13,2,4,6,7,63
0022100547,1610612739,Cavaliers,CLE,Cleveland,Bench,100.000000:28,16,41,0.39,3,14,0.214,10,14,0.714,5,13,18,13,4,0,2,4,45
