GAME_ID,TEAM_ID,TEAM_NAME,TEAM_ABBREVIATION,TEAM_CITY,STARTERS_BENCH,MIN,FGM,FGA,FG_PCT,FG3M,FG3A,FG3_PCT,FTM,FTA,FT_PCT,OREB,DREB,REB,AST,STL,BLK,TO,PF,PTS
0022100109,1610612752,Knicks,NYK,New York,Starters,156.000000:19,22,60,0.367,3,18,0.167,15,20,0.75,10,22,32,15,3,3,6,12,62
0022100109,1610612752,Knicks,NYK,New York,Bench,83.000000:41,14,27,0.519,2,6,0.333,6,7,0.857,4,10,14,8,4,3,4,7,36
0022100109,1610612754,Pacers,IND,Indiana,Starters,164.000000:33,31,61,0.508,10,24,0.417,11,14,0.786,6,29,35,18,4,7,8,12,83
0022100109,1610612754,Pacers,IND,Indiana,Bench,54.000000:16,6,21,0.286,4,14,0.286,0,0,0.0,0,7,7,7,1,0,2,6,16
