GAME_ID,TEAM_ID,TEAM_NAME,TEAM_ABBREVIATION,TEAM_CITY,STARTERS_BENCH,MIN,FGM,FGA,FG_PCT,FG3M,FG3A,FG3_PCT,FTM,FTA,FT_PCT,OREB,DREB,REB,AST,STL,BLK,TO,PF,PTS
0022100917,1610612744,Warriors,GSW,Golden State,Starters,150.000000:18,30,63,0.476,7,25,0.28,4,12,0.333,9,14,23,20,10,0,3,13,71
0022100917,1610612744,Warriors,GSW,Golden State,Bench,68.000000:56,9,21,0.429,4,10,0.4,4,4,1.0,3,12,15,6,5,2,6,8,26
0022100917,1610612742,Mavericks,DAL,Dallas,Starters,156.000000:06,23,49,0.469,9,22,0.409,13,14,0.929,5,25,30,10,3,5,14,14,68
0022100917,1610612742,Mavericks,DAL,Dallas,Bench,83.000000:54,16,29,0.552,4,12,0.333,3,6,0.5,1,14,15,6,2,2,4,4,39
