GAME_ID,TEAM_ID,TEAM_NAME,TEAM_ABBREVIATION,TEAM_CITY,STARTERS_BENCH,MIN,FGM,FGA,FG_PCT,FG3M,FG3A,FG3_PCT,FTM,FTA,FT_PCT,OREB,DREB,REB,AST,STL,BLK,TO,PF,PTS
0022100870,1610612749,Bucks,MIL,Milwaukee,Starters,150.000000:02,34,63,0.54,5,18,0.278,19,24,0.792,7,27,34,24,5,0,8,9,92
0022100870,1610612749,Bucks,MIL,Milwaukee,Bench,37.000000:36,7,12,0.583,1,4,0.25,0,0,0.0,1,5,6,2,1,0,2,3,15
0022100870,1610612754,Pacers,IND,Indiana,Starters,142.000000:19,30,56,0.536,15,30,0.5,7,14,0.5,4,17,21,20,5,1,7,16,82
0022100870,1610612754,Pacers,IND,Indiana,Bench,74.000000:42,13,26,0.5,2,7,0.286,1,4,0.25,6,9,15,8,2,1,3,4,29
