GAME_ID,TEAM_ID,TEAM_NAME,TEAM_ABBREVIATION,TEAM_CITY,STARTERS_BENCH,MIN,FGM,FGA,FG_PCT,FG3M,FG3A,FG3_PCT,FTM,FTA,FT_PCT,OREB,DREB,REB,AST,STL,BLK,TO,PF,PTS
0022100620,1610612764,Wizards,WAS,Washington,Starters,143.000000:27,25,46,0.543,9,20,0.45,8,11,0.727,4,24,28,18,3,3,7,10,67
0022100620,1610612764,Wizards,WAS,Washington,Bench,42.000000:51,4,9,0.444,1,5,0.2,2,3,0.667,0,4,4,6,2,1,1,2,11
0022100620,1610612753,Magic,ORL,Orlando,Starters,159.000000:55,28,71,0.394,6,24,0.25,11,13,0.846,15,17,32,22,5,3,4,10,73
0022100620,1610612753,Magic,ORL,Orlando,Bench,70.000000:35,10,24,0.417,5,10,0.5,2,3,0.667,3,12,15,8,1,3,4,4,27
