GAME_ID,TEAM_ID,TEAM_NAME,TEAM_ABBREVIATION,TEAM_CITY,STARTERS_BENCH,MIN,FGM,FGA,FG_PCT,FG3M,FG3A,FG3_PCT,FTM,FTA,FT_PCT,OREB,DREB,REB,AST,STL,BLK,TO,PF,PTS
0022100966,1610612752,Knicks,NYK,New York,Starters,143.000000:27,26,60,0.433,6,16,0.375,10,18,0.556,9,24,33,13,2,5,6,7,68
0022100966,1610612752,Knicks,NYK,New York,Bench,96.000000:33,16,29,0.552,7,13,0.538,9,12,0.75,6,18,24,6,2,0,4,11,48
0022100966,1610612746,Clippers,LAC,LA,Starters,119.000000:52,14,51,0.275,2,17,0.118,6,7,0.857,8,24,32,9,0,1,6,14,36
0022100966,1610612746,Clippers,LAC,LA,Bench,120.000000:08,19,37,0.514,9,17,0.529,10,15,0.667,1,10,11,8,2,4,4,9,57
