GAME_ID,TEAM_ID,TEAM_NAME,TEAM_ABBREVIATION,TEAM_CITY,STARTERS_BENCH,MIN,FGM,FGA,FG_PCT,FG3M,FG3A,FG3_PCT,FTM,FTA,FT_PCT,OREB,DREB,REB,AST,STL,BLK,TO,PF,PTS
0022100570,1610612759,Spurs,SAS,San Antonio,Starters,164.000000:05,34,69,0.493,8,20,0.4,1,1,1.0,6,33,39,16,4,5,11,9,77
0022100570,1610612759,Spurs,SAS,San Antonio,Bench,67.000000:02,7,16,0.438,2,5,0.4,4,4,1.0,6,2,8,3,1,0,6,3,20
0022100570,1610612738,Celtics,BOS,Boston,Starters,164.000000:17,29,69,0.42,7,21,0.333,8,9,0.889,11,24,35,17,6,7,5,6,73
0022100570,1610612738,Celtics,BOS,Boston,Bench,75.000000:43,11,21,0.524,2,7,0.286,0,0,0.0,2,4,6,2,4,2,3,6,24
