GAME_ID,TEAM_ID,TEAM_NAME,TEAM_ABBREVIATION,TEAM_CITY,STARTERS_BENCH,MIN,FGM,FGA,FG_PCT,FG3M,FG3A,FG3_PCT,FTM,FTA,FT_PCT,OREB,DREB,REB,AST,STL,BLK,TO,PF,PTS
0022100891,1610612741,Bulls,CHI,Chicago,Starters,169.000000:29,32,65,0.492,6,19,0.316,15,17,0.882,4,27,31,13,4,6,8,12,85
0022100891,1610612741,Bulls,CHI,Chicago,Bench,70.000000:31,9,19,0.474,2,8,0.25,7,10,0.7,2,10,12,3,1,2,0,8,27
0022100891,1610612737,Hawks,ATL,Atlanta,Starters,149.000000:11,24,61,0.393,3,16,0.188,14,19,0.737,8,25,33,12,0,2,5,11,65
0022100891,1610612737,Hawks,ATL,Atlanta,Bench,90.000000:50,17,36,0.472,5,12,0.417,4,8,0.5,5,7,12,8,2,1,4,7,43
