GAME_ID,TEAM_ID,TEAM_NAME,TEAM_ABBREVIATION,TEAM_CITY,STARTERS_BENCH,MIN,FGM,FGA,FG_PCT,FG3M,FG3A,FG3_PCT,FTM,FTA,FT_PCT,OREB,DREB,REB,AST,STL,BLK,TO,PF,PTS
2022100278,1612709919,Knicks,WES,Westchester,Starters,155.000000:55,31,60,0.517,11,25,0.44,4,6,0.667,4,28,32,25,7,4,10,7,80
2022100278,1612709919,Knicks,WES,Westchester,Bench,84.000000:05,15,31,0.484,3,11,0.273,3,4,0.75,2,6,8,5,3,2,6,10,39
2022100278,1612709920,905,RAP,Raptors,Starters,138.000000:42,23,58,0.397,5,21,0.238,4,5,0.8,8,24,32,15,2,5,9,14,59
2022100278,1612709920,905,RAP,Raptors,Bench,101.000000:18,20,37,0.541,0,5,0.0,4,6,0.667,6,14,20,11,6,2,10,9,47
