GAME_ID,TEAM_ID,TEAM_NAME,TEAM_ABBREVIATION,TEAM_CITY,STARTERS_BENCH,MIN,FGM,FGA,FG_PCT,FG3M,FG3A,FG3_PCT,FTM,FTA,FT_PCT,OREB,DREB,REB,AST,STL,BLK,TO,PF,PTS
0022100195,1610612756,Suns,PHX,Phoenix,Starters,140.000000:13,32,66,0.485,8,22,0.364,7,7,1.0,8,26,34,11,11,5,5,10,79
0022100195,1610612756,Suns,PHX,Phoenix,Bench,99.000000:47,10,31,0.323,6,18,0.333,10,13,0.769,4,14,18,8,5,2,5,9,36
0022100195,1610612745,Rockets,HOU,Houston,Starters,126.000000:57,19,48,0.396,5,23,0.217,6,9,0.667,6,17,23,10,3,1,15,9,49
0022100195,1610612745,Rockets,HOU,Houston,Bench,113.000000:03,16,37,0.432,2,9,0.222,6,9,0.667,3,22,25,9,4,4,8,10,40
