GAME_ID,TEAM_ID,TEAM_NAME,TEAM_ABBREVIATION,TEAM_CITY,STARTERS_BENCH,MIN,FGM,FGA,FG_PCT,FG3M,FG3A,FG3_PCT,FTM,FTA,FT_PCT,OREB,DREB,REB,AST,STL,BLK,TO,PF,PTS
0022100125,1610612759,Spurs,SAS,San Antonio,Starters,149.000000:38,25,61,0.41,4,14,0.286,13,15,0.867,4,33,37,17,6,3,8,5,67
0022100125,1610612759,Spurs,SAS,San Antonio,Bench,64.000000:03,9,22,0.409,2,5,0.4,3,3,1.0,1,6,7,1,3,1,2,5,23
0022100125,1610612753,Magic,ORL,Orlando,Starters,152.000000:31,26,67,0.388,9,32,0.281,4,4,1.0,5,25,30,14,4,7,12,11,65
0022100125,1610612753,Magic,ORL,Orlando,Bench,67.000000:38,8,16,0.5,3,7,0.429,2,4,0.5,1,7,8,8,5,4,6,1,21
