GAME_ID,TEAM_ID,TEAM_NAME,TEAM_ABBREVIATION,TEAM_CITY,STARTERS_BENCH,MIN,FGM,FGA,FG_PCT,FG3M,FG3A,FG3_PCT,FTM,FTA,FT_PCT,OREB,DREB,REB,AST,STL,BLK,TO,PF,PTS
2022100292,1612709903,Stars,SLC,Salt Lake City,Starters,176.000000:58,33,76,0.434,9,29,0.31,5,7,0.714,9,22,31,18,8,3,10,11,85
2022100292,1612709903,Stars,SLC,Salt Lake City,Bench,63.000000:02,9,18,0.5,1,3,0.333,3,6,0.5,3,9,12,7,0,0,5,8,24
2022100292,1612709911,Wolves,IWA,Iowa,Starters,147.000000:46,24,44,0.545,9,23,0.391,4,5,0.8,4,24,28,21,5,4,13,13,63
2022100292,1612709911,Wolves,IWA,Iowa,Bench,92.000000:14,21,41,0.512,7,18,0.389,2,6,0.333,4,15,19,11,5,0,4,10,53
