GAME_ID,TEAM_ID,TEAM_NAME,TEAM_ABBREVIATION,TEAM_CITY,STARTERS_BENCH,MIN,FGM,FGA,FG_PCT,FG3M,FG3A,FG3_PCT,FTM,FTA,FT_PCT,OREB,DREB,REB,AST,STL,BLK,TO,PF,PTS
0022101144,1610612759,Spurs,SAS,San Antonio,Starters,159.000000:53,32,63,0.508,11,26,0.423,9,11,0.818,6,23,29,15,3,1,10,7,84
0022101144,1610612759,Spurs,SAS,San Antonio,Bench,80.000000:07,10,20,0.5,3,9,0.333,4,5,0.8,1,7,8,11,5,0,4,6,27
0022101144,1610612763,Grizzlies,MEM,Memphis,Starters,156.000000:27,31,63,0.492,11,27,0.407,6,9,0.667,7,20,27,20,4,3,7,12,79
0022101144,1610612763,Grizzlies,MEM,Memphis,Bench,60.000000:52,11,23,0.478,5,11,0.455,2,2,1.0,3,7,10,2,1,2,3,1,29
