GAME_ID,TEAM_ID,TEAM_NAME,TEAM_ABBREVIATION,TEAM_CITY,STARTERS_BENCH,MIN,FGM,FGA,FG_PCT,FG3M,FG3A,FG3_PCT,FTM,FTA,FT_PCT,OREB,DREB,REB,AST,STL,BLK,TO,PF,PTS
0022100174,1610612752,Knicks,NYK,New York,Starters,139.000000:19,20,54,0.37,6,19,0.316,8,13,0.615,5,22,27,9,4,2,11,11,54
0022100174,1610612752,Knicks,NYK,New York,Bench,100.000000:41,16,39,0.41,7,16,0.438,3,5,0.6,9,15,24,8,4,3,8,11,42
0022100174,1610612766,Hornets,CHA,Charlotte,Starters,172.000000:30,31,66,0.47,5,22,0.227,15,20,0.75,9,32,41,24,8,5,8,12,82
0022100174,1610612766,Hornets,CHA,Charlotte,Bench,56.000000:33,6,21,0.286,5,14,0.357,0,2,0.0,0,4,4,1,2,0,3,4,17
