GAME_ID,TEAM_ID,TEAM_NAME,TEAM_ABBREVIATION,TEAM_CITY,STARTERS_BENCH,MIN,FGM,FGA,FG_PCT,FG3M,FG3A,FG3_PCT,FTM,FTA,FT_PCT,OREB,DREB,REB,AST,STL,BLK,TO,PF,PTS
2022100233,1612709910,Mad Ants,FWN,Fort Wayne,Starters,176.000000:11,38,91,0.418,12,37,0.324,3,6,0.5,16,29,45,29,10,6,16,9,92
2022100233,1612709910,Mad Ants,FWN,Fort Wayne,Bench,46.000000:38,7,12,0.583,4,8,0.5,1,1,1.0,2,5,7,1,1,0,2,2,19
2022100233,1612709909,Blue Coats,DEL,Delaware,Starters,153.000000:28,36,69,0.522,20,37,0.541,5,5,1.0,8,28,36,28,3,6,10,7,98
2022100233,1612709909,Blue Coats,DEL,Delaware,Bench,86.000000:32,12,31,0.387,5,15,0.333,1,2,0.5,3,9,12,10,6,1,6,4,31
