GAME_ID,TEAM_ID,TEAM_NAME,TEAM_ABBREVIATION,TEAM_CITY,STARTERS_BENCH,MIN,FGM,FGA,FG_PCT,FG3M,FG3A,FG3_PCT,FTM,FTA,FT_PCT,OREB,DREB,REB,AST,STL,BLK,TO,PF,PTS
0022100388,1610612740,Pelicans,NOP,New Orleans,Starters,148.000000:08,27,55,0.491,8,19,0.421,14,16,0.875,8,28,36,21,1,3,6,9,76
0022100388,1610612740,Pelicans,NOP,New Orleans,Bench,91.000000:52,14,40,0.35,5,18,0.278,0,0,0.0,7,17,24,8,5,1,8,7,33
0022100388,1610612765,Pistons,DET,Detroit,Starters,136.000000:31,18,56,0.321,7,23,0.304,6,7,0.857,3,16,19,13,5,5,5,13,49
0022100388,1610612765,Pistons,DET,Detroit,Bench,103.000000:29,17,34,0.5,5,14,0.357,5,5,1.0,4,15,19,9,2,1,7,2,44
