GAME_ID,TEAM_ID,TEAM_NAME,TEAM_ABBREVIATION,TEAM_CITY,STARTERS_BENCH,MIN,FGM,FGA,FG_PCT,FG3M,FG3A,FG3_PCT,FTM,FTA,FT_PCT,OREB,DREB,REB,AST,STL,BLK,TO,PF,PTS
0022100849,1610612755,76ers,PHI,Philadelphia,Starters,157.000000:14,27,53,0.509,8,15,0.533,17,21,0.81,1,23,24,17,10,4,8,12,79
0022100849,1610612755,76ers,PHI,Philadelphia,Bench,82.000000:46,11,26,0.423,2,7,0.286,0,0,0.0,7,9,16,7,3,1,3,9,24
0022100849,1610612739,Cavaliers,CLE,Cleveland,Starters,156.000000:40,26,46,0.565,5,11,0.455,9,10,0.9,4,19,23,7,1,1,10,14,66
0022100849,1610612739,Cavaliers,CLE,Cleveland,Bench,83.000000:20,10,31,0.323,3,13,0.231,4,5,0.8,1,10,11,14,2,2,5,2,27
