GAME_ID,TEAM_ID,TEAM_NAME,TEAM_ABBREVIATION,TEAM_CITY,STARTERS_BENCH,MIN,FGM,FGA,FG_PCT,FG3M,FG3A,FG3_PCT,FTM,FTA,FT_PCT,OREB,DREB,REB,AST,STL,BLK,TO,PF,PTS
0022101113,1610612760,Thunder,OKC,Oklahoma City,Starters,137.000000:57,25,51,0.49,7,16,0.438,14,15,0.933,3,21,24,15,5,3,13,11,71
0022101113,1610612760,Thunder,OKC,Oklahoma City,Bench,102.000000:03,14,33,0.424,7,20,0.35,1,1,1.0,2,10,12,14,3,2,3,8,36
0022101113,1610612743,Nuggets,DEN,Denver,Starters,156.000000:26,34,63,0.54,5,18,0.278,15,16,0.938,6,27,33,21,7,4,8,12,88
0022101113,1610612743,Nuggets,DEN,Denver,Bench,83.000000:34,7,22,0.318,3,13,0.231,8,8,1.0,4,10,14,12,4,1,7,7,25
