GAME_ID,TEAM_ID,TEAM_NAME,TEAM_ABBREVIATION,TEAM_CITY,STARTERS_BENCH,MIN,FGM,FGA,FG_PCT,FG3M,FG3A,FG3_PCT,FTM,FTA,FT_PCT,OREB,DREB,REB,AST,STL,BLK,TO,PF,PTS
2022100366,1612709920,905,RAP,Raptors,Starters,135.000000:51,27,59,0.458,11,28,0.393,6,8,0.75,7,21,28,19,4,3,11,16,73
2022100366,1612709920,905,RAP,Raptors,Bench,104.000000:09,22,36,0.611,4,9,0.444,3,5,0.6,5,16,21,9,3,3,3,6,53
2022100366,1612709929,Skyhawks,CPS,College Park,Starters,168.000000:27,31,66,0.47,15,31,0.484,10,11,0.909,8,19,27,24,4,2,10,14,92
2022100366,1612709929,Skyhawks,CPS,College Park,Bench,64.000000:33,9,25,0.36,4,11,0.364,4,5,0.8,5,10,15,5,4,0,0,4,29
