GAME_ID,TEAM_ID,TEAM_NAME,TEAM_ABBREVIATION,TEAM_CITY,STARTERS_BENCH,MIN,FGM,FGA,FG_PCT,FG3M,FG3A,FG3_PCT,FTM,FTA,FT_PCT,OREB,DREB,REB,AST,STL,BLK,TO,PF,PTS
2022100342,1612709905,Lakers,SBL,South Bay,Starters,138.000000:20,33,58,0.569,6,16,0.375,8,9,0.889,7,18,25,17,11,3,13,15,86
2022100342,1612709905,Lakers,SBL,South Bay,Bench,101.000000:40,16,38,0.421,3,15,0.2,3,3,1.0,0,21,21,12,10,4,4,8,40
2022100342,1612709908,Vipers,RGV,Rio Grande Valley,Starters,152.000000:41,27,58,0.466,3,18,0.167,6,8,0.75,6,25,31,20,2,4,24,9,67
2022100342,1612709908,Vipers,RGV,Rio Grande Valley,Bench,40.000000:47,8,14,0.571,2,6,0.333,3,5,0.6,4,9,13,2,2,0,2,2,22
