GAME_ID,TEAM_ID,TEAM_NAME,TEAM_ABBREVIATION,TEAM_CITY,STARTERS_BENCH,MIN,FGM,FGA,FG_PCT,FG3M,FG3A,FG3_PCT,FTM,FTA,FT_PCT,OREB,DREB,REB,AST,STL,BLK,TO,PF,PTS
0022100567,1610612765,Pistons,DET,Detroit,Starters,125.000000:09,24,50,0.48,9,22,0.409,4,8,0.5,3,13,16,14,7,0,6,12,61
0022100567,1610612765,Pistons,DET,Detroit,Bench,114.000000:51,19,42,0.452,5,20,0.25,7,12,0.583,6,14,20,12,5,3,7,9,50
0022100567,1610612766,Hornets,CHA,Charlotte,Starters,129.000000:26,25,43,0.581,11,22,0.5,10,15,0.667,3,23,26,26,2,2,7,10,71
0022100567,1610612766,Hornets,CHA,Charlotte,Bench,110.000000:34,23,38,0.605,13,20,0.65,10,14,0.714,5,18,23,13,4,1,10,11,69
