GAME_ID,TEAM_ID,TEAM_NAME,TEAM_ABBREVIATION,TEAM_CITY,STARTERS_BENCH,MIN,FGM,FGA,FG_PCT,FG3M,FG3A,FG3_PCT,FTM,FTA,FT_PCT,OREB,DREB,REB,AST,STL,BLK,TO,PF,PTS
0022101033,1610612766,Hornets,CHA,Charlotte,Starters,152.000000:14,32,63,0.508,11,26,0.423,11,14,0.786,4,24,28,26,8,4,8,11,86
0022101033,1610612766,Hornets,CHA,Charlotte,Bench,62.000000:07,11,22,0.5,0,7,0.0,8,9,0.889,5,5,10,2,0,2,0,6,30
0022101033,1610612737,Hawks,ATL,Atlanta,Starters,155.000000:00,25,60,0.417,9,25,0.36,9,10,0.9,8,22,30,24,6,0,10,10,68
0022101033,1610612737,Hawks,ATL,Atlanta,Bench,85.000000:00,15,33,0.455,4,12,0.333,4,4,1.0,4,9,13,4,0,2,2,13,38
