GAME_ID,TEAM_ID,TEAM_NAME,TEAM_ABBREVIATION,TEAM_CITY,STARTERS_BENCH,MIN,FGM,FGA,FG_PCT,FG3M,FG3A,FG3_PCT,FTM,FTA,FT_PCT,OREB,DREB,REB,AST,STL,BLK,TO,PF,PTS
0042100312,1610612744,Warriors,GSW,Golden State,Starters,172.000000:54,34,65,0.523,11,21,0.524,11,15,0.733,7,28,35,22,1,1,8,19,90
0042100312,1610612744,Warriors,GSW,Golden State,Bench,67.000000:06,12,17,0.706,3,7,0.429,9,10,0.9,1,7,8,11,3,1,5,7,36
0042100312,1610612742,Mavericks,DAL,Dallas,Starters,169.000000:00,32,60,0.533,19,33,0.576,21,28,0.75,3,22,25,17,3,2,7,12,104
0042100312,1610612742,Mavericks,DAL,Dallas,Bench,34.000000:22,4,10,0.4,1,5,0.2,1,1,1.0,1,3,4,4,3,1,5,3,10
