GAME_ID,TEAM_ID,TEAM_NAME,TEAM_ABBREVIATION,TEAM_CITY,STARTERS_BENCH,MIN,FGM,FGA,FG_PCT,FG3M,FG3A,FG3_PCT,FTM,FTA,FT_PCT,OREB,DREB,REB,AST,STL,BLK,TO,PF,PTS
2052100115,1612709902,Warriors,SCW,Santa Cruz,Starters,152.000000:20,27,69,0.391,8,31,0.258,5,8,0.625,7,27,34,20,4,3,12,13,71
2052100115,1612709902,Warriors,SCW,Santa Cruz,Bench,87.000000:40,13,29,0.448,6,16,0.375,5,5,1.0,8,6,14,13,4,3,3,8,39
2052100115,1612709905,Lakers,SBL,South Bay,Starters,120.000000:28,23,47,0.489,6,13,0.462,4,5,0.8,5,19,24,14,3,2,6,12,59
2052100115,1612709905,Lakers,SBL,South Bay,Bench,98.000000:18,18,36,0.5,4,13,0.308,10,12,0.833,5,17,22,11,4,1,7,7,53
