GAME_ID,TEAM_ID,TEAM_NAME,TEAM_ABBREVIATION,TEAM_CITY,STARTERS_BENCH,MIN,FGM,FGA,FG_PCT,FG3M,FG3A,FG3_PCT,FTM,FTA,FT_PCT,OREB,DREB,REB,AST,STL,BLK,TO,PF,PTS
0022100372,1610612745,Rockets,HOU,Houston,Starters,156.000000:42,26,59,0.441,9,31,0.29,15,22,0.682,5,21,26,14,6,7,10,16,76
0022100372,1610612745,Rockets,HOU,Houston,Bench,78.000000:21,14,21,0.667,5,9,0.556,5,7,0.714,3,7,10,9,3,2,3,6,38
0022100372,1610612751,Nets,BKN,Brooklyn,Starters,124.000000:41,14,44,0.318,6,22,0.273,20,25,0.8,4,19,23,13,2,3,10,10,54
0022100372,1610612751,Nets,BKN,Brooklyn,Bench,86.000000:22,19,39,0.487,2,10,0.2,4,4,1.0,6,8,14,4,2,0,1,10,44
