GAME_ID,TEAM_ID,TEAM_NAME,TEAM_ABBREVIATION,TEAM_CITY,STARTERS_BENCH,MIN,FGM,FGA,FG_PCT,FG3M,FG3A,FG3_PCT,FTM,FTA,FT_PCT,OREB,DREB,REB,AST,STL,BLK,TO,PF,PTS
0022100564,1610612752,Knicks,NYK,New York,Starters,160.000000:47,30,59,0.508,4,20,0.2,16,24,0.667,8,29,37,14,6,0,9,14,80
0022100564,1610612752,Knicks,NYK,New York,Bench,79.000000:13,9,21,0.429,2,8,0.25,4,4,1.0,6,8,14,3,0,0,0,9,24
0022100564,1610612754,Pacers,IND,Indiana,Starters,166.000000:32,22,52,0.423,6,27,0.222,12,23,0.522,3,19,22,16,2,2,8,14,62
0022100564,1610612754,Pacers,IND,Indiana,Bench,73.000000:28,10,24,0.417,3,11,0.273,9,9,1.0,6,7,13,6,1,1,2,6,32
