GAME_ID,TEAM_ID,TEAM_NAME,TEAM_ABBREVIATION,TEAM_CITY,STARTERS_BENCH,MIN,FGM,FGA,FG_PCT,FG3M,FG3A,FG3_PCT,FTM,FTA,FT_PCT,OREB,DREB,REB,AST,STL,BLK,TO,PF,PTS
0022100657,1610612739,Cavaliers,CLE,Cleveland,Starters,168.000000:30,31,55,0.564,7,17,0.412,8,8,1.0,6,23,29,16,5,3,12,9,77
0022100657,1610612739,Cavaliers,CLE,Cleveland,Bench,71.000000:31,11,26,0.423,4,15,0.267,11,13,0.846,2,9,11,10,2,0,3,5,37
0022100657,1610612751,Nets,BKN,Brooklyn,Starters,170.000000:24,29,61,0.475,11,24,0.458,12,17,0.706,5,19,24,22,7,3,11,13,81
0022100657,1610612751,Nets,BKN,Brooklyn,Bench,69.000000:36,12,22,0.545,1,6,0.167,1,1,1.0,3,8,11,5,4,1,3,9,26
