GAME_ID,TEAM_ID,TEAM_NAME,TEAM_ABBREVIATION,TEAM_CITY,STARTERS_BENCH,MIN,FGM,FGA,FG_PCT,FG3M,FG3A,FG3_PCT,FTM,FTA,FT_PCT,OREB,DREB,REB,AST,STL,BLK,TO,PF,PTS
0022100631,1610612757,Trail Blazers,POR,Portland,Starters,147.000000:55,25,57,0.439,9,28,0.321,10,17,0.588,6,16,22,20,8,3,7,11,69
0022100631,1610612757,Trail Blazers,POR,Portland,Bench,75.000000:11,11,24,0.458,4,10,0.4,7,11,0.636,4,4,8,8,3,2,7,7,33
0022100631,1610612743,Nuggets,DEN,Denver,Starters,133.000000:40,28,43,0.651,7,16,0.438,11,15,0.733,2,24,26,18,1,3,8,10,74
0022100631,1610612743,Nuggets,DEN,Denver,Bench,106.000000:20,24,40,0.6,14,26,0.538,4,5,0.8,4,10,14,17,6,0,7,15,66
