GAME_ID,TEAM_ID,TEAM_NAME,TEAM_ABBREVIATION,TEAM_CITY,STARTERS_BENCH,MIN,FGM,FGA,FG_PCT,FG3M,FG3A,FG3_PCT,FTM,FTA,FT_PCT,OREB,DREB,REB,AST,STL,BLK,TO,PF,PTS
0022100011,1610612762,Jazz,UTA,Utah,Starters,139.000000:22,26,59,0.441,7,27,0.259,5,7,0.714,9,25,34,12,5,3,5,8,64
0022100011,1610612762,Jazz,UTA,Utah,Bench,82.000000:07,12,28,0.429,7,20,0.35,6,6,1.0,1,8,9,6,0,0,4,6,37
0022100011,1610612760,Thunder,OKC,Oklahoma City,Starters,142.000000:11,18,57,0.316,3,20,0.15,9,14,0.643,10,26,36,10,2,1,7,8,48
0022100011,1610612760,Thunder,OKC,Oklahoma City,Bench,83.000000:26,12,26,0.462,4,12,0.333,2,4,0.5,1,7,8,8,2,1,6,5,30
