GAME_ID,TEAM_ID,TEAM_NAME,TEAM_ABBREVIATION,TEAM_CITY,STARTERS_BENCH,MIN,FGM,FGA,FG_PCT,FG3M,FG3A,FG3_PCT,FTM,FTA,FT_PCT,OREB,DREB,REB,AST,STL,BLK,TO,PF,PTS
0022100815,1610612756,Suns,PHX,Phoenix,Starters,180.000000:34,32,69,0.464,5,19,0.263,15,17,0.882,4,28,32,21,6,2,8,11,84
0022100815,1610612756,Suns,PHX,Phoenix,Bench,59.000000:26,11,26,0.423,1,7,0.143,7,7,1.0,7,9,16,6,1,3,0,4,30
0022100815,1610612755,76ers,PHI,Philadelphia,Starters,168.000000:35,34,70,0.486,7,24,0.292,14,14,1.0,2,28,30,13,4,3,9,17,89
0022100815,1610612755,76ers,PHI,Philadelphia,Bench,71.000000:25,7,19,0.368,3,8,0.375,3,4,0.75,4,10,14,11,3,1,5,5,20
