GAME_ID,TEAM_ID,TEAM_NAME,TEAM_ABBREVIATION,TEAM_CITY,STARTERS_BENCH,MIN,FGM,FGA,FG_PCT,FG3M,FG3A,FG3_PCT,FTM,FTA,FT_PCT,OREB,DREB,REB,AST,STL,BLK,TO,PF,PTS
0022100107,1610612747,Lakers,LAL,Los Angeles,Starters,160.000000:45,38,73,0.521,3,17,0.176,14,18,0.778,8,21,29,23,8,3,12,11,93
0022100107,1610612747,Lakers,LAL,Los Angeles,Bench,66.000000:06,11,17,0.647,3,7,0.429,0,0,0.0,3,10,13,1,1,1,4,7,25
0022100107,1610612745,Rockets,HOU,Houston,Starters,175.000000:36,37,70,0.529,11,30,0.367,2,8,0.25,10,22,32,22,7,3,21,18,87
0022100107,1610612745,Rockets,HOU,Houston,Bench,64.000000:24,11,21,0.524,5,12,0.417,3,4,0.75,1,5,6,5,1,1,3,3,30
