GAME_ID,TEAM_ID,TEAM_NAME,TEAM_ABBREVIATION,TEAM_CITY,STARTERS_BENCH,MIN,FGM,FGA,FG_PCT,FG3M,FG3A,FG3_PCT,FTM,FTA,FT_PCT,OREB,DREB,REB,AST,STL,BLK,TO,PF,PTS
0042100143,1610612756,Suns,PHX,Phoenix,Starters,175.000000:43,34,64,0.531,4,18,0.222,19,22,0.864,6,22,28,20,6,2,3,15,91
0042100143,1610612756,Suns,PHX,Phoenix,Bench,64.000000:17,10,23,0.435,0,8,0.0,3,5,0.6,3,4,7,6,2,1,2,6,23
0042100143,1610612740,Pelicans,NOP,New Orleans,Starters,152.000000:58,29,55,0.527,7,18,0.389,21,27,0.778,7,24,31,11,4,3,10,12,86
0042100143,1610612740,Pelicans,NOP,New Orleans,Bench,87.000000:02,9,24,0.375,4,14,0.286,3,4,0.75,4,10,14,6,0,2,4,16,25
