GAME_ID,TEAM_ID,TEAM_NAME,TEAM_ABBREVIATION,TEAM_CITY,STARTERS_BENCH,MIN,FGM,FGA,FG_PCT,FG3M,FG3A,FG3_PCT,FTM,FTA,FT_PCT,OREB,DREB,REB,AST,STL,BLK,TO,PF,PTS
0012100037,1610612760,Thunder,OKC,Oklahoma City,Starters,109.000000:35,20,46,0.435,10,23,0.435,4,5,0.8,2,11,13,17,3,1,4,3,54
0012100037,1610612760,Thunder,OKC,Oklahoma City,Bench,130.000000:25,21,52,0.404,9,31,0.29,5,8,0.625,7,15,22,8,4,1,5,10,56
0012100037,1610612749,Bucks,MIL,Milwaukee,Starters,94.000000:43,24,41,0.585,6,13,0.462,3,6,0.5,4,20,24,12,1,5,4,5,57
0012100037,1610612749,Bucks,MIL,Milwaukee,Bench,129.000000:49,25,50,0.5,14,24,0.583,5,7,0.714,5,21,26,15,4,0,7,7,69
