GAME_ID,TEAM_ID,TEAM_NAME,TEAM_ABBREVIATION,TEAM_CITY,STARTERS_BENCH,MIN,FGM,FGA,FG_PCT,FG3M,FG3A,FG3_PCT,FTM,FTA,FT_PCT,OREB,DREB,REB,AST,STL,BLK,TO,PF,PTS
0022100630,1610612760,Thunder,OKC,Oklahoma City,Starters,149.000000:48,31,62,0.5,12,29,0.414,14,16,0.875,7,17,24,22,3,4,8,12,88
0022100630,1610612760,Thunder,OKC,Oklahoma City,Bench,78.000000:01,11,23,0.478,4,12,0.333,2,2,1.0,2,12,14,10,4,2,2,6,28
0022100630,1610612751,Nets,BKN,Brooklyn,Starters,121.000000:09,19,52,0.365,3,17,0.176,12,12,1.0,10,14,24,12,5,7,7,11,53
0022100630,1610612751,Nets,BKN,Brooklyn,Bench,90.000000:17,16,36,0.444,1,12,0.083,6,8,0.75,7,12,19,2,2,3,3,7,39
