GAME_ID,TEAM_ID,TEAM_NAME,TEAM_ABBREVIATION,TEAM_CITY,STARTERS_BENCH,MIN,FGM,FGA,FG_PCT,FG3M,FG3A,FG3_PCT,FTM,FTA,FT_PCT,OREB,DREB,REB,AST,STL,BLK,TO,PF,PTS
0022101005,1610612750,Timberwolves,MIN,Minnesota,Starters,150.000000:11,21,49,0.429,10,29,0.345,18,20,0.9,3,30,33,15,5,3,12,15,70
0022101005,1610612750,Timberwolves,MIN,Minnesota,Bench,89.000000:49,14,34,0.412,5,13,0.385,10,12,0.833,3,10,13,6,7,2,2,4,43
0022101005,1610612748,Heat,MIA,Miami,Starters,136.000000:03,16,45,0.356,3,20,0.15,9,15,0.6,8,19,27,18,5,0,11,13,44
0022101005,1610612748,Heat,MIA,Miami,Bench,103.000000:57,19,43,0.442,12,25,0.48,10,10,1.0,3,23,26,5,2,1,7,11,60
