GAME_ID,TEAM_ID,TEAM_NAME,TEAM_ABBREVIATION,TEAM_CITY,STARTERS_BENCH,MIN,FGM,FGA,FG_PCT,FG3M,FG3A,FG3_PCT,FTM,FTA,FT_PCT,OREB,DREB,REB,AST,STL,BLK,TO,PF,PTS
2022100240,1612709932,Cruise,MCC,Motor City,Starters,150.000000:56,26,57,0.456,7,21,0.333,6,10,0.6,5,20,25,20,7,5,10,10,71
2022100240,1612709932,Cruise,MCC,Motor City,Bench,89.000000:04,12,33,0.364,4,17,0.235,3,6,0.5,6,10,16,6,2,1,3,7,31
2022100240,1612709922,Swarm,GBO,Greensboro,Starters,136.000000:52,32,66,0.485,13,30,0.433,2,2,1.0,11,20,31,19,2,1,6,6,80
2022100240,1612709922,Swarm,GBO,Greensboro,Bench,103.000000:08,15,27,0.556,3,8,0.375,4,5,0.8,4,21,25,13,5,1,5,13,40
