GAME_ID,TEAM_ID,TEAM_NAME,TEAM_ABBREVIATION,TEAM_CITY,STARTERS_BENCH,MIN,FGM,FGA,FG_PCT,FG3M,FG3A,FG3_PCT,FTM,FTA,FT_PCT,OREB,DREB,REB,AST,STL,BLK,TO,PF,PTS
2022100237,1612709914,Kings,STO,Stockton,Starters,154.000000:43,35,68,0.515,5,16,0.313,1,3,0.333,6,14,20,22,13,2,10,14,77
2022100237,1612709914,Kings,STO,Stockton,Bench,85.000000:17,9,29,0.31,3,15,0.2,5,10,0.5,6,11,17,6,6,3,6,11,26
2022100237,1612709908,Vipers,RGV,Rio Grande Valley,Starters,134.000000:36,24,45,0.533,8,20,0.4,8,9,0.889,6,26,32,19,5,3,14,7,70
2022100237,1612709908,Vipers,RGV,Rio Grande Valley,Bench,57.000000:45,10,23,0.435,3,9,0.333,1,2,0.5,6,8,14,6,2,0,8,7,25
