GAME_ID,TEAM_ID,TEAM_NAME,TEAM_ABBREVIATION,TEAM_CITY,STARTERS_BENCH,MIN,FGM,FGA,FG_PCT,FG3M,FG3A,FG3_PCT,FTM,FTA,FT_PCT,OREB,DREB,REB,AST,STL,BLK,TO,PF,PTS
2022100357,1612709932,Cruise,MCC,Motor City,Starters,164.000000:34,37,70,0.529,13,35,0.371,12,16,0.75,10,25,35,25,8,2,13,13,102
2022100357,1612709932,Cruise,MCC,Motor City,Bench,74.000000:25,9,25,0.36,4,13,0.308,1,1,1.0,5,10,15,6,1,1,3,8,24
2022100357,1612709893,Charge,CLC,Cleveland,Starters,160.000000:44,32,70,0.457,9,27,0.333,7,10,0.7,4,20,24,18,3,1,11,13,83
2022100357,1612709893,Charge,CLC,Cleveland,Bench,60.000000:35,11,20,0.55,1,5,0.2,2,4,0.5,5,6,11,3,1,3,3,7,26
