GAME_ID,TEAM_ID,TEAM_NAME,TEAM_ABBREVIATION,TEAM_CITY,STARTERS_BENCH,MIN,FGM,FGA,FG_PCT,FG3M,FG3A,FG3_PCT,FTM,FTA,FT_PCT,OREB,DREB,REB,AST,STL,BLK,TO,PF,PTS
0022100189,1610612761,Raptors,TOR,Toronto,Starters,176.000000:45,34,66,0.515,10,26,0.385,14,20,0.7,10,17,27,17,8,1,10,16,92
0022100189,1610612761,Raptors,TOR,Toronto,Bench,63.000000:16,10,21,0.476,3,8,0.375,6,11,0.545,5,7,12,4,1,0,3,9,29
0022100189,1610612765,Pistons,DET,Detroit,Starters,164.000000:43,29,55,0.527,10,23,0.435,15,16,0.938,8,19,27,27,3,5,7,15,83
0022100189,1610612765,Pistons,DET,Detroit,Bench,75.000000:17,14,24,0.583,5,12,0.417,11,14,0.786,1,6,7,7,2,1,6,8,44
