GAME_ID,TEAM_ID,TEAM_NAME,TEAM_ABBREVIATION,TEAM_CITY,STARTERS_BENCH,MIN,FGM,FGA,FG_PCT,FG3M,FG3A,FG3_PCT,FTM,FTA,FT_PCT,OREB,DREB,REB,AST,STL,BLK,TO,PF,PTS
0022100126,1610612764,Wizards,WAS,Washington,Starters,123.000000:56,28,51,0.549,9,19,0.474,4,5,0.8,4,20,24,22,2,3,11,5,69
0022100126,1610612764,Wizards,WAS,Washington,Bench,90.000000:19,14,25,0.56,0,5,0.0,3,8,0.375,1,23,24,9,2,3,5,5,31
0022100126,1610612763,Grizzlies,MEM,Memphis,Starters,115.000000:45,16,53,0.302,2,16,0.125,9,11,0.818,9,14,23,9,2,3,4,3,43
0022100126,1610612763,Grizzlies,MEM,Memphis,Bench,124.000000:15,18,43,0.419,4,15,0.267,4,6,0.667,3,13,16,10,10,1,5,12,44
