GAME_ID,TEAM_ID,TEAM_NAME,TEAM_ABBREVIATION,TEAM_CITY,STARTERS_BENCH,MIN,FGM,FGA,FG_PCT,FG3M,FG3A,FG3_PCT,FTM,FTA,FT_PCT,OREB,DREB,REB,AST,STL,BLK,TO,PF,PTS
2052100087,1612709914,Kings,STO,Stockton,Starters,150.000000:13,26,62,0.419,5,20,0.25,7,10,0.7,11,30,41,13,6,8,10,14,70
2052100087,1612709914,Kings,STO,Stockton,Bench,89.000000:47,11,33,0.333,3,14,0.214,4,4,1.0,6,17,23,8,5,3,6,7,32
2052100087,1612709903,Stars,SLC,Salt Lake City,Starters,125.000000:14,12,48,0.25,5,20,0.25,5,8,0.625,3,13,16,10,2,2,8,5,38
2052100087,1612709903,Stars,SLC,Salt Lake City,Bench,95.000000:44,17,41,0.415,5,18,0.278,3,5,0.6,5,13,18,5,8,4,6,10,43
