GAME_ID,TEAM_ID,TEAM_NAME,TEAM_ABBREVIATION,TEAM_CITY,STARTERS_BENCH,MIN,FGM,FGA,FG_PCT,FG3M,FG3A,FG3_PCT,FTM,FTA,FT_PCT,OREB,DREB,REB,AST,STL,BLK,TO,PF,PTS
2022100403,1612709927,Herd,WIS,Wisconsin,Starters,125.000000:17,26,60,0.433,6,22,0.273,8,15,0.533,15,29,44,8,3,2,9,14,70
2022100403,1612709927,Herd,WIS,Wisconsin,Bench,65.000000:26,11,26,0.423,5,15,0.333,4,5,0.8,1,5,6,11,1,2,3,6,34
2022100403,1612709929,Skyhawks,CPS,College Park,Starters,168.000000:53,31,65,0.477,6,21,0.286,7,15,0.467,4,32,36,28,4,3,11,18,78
2022100403,1612709929,Skyhawks,CPS,College Park,Bench,71.000000:07,17,31,0.548,9,16,0.563,8,9,0.889,3,14,17,9,4,3,5,6,53
