GAME_ID,TEAM_ID,TEAM_NAME,TEAM_ABBREVIATION,TEAM_CITY,STARTERS_BENCH,MIN,FGM,FGA,FG_PCT,FG3M,FG3A,FG3_PCT,FTM,FTA,FT_PCT,OREB,DREB,REB,AST,STL,BLK,TO,PF,PTS
0022100091,1610612762,Jazz,UTA,Utah,Starters,156.000000:20,24,46,0.522,10,24,0.417,20,22,0.909,3,25,28,9,4,6,9,9,78
0022100091,1610612762,Jazz,UTA,Utah,Bench,66.000000:36,9,24,0.375,2,13,0.154,5,5,1.0,2,5,7,3,2,2,2,0,25
0022100091,1610612749,Bucks,MIL,Milwaukee,Starters,157.000000:23,28,66,0.424,10,30,0.333,3,4,0.75,10,23,33,12,6,2,4,15,69
0022100091,1610612749,Bucks,MIL,Milwaukee,Bench,58.000000:47,5,15,0.333,1,6,0.167,0,0,0.0,1,4,5,3,1,0,4,5,11
