GAME_ID,TEAM_ID,TEAM_NAME,TEAM_ABBREVIATION,TEAM_CITY,STARTERS_BENCH,MIN,FGM,FGA,FG_PCT,FG3M,FG3A,FG3_PCT,FTM,FTA,FT_PCT,OREB,DREB,REB,AST,STL,BLK,TO,PF,PTS
0022101099,1610612756,Suns,PHX,Phoenix,Starters,168.000000:55,42,66,0.636,10,19,0.526,22,25,0.88,3,19,22,26,6,3,8,13,116
0022101099,1610612756,Suns,PHX,Phoenix,Bench,53.000000:10,6,13,0.462,2,6,0.333,1,4,0.25,2,4,6,1,1,0,0,7,15
0022101099,1610612743,Nuggets,DEN,Denver,Starters,146.000000:20,35,52,0.673,10,15,0.667,12,15,0.8,6,14,20,19,4,1,13,9,92
0022101099,1610612743,Nuggets,DEN,Denver,Bench,93.000000:40,13,29,0.448,5,17,0.294,7,12,0.583,4,13,17,8,1,1,3,13,38
