GAME_ID,TEAM_ID,TEAM_NAME,TEAM_ABBREVIATION,TEAM_CITY,STARTERS_BENCH,MIN,FGM,FGA,FG_PCT,FG3M,FG3A,FG3_PCT,FTM,FTA,FT_PCT,OREB,DREB,REB,AST,STL,BLK,TO,PF,PTS
0022100614,1610612763,Grizzlies,MEM,Memphis,Starters,146.000000:04,29,70,0.414,8,23,0.348,12,15,0.8,6,18,24,16,6,6,10,11,78
0022100614,1610612763,Grizzlies,MEM,Memphis,Bench,66.000000:09,13,18,0.722,6,6,1.0,2,3,0.667,4,14,18,11,3,2,1,2,34
0022100614,1610612744,Warriors,GSW,Golden State,Starters,117.000000:36,19,49,0.388,7,20,0.35,15,16,0.938,3,22,25,16,3,1,14,10,60
0022100614,1610612744,Warriors,GSW,Golden State,Bench,122.000000:24,16,33,0.485,6,16,0.375,10,13,0.769,1,19,20,9,5,4,2,9,48
