GAME_ID,TEAM_ID,TEAM_NAME,TEAM_ABBREVIATION,TEAM_CITY,STARTERS_BENCH,MIN,FGM,FGA,FG_PCT,FG3M,FG3A,FG3_PCT,FTM,FTA,FT_PCT,OREB,DREB,REB,AST,STL,BLK,TO,PF,PTS
2052100141,1612709902,Warriors,SCW,Santa Cruz,Starters,135.000000:35,18,54,0.333,6,23,0.261,5,6,0.833,8,16,24,19,3,2,11,11,50
2052100141,1612709902,Warriors,SCW,Santa Cruz,Bench,52.000000:08,7,20,0.35,4,11,0.364,2,3,0.667,2,10,12,4,1,3,2,4,23
2052100141,1612709924,Clippers,ACC,Agua Caliente,Starters,146.000000:27,31,67,0.463,7,25,0.28,6,6,1.0,10,24,34,18,7,7,9,8,78
2052100141,1612709924,Clippers,ACC,Agua Caliente,Bench,70.000000:06,13,31,0.419,4,14,0.286,2,2,1.0,9,14,23,6,2,2,6,11,33
