GAME_ID,TEAM_ID,TEAM_NAME,TEAM_ABBREVIATION,TEAM_CITY,STARTERS_BENCH,MIN,FGM,FGA,FG_PCT,FG3M,FG3A,FG3_PCT,FTM,FTA,FT_PCT,OREB,DREB,REB,AST,STL,BLK,TO,PF,PTS
0022101188,1610612758,Kings,SAC,Sacramento,Starters,135.000000:44,23,42,0.548,4,13,0.308,13,13,1.0,2,14,16,21,1,1,6,12,63
0022101188,1610612758,Kings,SAC,Sacramento,Bench,104.000000:16,16,34,0.471,7,17,0.412,7,9,0.778,1,17,18,7,3,2,9,8,46
0022101188,1610612740,Pelicans,NOP,New Orleans,Starters,152.000000:44,32,66,0.485,5,14,0.357,14,19,0.737,13,22,35,18,9,1,6,13,83
0022101188,1610612740,Pelicans,NOP,New Orleans,Bench,87.000000:16,13,22,0.591,7,11,0.636,7,7,1.0,1,8,9,8,4,1,7,7,40
