GAME_ID,TEAM_ID,TEAM_NAME,TEAM_ABBREVIATION,TEAM_CITY,STARTERS_BENCH,MIN,FGM,FGA,FG_PCT,FG3M,FG3A,FG3_PCT,FTM,FTA,FT_PCT,OREB,DREB,REB,AST,STL,BLK,TO,PF,PTS
0022101209,1610612757,Trail Blazers,POR,Portland,Starters,134.000000:07,18,50,0.36,1,13,0.077,7,8,0.875,3,17,20,16,4,1,12,12,44
0022101209,1610612757,Trail Blazers,POR,Portland,Bench,103.000000:02,13,31,0.419,6,18,0.333,2,4,0.5,2,7,9,4,5,1,4,11,34
0022101209,1610612742,Mavericks,DAL,Dallas,Starters,129.000000:59,28,48,0.583,14,30,0.467,16,21,0.762,5,21,26,12,3,3,10,7,86
0022101209,1610612742,Mavericks,DAL,Dallas,Bench,110.000000:01,14,31,0.452,6,15,0.4,8,10,0.8,4,21,25,13,6,2,4,12,42
