GAME_ID,TEAM_ID,TEAM_NAME,TEAM_ABBREVIATION,TEAM_CITY,STARTERS_BENCH,MIN,FGM,FGA,FG_PCT,FG3M,FG3A,FG3_PCT,FTM,FTA,FT_PCT,OREB,DREB,REB,AST,STL,BLK,TO,PF,PTS
2022100102,1612709915,Celtics,MNE,Maine,Starters,180.000000:18,26,60,0.433,16,38,0.421,7,8,0.875,7,32,39,23,7,4,18,10,79
2022100102,1612709915,Celtics,MNE,Maine,Bench,59.000000:42,8,17,0.471,3,7,0.429,0,0,0.0,1,10,11,4,2,0,5,8,19
2022100102,1612709893,Charge,CLC,Cleveland,Starters,171.000000:10,26,70,0.371,9,30,0.3,9,9,1.0,6,24,30,14,9,4,16,9,76
2022100102,1612709893,Charge,CLC,Cleveland,Bench,53.000000:07,3,7,0.429,1,3,0.333,0,0,0.0,3,8,11,4,1,0,2,5,7
