GAME_ID,TEAM_ID,TEAM_NAME,TEAM_ABBREVIATION,TEAM_CITY,STARTERS_BENCH,MIN,FGM,FGA,FG_PCT,FG3M,FG3A,FG3_PCT,FTM,FTA,FT_PCT,OREB,DREB,REB,AST,STL,BLK,TO,PF,PTS
0022100463,1610612759,Spurs,SAS,San Antonio,Starters,148.000000:05,36,75,0.48,8,21,0.381,4,6,0.667,14,24,38,25,10,2,11,14,84
0022100463,1610612759,Spurs,SAS,San Antonio,Bench,91.000000:55,14,39,0.359,4,16,0.25,0,0,0.0,9,19,28,12,1,2,0,5,32
0022100463,1610612746,Clippers,LAC,LA,Starters,142.000000:26,23,55,0.418,7,21,0.333,10,13,0.769,5,21,26,13,5,3,7,8,63
0022100463,1610612746,Clippers,LAC,LA,Bench,97.000000:34,11,32,0.344,2,11,0.182,5,7,0.714,4,13,17,5,1,2,7,7,29
