GAME_ID,TEAM_ID,TEAM_NAME,TEAM_ABBREVIATION,TEAM_CITY,STARTERS_BENCH,MIN,FGM,FGA,FG_PCT,FG3M,FG3A,FG3_PCT,FTM,FTA,FT_PCT,OREB,DREB,REB,AST,STL,BLK,TO,PF,PTS
0022100847,1610612764,Wizards,WAS,Washington,Starters,150.000000:17,28,58,0.483,9,29,0.31,11,14,0.786,7,15,22,18,4,1,5,8,76
0022100847,1610612764,Wizards,WAS,Washington,Bench,89.000000:43,13,30,0.433,4,9,0.444,4,7,0.571,3,7,10,8,7,2,4,11,34
0022100847,1610612758,Kings,SAC,Sacramento,Starters,165.000000:04,33,52,0.635,7,14,0.5,19,23,0.826,3,25,28,15,2,1,7,14,92
0022100847,1610612758,Kings,SAC,Sacramento,Bench,74.000000:57,10,24,0.417,5,14,0.357,6,6,1.0,3,11,14,12,2,1,7,6,31
