GAME_ID,TEAM_ID,TEAM_NAME,TEAM_ABBREVIATION,TEAM_CITY,STARTERS_BENCH,MIN,FGM,FGA,FG_PCT,FG3M,FG3A,FG3_PCT,FTM,FTA,FT_PCT,OREB,DREB,REB,AST,STL,BLK,TO,PF,PTS
2022100320,1612709903,Stars,SLC,Salt Lake City,Starters,179.000000:26,38,67,0.567,12,22,0.545,4,8,0.5,5,20,25,17,8,3,11,12,94
2022100320,1612709903,Stars,SLC,Salt Lake City,Bench,29.000000:16,6,12,0.5,2,5,0.4,1,2,0.5,0,2,2,5,2,1,1,2,15
2022100320,1612709911,Wolves,IWA,Iowa,Starters,148.000000:52,28,57,0.491,10,30,0.333,4,6,0.667,2,16,18,22,5,5,13,16,73
2022100320,1612709911,Wolves,IWA,Iowa,Bench,91.000000:08,13,23,0.565,2,6,0.333,4,5,0.8,3,17,20,7,2,1,6,6,36
