GAME_ID,TEAM_ID,TEAM_NAME,TEAM_ABBREVIATION,TEAM_CITY,STARTERS_BENCH,MIN,FGM,FGA,FG_PCT,FG3M,FG3A,FG3_PCT,FTM,FTA,FT_PCT,OREB,DREB,REB,AST,STL,BLK,TO,PF,PTS
0022100340,1610612756,Suns,PHX,Phoenix,Starters,152.000000:38,19,44,0.432,5,11,0.455,19,24,0.792,3,17,20,16,4,2,8,5,62
0022100340,1610612756,Suns,PHX,Phoenix,Bench,78.000000:03,12,35,0.343,3,10,0.3,7,9,0.778,6,12,18,7,4,1,6,7,34
0022100340,1610612744,Warriors,GSW,Golden State,Starters,140.000000:23,26,58,0.448,12,24,0.5,3,4,0.75,4,22,26,23,7,4,12,18,67
0022100340,1610612744,Warriors,GSW,Golden State,Bench,99.000000:37,19,34,0.559,7,15,0.467,6,8,0.75,7,18,25,7,3,4,5,11,51
