GAME_ID,TEAM_ID,TEAM_NAME,TEAM_ABBREVIATION,TEAM_CITY,STARTERS_BENCH,MIN,FGM,FGA,FG_PCT,FG3M,FG3A,FG3_PCT,FTM,FTA,FT_PCT,OREB,DREB,REB,AST,STL,BLK,TO,PF,PTS
2052100173,1612709915,Celtics,MNE,Maine,Starters,151.000000:12,21,54,0.389,8,29,0.276,3,6,0.5,3,25,28,17,4,3,12,7,55
2052100173,1612709915,Celtics,MNE,Maine,Bench,81.000000:52,14,30,0.467,7,17,0.412,2,2,1.0,3,11,14,4,1,0,6,10,38
2052100173,1612709921,Nets,LIN,Long Island,Starters,168.000000:01,18,63,0.286,7,29,0.241,2,5,0.4,14,20,34,12,4,2,10,13,47
2052100173,1612709921,Nets,LIN,Long Island,Bench,71.000000:47,20,38,0.526,5,7,0.714,1,5,0.2,7,11,18,7,5,2,1,3,46
