GAME_ID,TEAM_ID,TEAM_NAME,TEAM_ABBREVIATION,TEAM_CITY,STARTERS_BENCH,MIN,FGM,FGA,FG_PCT,FG3M,FG3A,FG3_PCT,FTM,FTA,FT_PCT,OREB,DREB,REB,AST,STL,BLK,TO,PF,PTS
0012100027,1610612740,Pelicans,NOP,New Orleans,Starters,110.000000:05,20,52,0.385,3,20,0.15,6,7,0.857,2,20,22,8,2,1,9,7,49
0012100027,1610612740,Pelicans,NOP,New Orleans,Bench,129.000000:55,11,41,0.268,5,19,0.263,9,12,0.75,6,17,23,10,5,3,9,9,36
0012100027,1610612741,Bulls,CHI,Chicago,Starters,126.000000:35,30,56,0.536,7,19,0.368,8,9,0.889,2,28,30,12,9,3,8,8,75
0012100027,1610612741,Bulls,CHI,Chicago,Bench,113.000000:25,17,40,0.425,5,16,0.313,7,10,0.7,7,21,28,20,5,4,4,12,46
