GAME_ID,TEAM_ID,TEAM_NAME,TEAM_ABBREVIATION,TEAM_CITY,STARTERS_BENCH,MIN,FGM,FGA,FG_PCT,FG3M,FG3A,FG3_PCT,FTM,FTA,FT_PCT,OREB,DREB,REB,AST,STL,BLK,TO,PF,PTS
0022100157,1610612757,Trail Blazers,POR,Portland,Starters,170.000000:28,33,68,0.485,11,28,0.393,7,10,0.7,4,25,29,24,4,2,8,9,84
0022100157,1610612757,Trail Blazers,POR,Portland,Bench,56.000000:18,7,17,0.412,3,8,0.375,0,0,0.0,2,4,6,4,2,3,0,4,17
0022100157,1610612746,Clippers,LAC,LA,Starters,152.000000:02,34,65,0.523,14,24,0.583,9,13,0.692,3,26,29,20,5,0,5,12,91
0022100157,1610612746,Clippers,LAC,LA,Bench,82.000000:27,10,18,0.556,2,5,0.4,4,6,0.667,2,9,11,5,0,0,3,5,26
