GAME_ID,TEAM_ID,TEAM_NAME,TEAM_ABBREVIATION,TEAM_CITY,STARTERS_BENCH,MIN,FGM,FGA,FG_PCT,FG3M,FG3A,FG3_PCT,FTM,FTA,FT_PCT,OREB,DREB,REB,AST,STL,BLK,TO,PF,PTS
0022100497,1610612760,Thunder,OKC,Oklahoma City,Starters,152.000000:29,29,61,0.475,7,24,0.292,18,26,0.692,6,23,29,18,5,4,9,11,83
0022100497,1610612760,Thunder,OKC,Oklahoma City,Bench,77.000000:52,10,23,0.435,5,11,0.455,4,5,0.8,1,13,14,6,3,1,3,11,29
0022100497,1610612740,Pelicans,NOP,New Orleans,Starters,138.000000:24,24,53,0.453,8,22,0.364,17,20,0.85,5,21,26,17,6,2,6,9,73
0022100497,1610612740,Pelicans,NOP,New Orleans,Bench,69.000000:28,14,29,0.483,2,11,0.182,7,8,0.875,2,11,13,3,3,2,2,9,37
