GAME_ID,TEAM_ID,TEAM_NAME,TEAM_ABBREVIATION,TEAM_CITY,STARTERS_BENCH,MIN,FGM,FGA,FG_PCT,FG3M,FG3A,FG3_PCT,FTM,FTA,FT_PCT,OREB,DREB,REB,AST,STL,BLK,TO,PF,PTS
0022100740,1610612762,Jazz,UTA,Utah,Starters,139.000000:24,20,45,0.444,9,25,0.36,7,9,0.778,7,15,22,11,4,1,7,8,56
0022100740,1610612762,Jazz,UTA,Utah,Bench,84.000000:52,16,38,0.421,8,21,0.381,11,12,0.917,4,9,13,8,4,2,7,7,51
0022100740,1610612763,Grizzlies,MEM,Memphis,Starters,147.000000:60,29,56,0.518,5,14,0.357,12,18,0.667,5,20,25,19,4,6,12,13,75
0022100740,1610612763,Grizzlies,MEM,Memphis,Bench,47.000000:57,10,13,0.769,0,0,0.0,6,6,1.0,1,6,7,2,3,0,1,3,26
