GAME_ID,TEAM_ID,TEAM_NAME,TEAM_ABBREVIATION,TEAM_CITY,STARTERS_BENCH,MIN,FGM,FGA,FG_PCT,FG3M,FG3A,FG3_PCT,FTM,FTA,FT_PCT,OREB,DREB,REB,AST,STL,BLK,TO,PF,PTS
0022100282,1610612756,Suns,PHX,Phoenix,Starters,156.000000:51,32,54,0.593,8,16,0.5,9,11,0.818,0,20,20,17,8,1,9,10,81
0022100282,1610612756,Suns,PHX,Phoenix,Bench,83.000000:09,12,25,0.48,5,12,0.417,8,10,0.8,1,14,15,11,2,1,2,9,37
0022100282,1610612752,Knicks,NYK,New York,Starters,132.000000:57,18,48,0.375,7,18,0.389,11,15,0.733,8,17,25,7,5,1,9,5,54
0022100282,1610612752,Knicks,NYK,New York,Bench,107.000000:03,16,44,0.364,5,21,0.238,6,7,0.857,9,17,26,6,2,0,6,15,43
