GAME_ID,TEAM_ID,TEAM_NAME,TEAM_ABBREVIATION,TEAM_CITY,STARTERS_BENCH,MIN,FGM,FGA,FG_PCT,FG3M,FG3A,FG3_PCT,FTM,FTA,FT_PCT,OREB,DREB,REB,AST,STL,BLK,TO,PF,PTS
2052100003,1612709922,Swarm,GBO,Greensboro,Starters,141.000000:50,23,52,0.442,5,13,0.385,3,4,0.75,13,15,28,21,5,1,14,15,56
2052100003,1612709922,Swarm,GBO,Greensboro,Bench,55.000000:26,15,25,0.6,5,10,0.5,2,2,1.0,2,4,6,4,0,1,2,2,39
2052100003,1612709913,Squadron,BIR,Birmingham,Starters,165.000000:15,31,65,0.477,12,36,0.333,13,15,0.867,3,15,18,20,12,1,11,11,94
2052100003,1612709913,Squadron,BIR,Birmingham,Bench,56.000000:55,10,14,0.714,2,3,0.667,1,1,1.0,2,7,9,2,1,1,3,5,23
