GAME_ID,TEAM_ID,TEAM_NAME,TEAM_ABBREVIATION,TEAM_CITY,STARTERS_BENCH,MIN,FGM,FGA,FG_PCT,FG3M,FG3A,FG3_PCT,FTM,FTA,FT_PCT,OREB,DREB,REB,AST,STL,BLK,TO,PF,PTS
0022100247,1610612762,Jazz,UTA,Utah,Starters,148.000000:46,33,62,0.532,10,23,0.435,7,9,0.778,10,19,29,13,3,1,9,9,83
0022100247,1610612762,Jazz,UTA,Utah,Bench,73.000000:32,10,24,0.417,7,16,0.438,3,4,0.75,2,11,13,7,2,0,2,4,30
0022100247,1610612758,Kings,SAC,Sacramento,Starters,159.000000:02,31,63,0.492,5,16,0.313,10,16,0.625,6,15,21,12,6,4,5,12,77
0022100247,1610612758,Kings,SAC,Sacramento,Bench,68.000000:54,8,22,0.364,4,13,0.308,3,5,0.6,1,6,7,7,2,0,3,2,23
