GAME_ID,TEAM_ID,TEAM_NAME,TEAM_ABBREVIATION,TEAM_CITY,STARTERS_BENCH,MIN,FGM,FGA,FG_PCT,FG3M,FG3A,FG3_PCT,FTM,FTA,FT_PCT,OREB,DREB,REB,AST,STL,BLK,TO,PF,PTS
0022100460,1610612760,Thunder,OKC,Oklahoma City,Starters,137.000000:36,24,61,0.393,7,27,0.259,10,16,0.625,7,19,26,18,6,2,6,11,65
0022100460,1610612760,Thunder,OKC,Oklahoma City,Bench,96.000000:37,12,22,0.545,4,10,0.4,9,12,0.75,2,18,20,5,1,5,8,6,37
0022100460,1610612763,Grizzlies,MEM,Memphis,Starters,152.000000:47,31,75,0.413,10,23,0.435,6,9,0.667,10,25,35,15,6,1,11,11,78
0022100460,1610612763,Grizzlies,MEM,Memphis,Bench,44.000000:12,5,12,0.417,1,5,0.2,2,2,1.0,3,2,5,2,2,0,1,7,13
