GAME_ID,TEAM_ID,TEAM_NAME,TEAM_ABBREVIATION,TEAM_CITY,STARTERS_BENCH,MIN,FGM,FGA,FG_PCT,FG3M,FG3A,FG3_PCT,FTM,FTA,FT_PCT,OREB,DREB,REB,AST,STL,BLK,TO,PF,PTS
2052100208,1612709903,Stars,SLC,Salt Lake City,Starters,132.000000:57,24,58,0.414,11,31,0.355,2,3,0.667,9,19,28,16,3,5,3,14,62
2052100208,1612709903,Stars,SLC,Salt Lake City,Bench,107.000000:03,22,45,0.489,7,15,0.467,7,8,0.875,5,18,23,16,4,5,3,7,62
2052100208,1612709925,Magic,LAK,Lakeland,Starters,161.000000:43,22,48,0.458,7,17,0.412,8,11,0.727,2,25,27,24,2,5,10,11,63
2052100208,1612709925,Magic,LAK,Lakeland,Bench,65.000000:58,13,26,0.5,5,9,0.556,2,2,1.0,0,11,11,2,1,3,2,5,35
