GAME_ID,TEAM_ID,TEAM_NAME,TEAM_ABBREVIATION,TEAM_CITY,STARTERS_BENCH,MIN,FGM,FGA,FG_PCT,FG3M,FG3A,FG3_PCT,FTM,FTA,FT_PCT,OREB,DREB,REB,AST,STL,BLK,TO,PF,PTS
0022100356,1610612748,Heat,MIA,Miami,Starters,132.000000:00,16,38,0.421,3,11,0.273,10,11,0.909,3,18,21,16,7,3,12,10,45
0022100356,1610612748,Heat,MIA,Miami,Bench,108.000000:00,19,38,0.5,3,11,0.273,4,6,0.667,4,11,15,10,4,3,11,9,45
0022100356,1610612763,Grizzlies,MEM,Memphis,Starters,162.000000:29,31,70,0.443,11,26,0.423,14,18,0.778,9,22,31,20,6,4,10,13,87
0022100356,1610612763,Grizzlies,MEM,Memphis,Bench,43.000000:22,5,9,0.556,1,1,1.0,1,1,1.0,4,7,11,2,2,2,3,3,12
