GAME_ID,TEAM_ID,TEAM_NAME,TEAM_ABBREVIATION,TEAM_CITY,STARTERS_BENCH,MIN,FGM,FGA,FG_PCT,FG3M,FG3A,FG3_PCT,FTM,FTA,FT_PCT,OREB,DREB,REB,AST,STL,BLK,TO,PF,PTS
2052100124,1612709889,Blue,OKL,Oklahoma City,Starters,134.000000:32,18,38,0.474,3,17,0.176,3,5,0.6,0,24,24,20,4,2,11,13,45
2052100124,1612709889,Blue,OKL,Oklahoma City,Bench,52.000000:34,9,17,0.529,4,10,0.4,2,3,0.667,3,2,5,2,2,0,7,4,25
2052100124,1612709930,Ignite,GLI,G League,Starters,152.000000:15,24,53,0.453,3,16,0.188,7,12,0.583,3,24,27,14,5,2,7,12,61
2052100124,1612709930,Ignite,GLI,G League,Bench,66.000000:14,9,23,0.391,3,8,0.375,4,5,0.8,3,8,11,7,5,2,4,7,28
