GAME_ID,TEAM_ID,TEAM_NAME,TEAM_ABBREVIATION,TEAM_CITY,STARTERS_BENCH,MIN,FGM,FGA,FG_PCT,FG3M,FG3A,FG3_PCT,FTM,FTA,FT_PCT,OREB,DREB,REB,AST,STL,BLK,TO,PF,PTS
2022100232,1612709911,Wolves,IWA,Iowa,Starters,158.000000:20,24,45,0.533,7,20,0.35,8,11,0.727,2,29,31,23,4,1,20,10,69
2022100232,1612709911,Wolves,IWA,Iowa,Bench,78.000000:11,16,29,0.552,6,10,0.6,1,2,0.5,1,15,16,9,2,3,12,11,40
2022100232,1612709890,Spurs,AUS,Austin,Starters,150.000000:17,28,60,0.467,5,20,0.25,8,11,0.727,3,22,25,18,10,1,7,12,72
2022100232,1612709890,Spurs,AUS,Austin,Bench,99.000000:44,18,37,0.486,6,19,0.316,2,4,0.5,3,11,14,14,9,2,5,12,46
