GAME_ID,TEAM_ID,TEAM_NAME,TEAM_ABBREVIATION,TEAM_CITY,STARTERS_BENCH,MIN,FGM,FGA,FG_PCT,FG3M,FG3A,FG3_PCT,FTM,FTA,FT_PCT,OREB,DREB,REB,AST,STL,BLK,TO,PF,PTS
2052100145,1612709920,905,RAP,Raptors,Starters,143.000000:02,19,51,0.373,7,27,0.259,9,10,0.9,15,13,28,11,5,2,17,9,61
2052100145,1612709920,905,RAP,Raptors,Bench,96.000000:58,16,36,0.444,5,17,0.294,4,8,0.5,5,9,14,11,8,0,5,9,45
2052100145,1612709915,Celtics,MNE,Maine,Starters,140.000000:37,25,45,0.556,15,30,0.5,6,7,0.857,5,18,23,24,6,4,10,13,77
2052100145,1612709915,Celtics,MNE,Maine,Bench,86.000000:55,20,34,0.588,9,18,0.5,5,5,1.0,3,11,14,11,6,0,10,8,57
