GAME_ID,TEAM_ID,TEAM_NAME,TEAM_ABBREVIATION,TEAM_CITY,STARTERS_BENCH,MIN,FGM,FGA,FG_PCT,FG3M,FG3A,FG3_PCT,FTM,FTA,FT_PCT,OREB,DREB,REB,AST,STL,BLK,TO,PF,PTS
0022100909,1610612763,Grizzlies,MEM,Memphis,Starters,153.000000:36,32,74,0.432,5,16,0.313,18,22,0.818,11,26,37,14,3,6,9,13,87
0022100909,1610612763,Grizzlies,MEM,Memphis,Bench,57.000000:52,9,20,0.45,2,7,0.286,3,4,0.75,3,10,13,6,2,1,3,7,23
0022100909,1610612741,Bulls,CHI,Chicago,Starters,162.000000:12,29,74,0.392,6,14,0.429,18,20,0.9,3,24,27,12,8,2,8,13,82
0022100909,1610612741,Bulls,CHI,Chicago,Bench,77.000000:48,10,19,0.526,3,6,0.5,5,10,0.5,3,11,14,5,1,1,1,4,28
