GAME_ID,TEAM_ID,TEAM_NAME,TEAM_ABBREVIATION,TEAM_CITY,STARTERS_BENCH,MIN,FGM,FGA,FG_PCT,FG3M,FG3A,FG3_PCT,FTM,FTA,FT_PCT,OREB,DREB,REB,AST,STL,BLK,TO,PF,PTS
0022100893,1610612756,Suns,PHX,Phoenix,Starters,155.000000:49,34,59,0.576,8,20,0.4,14,15,0.933,1,26,27,26,13,3,11,7,90
0022100893,1610612756,Suns,PHX,Phoenix,Bench,84.000000:11,12,27,0.444,5,14,0.357,5,6,0.833,2,14,16,6,1,3,4,5,34
0022100893,1610612760,Thunder,OKC,Oklahoma City,Starters,136.000000:12,26,52,0.5,1,14,0.071,8,9,0.889,5,22,27,13,5,2,14,11,61
0022100893,1610612760,Thunder,OKC,Oklahoma City,Bench,102.000000:14,18,41,0.439,5,17,0.294,2,2,1.0,2,13,15,9,5,1,2,8,43
