GAME_ID,TEAM_ID,TEAM_NAME,TEAM_ABBREVIATION,TEAM_CITY,STARTERS_BENCH,MIN,FGM,FGA,FG_PCT,FG3M,FG3A,FG3_PCT,FTM,FTA,FT_PCT,OREB,DREB,REB,AST,STL,BLK,TO,PF,PTS
0022100939,1610612757,Trail Blazers,POR,Portland,Starters,126.000000:46,14,39,0.359,5,18,0.278,14,19,0.737,3,13,16,11,5,1,16,11,47
0022100939,1610612757,Trail Blazers,POR,Portland,Bench,113.000000:14,16,39,0.41,6,13,0.462,5,6,0.833,2,17,19,11,5,1,2,12,43
0022100939,1610612756,Suns,PHX,Phoenix,Starters,122.000000:12,24,47,0.511,7,20,0.35,10,12,0.833,3,15,18,16,11,1,5,13,65
0022100939,1610612756,Suns,PHX,Phoenix,Bench,117.000000:48,16,33,0.485,7,16,0.438,16,19,0.842,4,24,28,16,3,5,9,8,55
