GAME_ID,TEAM_ID,TEAM_NAME,TEAM_ABBREVIATION,TEAM_CITY,STARTERS_BENCH,MIN,FGM,FGA,FG_PCT,FG3M,FG3A,FG3_PCT,FTM,FTA,FT_PCT,OREB,DREB,REB,AST,STL,BLK,TO,PF,PTS
0022101093,1610612755,76ers,PHI,Philadelphia,Starters,167.000000:10,36,71,0.507,6,18,0.333,21,26,0.808,6,25,31,22,7,4,6,11,99
0022101093,1610612755,76ers,PHI,Philadelphia,Bench,72.000000:50,11,20,0.55,4,9,0.444,1,2,0.5,2,10,12,4,0,1,1,2,27
0022101093,1610612747,Lakers,LAL,Los Angeles,Starters,154.000000:59,30,58,0.517,5,12,0.417,8,14,0.571,10,23,33,18,4,3,9,14,73
0022101093,1610612747,Lakers,LAL,Los Angeles,Bench,85.000000:01,20,39,0.513,6,18,0.333,2,2,1.0,1,11,12,7,2,0,3,5,48
