GAME_ID,TEAM_ID,TEAM_NAME,TEAM_ABBREVIATION,TEAM_CITY,STARTERS_BENCH,MIN,FGM,FGA,FG_PCT,FG3M,FG3A,FG3_PCT,FTM,FTA,FT_PCT,OREB,DREB,REB,AST,STL,BLK,TO,PF,PTS
0022101120,1610612766,Hornets,CHA,Charlotte,Starters,170.000000:08,35,76,0.461,14,26,0.538,12,17,0.706,13,28,41,21,5,1,7,15,96
0022101120,1610612766,Hornets,CHA,Charlotte,Bench,48.000000:37,4,19,0.211,1,4,0.25,6,6,1.0,2,6,8,3,1,1,4,5,15
0022101120,1610612751,Nets,BKN,Brooklyn,Starters,167.000000:30,32,77,0.416,6,26,0.231,15,22,0.682,11,21,32,21,6,7,8,11,85
0022101120,1610612751,Nets,BKN,Brooklyn,Bench,72.000000:30,11,20,0.55,1,8,0.125,2,4,0.5,3,15,18,9,3,4,1,9,25
