GAME_ID,TEAM_ID,TEAM_NAME,TEAM_ABBREVIATION,TEAM_CITY,STARTERS_BENCH,MIN,FGM,FGA,FG_PCT,FG3M,FG3A,FG3_PCT,FTM,FTA,FT_PCT,OREB,DREB,REB,AST,STL,BLK,TO,PF,PTS
0022100520,1610612763,Grizzlies,MEM,Memphis,Starters,160.000000:16,29,66,0.439,10,23,0.435,20,25,0.8,8,20,28,8,6,4,9,10,88
0022100520,1610612763,Grizzlies,MEM,Memphis,Bench,47.000000:46,5,13,0.385,0,5,0.0,0,0,0.0,3,6,9,9,3,0,3,0,10
0022100520,1610612747,Lakers,LAL,Los Angeles,Starters,157.000000:53,31,61,0.508,13,28,0.464,6,8,0.75,5,22,27,21,3,2,12,15,81
0022100520,1610612747,Lakers,LAL,Los Angeles,Bench,71.000000:30,7,23,0.304,2,13,0.154,0,0,0.0,2,10,12,3,1,3,5,9,16
