GAME_ID,TEAM_ID,TEAM_NAME,TEAM_ABBREVIATION,TEAM_CITY,STARTERS_BENCH,MIN,FGM,FGA,FG_PCT,FG3M,FG3A,FG3_PCT,FTM,FTA,FT_PCT,OREB,DREB,REB,AST,STL,BLK,TO,PF,PTS
2022100416,1612709915,Celtics,MNE,Maine,Starters,146.000000:47,23,47,0.489,12,25,0.48,5,7,0.714,2,18,20,15,3,1,11,13,67
2022100416,1612709915,Celtics,MNE,Maine,Bench,62.000000:39,8,21,0.381,3,13,0.231,1,2,0.5,1,15,16,10,0,0,7,7,21
2022100416,1612709925,Magic,LAK,Lakeland,Starters,160.000000:45,29,63,0.46,6,22,0.273,9,11,0.818,8,22,30,10,7,0,3,11,77
2022100416,1612709925,Magic,LAK,Lakeland,Bench,79.000000:15,9,28,0.321,3,16,0.188,4,4,1.0,3,13,16,9,3,0,5,11,29
