GAME_ID,TEAM_ID,TEAM_NAME,TEAM_ABBREVIATION,TEAM_CITY,STARTERS_BENCH,MIN,FGM,FGA,FG_PCT,FG3M,FG3A,FG3_PCT,FTM,FTA,FT_PCT,OREB,DREB,REB,AST,STL,BLK,TO,PF,PTS
0022100976,1610612754,Pacers,IND,Indiana,Starters,159.000000:25,28,50,0.56,9,16,0.563,3,4,0.75,3,20,23,30,4,5,15,11,68
0022100976,1610612754,Pacers,IND,Indiana,Bench,80.000000:35,21,41,0.512,7,16,0.438,7,11,0.636,8,7,15,5,2,2,2,9,56
0022100976,1610612739,Cavaliers,CLE,Cleveland,Starters,173.000000:57,38,69,0.551,8,21,0.381,21,23,0.913,11,16,27,19,12,3,5,10,105
0022100976,1610612739,Cavaliers,CLE,Cleveland,Bench,45.000000:14,8,22,0.364,1,10,0.1,1,2,0.5,2,6,8,2,1,2,2,4,18
