GAME_ID,TEAM_ID,TEAM_NAME,TEAM_ABBREVIATION,TEAM_CITY,STARTERS_BENCH,MIN,FGM,FGA,FG_PCT,FG3M,FG3A,FG3_PCT,FTM,FTA,FT_PCT,OREB,DREB,REB,AST,STL,BLK,TO,PF,PTS
0042100174,1610612762,Jazz,UTA,Utah,Starters,166.000000:16,20,55,0.364,5,25,0.2,20,33,0.606,11,22,33,17,2,0,4,14,65
0042100174,1610612762,Jazz,UTA,Utah,Bench,73.000000:44,12,24,0.5,5,10,0.5,6,9,0.667,2,11,13,0,2,3,4,7,35
0042100174,1610612742,Mavericks,DAL,Dallas,Starters,178.000000:19,29,58,0.5,12,29,0.414,16,20,0.8,5,28,33,12,3,2,7,13,86
0042100174,1610612742,Mavericks,DAL,Dallas,Bench,58.000000:28,4,17,0.235,3,13,0.231,1,2,0.5,2,7,9,3,1,0,3,13,12
