GAME_ID,TEAM_ID,TEAM_NAME,TEAM_ABBREVIATION,TEAM_CITY,STARTERS_BENCH,MIN,FGM,FGA,FG_PCT,FG3M,FG3A,FG3_PCT,FTM,FTA,FT_PCT,OREB,DREB,REB,AST,STL,BLK,TO,PF,PTS
2022100247,1612709925,Magic,LAK,Lakeland,Starters,170.000000:10,32,66,0.485,15,36,0.417,4,5,0.8,2,21,23,20,4,7,6,11,87
2022100247,1612709925,Magic,LAK,Lakeland,Bench,69.000000:50,7,20,0.35,3,7,0.429,4,5,0.8,5,6,11,7,2,0,7,13,25
2022100247,1612709922,Swarm,GBO,Greensboro,Starters,147.000000:54,30,55,0.545,6,19,0.316,8,11,0.727,5,21,26,17,7,4,5,8,81
2022100247,1612709922,Swarm,GBO,Greensboro,Bench,92.000000:06,13,30,0.433,6,22,0.273,5,6,0.833,3,13,16,10,3,1,5,10,42
