GAME_ID,TEAM_ID,TEAM_NAME,TEAM_ABBREVIATION,TEAM_CITY,STARTERS_BENCH,MIN,FGM,FGA,FG_PCT,FG3M,FG3A,FG3_PCT,FTM,FTA,FT_PCT,OREB,DREB,REB,AST,STL,BLK,TO,PF,PTS
0022100877,1610612752,Knicks,NYK,New York,Starters,143.000000:32,22,51,0.431,11,27,0.407,11,12,0.917,3,18,21,11,4,7,7,9,66
0022100877,1610612752,Knicks,NYK,New York,Bench,96.000000:28,15,34,0.441,5,16,0.313,5,6,0.833,7,16,23,11,3,2,2,8,40
0022100877,1610612751,Nets,BKN,Brooklyn,Starters,155.000000:23,23,54,0.426,8,22,0.364,8,14,0.571,9,25,34,16,4,1,6,12,62
0022100877,1610612751,Nets,BKN,Brooklyn,Bench,84.000000:37,20,44,0.455,3,12,0.25,6,9,0.667,7,10,17,5,1,0,3,4,49
