GAME_ID,TEAM_ID,TEAM_NAME,TEAM_ABBREVIATION,TEAM_CITY,STARTERS_BENCH,MIN,FGM,FGA,FG_PCT,FG3M,FG3A,FG3_PCT,FTM,FTA,FT_PCT,OREB,DREB,REB,AST,STL,BLK,TO,PF,PTS
0022100231,1610612744,Warriors,GSW,Golden State,Starters,166.000000:41,28,58,0.483,8,18,0.444,11,15,0.733,9,24,33,14,5,4,11,14,75
0022100231,1610612744,Warriors,GSW,Golden State,Bench,73.000000:19,10,22,0.455,4,12,0.333,6,6,1.0,5,10,15,8,3,0,7,9,30
0022100231,1610612765,Pistons,DET,Detroit,Starters,140.000000:01,17,49,0.347,8,26,0.308,8,10,0.8,7,16,23,12,6,6,8,12,50
0022100231,1610612765,Pistons,DET,Detroit,Bench,99.000000:59,15,31,0.484,6,16,0.375,16,20,0.8,4,8,12,9,5,1,4,10,52
