GAME_ID,TEAM_ID,TEAM_NAME,TEAM_ABBREVIATION,TEAM_CITY,STARTERS_BENCH,MIN,FGM,FGA,FG_PCT,FG3M,FG3A,FG3_PCT,FTM,FTA,FT_PCT,OREB,DREB,REB,AST,STL,BLK,TO,PF,PTS
0022100168,1610612757,Trail Blazers,POR,Portland,Starters,149.000000:28,34,67,0.507,6,21,0.286,10,12,0.833,5,18,23,18,2,1,7,13,84
0022100168,1610612757,Trail Blazers,POR,Portland,Bench,77.000000:53,10,22,0.455,1,9,0.111,2,2,1.0,5,12,17,5,2,1,5,6,23
0022100168,1610612756,Suns,PHX,Phoenix,Starters,160.000000:07,29,60,0.483,6,16,0.375,5,7,0.714,5,22,27,21,4,2,8,13,69
0022100168,1610612756,Suns,PHX,Phoenix,Bench,48.000000:22,8,16,0.5,3,7,0.429,0,0,0.0,2,3,5,3,2,3,1,5,19
