GAME_ID,TEAM_ID,TEAM_NAME,TEAM_ABBREVIATION,TEAM_CITY,STARTERS_BENCH,MIN,FGM,FGA,FG_PCT,FG3M,FG3A,FG3_PCT,FTM,FTA,FT_PCT,OREB,DREB,REB,AST,STL,BLK,TO,PF,PTS
0022100704,1610612759,Spurs,SAS,San Antonio,Starters,171.000000:36,30,61,0.492,5,17,0.294,15,22,0.682,8,22,30,27,4,5,7,10,80
0022100704,1610612759,Spurs,SAS,San Antonio,Bench,68.000000:24,12,28,0.429,5,13,0.385,0,0,0.0,4,9,13,3,0,0,1,5,29
0022100704,1610612755,76ers,PHI,Philadelphia,Starters,173.000000:09,38,78,0.487,5,11,0.455,17,18,0.944,9,26,35,21,4,2,8,11,98
0022100704,1610612755,76ers,PHI,Philadelphia,Bench,66.000000:51,6,14,0.429,2,5,0.4,3,5,0.6,4,8,12,1,1,1,2,8,17
