GAME_ID,TEAM_ID,TEAM_NAME,TEAM_ABBREVIATION,TEAM_CITY,STARTERS_BENCH,MIN,FGM,FGA,FG_PCT,FG3M,FG3A,FG3_PCT,FTM,FTA,FT_PCT,OREB,DREB,REB,AST,STL,BLK,TO,PF,PTS
0022101122,1610612743,Nuggets,DEN,Denver,Starters,172.000000:56,35,70,0.5,9,21,0.429,14,20,0.7,12,27,39,27,5,3,9,8,93
0022101122,1610612743,Nuggets,DEN,Denver,Bench,67.000000:04,5,16,0.313,3,12,0.25,7,8,0.875,5,7,12,2,2,0,7,9,20
0022101122,1610612766,Hornets,CHA,Charlotte,Starters,150.000000:52,31,66,0.47,10,32,0.313,4,4,1.0,4,23,27,26,6,3,9,18,76
0022101122,1610612766,Hornets,CHA,Charlotte,Bench,72.000000:30,13,24,0.542,3,10,0.3,4,8,0.5,4,9,13,6,4,0,3,3,33
