GAME_ID,TEAM_ID,TEAM_NAME,TEAM_ABBREVIATION,TEAM_CITY,STARTERS_BENCH,MIN,FGM,FGA,FG_PCT,FG3M,FG3A,FG3_PCT,FTM,FTA,FT_PCT,OREB,DREB,REB,AST,STL,BLK,TO,PF,PTS
0022100818,1610612763,Grizzlies,MEM,Memphis,Starters,119.000000:35,29,52,0.558,4,12,0.333,18,22,0.818,15,16,31,13,5,1,9,14,80
0022100818,1610612763,Grizzlies,MEM,Memphis,Bench,95.000000:56,19,41,0.463,5,13,0.385,1,2,0.5,4,12,16,13,4,5,4,3,44
0022100818,1610612746,Clippers,LAC,LA,Starters,105.000000:31,15,40,0.375,4,14,0.286,6,9,0.667,5,11,16,9,4,2,10,10,40
0022100818,1610612746,Clippers,LAC,LA,Bench,134.000000:29,25,49,0.51,7,17,0.412,12,15,0.8,6,18,24,16,4,5,7,7,69
