GAME_ID,TEAM_ID,TEAM_NAME,TEAM_ABBREVIATION,TEAM_CITY,STARTERS_BENCH,MIN,FGM,FGA,FG_PCT,FG3M,FG3A,FG3_PCT,FTM,FTA,FT_PCT,OREB,DREB,REB,AST,STL,BLK,TO,PF,PTS
2022100088,1612709925,Magic,LAK,Lakeland,Starters,145.000000:39,18,45,0.4,8,24,0.333,9,10,0.9,7,11,18,12,1,1,9,13,62
2022100088,1612709925,Magic,LAK,Lakeland,Bench,28.000000:17,3,11,0.273,1,6,0.167,2,2,1.0,0,3,3,5,1,1,3,3,11
2022100088,1612709928,Go-Go,CCG,Capital City,Starters,131.000000:46,33,51,0.647,7,15,0.467,4,7,0.571,5,24,29,11,4,3,6,9,81
2022100088,1612709928,Go-Go,CCG,Capital City,Bench,108.000000:14,17,30,0.567,2,8,0.25,9,12,0.75,4,14,18,14,4,0,7,15,51
