GAME_ID,TEAM_ID,TEAM_NAME,TEAM_ABBREVIATION,TEAM_CITY,STARTERS_BENCH,MIN,FGM,FGA,FG_PCT,FG3M,FG3A,FG3_PCT,FTM,FTA,FT_PCT,OREB,DREB,REB,AST,STL,BLK,TO,PF,PTS
0022100299,1610612762,Jazz,UTA,Utah,Starters,132.000000:19,25,45,0.556,11,21,0.524,12,14,0.857,3,19,22,15,4,3,11,11,73
0022100299,1610612762,Jazz,UTA,Utah,Bench,90.000000:02,16,29,0.552,9,14,0.643,3,5,0.6,3,11,14,9,4,0,6,8,44
0022100299,1610612740,Pelicans,NOP,New Orleans,Starters,121.000000:15,16,44,0.364,0,16,0.0,6,7,0.857,5,20,25,11,5,2,7,7,38
0022100299,1610612740,Pelicans,NOP,New Orleans,Bench,109.000000:24,22,44,0.5,8,17,0.471,11,14,0.786,9,11,20,15,3,1,6,13,63
