GAME_ID,TEAM_ID,TEAM_NAME,TEAM_ABBREVIATION,TEAM_CITY,STARTERS_BENCH,MIN,FGM,FGA,FG_PCT,FG3M,FG3A,FG3_PCT,FTM,FTA,FT_PCT,OREB,DREB,REB,AST,STL,BLK,TO,PF,PTS
0022100119,1610612755,76ers,PHI,Philadelphia,Starters,175.000000:34,32,61,0.525,9,21,0.429,10,12,0.833,7,16,23,16,6,3,10,10,83
0022100119,1610612755,76ers,PHI,Philadelphia,Bench,64.000000:26,9,22,0.409,3,11,0.273,5,10,0.5,8,18,26,6,2,0,2,7,26
0022100119,1610612765,Pistons,DET,Detroit,Starters,167.000000:06,25,61,0.41,6,22,0.273,12,13,0.923,10,22,32,16,5,2,7,10,68
0022100119,1610612765,Pistons,DET,Detroit,Bench,72.000000:54,10,26,0.385,5,14,0.357,5,6,0.833,2,7,9,5,1,0,4,8,30
