GAME_ID,TEAM_ID,TEAM_NAME,TEAM_ABBREVIATION,TEAM_CITY,STARTERS_BENCH,MIN,FGM,FGA,FG_PCT,FG3M,FG3A,FG3_PCT,FTM,FTA,FT_PCT,OREB,DREB,REB,AST,STL,BLK,TO,PF,PTS
0012100045,1610612750,Timberwolves,MIN,Minnesota,Starters,121.000000:41,27,47,0.574,8,19,0.421,8,9,0.889,4,21,25,19,3,0,11,12,70
0012100045,1610612750,Timberwolves,MIN,Minnesota,Bench,118.000000:19,21,46,0.457,6,16,0.375,10,14,0.714,7,17,24,12,8,3,4,8,58
0012100045,1610612746,Clippers,LAC,LA,Starters,133.000000:15,19,46,0.413,8,23,0.348,9,10,0.9,5,16,21,15,6,3,8,8,55
0012100045,1610612746,Clippers,LAC,LA,Bench,106.000000:45,19,45,0.422,2,15,0.133,5,6,0.833,7,16,23,11,2,6,11,13,45
