GAME_ID,TEAM_ID,TEAM_NAME,TEAM_ABBREVIATION,TEAM_CITY,STARTERS_BENCH,MIN,FGM,FGA,FG_PCT,FG3M,FG3A,FG3_PCT,FTM,FTA,FT_PCT,OREB,DREB,REB,AST,STL,BLK,TO,PF,PTS
0012100038,1610612756,Suns,PHX,Phoenix,Starters,120.000000:53,20,43,0.465,7,17,0.412,6,6,1.0,2,21,23,9,4,0,11,10,53
0012100038,1610612756,Suns,PHX,Phoenix,Bench,119.000000:07,27,47,0.574,2,12,0.167,14,16,0.875,11,22,33,17,4,4,9,12,70
0012100038,1610612747,Lakers,LAL,Los Angeles,Starters,116.000000:42,14,38,0.368,6,18,0.333,9,13,0.692,2,16,18,15,8,2,12,10,43
0012100038,1610612747,Lakers,LAL,Los Angeles,Bench,123.000000:18,18,47,0.383,9,24,0.375,6,9,0.667,5,13,18,8,4,3,11,11,51
