GAME_ID,TEAM_ID,TEAM_NAME,TEAM_ABBREVIATION,TEAM_CITY,STARTERS_BENCH,MIN,FGM,FGA,FG_PCT,FG3M,FG3A,FG3_PCT,FTM,FTA,FT_PCT,OREB,DREB,REB,AST,STL,BLK,TO,PF,PTS
0022100310,1610612742,Mavericks,DAL,Dallas,Starters,122.000000:40,23,55,0.418,9,24,0.375,1,6,0.167,4,15,19,15,6,5,8,8,56
0022100310,1610612742,Mavericks,DAL,Dallas,Bench,109.000000:06,16,34,0.471,3,15,0.2,5,9,0.556,1,11,12,5,1,2,2,6,40
0022100310,1610612739,Cavaliers,CLE,Cleveland,Starters,162.000000:03,37,61,0.607,7,16,0.438,11,14,0.786,4,28,32,18,2,4,12,14,92
0022100310,1610612739,Cavaliers,CLE,Cleveland,Bench,70.000000:53,7,18,0.389,3,3,1.0,2,2,1.0,1,14,15,11,1,0,6,5,19
