GAME_ID,TEAM_ID,TEAM_NAME,TEAM_ABBREVIATION,TEAM_CITY,STARTERS_BENCH,MIN,FGM,FGA,FG_PCT,FG3M,FG3A,FG3_PCT,FTM,FTA,FT_PCT,OREB,DREB,REB,AST,STL,BLK,TO,PF,PTS
0022100127,1610612761,Raptors,TOR,Toronto,Starters,167.000000:26,32,75,0.427,10,20,0.5,3,5,0.6,12,19,31,16,8,5,7,12,77
0022100127,1610612761,Raptors,TOR,Toronto,Bench,72.000000:35,10,24,0.417,2,7,0.286,2,4,0.5,7,7,14,4,2,3,2,7,24
0022100127,1610612739,Cavaliers,CLE,Cleveland,Starters,171.000000:02,28,59,0.475,4,16,0.25,12,13,0.923,9,22,31,14,4,2,12,6,72
0022100127,1610612739,Cavaliers,CLE,Cleveland,Bench,68.000000:58,10,24,0.417,6,14,0.429,4,6,0.667,2,6,8,8,0,1,5,7,30
