GAME_ID,TEAM_ID,TEAM_NAME,TEAM_ABBREVIATION,TEAM_CITY,STARTERS_BENCH,MIN,FGM,FGA,FG_PCT,FG3M,FG3A,FG3_PCT,FTM,FTA,FT_PCT,OREB,DREB,REB,AST,STL,BLK,TO,PF,PTS
2052100119,1612709927,Herd,WIS,Wisconsin,Starters,145.000000:42,18,49,0.367,4,21,0.19,10,12,0.833,7,14,21,17,8,6,12,17,57
2052100119,1612709927,Herd,WIS,Wisconsin,Bench,94.000000:18,17,35,0.486,7,15,0.467,5,9,0.556,8,16,24,2,5,0,9,12,50
2052100119,1612709917,Gold,GRG,Grand Rapids,Starters,146.000000:09,22,55,0.4,7,22,0.318,11,14,0.786,15,24,39,14,4,5,13,13,68
2052100119,1612709917,Gold,GRG,Grand Rapids,Bench,42.000000:58,6,17,0.353,3,11,0.273,2,3,0.667,2,3,5,1,1,1,0,7,18
