GAME_ID,TEAM_ID,TEAM_NAME,TEAM_ABBREVIATION,TEAM_CITY,STARTERS_BENCH,MIN,FGM,FGA,FG_PCT,FG3M,FG3A,FG3_PCT,FTM,FTA,FT_PCT,OREB,DREB,REB,AST,STL,BLK,TO,PF,PTS
2022100249,1612709902,Warriors,SCW,Santa Cruz,Starters,140.000000:26,30,67,0.448,6,22,0.273,5,6,0.833,6,21,27,23,7,0,11,12,73
2022100249,1612709902,Warriors,SCW,Santa Cruz,Bench,68.000000:45,13,19,0.684,6,11,0.545,2,2,1.0,5,6,11,8,3,1,3,7,36
2022100249,1612709905,Lakers,SBL,South Bay,Starters,150.000000:34,22,54,0.407,4,21,0.19,11,15,0.733,5,20,25,16,1,5,12,9,63
2022100249,1612709905,Lakers,SBL,South Bay,Bench,89.000000:26,17,28,0.607,5,11,0.455,5,5,1.0,6,10,16,10,7,3,7,8,48
