GAME_ID,TEAM_ID,TEAM_NAME,TEAM_ABBREVIATION,TEAM_CITY,STARTERS_BENCH,MIN,FGM,FGA,FG_PCT,FG3M,FG3A,FG3_PCT,FTM,FTA,FT_PCT,OREB,DREB,REB,AST,STL,BLK,TO,PF,PTS
0022100187,1610612764,Wizards,WAS,Washington,Starters,158.000000:42,25,57,0.439,9,29,0.31,6,8,0.75,3,28,31,14,4,6,10,14,65
0022100187,1610612764,Wizards,WAS,Washington,Bench,64.000000:38,13,21,0.619,2,5,0.4,2,2,1.0,4,12,16,10,1,1,1,0,30
0022100187,1610612753,Magic,ORL,Orlando,Starters,151.000000:18,22,65,0.338,9,26,0.346,16,18,0.889,12,23,35,15,6,5,11,10,69
0022100187,1610612753,Magic,ORL,Orlando,Bench,55.000000:56,6,17,0.353,2,8,0.25,1,2,0.5,1,5,6,6,1,0,1,2,15
