GAME_ID,TEAM_ID,TEAM_NAME,TEAM_ABBREVIATION,TEAM_CITY,STARTERS_BENCH,MIN,FGM,FGA,FG_PCT,FG3M,FG3A,FG3_PCT,FTM,FTA,FT_PCT,OREB,DREB,REB,AST,STL,BLK,TO,PF,PTS
0022100075,1610612743,Nuggets,DEN,Denver,Starters,124.000000:30,27,48,0.563,5,18,0.278,2,3,0.667,3,27,30,20,3,2,8,8,61
0022100075,1610612743,Nuggets,DEN,Denver,Bench,115.000000:30,16,35,0.457,6,18,0.333,7,10,0.7,2,19,21,8,5,1,11,16,45
0022100075,1610612742,Mavericks,DAL,Dallas,Starters,112.000000:25,10,42,0.238,4,19,0.211,10,11,0.909,2,12,14,6,5,0,9,8,34
0022100075,1610612742,Mavericks,DAL,Dallas,Bench,127.000000:35,13,36,0.361,4,18,0.222,11,16,0.688,4,18,22,8,3,3,6,9,41
