GAME_ID,TEAM_ID,TEAM_NAME,TEAM_ABBREVIATION,TEAM_CITY,STARTERS_BENCH,MIN,FGM,FGA,FG_PCT,FG3M,FG3A,FG3_PCT,FTM,FTA,FT_PCT,OREB,DREB,REB,AST,STL,BLK,TO,PF,PTS
2042100201,1612709920,905,RAP,Raptors,Starters,155.000000:14,25,59,0.424,5,21,0.238,13,17,0.765,8,21,29,9,4,3,7,16,75
2042100201,1612709920,905,RAP,Raptors,Bench,94.000000:46,19,42,0.452,5,10,0.5,8,9,0.889,14,12,26,16,2,1,5,10,56
2042100201,1612709928,Go-Go,CCG,Capital City,Starters,146.000000:21,26,58,0.448,6,16,0.375,9,10,0.9,8,23,31,13,2,3,6,15,74
2042100201,1612709928,Go-Go,CCG,Capital City,Bench,103.000000:39,20,33,0.606,4,10,0.4,4,10,0.4,5,8,13,14,2,1,7,16,52
