GAME_ID,TEAM_ID,TEAM_NAME,TEAM_ABBREVIATION,TEAM_CITY,STARTERS_BENCH,MIN,FGM,FGA,FG_PCT,FG3M,FG3A,FG3_PCT,FTM,FTA,FT_PCT,OREB,DREB,REB,AST,STL,BLK,TO,PF,PTS
2022100104,1612709919,Knicks,WES,Westchester,Starters,169.000000:23,32,69,0.464,9,24,0.375,7,8,0.875,12,25,37,16,6,2,21,15,84
2022100104,1612709919,Knicks,WES,Westchester,Bench,57.000000:46,8,26,0.308,2,10,0.2,0,1,0.0,2,7,9,9,0,0,3,6,18
2022100104,1612709910,Mad Ants,FWN,Fort Wayne,Starters,151.000000:30,28,60,0.467,12,28,0.429,9,10,0.9,5,21,26,23,11,4,9,7,84
2022100104,1612709910,Mad Ants,FWN,Fort Wayne,Bench,88.000000:30,19,29,0.655,5,10,0.5,3,8,0.375,4,18,22,7,7,1,6,9,48
