GAME_ID,TEAM_ID,TEAM_NAME,TEAM_ABBREVIATION,TEAM_CITY,STARTERS_BENCH,MIN,FGM,FGA,FG_PCT,FG3M,FG3A,FG3_PCT,FTM,FTA,FT_PCT,OREB,DREB,REB,AST,STL,BLK,TO,PF,PTS
0022100581,1610612756,Suns,PHX,Phoenix,Starters,175.000000:35,32,79,0.405,7,25,0.28,5,7,0.714,17,31,48,16,4,3,5,13,76
0022100581,1610612756,Suns,PHX,Phoenix,Bench,53.000000:22,10,24,0.417,3,5,0.6,3,3,1.0,3,11,14,5,1,4,3,6,26
0022100581,1610612746,Clippers,LAC,LA,Starters,155.000000:33,24,58,0.414,5,20,0.25,15,18,0.833,5,26,31,14,1,1,10,8,68
0022100581,1610612746,Clippers,LAC,LA,Bench,84.000000:27,7,28,0.25,1,8,0.125,6,7,0.857,3,15,18,6,4,6,2,8,21
