GAME_ID,TEAM_ID,TEAM_NAME,TEAM_ABBREVIATION,TEAM_CITY,STARTERS_BENCH,MIN,FGM,FGA,FG_PCT,FG3M,FG3A,FG3_PCT,FTM,FTA,FT_PCT,OREB,DREB,REB,AST,STL,BLK,TO,PF,PTS
0022100348,1610612758,Kings,SAC,Sacramento,Starters,152.000000:14,26,59,0.441,11,25,0.44,6,10,0.6,4,24,28,14,6,7,9,14,69
0022100348,1610612758,Kings,SAC,Sacramento,Bench,87.000000:46,10,27,0.37,1,9,0.111,14,15,0.933,7,16,23,5,2,1,6,11,35
0022100348,1610612746,Clippers,LAC,LA,Starters,142.000000:49,24,60,0.4,10,23,0.435,10,15,0.667,4,24,28,15,3,2,13,15,68
0022100348,1610612746,Clippers,LAC,LA,Bench,97.000000:11,10,29,0.345,3,11,0.273,8,12,0.667,5,14,19,8,4,1,4,9,31
