GAME_ID,TEAM_ID,TEAM_NAME,TEAM_ABBREVIATION,TEAM_CITY,STARTERS_BENCH,MIN,FGM,FGA,FG_PCT,FG3M,FG3A,FG3_PCT,FTM,FTA,FT_PCT,OREB,DREB,REB,AST,STL,BLK,TO,PF,PTS
2022100120,1612709914,Kings,STO,Stockton,Starters,147.000000:49,25,51,0.49,9,21,0.429,6,9,0.667,5,21,26,20,4,3,9,9,69
2022100120,1612709914,Kings,STO,Stockton,Bench,92.000000:11,8,27,0.296,0,12,0.0,4,6,0.667,3,7,10,5,2,0,8,7,22
2022100120,1612709902,Warriors,SCW,Santa Cruz,Starters,140.000000:49,33,56,0.589,16,29,0.552,5,6,0.833,3,20,23,20,2,0,8,13,91
2022100120,1612709902,Warriors,SCW,Santa Cruz,Bench,72.000000:22,10,26,0.385,3,13,0.231,5,5,1.0,3,8,11,13,4,2,4,9,29
