GAME_ID,TEAM_ID,TEAM_NAME,TEAM_ABBREVIATION,TEAM_CITY,STARTERS_BENCH,MIN,FGM,FGA,FG_PCT,FG3M,FG3A,FG3_PCT,FTM,FTA,FT_PCT,OREB,DREB,REB,AST,STL,BLK,TO,PF,PTS
2052100092,1612709926,Hustle,MHU,Memphis,Starters,176.000000:32,33,64,0.516,6,17,0.353,8,11,0.727,6,27,33,20,12,5,9,14,85
2052100092,1612709926,Hustle,MHU,Memphis,Bench,63.000000:28,6,20,0.3,3,11,0.273,4,4,1.0,1,17,18,3,2,0,7,9,23
2052100092,1612709890,Spurs,AUS,Austin,Starters,146.000000:20,20,59,0.339,4,25,0.16,2,5,0.4,6,19,25,12,5,1,13,15,49
2052100092,1612709890,Spurs,AUS,Austin,Bench,60.000000:12,5,18,0.278,1,7,0.143,4,4,1.0,4,9,13,4,1,5,6,6,17
