GAME_ID,TEAM_ID,TEAM_NAME,TEAM_ABBREVIATION,TEAM_CITY,STARTERS_BENCH,MIN,FGM,FGA,FG_PCT,FG3M,FG3A,FG3_PCT,FTM,FTA,FT_PCT,OREB,DREB,REB,AST,STL,BLK,TO,PF,PTS
0022100571,1610612754,Pacers,IND,Indiana,Starters,171.000000:54,26,56,0.464,7,25,0.28,22,24,0.917,2,21,23,19,1,5,11,11,81
0022100571,1610612754,Pacers,IND,Indiana,Bench,68.000000:06,15,26,0.577,6,14,0.429,4,4,1.0,5,5,10,7,2,0,4,8,40
0022100571,1610612751,Nets,BKN,Brooklyn,Starters,154.000000:24,34,63,0.54,2,14,0.143,23,26,0.885,4,20,24,21,8,2,9,17,93
0022100571,1610612751,Nets,BKN,Brooklyn,Bench,69.000000:31,9,16,0.563,3,7,0.429,2,2,1.0,4,7,11,7,5,2,0,3,23
