GAME_ID,TEAM_ID,TEAM_NAME,TEAM_ABBREVIATION,TEAM_CITY,STARTERS_BENCH,MIN,FGM,FGA,FG_PCT,FG3M,FG3A,FG3_PCT,FTM,FTA,FT_PCT,OREB,DREB,REB,AST,STL,BLK,TO,PF,PTS
0042100172,1610612762,Jazz,UTA,Utah,Starters,178.000000:01,28,64,0.438,8,23,0.348,15,18,0.833,9,28,37,12,2,2,7,12,79
0042100172,1610612762,Jazz,UTA,Utah,Bench,61.000000:59,10,18,0.556,3,6,0.5,2,2,1.0,2,11,13,7,0,2,3,7,25
0042100172,1610612742,Mavericks,DAL,Dallas,Starters,185.000000:07,29,63,0.46,13,31,0.419,9,11,0.818,1,22,23,17,5,2,3,14,80
0042100172,1610612742,Mavericks,DAL,Dallas,Bench,49.000000:12,9,15,0.6,9,14,0.643,1,2,0.5,1,7,8,4,0,0,0,5,28
