GAME_ID,TEAM_ID,TEAM_NAME,TEAM_ABBREVIATION,TEAM_CITY,STARTERS_BENCH,MIN,FGM,FGA,FG_PCT,FG3M,FG3A,FG3_PCT,FTM,FTA,FT_PCT,OREB,DREB,REB,AST,STL,BLK,TO,PF,PTS
0022100766,1610612740,Pelicans,NOP,New Orleans,Starters,140.000000:33,21,50,0.42,1,9,0.111,14,16,0.875,9,22,31,15,4,3,10,10,57
0022100766,1610612740,Pelicans,NOP,New Orleans,Bench,99.000000:27,18,39,0.462,7,19,0.368,11,12,0.917,7,8,15,9,4,2,5,7,54
0022100766,1610612765,Pistons,DET,Detroit,Starters,139.000000:54,21,50,0.42,5,21,0.238,9,10,0.9,5,18,23,10,3,1,8,14,56
0022100766,1610612765,Pistons,DET,Detroit,Bench,100.000000:06,20,34,0.588,3,11,0.273,2,4,0.5,1,11,12,11,4,2,10,11,45
