GAME_ID,TEAM_ID,TEAM_NAME,TEAM_ABBREVIATION,TEAM_CITY,STARTERS_BENCH,MIN,FGM,FGA,FG_PCT,FG3M,FG3A,FG3_PCT,FTM,FTA,FT_PCT,OREB,DREB,REB,AST,STL,BLK,TO,PF,PTS
2022100402,1612709909,Blue Coats,DEL,Delaware,Starters,153.000000:21,29,59,0.492,12,29,0.414,3,6,0.5,11,19,30,25,10,6,6,14,74
2022100402,1612709909,Blue Coats,DEL,Delaware,Bench,69.000000:21,24,48,0.5,8,16,0.5,4,6,0.667,2,5,7,12,4,0,3,7,61
2022100402,1612709893,Charge,CLC,Cleveland,Starters,150.000000:40,38,60,0.633,12,18,0.667,10,15,0.667,4,34,38,23,3,4,14,13,103
2022100402,1612709893,Charge,CLC,Cleveland,Bench,18.000000:43,2,5,0.4,1,2,0.5,0,0,0.0,0,3,3,2,0,0,1,0,5
