GAME_ID,TEAM_ID,TEAM_NAME,TEAM_ABBREVIATION,TEAM_CITY,STARTERS_BENCH,MIN,FGM,FGA,FG_PCT,FG3M,FG3A,FG3_PCT,FTM,FTA,FT_PCT,OREB,DREB,REB,AST,STL,BLK,TO,PF,PTS
2022100351,1612709904,Skyforce,SXF,Sioux Falls,Starters,174.000000:22,31,68,0.456,14,31,0.452,7,10,0.7,10,35,45,19,5,4,7,12,88
2022100351,1612709904,Skyforce,SXF,Sioux Falls,Bench,65.000000:38,10,22,0.455,2,3,0.667,4,4,1.0,3,8,11,8,1,0,6,9,27
2022100351,1612709911,Wolves,IWA,Iowa,Starters,169.000000:23,20,56,0.357,2,17,0.118,12,16,0.75,4,21,25,13,5,1,8,15,62
2022100351,1612709911,Wolves,IWA,Iowa,Bench,70.000000:38,10,31,0.323,3,11,0.273,3,5,0.6,9,13,22,3,1,2,4,5,27
