GAME_ID,TEAM_ID,TEAM_NAME,TEAM_ABBREVIATION,TEAM_CITY,STARTERS_BENCH,MIN,FGM,FGA,FG_PCT,FG3M,FG3A,FG3_PCT,FTM,FTA,FT_PCT,OREB,DREB,REB,AST,STL,BLK,TO,PF,PTS
0022101183,1610612749,Bucks,MIL,Milwaukee,Starters,138.000000:06,32,60,0.533,9,23,0.391,14,16,0.875,4,24,28,25,5,4,11,13,87
0022101183,1610612749,Bucks,MIL,Milwaukee,Bench,75.000000:28,8,16,0.5,2,8,0.25,9,9,1.0,2,8,10,5,3,4,2,4,27
0022101183,1610612741,Bulls,CHI,Chicago,Starters,140.000000:52,30,69,0.435,3,18,0.167,11,11,1.0,8,16,24,18,4,0,10,16,74
0022101183,1610612741,Bulls,CHI,Chicago,Bench,99.000000:08,12,29,0.414,6,15,0.4,2,2,1.0,5,13,18,4,4,2,4,5,32
