GAME_ID,TEAM_ID,TEAM_NAME,TEAM_ABBREVIATION,TEAM_CITY,STARTERS_BENCH,MIN,FGM,FGA,FG_PCT,FG3M,FG3A,FG3_PCT,FTM,FTA,FT_PCT,OREB,DREB,REB,AST,STL,BLK,TO,PF,PTS
0022100034,1610612763,Grizzlies,MEM,Memphis,Starters,156.000000:16,38,70,0.543,13,30,0.433,18,21,0.857,8,23,31,17,4,2,8,13,107
0022100034,1610612763,Grizzlies,MEM,Memphis,Bench,50.000000:17,3,11,0.273,2,5,0.4,1,2,0.5,2,7,9,7,0,0,2,6,9
0022100034,1610612746,Clippers,LAC,LA,Starters,152.000000:42,32,71,0.451,10,28,0.357,11,12,0.917,9,16,25,17,5,2,5,13,85
0022100034,1610612746,Clippers,LAC,LA,Bench,87.000000:18,11,28,0.393,3,11,0.273,4,5,0.8,5,14,19,6,2,2,2,8,29
