GAME_ID,TEAM_ID,TEAM_NAME,TEAM_ABBREVIATION,TEAM_CITY,STARTERS_BENCH,MIN,FGM,FGA,FG_PCT,FG3M,FG3A,FG3_PCT,FTM,FTA,FT_PCT,OREB,DREB,REB,AST,STL,BLK,TO,PF,PTS
0022101110,1610612739,Cavaliers,CLE,Cleveland,Starters,180.000000:06,27,64,0.422,5,23,0.217,15,23,0.652,11,22,33,15,6,2,10,13,74
0022101110,1610612739,Cavaliers,CLE,Cleveland,Bench,54.000000:00,7,17,0.412,2,7,0.286,4,4,1.0,4,8,12,2,1,1,2,9,20
0022101110,1610612741,Bulls,CHI,Chicago,Starters,178.000000:55,30,59,0.508,5,15,0.333,17,19,0.895,3,22,25,21,4,1,9,15,82
0022101110,1610612741,Bulls,CHI,Chicago,Bench,61.000000:05,6,16,0.375,0,6,0.0,4,6,0.667,3,9,12,2,2,0,4,6,16
