GAME_ID,TEAM_ID,TEAM_NAME,TEAM_ABBREVIATION,TEAM_CITY,STARTERS_BENCH,MIN,FGM,FGA,FG_PCT,FG3M,FG3A,FG3_PCT,FTM,FTA,FT_PCT,OREB,DREB,REB,AST,STL,BLK,TO,PF,PTS
2022100374,1612709905,Lakers,SBL,South Bay,Starters,147.000000:42,35,65,0.538,10,24,0.417,8,9,0.889,6,16,22,26,6,3,9,17,93
2022100374,1612709905,Lakers,SBL,South Bay,Bench,82.000000:26,15,31,0.484,3,10,0.3,1,3,0.333,6,12,18,8,4,0,5,7,34
2022100374,1612709926,Hustle,MHU,Memphis,Starters,161.000000:04,31,58,0.534,7,20,0.35,8,13,0.615,7,24,31,20,8,4,17,15,84
2022100374,1612709926,Hustle,MHU,Memphis,Bench,78.000000:56,15,25,0.6,3,7,0.429,1,3,0.333,1,8,9,7,2,1,3,6,35
