GAME_ID,TEAM_ID,TEAM_NAME,TEAM_ABBREVIATION,TEAM_CITY,STARTERS_BENCH,MIN,FGM,FGA,FG_PCT,FG3M,FG3A,FG3_PCT,FTM,FTA,FT_PCT,OREB,DREB,REB,AST,STL,BLK,TO,PF,PTS
0042100214,1610612749,Bucks,MIL,Milwaukee,Starters,168.000000:04,31,77,0.403,5,19,0.263,19,25,0.76,10,24,34,15,5,2,7,16,86
0042100214,1610612749,Bucks,MIL,Milwaukee,Bench,56.000000:58,6,10,0.6,4,7,0.571,2,2,1.0,0,8,8,2,1,1,0,1,18
0042100214,1610612738,Celtics,BOS,Boston,Starters,181.000000:35,38,71,0.535,13,30,0.433,16,18,0.889,2,28,30,17,1,3,10,19,105
0042100214,1610612738,Celtics,BOS,Boston,Bench,47.000000:28,4,8,0.5,1,5,0.2,2,2,1.0,2,5,7,7,1,1,0,4,11
