GAME_ID,TEAM_ID,TEAM_NAME,TEAM_ABBREVIATION,TEAM_CITY,STARTERS_BENCH,MIN,FGM,FGA,FG_PCT,FG3M,FG3A,FG3_PCT,FTM,FTA,FT_PCT,OREB,DREB,REB,AST,STL,BLK,TO,PF,PTS
0022100835,1610612746,Clippers,LAC,LA,Starters,151.000000:27,28,53,0.528,6,14,0.429,14,20,0.7,3,13,16,16,4,2,8,14,76
0022100835,1610612746,Clippers,LAC,LA,Bench,88.000000:33,11,28,0.393,3,9,0.333,4,5,0.8,1,14,15,8,5,0,2,11,29
0022100835,1610612742,Mavericks,DAL,Dallas,Starters,175.000000:58,30,57,0.526,11,29,0.379,22,26,0.846,1,26,27,14,4,3,13,14,93
0022100835,1610612742,Mavericks,DAL,Dallas,Bench,39.000000:09,5,13,0.385,2,7,0.286,1,1,1.0,7,4,11,2,0,0,0,5,13
