GAME_ID,TEAM_ID,TEAM_NAME,TEAM_ABBREVIATION,TEAM_CITY,STARTERS_BENCH,MIN,FGM,FGA,FG_PCT,FG3M,FG3A,FG3_PCT,FTM,FTA,FT_PCT,OREB,DREB,REB,AST,STL,BLK,TO,PF,PTS
2022100224,1612709925,Magic,LAK,Lakeland,Starters,165.000000:37,24,56,0.429,15,34,0.441,8,11,0.727,5,20,25,22,7,0,9,11,76
2022100224,1612709925,Magic,LAK,Lakeland,Bench,32.000000:47,4,7,0.571,0,0,0.0,3,6,0.5,4,5,9,2,1,1,1,6,14
2022100224,1612709922,Swarm,GBO,Greensboro,Starters,157.000000:51,20,55,0.364,8,32,0.25,7,9,0.778,8,20,28,15,6,4,11,11,58
2022100224,1612709922,Swarm,GBO,Greensboro,Bench,41.000000:48,8,17,0.471,2,8,0.25,1,2,0.5,1,4,5,4,1,1,1,9,20
