GAME_ID,TEAM_ID,TEAM_NAME,TEAM_ABBREVIATION,TEAM_CITY,STARTERS_BENCH,MIN,FGM,FGA,FG_PCT,FG3M,FG3A,FG3_PCT,FTM,FTA,FT_PCT,OREB,DREB,REB,AST,STL,BLK,TO,PF,PTS
2052100102,1612709919,Knicks,WES,Westchester,Starters,175.000000:26,31,75,0.413,17,41,0.415,9,9,1.0,12,24,36,17,3,3,10,15,91
2052100102,1612709919,Knicks,WES,Westchester,Bench,64.000000:34,2,16,0.125,1,10,0.1,2,2,1.0,2,6,8,4,4,1,5,6,9
2052100102,1612709915,Celtics,MNE,Maine,Starters,149.000000:15,24,54,0.444,8,27,0.296,8,12,0.667,10,23,33,13,6,7,9,8,70
2052100102,1612709915,Celtics,MNE,Maine,Bench,75.000000:18,15,32,0.469,5,11,0.455,2,2,1.0,3,12,15,5,3,0,1,4,38
