GAME_ID,TEAM_ID,TEAM_NAME,TEAM_ABBREVIATION,TEAM_CITY,STARTERS_BENCH,MIN,FGM,FGA,FG_PCT,FG3M,FG3A,FG3_PCT,FTM,FTA,FT_PCT,OREB,DREB,REB,AST,STL,BLK,TO,PF,PTS
0022101085,1610612765,Pistons,DET,Detroit,Starters,132.000000:06,24,49,0.49,6,18,0.333,13,15,0.867,5,26,31,18,7,2,9,9,67
0022101085,1610612765,Pistons,DET,Detroit,Bench,107.000000:54,20,39,0.513,6,15,0.4,9,10,0.9,4,19,23,12,3,2,6,10,55
0022101085,1610612737,Hawks,ATL,Atlanta,Starters,127.000000:25,18,52,0.346,7,26,0.269,5,6,0.833,3,15,18,12,3,0,7,9,48
0022101085,1610612737,Hawks,ATL,Atlanta,Bench,112.000000:35,19,40,0.475,7,18,0.389,8,9,0.889,6,16,22,9,5,3,7,8,53
