GAME_ID,TEAM_ID,TEAM_NAME,TEAM_ABBREVIATION,TEAM_CITY,STARTERS_BENCH,MIN,FGM,FGA,FG_PCT,FG3M,FG3A,FG3_PCT,FTM,FTA,FT_PCT,OREB,DREB,REB,AST,STL,BLK,TO,PF,PTS
2052100035,1612709923,Bulls,WCB,Windy City,Starters,161.000000:30,33,67,0.493,7,22,0.318,9,12,0.75,12,21,33,19,6,2,11,14,88
2052100035,1612709923,Bulls,WCB,Windy City,Bench,37.000000:44,1,9,0.111,0,5,0.0,0,0,0.0,1,6,7,4,2,1,1,9,2
2052100035,1612709893,Charge,CLC,Cleveland,Starters,153.000000:10,22,50,0.44,10,23,0.435,12,15,0.8,3,24,27,19,3,0,13,11,76
2052100035,1612709893,Charge,CLC,Cleveland,Bench,86.000000:50,12,29,0.414,7,16,0.438,2,3,0.667,2,8,10,7,3,3,1,8,35
