GAME_ID,TEAM_ID,TEAM_NAME,TEAM_ABBREVIATION,TEAM_CITY,STARTERS_BENCH,MIN,FGM,FGA,FG_PCT,FG3M,FG3A,FG3_PCT,FTM,FTA,FT_PCT,OREB,DREB,REB,AST,STL,BLK,TO,PF,PTS
0022101179,1610612753,Magic,ORL,Orlando,Starters,110.000000:07,21,42,0.5,8,19,0.421,4,6,0.667,4,20,24,15,5,8,4,9,54
0022101179,1610612753,Magic,ORL,Orlando,Bench,129.000000:53,26,51,0.51,8,16,0.5,6,9,0.667,4,15,19,16,4,0,3,10,66
0022101179,1610612739,Cavaliers,CLE,Cleveland,Starters,163.000000:55,28,59,0.475,9,22,0.409,13,20,0.65,7,20,27,16,5,4,6,7,78
0022101179,1610612739,Cavaliers,CLE,Cleveland,Bench,76.000000:05,14,27,0.519,7,14,0.5,2,2,1.0,2,18,20,9,1,0,5,4,37
