GAME_ID,TEAM_ID,TEAM_NAME,TEAM_ABBREVIATION,TEAM_CITY,STARTERS_BENCH,MIN,FGM,FGA,FG_PCT,FG3M,FG3A,FG3_PCT,FTM,FTA,FT_PCT,OREB,DREB,REB,AST,STL,BLK,TO,PF,PTS
2052100052,1612709910,Mad Ants,FWN,Fort Wayne,Starters,155.000000:22,38,70,0.543,15,34,0.441,3,3,1.0,15,24,39,19,2,3,7,13,95
2052100052,1612709910,Mad Ants,FWN,Fort Wayne,Bench,57.000000:24,5,16,0.313,3,11,0.273,1,3,0.333,4,8,12,4,3,0,2,3,15
2052100052,1612709893,Charge,CLC,Cleveland,Starters,174.000000:04,30,63,0.476,9,30,0.3,6,8,0.75,3,23,26,17,5,0,7,8,80
2052100052,1612709893,Charge,CLC,Cleveland,Bench,63.000000:32,13,24,0.542,7,13,0.538,0,1,0.0,2,6,8,4,0,0,1,1,33
