GAME_ID,TEAM_ID,TEAM_NAME,TEAM_ABBREVIATION,TEAM_CITY,STARTERS_BENCH,MIN,FGM,FGA,FG_PCT,FG3M,FG3A,FG3_PCT,FTM,FTA,FT_PCT,OREB,DREB,REB,AST,STL,BLK,TO,PF,PTS
2052100009,1612709905,Lakers,SBL,South Bay,Starters,173.000000:46,35,66,0.53,9,26,0.346,6,7,0.857,7,24,31,23,6,5,8,7,85
2052100009,1612709905,Lakers,SBL,South Bay,Bench,23.000000:35,2,6,0.333,1,3,0.333,0,1,0.0,0,2,2,1,1,0,2,4,5
2052100009,1612709930,Ignite,GLI,G League,Starters,156.000000:32,30,65,0.462,6,21,0.286,7,8,0.875,8,22,30,13,5,5,12,14,77
2052100009,1612709930,Ignite,GLI,G League,Bench,75.000000:15,9,19,0.474,4,12,0.333,1,1,1.0,1,7,8,6,6,1,6,6,25
