GAME_ID,TEAM_ID,TEAM_NAME,TEAM_ABBREVIATION,TEAM_CITY,STARTERS_BENCH,MIN,FGM,FGA,FG_PCT,FG3M,FG3A,FG3_PCT,FTM,FTA,FT_PCT,OREB,DREB,REB,AST,STL,BLK,TO,PF,PTS
0042100161,1610612744,Warriors,GSW,Golden State,Starters,130.000000:44,29,49,0.592,12,21,0.571,13,15,0.867,5,21,26,16,1,3,7,11,83
0042100161,1610612744,Warriors,GSW,Golden State,Bench,87.000000:35,9,20,0.45,1,8,0.125,5,11,0.455,3,9,12,13,3,5,4,10,24
0042100161,1610612743,Nuggets,DEN,Denver,Starters,151.000000:03,31,65,0.477,5,20,0.25,7,10,0.7,8,17,25,18,7,2,7,11,74
0042100161,1610612743,Nuggets,DEN,Denver,Bench,88.000000:57,12,28,0.429,6,15,0.4,3,3,1.0,1,9,10,8,1,1,3,11,33
