GAME_ID,TEAM_ID,TEAM_NAME,TEAM_ABBREVIATION,TEAM_CITY,STARTERS_BENCH,MIN,FGM,FGA,FG_PCT,FG3M,FG3A,FG3_PCT,FTM,FTA,FT_PCT,OREB,DREB,REB,AST,STL,BLK,TO,PF,PTS
0022100558,1610612743,Nuggets,DEN,Denver,Starters,151.000000:22,24,46,0.522,5,17,0.294,9,15,0.6,6,27,33,16,5,1,18,13,62
0022100558,1610612743,Nuggets,DEN,Denver,Bench,71.000000:16,5,17,0.294,0,7,0.0,12,14,0.857,4,8,12,3,1,0,4,9,22
0022100558,1610612742,Mavericks,DAL,Dallas,Starters,143.000000:13,23,50,0.46,8,20,0.4,15,17,0.882,3,18,21,20,10,3,8,14,69
0022100558,1610612742,Mavericks,DAL,Dallas,Bench,96.000000:47,12,28,0.429,6,17,0.353,4,4,1.0,2,5,7,3,2,2,3,7,34
