GAME_ID,TEAM_ID,TEAM_NAME,TEAM_ABBREVIATION,TEAM_CITY,STARTERS_BENCH,MIN,FGM,FGA,FG_PCT,FG3M,FG3A,FG3_PCT,FTM,FTA,FT_PCT,OREB,DREB,REB,AST,STL,BLK,TO,PF,PTS
0022100241,1610612764,Wizards,WAS,Washington,Starters,139.000000:41,23,46,0.5,10,23,0.435,9,11,0.818,5,15,20,15,1,2,14,12,65
0022100241,1610612764,Wizards,WAS,Washington,Bench,81.000000:21,11,23,0.478,1,7,0.143,7,7,1.0,4,11,15,7,4,0,5,6,30
0022100241,1610612748,Heat,MIA,Miami,Starters,157.000000:38,27,56,0.482,4,18,0.222,14,17,0.824,8,16,24,18,4,2,9,19,72
0022100241,1610612748,Heat,MIA,Miami,Bench,73.000000:08,10,23,0.435,3,9,0.333,3,3,1.0,2,11,13,3,3,1,3,5,26
