GAME_ID,TEAM_ID,TEAM_NAME,TEAM_ABBREVIATION,TEAM_CITY,STARTERS_BENCH,MIN,FGM,FGA,FG_PCT,FG3M,FG3A,FG3_PCT,FTM,FTA,FT_PCT,OREB,DREB,REB,AST,STL,BLK,TO,PF,PTS
0022101145,1610612756,Suns,PHX,Phoenix,Starters,180.000000:08,28,67,0.418,5,17,0.294,24,28,0.857,7,31,38,14,5,1,10,12,85
0022101145,1610612756,Suns,PHX,Phoenix,Bench,59.000000:52,10,25,0.4,2,11,0.182,0,2,0.0,5,3,8,6,4,0,4,7,22
0022101145,1610612744,Warriors,GSW,Golden State,Starters,148.000000:44,25,65,0.385,10,31,0.323,20,25,0.8,7,26,33,21,3,4,12,16,80
0022101145,1610612744,Warriors,GSW,Golden State,Bench,91.000000:16,10,18,0.556,3,7,0.429,0,0,0.0,3,12,15,5,4,0,9,8,23
