GAME_ID,TEAM_ID,TEAM_NAME,TEAM_ABBREVIATION,TEAM_CITY,STARTERS_BENCH,MIN,FGM,FGA,FG_PCT,FG3M,FG3A,FG3_PCT,FTM,FTA,FT_PCT,OREB,DREB,REB,AST,STL,BLK,TO,PF,PTS
0022100723,1610612754,Pacers,IND,Indiana,Starters,110.000000:32,23,44,0.523,5,16,0.313,11,15,0.733,10,7,17,12,2,0,7,15,62
0022100723,1610612754,Pacers,IND,Indiana,Bench,119.000000:45,20,47,0.426,5,18,0.278,15,17,0.882,5,14,19,19,7,3,12,15,60
0022100723,1610612766,Hornets,CHA,Charlotte,Starters,147.000000:02,32,50,0.64,12,22,0.545,13,18,0.722,3,20,23,26,5,4,9,14,89
0022100723,1610612766,Hornets,CHA,Charlotte,Bench,92.000000:58,22,43,0.512,12,23,0.522,13,15,0.867,5,8,13,11,4,1,4,15,69
