GAME_ID,TEAM_ID,TEAM_NAME,TEAM_ABBREVIATION,TEAM_CITY,STARTERS_BENCH,MIN,FGM,FGA,FG_PCT,FG3M,FG3A,FG3_PCT,FTM,FTA,FT_PCT,OREB,DREB,REB,AST,STL,BLK,TO,PF,PTS
2052100139,1612709908,Vipers,RGV,Rio Grande Valley,Starters,155.000000:34,36,71,0.507,11,29,0.379,8,9,0.889,11,13,24,12,6,4,8,15,96
2052100139,1612709908,Vipers,RGV,Rio Grande Valley,Bench,53.000000:50,7,19,0.368,1,9,0.111,0,0,0.0,5,9,14,8,1,1,7,3,15
2052100139,1612709926,Hustle,MHU,Memphis,Starters,194.000000:00,37,77,0.481,10,25,0.4,6,8,0.75,13,25,38,21,9,5,14,11,93
2052100139,1612709926,Hustle,MHU,Memphis,Bench,46.000000:00,9,18,0.5,3,7,0.429,4,4,1.0,2,4,6,5,2,3,1,4,28
