GAME_ID,TEAM_ID,TEAM_NAME,TEAM_ABBREVIATION,TEAM_CITY,STARTERS_BENCH,MIN,FGM,FGA,FG_PCT,FG3M,FG3A,FG3_PCT,FTM,FTA,FT_PCT,OREB,DREB,REB,AST,STL,BLK,TO,PF,PTS
0022101125,1610612758,Kings,SAC,Sacramento,Starters,157.000000:32,26,55,0.473,7,22,0.318,11,13,0.846,2,16,18,15,2,1,9,7,70
0022101125,1610612758,Kings,SAC,Sacramento,Bench,82.000000:28,11,26,0.423,5,13,0.385,3,5,0.6,3,11,14,6,4,1,5,5,30
0022101125,1610612748,Heat,MIA,Miami,Starters,145.000000:43,29,52,0.558,9,19,0.474,6,6,1.0,7,25,32,20,4,1,9,7,73
0022101125,1610612748,Heat,MIA,Miami,Bench,94.000000:17,20,38,0.526,10,21,0.476,0,0,0.0,3,13,16,10,3,0,6,13,50
