GAME_ID,TEAM_ID,TEAM_NAME,TEAM_ABBREVIATION,TEAM_CITY,STARTERS_BENCH,MIN,FGM,FGA,FG_PCT,FG3M,FG3A,FG3_PCT,FTM,FTA,FT_PCT,OREB,DREB,REB,AST,STL,BLK,TO,PF,PTS
0022100205,1610612763,Grizzlies,MEM,Memphis,Starters,117.000000:05,26,53,0.491,8,21,0.381,10,13,0.769,3,22,25,16,8,3,7,9,70
0022100205,1610612763,Grizzlies,MEM,Memphis,Bench,88.000000:37,18,29,0.621,4,11,0.364,6,7,0.857,4,13,17,14,2,4,0,7,46
0022100205,1610612745,Rockets,HOU,Houston,Starters,119.000000:50,21,49,0.429,7,20,0.35,8,11,0.727,6,15,21,8,4,2,13,9,57
0022100205,1610612745,Rockets,HOU,Houston,Bench,110.000000:42,15,42,0.357,4,15,0.267,11,15,0.733,8,16,24,16,2,3,4,6,45
