GAME_ID,TEAM_ID,TEAM_NAME,TEAM_ABBREVIATION,TEAM_CITY,STARTERS_BENCH,MIN,FGM,FGA,FG_PCT,FG3M,FG3A,FG3_PCT,FTM,FTA,FT_PCT,OREB,DREB,REB,AST,STL,BLK,TO,PF,PTS
2022100010,1612709918,Legends,TEX,Texas,Starters,156.000000:51,32,67,0.478,7,19,0.368,2,6,0.333,10,20,30,16,10,0,9,7,74
2022100010,1612709918,Legends,TEX,Texas,Bench,44.000000:36,4,8,0.5,1,4,0.25,2,2,1.0,0,2,2,4,1,2,7,5,13
2022100010,1612709890,Spurs,AUS,Austin,Starters,149.000000:47,24,60,0.4,4,20,0.2,2,2,1.0,6,19,25,19,6,5,12,10,55
2022100010,1612709890,Spurs,AUS,Austin,Bench,23.000000:59,3,8,0.375,0,3,0.0,3,4,0.75,3,2,5,3,1,1,1,3,10
