GAME_ID,TEAM_ID,TEAM_NAME,TEAM_ABBREVIATION,TEAM_CITY,STARTERS_BENCH,MIN,FGM,FGA,FG_PCT,FG3M,FG3A,FG3_PCT,FTM,FTA,FT_PCT,OREB,DREB,REB,AST,STL,BLK,TO,PF,PTS
0022100321,1610612764,Wizards,WAS,Washington,Starters,154.000000:55,23,59,0.39,6,21,0.286,7,9,0.778,11,21,32,28,5,6,10,13,59
0022100321,1610612764,Wizards,WAS,Washington,Bench,68.000000:14,21,29,0.724,4,10,0.4,7,10,0.7,3,16,19,4,1,1,3,8,53
0022100321,1610612750,Timberwolves,MIN,Minnesota,Starters,159.000000:24,25,67,0.373,8,28,0.286,20,24,0.833,10,22,32,13,2,6,9,8,78
0022100321,1610612750,Timberwolves,MIN,Minnesota,Bench,80.000000:36,12,21,0.571,3,9,0.333,2,2,1.0,2,5,7,2,1,0,3,15,29
