GAME_ID,TEAM_ID,TEAM_NAME,TEAM_ABBREVIATION,TEAM_CITY,STARTERS_BENCH,MIN,FGM,FGA,FG_PCT,FG3M,FG3A,FG3_PCT,FTM,FTA,FT_PCT,OREB,DREB,REB,AST,STL,BLK,TO,PF,PTS
0022100507,1610612746,Clippers,LAC,LA,Starters,127.000000:16,20,48,0.417,10,21,0.476,14,17,0.824,9,12,21,14,1,0,7,8,64
0022100507,1610612746,Clippers,LAC,LA,Bench,112.000000:44,17,49,0.347,4,16,0.25,6,10,0.6,8,16,24,11,6,4,4,9,44
0022100507,1610612751,Nets,BKN,Brooklyn,Starters,161.000000:32,39,62,0.629,10,23,0.435,7,8,0.875,1,22,23,25,6,5,9,16,95
0022100507,1610612751,Nets,BKN,Brooklyn,Bench,53.000000:35,8,16,0.5,0,2,0.0,4,8,0.5,5,15,20,5,1,2,2,8,20
