GAME_ID,TEAM_ID,TEAM_NAME,TEAM_ABBREVIATION,TEAM_CITY,STARTERS_BENCH,MIN,FGM,FGA,FG_PCT,FG3M,FG3A,FG3_PCT,FTM,FTA,FT_PCT,OREB,DREB,REB,AST,STL,BLK,TO,PF,PTS
0022100621,1610612748,Heat,MIA,Miami,Starters,131.000000:42,23,50,0.46,8,22,0.364,6,7,0.857,7,28,35,14,5,1,8,14,60
0022100621,1610612748,Heat,MIA,Miami,Bench,108.000000:18,20,40,0.5,8,23,0.348,7,7,1.0,3,16,19,14,2,3,6,6,55
0022100621,1610612737,Hawks,ATL,Atlanta,Starters,133.000000:39,20,45,0.444,7,23,0.304,9,15,0.6,4,22,26,13,5,2,9,11,56
0022100621,1610612737,Hawks,ATL,Atlanta,Bench,106.000000:21,11,37,0.297,6,22,0.273,7,8,0.875,2,9,11,7,3,1,5,4,35
