GAME_ID,TEAM_ID,TEAM_NAME,TEAM_ABBREVIATION,TEAM_CITY,STARTERS_BENCH,MIN,FGM,FGA,FG_PCT,FG3M,FG3A,FG3_PCT,FTM,FTA,FT_PCT,OREB,DREB,REB,AST,STL,BLK,TO,PF,PTS
0042100224,1610612756,Suns,PHX,Phoenix,Starters,167.000000:14,28,60,0.467,6,16,0.375,13,17,0.765,9,21,30,19,3,4,15,19,75
0042100224,1610612756,Suns,PHX,Phoenix,Bench,56.000000:44,10,19,0.526,3,7,0.429,1,1,1.0,3,9,12,3,1,0,2,5,24
0042100224,1610612742,Mavericks,DAL,Dallas,Starters,161.000000:35,26,61,0.426,12,30,0.4,11,15,0.733,6,16,22,18,4,0,7,14,75
0042100224,1610612742,Mavericks,DAL,Dallas,Bench,78.000000:25,12,24,0.5,8,14,0.571,4,4,1.0,4,11,15,4,1,1,4,7,36
