GAME_ID,TEAM_ID,TEAM_NAME,TEAM_ABBREVIATION,TEAM_CITY,STARTERS_BENCH,MIN,FGM,FGA,FG_PCT,FG3M,FG3A,FG3_PCT,FTM,FTA,FT_PCT,OREB,DREB,REB,AST,STL,BLK,TO,PF,PTS
2022100327,1612709921,Nets,LIN,Long Island,Starters,160.000000:04,25,61,0.41,12,30,0.4,11,14,0.786,8,26,34,23,1,2,21,8,78
2022100327,1612709921,Nets,LIN,Long Island,Bench,25.000000:40,3,5,0.6,1,2,0.5,3,3,1.0,3,8,11,1,1,0,1,1,11
2022100327,1612709909,Blue Coats,DEL,Delaware,Starters,143.000000:04,30,62,0.484,11,26,0.423,3,6,0.5,9,17,26,19,11,1,10,9,76
2022100327,1612709909,Blue Coats,DEL,Delaware,Bench,96.000000:56,13,39,0.333,7,23,0.304,2,3,0.667,1,7,8,7,5,3,3,8,37
