GAME_ID,TEAM_ID,TEAM_NAME,TEAM_ABBREVIATION,TEAM_CITY,STARTERS_BENCH,MIN,FGM,FGA,FG_PCT,FG3M,FG3A,FG3_PCT,FTM,FTA,FT_PCT,OREB,DREB,REB,AST,STL,BLK,TO,PF,PTS
0022100152,1610612744,Warriors,GSW,Golden State,Starters,139.000000:54,29,68,0.426,13,34,0.382,18,18,1.0,8,20,28,25,9,1,6,8,89
0022100152,1610612744,Warriors,GSW,Golden State,Bench,80.000000:10,13,21,0.619,4,9,0.444,0,0,0.0,2,6,8,6,3,3,4,10,30
0022100152,1610612737,Hawks,ATL,Atlanta,Starters,140.000000:19,29,55,0.527,11,24,0.458,8,13,0.615,1,17,18,14,2,2,8,7,77
0022100152,1610612737,Hawks,ATL,Atlanta,Bench,99.000000:41,9,27,0.333,6,19,0.316,12,13,0.923,2,15,17,7,4,0,10,9,36
