GAME_ID,TEAM_ID,TEAM_NAME,TEAM_ABBREVIATION,TEAM_CITY,STARTERS_BENCH,MIN,FGM,FGA,FG_PCT,FG3M,FG3A,FG3_PCT,FTM,FTA,FT_PCT,OREB,DREB,REB,AST,STL,BLK,TO,PF,PTS
0022100354,1610612760,Thunder,OKC,Oklahoma City,Starters,151.000000:56,27,55,0.491,5,16,0.313,20,24,0.833,3,17,20,18,5,7,10,9,79
0022100354,1610612760,Thunder,OKC,Oklahoma City,Bench,88.000000:04,14,27,0.519,4,9,0.444,3,6,0.5,3,17,20,4,5,4,1,4,35
0022100354,1610612765,Pistons,DET,Detroit,Starters,168.000000:23,30,68,0.441,12,30,0.4,4,4,1.0,9,26,35,18,5,6,13,13,76
0022100354,1610612765,Pistons,DET,Detroit,Bench,67.000000:10,10,27,0.37,4,11,0.364,1,2,0.5,4,9,13,3,3,1,3,11,25
