GAME_ID,TEAM_ID,TEAM_NAME,TEAM_ABBREVIATION,TEAM_CITY,STARTERS_BENCH,MIN,FGM,FGA,FG_PCT,FG3M,FG3A,FG3_PCT,FTM,FTA,FT_PCT,OREB,DREB,REB,AST,STL,BLK,TO,PF,PTS
2052100094,1612709918,Legends,TEX,Texas,Starters,162.000000:04,22,52,0.423,8,22,0.364,8,8,1.0,5,19,24,20,5,0,7,12,64
2052100094,1612709918,Legends,TEX,Texas,Bench,77.000000:56,17,36,0.472,6,18,0.333,0,0,0.0,3,11,14,6,4,2,9,10,40
2052100094,1612709922,Swarm,GBO,Greensboro,Starters,137.000000:17,19,48,0.396,5,12,0.417,5,8,0.625,8,19,27,17,5,4,14,5,53
2052100094,1612709922,Swarm,GBO,Greensboro,Bench,91.000000:49,17,28,0.607,8,14,0.571,2,3,0.667,1,11,12,7,5,4,9,11,45
