GAME_ID,TEAM_ID,TEAM_NAME,TEAM_ABBREVIATION,TEAM_CITY,STARTERS_BENCH,MIN,FGM,FGA,FG_PCT,FG3M,FG3A,FG3_PCT,FTM,FTA,FT_PCT,OREB,DREB,REB,AST,STL,BLK,TO,PF,PTS
0022100664,1610612759,Spurs,SAS,San Antonio,Starters,150.000000:52,33,64,0.516,6,18,0.333,12,15,0.8,7,24,31,17,0,2,7,8,84
0022100664,1610612759,Spurs,SAS,San Antonio,Bench,89.000000:08,8,28,0.286,3,12,0.25,4,7,0.571,6,10,16,4,3,0,5,8,23
0022100664,1610612756,Suns,PHX,Phoenix,Starters,150.000000:18,33,64,0.516,8,24,0.333,10,12,0.833,3,22,25,21,7,5,0,11,84
0022100664,1610612756,Suns,PHX,Phoenix,Bench,89.000000:42,16,31,0.516,1,8,0.125,4,8,0.5,9,11,20,8,2,0,5,7,37
