GAME_ID,TEAM_ID,TEAM_NAME,TEAM_ABBREVIATION,TEAM_CITY,STARTERS_BENCH,MIN,FGM,FGA,FG_PCT,FG3M,FG3A,FG3_PCT,FTM,FTA,FT_PCT,OREB,DREB,REB,AST,STL,BLK,TO,PF,PTS
0022101137,1610612754,Pacers,IND,Indiana,Starters,175.000000:03,31,65,0.477,8,25,0.32,13,17,0.765,17,12,29,24,10,4,7,16,83
0022101137,1610612754,Pacers,IND,Indiana,Bench,64.000000:58,13,32,0.406,4,15,0.267,5,6,0.833,1,7,8,5,1,0,1,5,35
0022101137,1610612743,Nuggets,DEN,Denver,Starters,157.000000:45,33,52,0.635,6,16,0.375,11,12,0.917,6,24,30,22,5,2,13,11,83
0022101137,1610612743,Nuggets,DEN,Denver,Bench,82.000000:15,17,28,0.607,6,12,0.5,2,2,1.0,2,11,13,11,1,2,6,9,42
