GAME_ID,TEAM_ID,TEAM_NAME,TEAM_ABBREVIATION,TEAM_CITY,STARTERS_BENCH,MIN,FGM,FGA,FG_PCT,FG3M,FG3A,FG3_PCT,FTM,FTA,FT_PCT,OREB,DREB,REB,AST,STL,BLK,TO,PF,PTS
0022101157,1610612760,Thunder,OKC,Oklahoma City,Starters,177.000000:05,25,59,0.424,5,20,0.25,14,25,0.56,10,32,42,16,1,5,12,12,69
0022101157,1610612760,Thunder,OKC,Oklahoma City,Bench,62.000000:55,11,25,0.44,6,14,0.429,4,4,1.0,2,10,12,8,0,3,3,3,32
0022101157,1610612765,Pistons,DET,Detroit,Starters,103.000000:01,21,42,0.5,6,16,0.375,2,2,1.0,1,19,20,12,6,3,7,8,50
0022101157,1610612765,Pistons,DET,Detroit,Bench,136.000000:59,19,52,0.365,9,32,0.281,13,16,0.813,7,17,24,17,3,5,1,12,60
