GAME_ID,TEAM_ID,TEAM_NAME,TEAM_ABBREVIATION,TEAM_CITY,STARTERS_BENCH,MIN,FGM,FGA,FG_PCT,FG3M,FG3A,FG3_PCT,FTM,FTA,FT_PCT,OREB,DREB,REB,AST,STL,BLK,TO,PF,PTS
0022100524,1610612758,Kings,SAC,Sacramento,Starters,156.000000:39,22,48,0.458,4,12,0.333,13,15,0.867,4,18,22,18,4,1,8,15,61
0022100524,1610612758,Kings,SAC,Sacramento,Bench,61.000000:39,11,22,0.5,6,13,0.462,0,0,0.0,0,10,10,1,1,1,3,2,28
0022100524,1610612742,Mavericks,DAL,Dallas,Starters,164.000000:09,28,58,0.483,7,16,0.438,8,11,0.727,5,19,24,13,6,3,10,13,71
0022100524,1610612742,Mavericks,DAL,Dallas,Bench,52.000000:59,5,12,0.417,2,5,0.4,0,0,0.0,2,5,7,6,1,2,0,5,12
