GAME_ID,TEAM_ID,TEAM_NAME,TEAM_ABBREVIATION,TEAM_CITY,STARTERS_BENCH,MIN,FGM,FGA,FG_PCT,FG3M,FG3A,FG3_PCT,FTM,FTA,FT_PCT,OREB,DREB,REB,AST,STL,BLK,TO,PF,PTS
0022100640,1610612758,Kings,SAC,Sacramento,Starters,149.000000:33,34,59,0.576,6,19,0.316,11,14,0.786,5,31,36,27,3,2,11,12,85
0022100640,1610612758,Kings,SAC,Sacramento,Bench,90.000000:27,14,37,0.378,7,18,0.389,6,10,0.6,8,9,17,6,5,5,3,11,41
0022100640,1610612745,Rockets,HOU,Houston,Starters,150.000000:07,33,71,0.465,11,31,0.355,9,10,0.9,8,22,30,21,6,2,5,13,86
0022100640,1610612745,Rockets,HOU,Houston,Bench,89.000000:53,11,30,0.367,2,12,0.167,4,6,0.667,5,15,20,4,1,2,11,6,28
