GAME_ID,TEAM_ID,TEAM_NAME,TEAM_ABBREVIATION,TEAM_CITY,STARTERS_BENCH,MIN,FGM,FGA,FG_PCT,FG3M,FG3A,FG3_PCT,FTM,FTA,FT_PCT,OREB,DREB,REB,AST,STL,BLK,TO,PF,PTS
2022100172,1612709922,Swarm,GBO,Greensboro,Starters,134.000000:36,18,41,0.439,5,17,0.294,4,7,0.571,6,20,26,11,7,2,13,10,48
2022100172,1612709922,Swarm,GBO,Greensboro,Bench,89.000000:58,15,37,0.405,9,22,0.409,4,6,0.667,4,11,15,8,1,1,2,6,46
2022100172,1612709909,Blue Coats,DEL,Delaware,Starters,158.000000:36,28,64,0.438,10,31,0.323,6,8,0.75,14,26,40,20,5,2,9,17,76
2022100172,1612709909,Blue Coats,DEL,Delaware,Bench,81.000000:24,11,24,0.458,7,14,0.5,1,1,1.0,1,10,11,11,2,0,8,4,30
