GAME_ID,TEAM_ID,TEAM_NAME,TEAM_ABBREVIATION,TEAM_CITY,STARTERS_BENCH,MIN,FGM,FGA,FG_PCT,FG3M,FG3A,FG3_PCT,FTM,FTA,FT_PCT,OREB,DREB,REB,AST,STL,BLK,TO,PF,PTS
0022100425,1610612762,Jazz,UTA,Utah,Starters,134.000000:37,32,52,0.615,10,21,0.476,9,13,0.692,6,20,26,18,7,3,8,8,83
0022100425,1610612762,Jazz,UTA,Utah,Bench,84.000000:41,11,30,0.367,5,16,0.313,3,4,0.75,1,10,11,8,3,0,1,6,30
0022100425,1610612746,Clippers,LAC,LA,Starters,136.000000:01,23,56,0.411,5,18,0.278,5,8,0.625,6,20,26,15,2,2,8,13,56
0022100425,1610612746,Clippers,LAC,LA,Bench,103.000000:59,17,29,0.586,5,12,0.417,8,12,0.667,2,14,16,9,4,3,8,9,47
