GAME_ID,TEAM_ID,TEAM_NAME,TEAM_ABBREVIATION,TEAM_CITY,STARTERS_BENCH,MIN,FGM,FGA,FG_PCT,FG3M,FG3A,FG3_PCT,FTM,FTA,FT_PCT,OREB,DREB,REB,AST,STL,BLK,TO,PF,PTS
0022101039,1610612750,Timberwolves,MIN,Minnesota,Starters,142.000000:29,26,60,0.433,10,24,0.417,23,26,0.885,10,20,30,13,5,5,13,13,85
0022101039,1610612750,Timberwolves,MIN,Minnesota,Bench,76.000000:01,12,24,0.5,5,13,0.385,3,4,0.75,5,10,15,5,2,1,3,9,32
0022101039,1610612747,Lakers,LAL,Los Angeles,Starters,140.000000:25,21,52,0.404,5,23,0.217,9,14,0.643,6,17,23,17,5,4,12,14,56
0022101039,1610612747,Lakers,LAL,Los Angeles,Bench,99.000000:35,18,41,0.439,5,21,0.238,7,9,0.778,7,8,15,6,2,0,2,11,48
