GAME_ID,TEAM_ID,TEAM_NAME,TEAM_ABBREVIATION,TEAM_CITY,STARTERS_BENCH,MIN,FGM,FGA,FG_PCT,FG3M,FG3A,FG3_PCT,FTM,FTA,FT_PCT,OREB,DREB,REB,AST,STL,BLK,TO,PF,PTS
2022100291,1612709920,905,RAP,Raptors,Starters,155.000000:23,31,76,0.408,4,19,0.211,8,12,0.667,22,19,41,13,6,5,13,16,78
2022100291,1612709920,905,RAP,Raptors,Bench,74.000000:20,10,25,0.4,2,8,0.25,0,0,0.0,4,11,15,9,2,2,6,4,22
2022100291,1612709922,Swarm,GBO,Greensboro,Starters,133.000000:23,15,39,0.385,3,10,0.3,10,10,1.0,4,18,22,8,8,3,9,12,48
2022100291,1612709922,Swarm,GBO,Greensboro,Bench,68.000000:44,13,22,0.591,6,10,0.6,3,4,0.75,1,13,14,7,2,3,5,5,37
