GAME_ID,TEAM_ID,TEAM_NAME,TEAM_ABBREVIATION,TEAM_CITY,STARTERS_BENCH,MIN,FGM,FGA,FG_PCT,FG3M,FG3A,FG3_PCT,FTM,FTA,FT_PCT,OREB,DREB,REB,AST,STL,BLK,TO,PF,PTS
2022100365,1612709908,Vipers,RGV,Rio Grande Valley,Starters,182.000000:55,31,57,0.544,14,28,0.5,17,21,0.81,8,21,29,23,8,2,17,18,104
2022100365,1612709908,Vipers,RGV,Rio Grande Valley,Bench,23.000000:28,2,7,0.286,1,3,0.333,3,3,1.0,2,7,9,0,1,0,2,4,11
2022100365,1612709889,Blue,OKL,Oklahoma City,Starters,147.000000:23,39,64,0.609,5,14,0.357,12,14,0.857,9,15,24,19,10,4,11,17,99
2022100365,1612709889,Blue,OKL,Oklahoma City,Bench,86.000000:04,10,29,0.345,6,16,0.375,4,6,0.667,1,13,14,10,8,1,8,12,32
