GAME_ID,TEAM_ID,TEAM_NAME,TEAM_ABBREVIATION,TEAM_CITY,STARTERS_BENCH,MIN,FGM,FGA,FG_PCT,FG3M,FG3A,FG3_PCT,FTM,FTA,FT_PCT,OREB,DREB,REB,AST,STL,BLK,TO,PF,PTS
0022101155,1610612756,Suns,PHX,Phoenix,Starters,155.000000:26,34,60,0.567,7,17,0.412,9,15,0.6,0,20,20,21,6,1,9,18,84
0022101155,1610612756,Suns,PHX,Phoenix,Bench,84.000000:34,13,26,0.5,3,10,0.3,1,2,0.5,2,17,19,6,2,3,8,7,30
0022101155,1610612763,Grizzlies,MEM,Memphis,Starters,155.000000:22,30,72,0.417,5,21,0.238,20,22,0.909,8,22,30,25,3,1,9,11,85
0022101155,1610612763,Grizzlies,MEM,Memphis,Bench,32.000000:07,5,10,0.5,0,1,0.0,2,4,0.5,1,6,7,2,1,1,1,4,12
