GAME_ID,TEAM_ID,TEAM_NAME,TEAM_ABBREVIATION,TEAM_CITY,STARTERS_BENCH,MIN,FGM,FGA,FG_PCT,FG3M,FG3A,FG3_PCT,FTM,FTA,FT_PCT,OREB,DREB,REB,AST,STL,BLK,TO,PF,PTS
0022100031,1610612740,Pelicans,NOP,New Orleans,Starters,175.000000:60,27,77,0.351,6,31,0.194,17,21,0.81,18,30,48,12,8,2,19,14,77
0022100031,1610612740,Pelicans,NOP,New Orleans,Bench,59.000000:53,4,11,0.364,3,8,0.375,1,2,0.5,2,10,12,2,2,3,6,6,12
0022100031,1610612750,Timberwolves,MIN,Minnesota,Starters,140.000000:25,25,64,0.391,8,23,0.348,2,4,0.5,9,18,27,11,3,6,14,15,60
0022100031,1610612750,Timberwolves,MIN,Minnesota,Bench,99.000000:35,14,32,0.438,4,15,0.267,4,6,0.667,4,16,20,11,10,2,5,10,36
