GAME_ID,TEAM_ID,TEAM_NAME,TEAM_ABBREVIATION,TEAM_CITY,STARTERS_BENCH,MIN,FGM,FGA,FG_PCT,FG3M,FG3A,FG3_PCT,FTM,FTA,FT_PCT,OREB,DREB,REB,AST,STL,BLK,TO,PF,PTS
0022100194,1610612744,Warriors,GSW,Golden State,Starters,149.000000:13,30,64,0.469,9,30,0.3,13,17,0.765,4,23,27,24,4,3,10,8,82
0022100194,1610612744,Warriors,GSW,Golden State,Bench,65.000000:01,6,19,0.316,0,6,0.0,1,3,0.333,5,8,13,5,2,3,3,5,13
0022100194,1610612766,Hornets,CHA,Charlotte,Starters,171.000000:25,30,63,0.476,11,27,0.407,7,9,0.778,2,19,21,19,6,2,8,13,78
0022100194,1610612766,Hornets,CHA,Charlotte,Bench,68.000000:35,12,25,0.48,3,9,0.333,1,3,0.333,2,16,18,4,4,0,3,8,28
