GAME_ID,TEAM_ID,TEAM_NAME,TEAM_ABBREVIATION,TEAM_CITY,STARTERS_BENCH,MIN,FGM,FGA,FG_PCT,FG3M,FG3A,FG3_PCT,FTM,FTA,FT_PCT,OREB,DREB,REB,AST,STL,BLK,TO,PF,PTS
0022101151,1610612761,Raptors,TOR,Toronto,Starters,193.000000:20,30,74,0.405,11,35,0.314,14,16,0.875,8,22,30,18,9,1,8,10,85
0022101151,1610612761,Raptors,TOR,Toronto,Bench,46.000000:40,6,12,0.5,2,7,0.286,3,4,0.75,2,9,11,3,4,2,2,4,17
0022101151,1610612753,Magic,ORL,Orlando,Starters,112.000000:14,14,36,0.389,4,17,0.235,6,7,0.857,3,18,21,12,3,3,8,8,38
0022101151,1610612753,Magic,ORL,Orlando,Bench,127.000000:46,20,43,0.465,7,18,0.389,4,4,1.0,6,18,24,12,3,1,12,6,51
