GAME_ID,TEAM_ID,TEAM_NAME,TEAM_ABBREVIATION,TEAM_CITY,STARTERS_BENCH,MIN,FGM,FGA,FG_PCT,FG3M,FG3A,FG3_PCT,FTM,FTA,FT_PCT,OREB,DREB,REB,AST,STL,BLK,TO,PF,PTS
0022100092,1610612765,Pistons,DET,Detroit,Starters,114.000000:10,14,38,0.368,5,15,0.333,4,5,0.8,3,11,14,8,7,1,10,10,37
0022100092,1610612765,Pistons,DET,Detroit,Bench,125.000000:50,18,41,0.439,7,18,0.389,11,17,0.647,4,11,15,13,5,2,5,8,54
0022100092,1610612751,Nets,BKN,Brooklyn,Starters,125.000000:32,25,39,0.641,8,15,0.533,5,8,0.625,0,24,24,22,3,2,11,8,63
0022100092,1610612751,Nets,BKN,Brooklyn,Bench,114.000000:28,22,33,0.667,5,10,0.5,5,8,0.625,2,15,17,8,4,0,8,11,54
