GAME_ID,TEAM_ID,TEAM_NAME,TEAM_ABBREVIATION,TEAM_CITY,STARTERS_BENCH,MIN,FGM,FGA,FG_PCT,FG3M,FG3A,FG3_PCT,FTM,FTA,FT_PCT,OREB,DREB,REB,AST,STL,BLK,TO,PF,PTS
2052100166,1612709914,Kings,STO,Stockton,Starters,133.000000:13,19,58,0.328,4,21,0.19,7,8,0.875,5,18,23,15,7,3,14,15,54
2052100166,1612709914,Kings,STO,Stockton,Bench,86.000000:00,12,27,0.444,8,14,0.571,3,5,0.6,1,8,9,7,3,2,3,10,37
2052100166,1612709889,Blue,OKL,Oklahoma City,Starters,136.000000:55,25,54,0.463,2,14,0.143,10,14,0.714,11,29,40,15,4,7,13,14,71
2052100166,1612709889,Blue,OKL,Oklahoma City,Bench,103.000000:05,19,43,0.442,5,16,0.313,5,7,0.714,7,17,24,12,5,2,6,10,50
