GAME_ID,TEAM_ID,TEAM_NAME,TEAM_ABBREVIATION,TEAM_CITY,STARTERS_BENCH,MIN,FGM,FGA,FG_PCT,FG3M,FG3A,FG3_PCT,FTM,FTA,FT_PCT,OREB,DREB,REB,AST,STL,BLK,TO,PF,PTS
2042100401,1612709908,Vipers,RGV,Rio Grande Valley,Starters,160.000000:00,37,78,0.474,14,37,0.378,13,16,0.813,16,30,46,28,5,11,15,14,114
2042100401,1612709908,Vipers,RGV,Rio Grande Valley,Bench,59.000000:10,6,22,0.273,3,13,0.231,0,0,0.0,6,7,13,3,1,2,1,3,15
2042100401,1612709909,Blue Coats,DEL,Delaware,Starters,130.000000:43,27,62,0.435,10,24,0.417,4,5,0.8,8,16,24,13,8,6,5,10,71
2042100401,1612709909,Blue Coats,DEL,Delaware,Bench,109.000000:17,22,56,0.393,5,21,0.238,7,10,0.7,12,17,29,14,5,3,11,9,57
