GAME_ID,TEAM_ID,TEAM_NAME,TEAM_ABBREVIATION,TEAM_CITY,STARTERS_BENCH,MIN,FGM,FGA,FG_PCT,FG3M,FG3A,FG3_PCT,FTM,FTA,FT_PCT,OREB,DREB,REB,AST,STL,BLK,TO,PF,PTS
0022100455,1610612750,Timberwolves,MIN,Minnesota,Starters,167.000000:37,23,54,0.426,10,26,0.385,19,25,0.76,5,23,28,20,4,3,8,16,75
0022100455,1610612750,Timberwolves,MIN,Minnesota,Bench,70.000000:28,13,23,0.565,5,8,0.625,5,6,0.833,1,8,9,6,2,0,1,5,36
0022100455,1610612742,Mavericks,DAL,Dallas,Starters,159.000000:50,30,58,0.517,9,25,0.36,19,20,0.95,4,14,18,23,4,2,8,16,88
0022100455,1610612742,Mavericks,DAL,Dallas,Bench,80.000000:10,6,24,0.25,3,16,0.188,2,2,1.0,3,20,23,4,1,0,2,9,17
