GAME_ID,TEAM_ID,TEAM_NAME,TEAM_ABBREVIATION,TEAM_CITY,STARTERS_BENCH,MIN,FGM,FGA,FG_PCT,FG3M,FG3A,FG3_PCT,FTM,FTA,FT_PCT,OREB,DREB,REB,AST,STL,BLK,TO,PF,PTS
2022100062,1612709893,Charge,CLC,Cleveland,Starters,152.000000:43,26,65,0.4,7,30,0.233,7,11,0.636,9,21,30,9,6,3,6,8,69
2022100062,1612709893,Charge,CLC,Cleveland,Bench,87.000000:17,7,25,0.28,2,8,0.25,7,9,0.778,3,12,15,4,2,2,4,4,26
2022100062,1612709928,Go-Go,CCG,Capital City,Starters,177.000000:15,33,62,0.532,7,22,0.318,3,6,0.5,7,30,37,24,7,4,9,14,77
2022100062,1612709928,Go-Go,CCG,Capital City,Bench,62.000000:45,13,24,0.542,3,6,0.5,0,3,0.0,3,13,16,6,2,2,4,9,29
