GAME_ID,TEAM_ID,TEAM_NAME,TEAM_ABBREVIATION,TEAM_CITY,STARTERS_BENCH,MIN,FGM,FGA,FG_PCT,FG3M,FG3A,FG3_PCT,FTM,FTA,FT_PCT,OREB,DREB,REB,AST,STL,BLK,TO,PF,PTS
2022100245,1612709910,Mad Ants,FWN,Fort Wayne,Starters,176.000000:24,34,77,0.442,11,29,0.379,10,12,0.833,11,22,33,21,6,3,19,15,95
2022100245,1612709910,Mad Ants,FWN,Fort Wayne,Bench,22.000000:30,3,4,0.75,1,2,0.5,0,0,0.0,0,3,3,0,0,0,0,2,7
2022100245,1612709909,Blue Coats,DEL,Delaware,Starters,149.000000:45,32,62,0.516,11,30,0.367,6,8,0.75,12,23,35,23,6,6,11,16,84
2022100245,1612709909,Blue Coats,DEL,Delaware,Bench,90.000000:15,18,35,0.514,4,14,0.286,5,11,0.455,8,11,19,7,3,2,8,3,50
