GAME_ID,TEAM_ID,TEAM_NAME,TEAM_ABBREVIATION,TEAM_CITY,STARTERS_BENCH,MIN,FGM,FGA,FG_PCT,FG3M,FG3A,FG3_PCT,FTM,FTA,FT_PCT,OREB,DREB,REB,AST,STL,BLK,TO,PF,PTS
0022100575,1610612762,Jazz,UTA,Utah,Starters,157.000000:17,31,68,0.456,7,25,0.28,12,14,0.857,4,27,31,18,5,2,4,7,81
0022100575,1610612762,Jazz,UTA,Utah,Bench,82.000000:43,12,24,0.5,7,16,0.438,3,4,0.75,4,9,13,4,2,2,3,11,34
0022100575,1610612743,Nuggets,DEN,Denver,Starters,151.000000:45,30,58,0.517,5,20,0.25,9,10,0.9,3,29,32,21,0,3,9,11,74
0022100575,1610612743,Nuggets,DEN,Denver,Bench,84.000000:45,12,29,0.414,6,15,0.4,5,5,1.0,3,6,9,3,2,1,3,9,35
