GAME_ID,TEAM_ID,TEAM_NAME,TEAM_ABBREVIATION,TEAM_CITY,STARTERS_BENCH,MIN,FGM,FGA,FG_PCT,FG3M,FG3A,FG3_PCT,FTM,FTA,FT_PCT,OREB,DREB,REB,AST,STL,BLK,TO,PF,PTS
2022100142,1612709920,905,RAP,Raptors,Starters,147.000000:08,35,65,0.538,7,23,0.304,8,10,0.8,7,27,34,19,3,1,6,12,87
2022100142,1612709920,905,RAP,Raptors,Bench,92.000000:52,14,28,0.5,2,9,0.222,2,5,0.4,1,15,16,9,1,2,6,10,32
2022100142,1612709893,Charge,CLC,Cleveland,Starters,145.000000:58,26,53,0.491,10,24,0.417,8,13,0.615,3,16,19,7,3,4,7,13,77
2022100142,1612709893,Charge,CLC,Cleveland,Bench,70.000000:26,10,24,0.417,1,5,0.2,1,3,0.333,0,12,12,6,4,1,3,4,23
