GAME_ID,TEAM_ID,TEAM_NAME,TEAM_ABBREVIATION,TEAM_CITY,STARTERS_BENCH,MIN,FGM,FGA,FG_PCT,FG3M,FG3A,FG3_PCT,FTM,FTA,FT_PCT,OREB,DREB,REB,AST,STL,BLK,TO,PF,PTS
2022100137,1612709904,Skyforce,SXF,Sioux Falls,Starters,135.000000:47,24,53,0.453,5,26,0.192,5,8,0.625,2,11,13,9,1,0,9,6,60
2022100137,1612709904,Skyforce,SXF,Sioux Falls,Bench,104.000000:13,20,33,0.606,3,10,0.3,2,4,0.5,3,12,15,15,11,0,9,8,47
2022100137,1612709914,Kings,STO,Stockton,Starters,136.000000:59,30,51,0.588,6,20,0.3,3,5,0.6,7,29,36,23,5,3,14,12,71
2022100137,1612709914,Kings,STO,Stockton,Bench,103.000000:01,17,31,0.548,8,16,0.5,2,3,0.667,4,9,13,14,6,0,10,7,46
