GAME_ID,TEAM_ID,TEAM_NAME,TEAM_ABBREVIATION,TEAM_CITY,STARTERS_BENCH,MIN,FGM,FGA,FG_PCT,FG3M,FG3A,FG3_PCT,FTM,FTA,FT_PCT,OREB,DREB,REB,AST,STL,BLK,TO,PF,PTS
2022100134,1612709920,905,RAP,Raptors,Starters,129.000000:18,28,57,0.491,8,23,0.348,7,10,0.7,9,21,30,12,5,2,13,10,76
2022100134,1612709920,905,RAP,Raptors,Bench,110.000000:42,14,28,0.5,2,8,0.25,6,8,0.75,5,21,26,9,2,1,11,13,40
2022100134,1612709893,Charge,CLC,Cleveland,Starters,156.000000:50,24,67,0.358,8,34,0.235,3,3,1.0,4,25,29,16,8,5,12,13,61
2022100134,1612709893,Charge,CLC,Cleveland,Bench,73.000000:14,17,25,0.68,3,5,0.6,7,8,0.875,2,5,7,11,5,0,1,8,49
