GAME_ID,TEAM_ID,TEAM_NAME,TEAM_ABBREVIATION,TEAM_CITY,STARTERS_BENCH,MIN,FGM,FGA,FG_PCT,FG3M,FG3A,FG3_PCT,FTM,FTA,FT_PCT,OREB,DREB,REB,AST,STL,BLK,TO,PF,PTS
0042100405,1610612744,Warriors,GSW,Golden State,Starters,168.000000:53,30,68,0.441,5,30,0.167,8,10,0.8,2,27,29,18,6,2,4,16,73
0042100405,1610612744,Warriors,GSW,Golden State,Bench,41.000000:01,5,12,0.417,3,7,0.429,3,3,1.0,1,4,5,3,0,0,2,9,16
0042100405,1610612738,Celtics,BOS,Boston,Starters,191.000000:15,29,64,0.453,10,23,0.435,16,24,0.667,7,32,39,13,1,0,15,12,84
0042100405,1610612738,Celtics,BOS,Boston,Bench,48.000000:45,2,11,0.182,1,9,0.111,5,7,0.714,1,7,8,5,1,2,3,4,10
