GAME_ID,TEAM_ID,TEAM_NAME,TEAM_ABBREVIATION,TEAM_CITY,STARTERS_BENCH,MIN,FGM,FGA,FG_PCT,FG3M,FG3A,FG3_PCT,FTM,FTA,FT_PCT,OREB,DREB,REB,AST,STL,BLK,TO,PF,PTS
0022100036,1610612753,Magic,ORL,Orlando,Starters,162.000000:15,24,55,0.436,8,26,0.308,15,22,0.682,8,38,46,16,5,4,12,18,71
0022100036,1610612753,Magic,ORL,Orlando,Bench,77.000000:45,12,33,0.364,4,17,0.235,11,12,0.917,2,9,11,6,2,0,1,7,39
0022100036,1610612752,Knicks,NYK,New York,Starters,150.000000:09,24,65,0.369,7,29,0.241,15,21,0.714,10,25,35,13,5,7,7,16,70
0022100036,1610612752,Knicks,NYK,New York,Bench,89.000000:51,13,35,0.371,6,19,0.316,2,4,0.5,6,11,17,7,3,1,5,5,34
