GAME_ID,TEAM_ID,TEAM_NAME,TEAM_ABBREVIATION,TEAM_CITY,STARTERS_BENCH,MIN,FGM,FGA,FG_PCT,FG3M,FG3A,FG3_PCT,FTM,FTA,FT_PCT,OREB,DREB,REB,AST,STL,BLK,TO,PF,PTS
0012100034,1610612763,Grizzlies,MEM,Memphis,Starters,112.000000:20,21,51,0.412,8,24,0.333,0,0,0.0,7,16,23,13,7,5,7,5,50
0012100034,1610612763,Grizzlies,MEM,Memphis,Bench,74.000000:29,6,23,0.261,1,11,0.091,2,2,1.0,5,16,21,5,2,4,6,7,15
0012100034,1610612737,Hawks,ATL,Atlanta,Starters,108.000000:45,18,43,0.419,6,12,0.5,3,6,0.5,1,22,23,12,2,0,11,5,45
0012100034,1610612737,Hawks,ATL,Atlanta,Bench,131.000000:15,15,42,0.357,6,18,0.333,10,10,1.0,4,25,29,10,7,4,5,9,46
