GAME_ID,TEAM_ID,TEAM_NAME,TEAM_ABBREVIATION,TEAM_CITY,STARTERS_BENCH,MIN,FGM,FGA,FG_PCT,FG3M,FG3A,FG3_PCT,FTM,FTA,FT_PCT,OREB,DREB,REB,AST,STL,BLK,TO,PF,PTS
2022100149,1612709903,Stars,SLC,Salt Lake City,Starters,141.000000:04,31,54,0.574,8,19,0.421,4,7,0.571,10,18,28,14,6,4,11,13,78
2022100149,1612709903,Stars,SLC,Salt Lake City,Bench,96.000000:15,13,35,0.371,3,14,0.214,7,9,0.778,3,11,14,11,1,3,4,9,42
2022100149,1612709908,Vipers,RGV,Rio Grande Valley,Starters,145.000000:03,29,56,0.518,13,26,0.5,5,10,0.5,8,23,31,20,10,4,5,13,79
2022100149,1612709908,Vipers,RGV,Rio Grande Valley,Bench,75.000000:01,21,34,0.618,7,13,0.538,3,4,0.75,4,6,10,9,2,1,8,11,52
