GAME_ID,TEAM_ID,TEAM_NAME,TEAM_ABBREVIATION,TEAM_CITY,STARTERS_BENCH,MIN,FGM,FGA,FG_PCT,FG3M,FG3A,FG3_PCT,FTM,FTA,FT_PCT,OREB,DREB,REB,AST,STL,BLK,TO,PF,PTS
0022100220,1610612758,Kings,SAC,Sacramento,Starters,160.000000:11,24,58,0.414,4,17,0.235,12,15,0.8,9,17,26,12,3,3,14,14,64
0022100220,1610612758,Kings,SAC,Sacramento,Bench,79.000000:49,10,35,0.286,6,21,0.286,7,10,0.7,11,10,21,7,4,0,2,8,33
0022100220,1610612750,Timberwolves,MIN,Minnesota,Starters,169.000000:51,32,64,0.5,6,25,0.24,13,13,1.0,8,20,28,19,5,8,13,19,83
0022100220,1610612750,Timberwolves,MIN,Minnesota,Bench,70.000000:09,9,18,0.5,4,11,0.364,2,5,0.4,2,5,7,1,3,2,4,5,24
