GAME_ID,TEAM_ID,TEAM_NAME,TEAM_ABBREVIATION,TEAM_CITY,STARTERS_BENCH,MIN,FGM,FGA,FG_PCT,FG3M,FG3A,FG3_PCT,FTM,FTA,FT_PCT,OREB,DREB,REB,AST,STL,BLK,TO,PF,PTS
2022100239,1612709904,Skyforce,SXF,Sioux Falls,Starters,179.000000:00,27,66,0.409,12,31,0.387,9,13,0.692,7,25,32,19,3,3,9,12,82
2022100239,1612709904,Skyforce,SXF,Sioux Falls,Bench,61.000000:00,6,17,0.353,1,3,0.333,1,1,1.0,3,10,13,0,1,0,3,7,15
2022100239,1612709889,Blue,OKL,Oklahoma City,Starters,158.000000:59,26,57,0.456,9,24,0.375,6,7,0.857,7,27,34,24,8,2,6,9,72
2022100239,1612709889,Blue,OKL,Oklahoma City,Bench,49.000000:20,6,18,0.333,5,15,0.333,3,4,0.75,0,5,5,1,2,0,2,5,22
