GAME_ID,TEAM_ID,TEAM_NAME,TEAM_ABBREVIATION,TEAM_CITY,STARTERS_BENCH,MIN,FGM,FGA,FG_PCT,FG3M,FG3A,FG3_PCT,FTM,FTA,FT_PCT,OREB,DREB,REB,AST,STL,BLK,TO,PF,PTS
0022100606,1610612763,Grizzlies,MEM,Memphis,Starters,142.000000:05,30,57,0.526,7,22,0.318,16,22,0.727,6,23,29,22,8,9,8,11,83
0022100606,1610612763,Grizzlies,MEM,Memphis,Bench,57.000000:33,9,18,0.5,1,5,0.2,4,5,0.8,2,8,10,10,2,1,3,4,23
0022100606,1610612747,Lakers,LAL,Los Angeles,Starters,125.000000:14,22,58,0.379,5,14,0.357,8,8,1.0,10,15,25,17,3,4,7,13,57
0022100606,1610612747,Lakers,LAL,Los Angeles,Bench,99.000000:36,22,38,0.579,8,18,0.444,7,11,0.636,4,7,11,7,3,3,5,12,59
