GAME_ID,TEAM_ID,TEAM_NAME,TEAM_ABBREVIATION,TEAM_CITY,STARTERS_BENCH,MIN,FGM,FGA,FG_PCT,FG3M,FG3A,FG3_PCT,FTM,FTA,FT_PCT,OREB,DREB,REB,AST,STL,BLK,TO,PF,PTS
0022100353,1610612755,76ers,PHI,Philadelphia,Starters,188.000000:05,34,64,0.531,10,26,0.385,17,22,0.773,5,33,38,18,3,6,12,9,95
0022100353,1610612755,76ers,PHI,Philadelphia,Bench,76.000000:55,12,23,0.522,5,10,0.5,3,5,0.6,3,8,11,10,3,3,3,10,32
0022100353,1610612766,Hornets,CHA,Charlotte,Starters,190.000000:16,35,77,0.455,10,30,0.333,9,12,0.75,8,19,27,24,5,2,7,10,89
0022100353,1610612766,Hornets,CHA,Charlotte,Bench,74.000000:44,13,30,0.433,6,16,0.375,3,5,0.6,5,10,15,7,1,4,1,8,35
