GAME_ID,TEAM_ID,TEAM_NAME,TEAM_ABBREVIATION,TEAM_CITY,STARTERS_BENCH,MIN,FGM,FGA,FG_PCT,FG3M,FG3A,FG3_PCT,FTM,FTA,FT_PCT,OREB,DREB,REB,AST,STL,BLK,TO,PF,PTS
2052100126,1612709911,Wolves,IWA,Iowa,Starters,151.000000:01,24,59,0.407,4,20,0.2,9,11,0.818,15,25,40,12,8,2,6,12,67
2052100126,1612709911,Wolves,IWA,Iowa,Bench,80.000000:47,10,28,0.357,3,13,0.231,5,10,0.5,3,10,13,7,3,0,4,7,33
2052100126,1612709893,Charge,CLC,Cleveland,Starters,144.000000:01,20,47,0.426,8,22,0.364,10,14,0.714,6,27,33,14,3,4,9,13,61
2052100126,1612709893,Charge,CLC,Cleveland,Bench,72.000000:14,12,30,0.4,5,16,0.313,5,7,0.714,3,8,11,3,2,1,4,6,40
