GAME_ID,TEAM_ID,TEAM_NAME,TEAM_ABBREVIATION,TEAM_CITY,STARTERS_BENCH,MIN,FGM,FGA,FG_PCT,FG3M,FG3A,FG3_PCT,FTM,FTA,FT_PCT,OREB,DREB,REB,AST,STL,BLK,TO,PF,PTS
0022101018,1610612760,Thunder,OKC,Oklahoma City,Starters,154.000000:04,30,71,0.423,9,29,0.31,21,26,0.808,5,22,27,18,4,5,5,11,90
0022101018,1610612760,Thunder,OKC,Oklahoma City,Bench,70.000000:05,10,23,0.435,4,11,0.364,2,2,1.0,5,8,13,7,2,3,4,6,26
0022101018,1610612763,Grizzlies,MEM,Memphis,Starters,144.000000:52,29,63,0.46,6,15,0.4,16,18,0.889,15,21,36,20,2,2,7,11,80
0022101018,1610612763,Grizzlies,MEM,Memphis,Bench,95.000000:08,19,39,0.487,5,14,0.357,2,2,1.0,5,16,21,10,6,3,6,9,45
