GAME_ID,TEAM_ID,TEAM_NAME,TEAM_ABBREVIATION,TEAM_CITY,STARTERS_BENCH,MIN,FGM,FGA,FG_PCT,FG3M,FG3A,FG3_PCT,FTM,FTA,FT_PCT,OREB,DREB,REB,AST,STL,BLK,TO,PF,PTS
0022100280,1610612746,Clippers,LAC,LA,Starters,141.000000:26,24,58,0.414,7,26,0.269,9,10,0.9,5,25,30,15,5,2,7,12,64
0022100280,1610612746,Clippers,LAC,LA,Bench,98.000000:34,15,33,0.455,4,12,0.333,9,9,1.0,6,18,24,11,4,2,7,15,43
0022100280,1610612765,Pistons,DET,Detroit,Starters,136.000000:03,17,53,0.321,4,18,0.222,15,18,0.833,6,26,32,14,5,1,8,14,53
0022100280,1610612765,Pistons,DET,Detroit,Bench,103.000000:57,16,37,0.432,4,15,0.267,7,8,0.875,7,13,20,3,3,3,7,5,43
