GAME_ID,TEAM_ID,TEAM_NAME,TEAM_ABBREVIATION,TEAM_CITY,STARTERS_BENCH,MIN,FGM,FGA,FG_PCT,FG3M,FG3A,FG3_PCT,FTM,FTA,FT_PCT,OREB,DREB,REB,AST,STL,BLK,TO,PF,PTS
2052100187,1612709926,Hustle,MHU,Memphis,Starters,172.000000:43,32,71,0.451,5,24,0.208,10,12,0.833,6,27,33,25,7,3,9,22,84
2052100187,1612709926,Hustle,MHU,Memphis,Bench,77.000000:17,15,28,0.536,7,12,0.583,5,5,1.0,2,4,6,5,4,0,6,8,46
2052100187,1612709929,Skyhawks,CPS,College Park,Starters,160.000000:33,34,67,0.507,5,15,0.333,12,19,0.632,12,30,42,18,7,1,12,20,91
2052100187,1612709929,Skyhawks,CPS,College Park,Bench,89.000000:27,14,30,0.467,1,7,0.143,9,11,0.818,7,11,18,7,1,2,7,7,43
