GAME_ID,TEAM_ID,TEAM_NAME,TEAM_ABBREVIATION,TEAM_CITY,STARTERS_BENCH,MIN,FGM,FGA,FG_PCT,FG3M,FG3A,FG3_PCT,FTM,FTA,FT_PCT,OREB,DREB,REB,AST,STL,BLK,TO,PF,PTS
0022100861,1610612759,Spurs,SAS,San Antonio,Starters,150.000000:60,26,58,0.448,3,12,0.25,14,17,0.824,2,20,22,19,4,1,7,12,69
0022100861,1610612759,Spurs,SAS,San Antonio,Bench,89.000000:00,18,34,0.529,3,8,0.375,1,4,0.25,2,9,11,9,5,1,0,3,40
0022100861,1610612741,Bulls,CHI,Chicago,Starters,177.000000:24,41,74,0.554,8,19,0.421,18,20,0.9,5,31,36,23,2,2,10,16,108
0022100861,1610612741,Bulls,CHI,Chicago,Bench,34.000000:24,3,6,0.5,2,3,0.667,0,0,0.0,1,9,10,1,1,1,3,2,8
