GAME_ID,TEAM_ID,TEAM_NAME,TEAM_ABBREVIATION,TEAM_CITY,STARTERS_BENCH,MIN,FGM,FGA,FG_PCT,FG3M,FG3A,FG3_PCT,FTM,FTA,FT_PCT,OREB,DREB,REB,AST,STL,BLK,TO,PF,PTS
0022101154,1610612758,Kings,SAC,Sacramento,Starters,146.000000:36,25,50,0.5,6,16,0.375,14,18,0.778,5,18,23,18,2,7,9,9,70
0022101154,1610612758,Kings,SAC,Sacramento,Bench,93.000000:24,17,31,0.548,6,12,0.5,12,16,0.75,3,21,24,11,4,4,4,10,52
0022101154,1610612745,Rockets,HOU,Houston,Starters,167.000000:22,32,70,0.457,17,38,0.447,16,18,0.889,9,21,30,20,7,3,3,19,97
0022101154,1610612745,Rockets,HOU,Houston,Bench,72.000000:38,9,27,0.333,0,7,0.0,2,8,0.25,6,9,15,6,2,4,7,6,20
