GAME_ID,TEAM_ID,TEAM_NAME,TEAM_ABBREVIATION,TEAM_CITY,STARTERS_BENCH,MIN,FGM,FGA,FG_PCT,FG3M,FG3A,FG3_PCT,FTM,FTA,FT_PCT,OREB,DREB,REB,AST,STL,BLK,TO,PF,PTS
2022100273,1612709903,Stars,SLC,Salt Lake City,Starters,146.000000:22,22,59,0.373,6,25,0.24,6,8,0.75,6,19,25,18,6,0,12,9,61
2022100273,1612709903,Stars,SLC,Salt Lake City,Bench,93.000000:38,15,31,0.484,4,9,0.444,5,8,0.625,9,13,22,9,4,1,6,7,43
2022100273,1612709890,Spurs,AUS,Austin,Starters,137.000000:06,31,54,0.574,10,22,0.455,4,5,0.8,7,26,33,18,8,3,9,11,78
2022100273,1612709890,Spurs,AUS,Austin,Bench,39.000000:22,8,11,0.727,0,0,0.0,1,2,0.5,3,3,6,4,1,1,3,9,18
