GAME_ID,TEAM_ID,TEAM_NAME,TEAM_ABBREVIATION,TEAM_CITY,STARTERS_BENCH,MIN,FGM,FGA,FG_PCT,FG3M,FG3A,FG3_PCT,FTM,FTA,FT_PCT,OREB,DREB,REB,AST,STL,BLK,TO,PF,PTS
2022100190,1612709902,Warriors,SCW,Santa Cruz,Starters,163.000000:40,44,86,0.512,11,35,0.314,5,8,0.625,13,19,32,27,13,3,7,11,105
2022100190,1612709902,Warriors,SCW,Santa Cruz,Bench,27.000000:49,4,9,0.444,1,2,0.5,0,0,0.0,0,2,2,7,2,1,1,3,9
2022100190,1612709890,Spurs,AUS,Austin,Starters,152.000000:08,28,54,0.519,7,25,0.28,4,8,0.5,3,25,28,18,5,3,16,8,70
2022100190,1612709890,Spurs,AUS,Austin,Bench,79.000000:07,17,29,0.586,3,14,0.214,1,2,0.5,4,16,20,8,3,2,9,8,38
