GAME_ID,TEAM_ID,TEAM_NAME,TEAM_ABBREVIATION,TEAM_CITY,STARTERS_BENCH,MIN,FGM,FGA,FG_PCT,FG3M,FG3A,FG3_PCT,FTM,FTA,FT_PCT,OREB,DREB,REB,AST,STL,BLK,TO,PF,PTS
0022100032,1610612759,Spurs,SAS,San Antonio,Starters,162.000000:07,34,66,0.515,8,22,0.364,3,4,0.75,6,19,25,26,8,3,6,11,79
0022100032,1610612759,Spurs,SAS,San Antonio,Bench,60.000000:34,11,27,0.407,2,17,0.118,2,2,1.0,3,6,9,2,2,0,4,7,26
0022100032,1610612749,Bucks,MIL,Milwaukee,Starters,153.000000:44,32,61,0.525,11,26,0.423,16,20,0.8,2,24,26,17,4,3,17,9,91
0022100032,1610612749,Bucks,MIL,Milwaukee,Bench,51.000000:52,8,14,0.571,4,8,0.5,2,2,1.0,1,7,8,2,1,2,1,3,22
