GAME_ID,TEAM_ID,TEAM_NAME,TEAM_ABBREVIATION,TEAM_CITY,STARTERS_BENCH,MIN,FGM,FGA,FG_PCT,FG3M,FG3A,FG3_PCT,FTM,FTA,FT_PCT,OREB,DREB,REB,AST,STL,BLK,TO,PF,PTS
0022100576,1610612757,Trail Blazers,POR,Portland,Starters,173.000000:12,26,58,0.448,11,29,0.379,24,28,0.857,6,17,23,14,6,3,4,12,87
0022100576,1610612757,Trail Blazers,POR,Portland,Bench,66.000000:48,7,20,0.35,4,9,0.444,4,8,0.5,2,11,13,4,2,1,1,11,22
0022100576,1610612748,Heat,MIA,Miami,Starters,151.000000:26,22,44,0.5,11,22,0.5,16,23,0.696,10,27,37,25,2,2,7,9,71
0022100576,1610612748,Heat,MIA,Miami,Bench,88.000000:34,15,38,0.395,8,19,0.421,6,6,1.0,4,9,13,4,1,1,4,12,44
