GAME_ID,TEAM_ID,TEAM_NAME,TEAM_ABBREVIATION,TEAM_CITY,STARTERS_BENCH,MIN,FGM,FGA,FG_PCT,FG3M,FG3A,FG3_PCT,FTM,FTA,FT_PCT,OREB,DREB,REB,AST,STL,BLK,TO,PF,PTS
0022100307,1610612741,Bulls,CHI,Chicago,Starters,173.000000:00,42,68,0.618,12,21,0.571,7,9,0.778,2,29,31,27,3,4,6,13,103
0022100307,1610612741,Bulls,CHI,Chicago,Bench,66.000000:60,11,21,0.524,2,9,0.222,6,10,0.6,3,7,10,8,0,1,4,6,30
0022100307,1610612766,Hornets,CHA,Charlotte,Starters,148.000000:38,28,55,0.509,11,21,0.524,15,19,0.789,3,21,24,21,3,5,7,7,82
0022100307,1610612766,Hornets,CHA,Charlotte,Bench,91.000000:22,14,33,0.424,7,18,0.389,2,2,1.0,2,8,10,2,4,4,2,7,37
