GAME_ID,TEAM_ID,TEAM_NAME,TEAM_ABBREVIATION,TEAM_CITY,STARTERS_BENCH,MIN,FGM,FGA,FG_PCT,FG3M,FG3A,FG3_PCT,FTM,FTA,FT_PCT,OREB,DREB,REB,AST,STL,BLK,TO,PF,PTS
0022100918,1610612757,Trail Blazers,POR,Portland,Starters,140.000000:59,22,58,0.379,1,19,0.053,7,11,0.636,6,21,27,11,7,2,9,13,52
0022100918,1610612757,Trail Blazers,POR,Portland,Bench,99.000000:01,12,33,0.364,5,17,0.294,11,15,0.733,5,10,15,11,5,1,6,12,40
0022100918,1610612743,Nuggets,DEN,Denver,Starters,114.000000:54,17,38,0.447,2,14,0.143,12,14,0.857,3,24,27,15,3,1,8,5,48
0022100918,1610612743,Nuggets,DEN,Denver,Bench,124.000000:39,27,47,0.574,10,23,0.435,12,17,0.706,5,23,28,13,6,4,6,14,76
