GAME_ID,TEAM_ID,TEAM_NAME,TEAM_ABBREVIATION,TEAM_CITY,STARTERS_BENCH,MIN,FGM,FGA,FG_PCT,FG3M,FG3A,FG3_PCT,FTM,FTA,FT_PCT,OREB,DREB,REB,AST,STL,BLK,TO,PF,PTS
0022101024,1610612759,Spurs,SAS,San Antonio,Starters,155.000000:39,39,68,0.574,8,20,0.4,18,21,0.857,5,17,22,21,5,7,11,14,104
0022101024,1610612759,Spurs,SAS,San Antonio,Bench,68.000000:15,12,25,0.48,5,14,0.357,4,5,0.8,2,10,12,5,0,4,4,6,33
0022101024,1610612750,Timberwolves,MIN,Minnesota,Starters,158.000000:30,38,65,0.585,15,25,0.6,24,26,0.923,6,24,30,21,7,3,11,12,115
0022101024,1610612750,Timberwolves,MIN,Minnesota,Bench,81.000000:30,14,25,0.56,2,8,0.25,4,6,0.667,1,9,10,7,1,0,4,8,34
