GAME_ID,TEAM_ID,TEAM_NAME,TEAM_ABBREVIATION,TEAM_CITY,STARTERS_BENCH,MIN,FGM,FGA,FG_PCT,FG3M,FG3A,FG3_PCT,FTM,FTA,FT_PCT,OREB,DREB,REB,AST,STL,BLK,TO,PF,PTS
0022100808,1610612740,Pelicans,NOP,New Orleans,Starters,161.000000:26,25,50,0.5,8,18,0.444,21,28,0.75,2,17,19,25,8,2,9,16,79
0022100808,1610612740,Pelicans,NOP,New Orleans,Bench,78.000000:34,16,27,0.593,4,11,0.364,5,8,0.625,3,11,14,4,4,2,1,7,41
0022100808,1610612745,Rockets,HOU,Houston,Starters,158.000000:12,25,55,0.455,8,27,0.296,10,14,0.714,5,19,24,20,4,6,11,17,68
0022100808,1610612745,Rockets,HOU,Houston,Bench,81.000000:48,15,29,0.517,8,18,0.444,1,2,0.5,0,9,9,8,1,1,5,6,39
