GAME_ID,TEAM_ID,TEAM_NAME,TEAM_ABBREVIATION,TEAM_CITY,STARTERS_BENCH,MIN,FGM,FGA,FG_PCT,FG3M,FG3A,FG3_PCT,FTM,FTA,FT_PCT,OREB,DREB,REB,AST,STL,BLK,TO,PF,PTS
2022100382,1612709921,Nets,LIN,Long Island,Starters,165.000000:35,36,71,0.507,11,29,0.379,5,6,0.833,12,26,38,18,5,1,18,11,92
2022100382,1612709921,Nets,LIN,Long Island,Bench,23.000000:18,1,8,0.125,1,8,0.125,0,0,0.0,1,3,4,2,0,0,0,3,3
2022100382,1612709909,Blue Coats,DEL,Delaware,Starters,138.000000:47,32,58,0.552,8,19,0.421,4,7,0.571,10,13,23,19,5,8,4,12,80
2022100382,1612709909,Blue Coats,DEL,Delaware,Bench,101.000000:13,20,44,0.455,6,19,0.316,2,5,0.4,3,16,19,12,8,0,6,5,50
