GAME_ID,TEAM_ID,TEAM_NAME,TEAM_ABBREVIATION,TEAM_CITY,STARTERS_BENCH,MIN,FGM,FGA,FG_PCT,FG3M,FG3A,FG3_PCT,FTM,FTA,FT_PCT,OREB,DREB,REB,AST,STL,BLK,TO,PF,PTS
2052100103,1612709927,Herd,WIS,Wisconsin,Starters,138.000000:25,33,57,0.579,12,25,0.48,4,13,0.308,5,17,22,18,5,3,18,16,84
2052100103,1612709927,Herd,WIS,Wisconsin,Bench,67.000000:43,9,20,0.45,1,6,0.167,2,2,1.0,5,10,15,11,2,2,5,8,22
2052100103,1612709923,Bulls,WCB,Windy City,Starters,167.000000:20,30,58,0.517,7,16,0.438,11,16,0.688,7,21,28,18,11,2,16,13,86
2052100103,1612709923,Bulls,WCB,Windy City,Bench,46.000000:22,8,18,0.444,5,11,0.455,1,2,0.5,4,3,7,6,1,1,1,6,22
