GAME_ID,TEAM_ID,TEAM_NAME,TEAM_ABBREVIATION,TEAM_CITY,STARTERS_BENCH,MIN,FGM,FGA,FG_PCT,FG3M,FG3A,FG3_PCT,FTM,FTA,FT_PCT,OREB,DREB,REB,AST,STL,BLK,TO,PF,PTS
2022100236,1612709926,Hustle,MHU,Memphis,Starters,146.000000:55,24,60,0.4,7,23,0.304,11,12,0.917,3,13,16,9,6,3,10,12,74
2022100236,1612709926,Hustle,MHU,Memphis,Bench,93.000000:05,15,23,0.652,4,7,0.571,2,3,0.667,5,13,18,9,2,2,11,6,36
2022100236,1612709913,Squadron,BIR,Birmingham,Starters,161.000000:54,32,57,0.561,10,20,0.5,2,2,1.0,7,26,33,22,10,4,10,16,77
2022100236,1612709913,Squadron,BIR,Birmingham,Bench,58.000000:49,12,25,0.48,4,8,0.5,3,4,0.75,3,4,7,9,4,0,7,8,32
