GAME_ID,TEAM_ID,TEAM_NAME,TEAM_ABBREVIATION,TEAM_CITY,STARTERS_BENCH,MIN,FGM,FGA,FG_PCT,FG3M,FG3A,FG3_PCT,FTM,FTA,FT_PCT,OREB,DREB,REB,AST,STL,BLK,TO,PF,PTS
0012100065,1610612759,Spurs,SAS,San Antonio,Starters,137.000000:28,29,57,0.509,11,22,0.5,8,16,0.5,2,23,25,23,4,4,4,12,77
0012100065,1610612759,Spurs,SAS,San Antonio,Bench,46.000000:44,8,19,0.421,3,10,0.3,2,2,1.0,0,7,7,3,2,0,2,5,21
0012100065,1610612745,Rockets,HOU,Houston,Starters,147.000000:53,24,64,0.375,3,19,0.158,19,28,0.679,12,26,38,9,4,5,10,15,70
0012100065,1610612745,Rockets,HOU,Houston,Bench,92.000000:07,9,33,0.273,3,14,0.214,7,10,0.7,4,17,21,6,2,1,4,7,28
