GAME_ID,TEAM_ID,TEAM_NAME,TEAM_ABBREVIATION,TEAM_CITY,STARTERS_BENCH,MIN,FGM,FGA,FG_PCT,FG3M,FG3A,FG3_PCT,FTM,FTA,FT_PCT,OREB,DREB,REB,AST,STL,BLK,TO,PF,PTS
0022101208,1610612741,Bulls,CHI,Chicago,Starters,145.000000:13,28,55,0.509,10,17,0.588,14,17,0.824,2,13,15,18,1,1,10,8,80
0022101208,1610612741,Bulls,CHI,Chicago,Bench,94.000000:47,16,27,0.593,3,7,0.429,2,3,0.667,4,12,16,7,6,0,2,4,37
0022101208,1610612766,Hornets,CHA,Charlotte,Starters,136.000000:45,29,51,0.569,10,23,0.435,6,6,1.0,3,15,18,25,3,3,6,11,74
0022101208,1610612766,Hornets,CHA,Charlotte,Bench,103.000000:15,23,35,0.657,9,17,0.529,4,4,1.0,5,15,20,9,4,1,5,10,59
