GAME_ID,TEAM_ID,TEAM_NAME,TEAM_ABBREVIATION,TEAM_CITY,STARTERS_BENCH,MIN,FGM,FGA,FG_PCT,FG3M,FG3A,FG3_PCT,FTM,FTA,FT_PCT,OREB,DREB,REB,AST,STL,BLK,TO,PF,PTS
2022100276,1612709922,Swarm,GBO,Greensboro,Starters,138.000000:42,15,39,0.385,4,21,0.19,5,5,1.0,3,16,19,12,2,3,7,5,43
2022100276,1612709922,Swarm,GBO,Greensboro,Bench,77.000000:29,8,17,0.471,4,11,0.364,1,1,1.0,2,8,10,5,5,3,9,12,22
2022100276,1612709928,Go-Go,CCG,Capital City,Starters,152.000000:31,26,61,0.426,7,26,0.269,7,10,0.7,15,22,37,16,8,0,5,11,72
2022100276,1612709928,Go-Go,CCG,Capital City,Bench,87.000000:30,15,36,0.417,2,14,0.143,1,3,0.333,8,12,20,11,6,2,6,4,34
