GAME_ID,TEAM_ID,TEAM_NAME,TEAM_ABBREVIATION,TEAM_CITY,STARTERS_BENCH,MIN,FGM,FGA,FG_PCT,FG3M,FG3A,FG3_PCT,FTM,FTA,FT_PCT,OREB,DREB,REB,AST,STL,BLK,TO,PF,PTS
0022100862,1610612757,Trail Blazers,POR,Portland,Starters,167.000000:33,38,75,0.507,16,34,0.471,12,16,0.75,10,29,39,23,5,3,10,11,104
0022100862,1610612757,Trail Blazers,POR,Portland,Bench,72.000000:27,7,24,0.292,2,9,0.222,2,3,0.667,4,15,19,7,3,3,3,8,18
0022100862,1610612749,Bucks,MIL,Milwaukee,Starters,166.000000:24,28,64,0.438,9,29,0.31,11,14,0.786,3,29,32,16,6,2,11,14,76
0022100862,1610612749,Bucks,MIL,Milwaukee,Bench,44.000000:31,9,20,0.45,4,9,0.444,6,8,0.75,1,6,7,2,1,0,0,2,28
