GAME_ID,TEAM_ID,TEAM_NAME,TEAM_ABBREVIATION,TEAM_CITY,STARTERS_BENCH,MIN,FGM,FGA,FG_PCT,FG3M,FG3A,FG3_PCT,FTM,FTA,FT_PCT,OREB,DREB,REB,AST,STL,BLK,TO,PF,PTS
0022100788,1610612765,Pistons,DET,Detroit,Starters,145.000000:45,22,65,0.338,6,14,0.429,12,15,0.8,15,23,38,10,3,1,5,12,62
0022100788,1610612765,Pistons,DET,Detroit,Bench,94.000000:15,12,39,0.308,4,12,0.333,3,5,0.6,5,13,18,8,2,3,6,12,31
0022100788,1610612738,Celtics,BOS,Boston,Starters,138.000000:03,24,48,0.5,5,15,0.333,5,9,0.556,9,32,41,15,3,6,8,7,58
0022100788,1610612738,Celtics,BOS,Boston,Bench,101.000000:57,13,34,0.382,4,13,0.308,14,16,0.875,2,12,14,8,1,3,5,10,44
