GAME_ID,TEAM_ID,TEAM_NAME,TEAM_ABBREVIATION,TEAM_CITY,STARTERS_BENCH,MIN,FGM,FGA,FG_PCT,FG3M,FG3A,FG3_PCT,FTM,FTA,FT_PCT,OREB,DREB,REB,AST,STL,BLK,TO,PF,PTS
2022100399,1612709918,Legends,TEX,Texas,Starters,163.000000:59,29,70,0.414,3,29,0.103,5,9,0.556,8,27,35,25,6,5,7,13,71
2022100399,1612709918,Legends,TEX,Texas,Bench,76.000000:01,11,23,0.478,5,11,0.455,1,3,0.333,3,10,13,4,1,1,3,8,28
2022100399,1612709904,Skyforce,SXF,Sioux Falls,Starters,131.000000:35,28,56,0.5,8,19,0.421,5,9,0.556,3,21,24,10,3,5,6,7,71
2022100399,1612709904,Skyforce,SXF,Sioux Falls,Bench,108.000000:25,21,38,0.553,9,17,0.529,4,5,0.8,5,20,25,13,3,3,3,9,57
