GAME_ID,TEAM_ID,TEAM_NAME,TEAM_ABBREVIATION,TEAM_CITY,STARTERS_BENCH,MIN,FGM,FGA,FG_PCT,FG3M,FG3A,FG3_PCT,FTM,FTA,FT_PCT,OREB,DREB,REB,AST,STL,BLK,TO,PF,PTS
2052100194,1612709926,Hustle,MHU,Memphis,Starters,195.000000:35,35,84,0.417,16,44,0.364,10,10,1.0,7,21,28,22,11,0,11,11,104
2052100194,1612709926,Hustle,MHU,Memphis,Bench,44.000000:25,5,10,0.5,4,6,0.667,0,0,0.0,3,2,5,5,1,1,1,0,14
2052100194,1612709922,Swarm,GBO,Greensboro,Starters,106.000000:32,16,33,0.485,6,11,0.545,5,6,0.833,3,12,15,14,5,4,13,9,45
2052100194,1612709922,Swarm,GBO,Greensboro,Bench,110.000000:16,25,40,0.625,15,27,0.556,3,4,0.75,5,22,27,22,2,1,9,10,68
