GAME_ID,TEAM_ID,TEAM_NAME,TEAM_ABBREVIATION,TEAM_CITY,STARTERS_BENCH,MIN,FGM,FGA,FG_PCT,FG3M,FG3A,FG3_PCT,FTM,FTA,FT_PCT,OREB,DREB,REB,AST,STL,BLK,TO,PF,PTS
2022100216,1612709918,Legends,TEX,Texas,Starters,172.000000:58,30,66,0.455,6,23,0.261,10,11,0.909,11,27,38,11,2,0,10,14,82
2022100216,1612709918,Legends,TEX,Texas,Bench,67.000000:02,6,18,0.333,3,10,0.3,1,1,1.0,0,11,11,6,3,0,3,5,17
2022100216,1612709914,Kings,STO,Stockton,Starters,150.000000:40,21,50,0.42,4,13,0.308,10,12,0.833,8,19,27,12,5,3,9,13,63
2022100216,1612709914,Kings,STO,Stockton,Bench,79.000000:08,10,29,0.345,1,11,0.091,2,2,1.0,2,11,13,6,3,1,2,5,24
