GAME_ID,TEAM_ID,TEAM_NAME,TEAM_ABBREVIATION,TEAM_CITY,STARTERS_BENCH,MIN,FGM,FGA,FG_PCT,FG3M,FG3A,FG3_PCT,FTM,FTA,FT_PCT,OREB,DREB,REB,AST,STL,BLK,TO,PF,PTS
0022100684,1610612760,Thunder,OKC,Oklahoma City,Starters,145.000000:13,28,63,0.444,5,17,0.294,9,11,0.818,9,25,34,13,5,1,6,9,70
0022100684,1610612760,Thunder,OKC,Oklahoma City,Bench,82.000000:23,8,31,0.258,6,24,0.25,3,4,0.75,6,9,15,5,1,1,5,10,25
0022100684,1610612766,Hornets,CHA,Charlotte,Starters,136.000000:21,31,62,0.5,11,29,0.379,7,9,0.778,9,32,41,27,4,3,10,8,80
0022100684,1610612766,Hornets,CHA,Charlotte,Bench,103.000000:40,14,37,0.378,6,20,0.3,7,11,0.636,7,14,21,7,4,2,2,10,41
