GAME_ID,TEAM_ID,TEAM_NAME,TEAM_ABBREVIATION,TEAM_CITY,STARTERS_BENCH,MIN,FGM,FGA,FG_PCT,FG3M,FG3A,FG3_PCT,FTM,FTA,FT_PCT,OREB,DREB,REB,AST,STL,BLK,TO,PF,PTS
0022100102,1610612760,Thunder,OKC,Oklahoma City,Starters,143.000000:34,26,56,0.464,8,20,0.4,10,13,0.769,5,23,28,11,5,4,12,11,70
0022100102,1610612760,Thunder,OKC,Oklahoma City,Bench,96.000000:26,9,34,0.265,3,17,0.176,3,3,1.0,5,18,23,6,3,2,4,7,24
0022100102,1610612746,Clippers,LAC,LA,Starters,150.000000:22,24,60,0.4,11,27,0.407,10,13,0.769,5,23,28,13,5,4,10,7,69
0022100102,1610612746,Clippers,LAC,LA,Bench,89.000000:38,11,32,0.344,4,15,0.267,4,6,0.667,8,15,23,5,3,1,2,7,30
