GAME_ID,TEAM_ID,TEAM_NAME,TEAM_ABBREVIATION,TEAM_CITY,STARTERS_BENCH,MIN,FGM,FGA,FG_PCT,FG3M,FG3A,FG3_PCT,FTM,FTA,FT_PCT,OREB,DREB,REB,AST,STL,BLK,TO,PF,PTS
0022100037,1610612745,Rockets,HOU,Houston,Starters,165.000000:50,28,59,0.475,13,26,0.5,14,18,0.778,4,25,29,13,4,3,12,13,83
0022100037,1610612745,Rockets,HOU,Houston,Bench,74.000000:10,4,16,0.25,1,6,0.167,5,6,0.833,1,10,11,7,3,1,6,7,14
0022100037,1610612738,Celtics,BOS,Boston,Starters,163.000000:17,27,60,0.45,7,26,0.269,15,18,0.833,3,30,33,14,9,5,7,15,76
0022100037,1610612738,Celtics,BOS,Boston,Bench,76.000000:43,11,26,0.423,8,21,0.381,1,2,0.5,3,7,10,8,1,1,4,7,31
