GAME_ID,TEAM_ID,TEAM_NAME,TEAM_ABBREVIATION,TEAM_CITY,STARTERS_BENCH,MIN,FGM,FGA,FG_PCT,FG3M,FG3A,FG3_PCT,FTM,FTA,FT_PCT,OREB,DREB,REB,AST,STL,BLK,TO,PF,PTS
0022100391,1610612753,Magic,ORL,Orlando,Starters,165.000000:10,26,51,0.51,10,19,0.526,8,9,0.889,8,26,34,14,1,3,8,7,70
0022100391,1610612753,Magic,ORL,Orlando,Bench,74.000000:50,9,29,0.31,2,14,0.143,14,15,0.933,2,9,11,7,3,2,3,4,34
0022100391,1610612746,Clippers,LAC,LA,Starters,155.000000:39,29,59,0.492,14,25,0.56,4,6,0.667,8,18,26,13,4,1,5,10,76
0022100391,1610612746,Clippers,LAC,LA,Bench,84.000000:21,13,33,0.394,4,11,0.364,0,0,0.0,4,15,19,14,3,0,2,7,30
