GAME_ID,TEAM_ID,TEAM_NAME,TEAM_ABBREVIATION,TEAM_CITY,STARTERS_BENCH,MIN,FGM,FGA,FG_PCT,FG3M,FG3A,FG3_PCT,FTM,FTA,FT_PCT,OREB,DREB,REB,AST,STL,BLK,TO,PF,PTS
0022101083,1610612746,Clippers,LAC,LA,Starters,115.000000:43,20,50,0.4,4,18,0.222,5,8,0.625,2,16,18,13,1,2,4,10,49
0022101083,1610612746,Clippers,LAC,LA,Bench,124.000000:07,22,36,0.611,6,14,0.429,16,18,0.889,4,13,17,14,2,5,2,9,66
0022101083,1610612743,Nuggets,DEN,Denver,Starters,155.000000:57,30,57,0.526,8,16,0.5,19,21,0.905,4,27,31,21,3,4,4,9,87
0022101083,1610612743,Nuggets,DEN,Denver,Bench,84.000000:03,15,26,0.577,8,16,0.5,2,2,1.0,2,7,9,10,1,1,5,10,40
