GAME_ID,TEAM_ID,TEAM_NAME,TEAM_ABBREVIATION,TEAM_CITY,STARTERS_BENCH,MIN,FGM,FGA,FG_PCT,FG3M,FG3A,FG3_PCT,FTM,FTA,FT_PCT,OREB,DREB,REB,AST,STL,BLK,TO,PF,PTS
0022100895,1610612758,Kings,SAC,Sacramento,Starters,148.000000:51,31,56,0.554,6,14,0.429,9,11,0.818,5,19,24,16,4,3,11,12,77
0022100895,1610612758,Kings,SAC,Sacramento,Bench,85.000000:26,12,29,0.414,3,15,0.2,5,5,1.0,0,6,6,9,1,5,4,5,32
0022100895,1610612743,Nuggets,DEN,Denver,Starters,154.000000:19,36,60,0.6,9,19,0.474,13,15,0.867,2,26,28,21,8,3,9,11,94
0022100895,1610612743,Nuggets,DEN,Denver,Bench,85.000000:41,12,26,0.462,6,16,0.375,4,5,0.8,1,10,11,9,4,1,7,13,34
