GAME_ID,TEAM_ID,TEAM_NAME,TEAM_ABBREVIATION,TEAM_CITY,STARTERS_BENCH,MIN,FGM,FGA,FG_PCT,FG3M,FG3A,FG3_PCT,FTM,FTA,FT_PCT,OREB,DREB,REB,AST,STL,BLK,TO,PF,PTS
0012100049,1610612763,Grizzlies,MEM,Memphis,Starters,133.000000:38,28,57,0.491,13,25,0.52,9,9,1.0,5,23,28,15,4,5,9,9,78
0012100049,1610612763,Grizzlies,MEM,Memphis,Bench,54.000000:39,5,18,0.278,1,12,0.083,0,0,0.0,1,5,6,4,0,2,4,6,11
0012100049,1610612754,Pacers,IND,Indiana,Starters,149.000000:30,26,62,0.419,4,16,0.25,10,14,0.714,7,23,30,17,9,5,8,10,66
0012100049,1610612754,Pacers,IND,Indiana,Bench,90.000000:30,16,33,0.485,1,9,0.111,10,13,0.769,2,12,14,6,5,2,3,5,43
