GAME_ID,TEAM_ID,TEAM_NAME,TEAM_ABBREVIATION,TEAM_CITY,STARTERS_BENCH,MIN,FGM,FGA,FG_PCT,FG3M,FG3A,FG3_PCT,FTM,FTA,FT_PCT,OREB,DREB,REB,AST,STL,BLK,TO,PF,PTS
2042100231,1612709905,Lakers,SBL,South Bay,Starters,149.000000:06,21,51,0.412,7,22,0.318,10,12,0.833,7,17,24,19,2,3,8,16,68
2042100231,1612709905,Lakers,SBL,South Bay,Bench,90.000000:54,18,39,0.462,2,10,0.2,3,4,0.75,7,21,28,6,3,2,5,11,42
2042100231,1612709924,Clippers,ACC,Agua Caliente,Starters,142.000000:59,25,53,0.472,8,19,0.421,4,6,0.667,9,21,30,17,4,2,3,14,65
2042100231,1612709924,Clippers,ACC,Agua Caliente,Bench,61.000000:44,9,26,0.346,4,10,0.4,4,7,0.571,5,7,12,3,1,1,3,9,28
