GAME_ID,TEAM_ID,TEAM_NAME,TEAM_ABBREVIATION,TEAM_CITY,STARTERS_BENCH,MIN,FGM,FGA,FG_PCT,FG3M,FG3A,FG3_PCT,FTM,FTA,FT_PCT,OREB,DREB,REB,AST,STL,BLK,TO,PF,PTS
2022100076,1612709918,Legends,TEX,Texas,Starters,146.000000:21,27,57,0.474,6,15,0.4,6,8,0.75,10,16,26,13,6,5,11,17,69
2022100076,1612709918,Legends,TEX,Texas,Bench,93.000000:39,13,29,0.448,1,8,0.125,4,6,0.667,3,9,12,11,4,2,6,6,36
2022100076,1612709908,Vipers,RGV,Rio Grande Valley,Starters,161.000000:22,31,79,0.392,6,26,0.231,11,11,1.0,24,25,49,18,6,3,12,9,88
2022100076,1612709908,Vipers,RGV,Rio Grande Valley,Bench,78.000000:38,12,24,0.5,3,9,0.333,5,5,1.0,3,4,7,4,3,1,2,6,34
