GAME_ID,TEAM_ID,TEAM_NAME,TEAM_ABBREVIATION,TEAM_CITY,STARTERS_BENCH,MIN,FGM,FGA,FG_PCT,FG3M,FG3A,FG3_PCT,FTM,FTA,FT_PCT,OREB,DREB,REB,AST,STL,BLK,TO,PF,PTS
2022100480,1612709925,Magic,LAK,Lakeland,Starters,145.000000:44,24,53,0.453,13,29,0.448,5,5,1.0,4,33,37,26,2,0,8,10,69
2022100480,1612709925,Magic,LAK,Lakeland,Bench,25.000000:11,6,12,0.5,3,7,0.429,0,1,0.0,0,4,4,5,1,0,0,2,15
2022100480,1612709893,Charge,CLC,Cleveland,Starters,197.000000:35,27,75,0.36,10,43,0.233,6,7,0.857,6,28,34,15,5,2,6,11,72
2022100480,1612709893,Charge,CLC,Cleveland,Bench,34.000000:57,5,16,0.313,4,13,0.308,1,1,1.0,0,7,7,0,0,0,2,2,16
