GAME_ID,TEAM_ID,TEAM_NAME,TEAM_ABBREVIATION,TEAM_CITY,STARTERS_BENCH,MIN,FGM,FGA,FG_PCT,FG3M,FG3A,FG3_PCT,FTM,FTA,FT_PCT,OREB,DREB,REB,AST,STL,BLK,TO,PF,PTS
2072100006,1612709921,Nets,LIN,Long Island,Starters,138.000000:47,24,60,0.4,5,24,0.208,6,7,0.857,11,19,30,11,8,3,8,16,64
2072100006,1612709921,Nets,LIN,Long Island,Bench,84.000000:02,15,30,0.5,3,9,0.333,6,7,0.857,6,14,20,6,5,2,9,9,43
2072100006,1612709930,Ignite,GLI,G League,Starters,152.000000:55,25,61,0.41,2,12,0.167,9,15,0.6,8,30,38,14,8,6,17,11,68
2072100006,1612709930,Ignite,GLI,G League,Bench,75.000000:03,11,24,0.458,5,12,0.417,1,1,1.0,2,5,7,10,4,1,7,8,29
