GAME_ID,TEAM_ID,TEAM_NAME,TEAM_ABBREVIATION,TEAM_CITY,STARTERS_BENCH,MIN,FGM,FGA,FG_PCT,FG3M,FG3A,FG3_PCT,FTM,FTA,FT_PCT,OREB,DREB,REB,AST,STL,BLK,TO,PF,PTS
2052100076,1612709905,Lakers,SBL,South Bay,Starters,134.000000:28,29,52,0.558,6,20,0.3,6,8,0.75,8,17,25,15,2,6,4,9,74
2052100076,1612709905,Lakers,SBL,South Bay,Bench,91.000000:13,13,31,0.419,4,10,0.4,3,5,0.6,3,17,20,11,4,3,5,8,36
2052100076,1612709889,Blue,OKL,Oklahoma City,Starters,145.000000:11,26,64,0.406,5,16,0.313,5,6,0.833,12,21,33,11,7,3,13,8,66
2052100076,1612709889,Blue,OKL,Oklahoma City,Bench,39.000000:13,4,12,0.333,2,8,0.25,2,2,1.0,2,2,4,2,0,1,0,8,12
