GAME_ID,TEAM_ID,TEAM_NAME,TEAM_ABBREVIATION,TEAM_CITY,STARTERS_BENCH,MIN,FGM,FGA,FG_PCT,FG3M,FG3A,FG3_PCT,FTM,FTA,FT_PCT,OREB,DREB,REB,AST,STL,BLK,TO,PF,PTS
0022100508,1610612753,Magic,ORL,Orlando,Starters,151.000000:30,28,53,0.528,9,24,0.375,19,22,0.864,2,22,24,16,5,2,9,11,84
0022100508,1610612753,Magic,ORL,Orlando,Bench,77.000000:44,8,23,0.348,2,11,0.182,1,2,0.5,4,8,12,7,2,1,4,11,19
0022100508,1610612749,Bucks,MIL,Milwaukee,Starters,147.000000:13,34,59,0.576,10,19,0.526,11,17,0.647,2,18,20,23,2,2,10,13,89
0022100508,1610612749,Bucks,MIL,Milwaukee,Bench,39.000000:20,4,7,0.571,3,5,0.6,0,0,0.0,1,3,4,4,1,0,0,3,11
