GAME_ID,TEAM_ID,TEAM_NAME,TEAM_ABBREVIATION,TEAM_CITY,STARTERS_BENCH,MIN,FGM,FGA,FG_PCT,FG3M,FG3A,FG3_PCT,FTM,FTA,FT_PCT,OREB,DREB,REB,AST,STL,BLK,TO,PF,PTS
0012100019,1610612744,Warriors,GSW,Golden State,Starters,86.000000:53,17,38,0.447,7,15,0.467,8,11,0.727,3,13,16,8,3,2,10,7,49
0012100019,1610612744,Warriors,GSW,Golden State,Bench,153.000000:07,22,44,0.5,14,31,0.452,11,13,0.846,2,24,26,19,6,1,7,9,69
0012100019,1610612743,Nuggets,DEN,Denver,Starters,104.000000:46,22,45,0.489,6,15,0.4,7,9,0.778,4,17,21,11,3,2,4,11,57
0012100019,1610612743,Nuggets,DEN,Denver,Bench,135.000000:14,22,46,0.478,9,24,0.375,6,6,1.0,4,18,22,17,7,4,13,13,59
