GAME_ID,TEAM_ID,TEAM_NAME,TEAM_ABBREVIATION,TEAM_CITY,STARTERS_BENCH,MIN,FGM,FGA,FG_PCT,FG3M,FG3A,FG3_PCT,FTM,FTA,FT_PCT,OREB,DREB,REB,AST,STL,BLK,TO,PF,PTS
0022100875,1610612765,Pistons,DET,Detroit,Starters,158.000000:59,31,62,0.5,13,23,0.565,6,8,0.75,10,19,29,21,6,1,9,13,81
0022100875,1610612765,Pistons,DET,Detroit,Bench,81.000000:01,12,31,0.387,3,7,0.429,4,5,0.8,8,10,18,7,3,0,7,4,31
0022100875,1610612738,Celtics,BOS,Boston,Starters,188.000000:30,36,67,0.537,12,28,0.429,14,18,0.778,0,22,22,27,6,6,14,10,98
0022100875,1610612738,Celtics,BOS,Boston,Bench,51.000000:30,6,10,0.6,1,4,0.25,0,0,0.0,2,6,8,2,2,0,1,4,13
