GAME_ID,TEAM_ID,TEAM_NAME,TEAM_ABBREVIATION,TEAM_CITY,STARTERS_BENCH,MIN,FGM,FGA,FG_PCT,FG3M,FG3A,FG3_PCT,FTM,FTA,FT_PCT,OREB,DREB,REB,AST,STL,BLK,TO,PF,PTS
2022100448,1612709932,Cruise,MCC,Motor City,Starters,159.000000:11,27,56,0.482,9,22,0.409,6,6,1.0,10,22,32,21,6,1,12,10,73
2022100448,1612709932,Cruise,MCC,Motor City,Bench,80.000000:49,16,42,0.381,2,13,0.154,4,7,0.571,12,12,24,4,6,1,4,9,40
2022100448,1612709910,Mad Ants,FWN,Fort Wayne,Starters,190.000000:39,37,76,0.487,8,30,0.267,11,16,0.688,8,23,31,16,9,2,13,14,100
2022100448,1612709910,Mad Ants,FWN,Fort Wayne,Bench,49.000000:21,4,9,0.444,1,5,0.2,2,2,1.0,2,8,10,5,2,4,4,4,11
