GAME_ID,TEAM_ID,TEAM_NAME,TEAM_ABBREVIATION,TEAM_CITY,STARTERS_BENCH,MIN,FGM,FGA,FG_PCT,FG3M,FG3A,FG3_PCT,FTM,FTA,FT_PCT,OREB,DREB,REB,AST,STL,BLK,TO,PF,PTS
0022100648,1610612759,Spurs,SAS,San Antonio,Starters,149.000000:02,19,50,0.38,6,22,0.273,15,17,0.882,11,24,35,14,5,1,8,8,59
0022100648,1610612759,Spurs,SAS,San Antonio,Bench,90.000000:58,15,33,0.455,5,15,0.333,7,10,0.7,4,15,19,5,1,4,6,4,42
0022100648,1610612746,Clippers,LAC,LA,Starters,142.000000:14,23,58,0.397,9,25,0.36,6,8,0.75,8,21,29,13,5,1,6,10,61
0022100648,1610612746,Clippers,LAC,LA,Bench,97.000000:46,15,42,0.357,3,13,0.231,0,0,0.0,13,12,25,11,3,3,8,11,33
