GAME_ID,TEAM_ID,TEAM_NAME,TEAM_ABBREVIATION,TEAM_CITY,STARTERS_BENCH,MIN,FGM,FGA,FG_PCT,FG3M,FG3A,FG3_PCT,FTM,FTA,FT_PCT,OREB,DREB,REB,AST,STL,BLK,TO,PF,PTS
0022100230,1610612754,Pacers,IND,Indiana,Starters,95.000000:59,16,34,0.471,2,12,0.167,6,8,0.75,2,15,17,5,1,4,8,10,40
0022100230,1610612754,Pacers,IND,Indiana,Bench,129.000000:11,23,49,0.469,8,20,0.4,19,24,0.792,6,13,19,12,9,2,2,12,73
0022100230,1610612766,Hornets,CHA,Charlotte,Starters,151.000000:57,31,59,0.525,7,22,0.318,17,20,0.85,5,27,32,18,6,4,12,15,86
0022100230,1610612766,Hornets,CHA,Charlotte,Bench,83.000000:09,13,21,0.619,5,9,0.556,3,6,0.5,1,11,12,8,2,3,5,10,34
