GAME_ID,TEAM_ID,TEAM_NAME,TEAM_ABBREVIATION,TEAM_CITY,STARTERS_BENCH,MIN,FGM,FGA,FG_PCT,FG3M,FG3A,FG3_PCT,FTM,FTA,FT_PCT,OREB,DREB,REB,AST,STL,BLK,TO,PF,PTS
2022100311,1612709923,Bulls,WCB,Windy City,Starters,147.000000:31,36,64,0.563,8,20,0.4,7,10,0.7,11,27,38,27,6,0,11,10,91
2022100311,1612709923,Bulls,WCB,Windy City,Bench,92.000000:29,10,27,0.37,5,16,0.313,5,7,0.714,3,16,19,10,2,5,7,11,36
2022100311,1612709915,Celtics,MNE,Maine,Starters,118.000000:16,16,49,0.327,6,25,0.24,6,9,0.667,7,16,23,8,2,5,11,7,48
2022100311,1612709915,Celtics,MNE,Maine,Bench,121.000000:44,19,46,0.413,3,15,0.2,3,7,0.429,10,12,22,13,7,2,4,11,46
