GAME_ID,TEAM_ID,TEAM_NAME,TEAM_ABBREVIATION,TEAM_CITY,STARTERS_BENCH,MIN,FGM,FGA,FG_PCT,FG3M,FG3A,FG3_PCT,FTM,FTA,FT_PCT,OREB,DREB,REB,AST,STL,BLK,TO,PF,PTS
2022100202,1612709918,Legends,TEX,Texas,Starters,174.000000:15,31,67,0.463,10,32,0.313,3,8,0.375,9,25,34,12,3,7,12,12,77
2022100202,1612709918,Legends,TEX,Texas,Bench,11.000000:48,1,1,1.0,0,0,0.0,0,1,0.0,0,0,0,4,0,0,1,1,2
2022100202,1612709914,Kings,STO,Stockton,Starters,162.000000:22,36,72,0.5,6,21,0.286,7,10,0.7,14,22,36,16,6,3,6,7,89
2022100202,1612709914,Kings,STO,Stockton,Bench,77.000000:38,7,28,0.25,3,12,0.25,2,4,0.5,6,13,19,6,5,0,4,6,20
