GAME_ID,TEAM_ID,TEAM_NAME,TEAM_ABBREVIATION,TEAM_CITY,STARTERS_BENCH,MIN,FGM,FGA,FG_PCT,FG3M,FG3A,FG3_PCT,FTM,FTA,FT_PCT,OREB,DREB,REB,AST,STL,BLK,TO,PF,PTS
0022100456,1610612756,Suns,PHX,Phoenix,Starters,126.000000:07,28,50,0.56,13,22,0.591,6,7,0.857,4,29,33,22,2,4,5,9,75
0022100456,1610612756,Suns,PHX,Phoenix,Bench,113.000000:53,26,45,0.578,7,19,0.368,3,6,0.5,6,18,24,13,3,4,12,12,62
0022100456,1610612766,Hornets,CHA,Charlotte,Starters,121.000000:18,19,54,0.352,4,22,0.182,10,10,1.0,10,19,29,14,4,2,4,5,52
0022100456,1610612766,Hornets,CHA,Charlotte,Bench,118.000000:42,17,46,0.37,6,23,0.261,14,18,0.778,3,11,14,12,8,4,5,7,54
