GAME_ID,TEAM_ID,TEAM_NAME,TEAM_ABBREVIATION,TEAM_CITY,STARTERS_BENCH,MIN,FGM,FGA,FG_PCT,FG3M,FG3A,FG3_PCT,FTM,FTA,FT_PCT,OREB,DREB,REB,AST,STL,BLK,TO,PF,PTS
0022100964,1610612763,Grizzlies,MEM,Memphis,Starters,139.000000:08,32,64,0.5,4,15,0.267,15,19,0.789,9,13,22,15,7,5,9,18,83
0022100964,1610612763,Grizzlies,MEM,Memphis,Bench,57.000000:17,9,19,0.474,1,6,0.167,2,2,1.0,2,9,11,7,2,1,0,4,21
0022100964,1610612745,Rockets,HOU,Houston,Starters,166.000000:53,33,66,0.5,11,30,0.367,20,29,0.69,6,30,36,15,2,3,11,13,97
0022100964,1610612745,Rockets,HOU,Houston,Bench,73.000000:07,10,16,0.625,2,4,0.5,4,7,0.571,2,7,9,8,2,2,6,9,26
