GAME_ID,TEAM_ID,TEAM_NAME,TEAM_ABBREVIATION,TEAM_CITY,STARTERS_BENCH,MIN,FGM,FGA,FG_PCT,FG3M,FG3A,FG3_PCT,FTM,FTA,FT_PCT,OREB,DREB,REB,AST,STL,BLK,TO,PF,PTS
0022100776,1610612752,Knicks,NYK,New York,Starters,155.000000:13,32,65,0.492,10,24,0.417,11,17,0.647,12,23,35,15,2,9,11,9,85
0022100776,1610612752,Knicks,NYK,New York,Bench,84.000000:48,6,23,0.261,2,12,0.167,9,9,1.0,1,12,13,8,3,1,4,10,23
0022100776,1610612763,Grizzlies,MEM,Memphis,Starters,167.000000:34,31,74,0.419,11,29,0.379,12,16,0.75,12,26,38,19,7,4,6,9,85
0022100776,1610612763,Grizzlies,MEM,Memphis,Bench,40.000000:03,6,13,0.462,1,3,0.333,4,6,0.667,2,7,9,4,2,0,0,4,17
