GAME_ID,TEAM_ID,TEAM_NAME,TEAM_ABBREVIATION,TEAM_CITY,STARTERS_BENCH,MIN,FGM,FGA,FG_PCT,FG3M,FG3A,FG3_PCT,FTM,FTA,FT_PCT,OREB,DREB,REB,AST,STL,BLK,TO,PF,PTS
0022100255,1610612760,Thunder,OKC,Oklahoma City,Starters,142.000000:51,22,58,0.379,5,23,0.217,8,9,0.889,6,24,30,13,2,5,6,8,57
0022100255,1610612760,Thunder,OKC,Oklahoma City,Bench,97.000000:09,17,39,0.436,5,15,0.333,5,5,1.0,10,10,20,11,3,0,2,7,44
0022100255,1610612737,Hawks,ATL,Atlanta,Starters,153.000000:10,29,60,0.483,10,23,0.435,9,9,1.0,7,27,34,16,4,5,4,11,77
0022100255,1610612737,Hawks,ATL,Atlanta,Bench,86.000000:50,13,27,0.481,4,11,0.364,6,7,0.857,1,9,10,9,2,1,3,5,36
