GAME_ID,TEAM_ID,TEAM_NAME,TEAM_ABBREVIATION,TEAM_CITY,STARTERS_BENCH,MIN,FGM,FGA,FG_PCT,FG3M,FG3A,FG3_PCT,FTM,FTA,FT_PCT,OREB,DREB,REB,AST,STL,BLK,TO,PF,PTS
0042100304,1610612748,Heat,MIA,Miami,Starters,112.000000:53,7,36,0.194,1,10,0.1,3,5,0.6,6,15,21,7,1,2,6,13,18
0042100304,1610612748,Heat,MIA,Miami,Bench,127.000000:07,23,54,0.426,13,26,0.5,5,9,0.556,4,14,18,15,3,0,3,13,64
0042100304,1610612738,Celtics,BOS,Boston,Starters,155.000000:34,22,57,0.386,4,22,0.182,25,30,0.833,10,35,45,16,3,9,7,9,73
0042100304,1610612738,Celtics,BOS,Boston,Bench,75.000000:08,8,19,0.421,4,11,0.364,7,8,0.875,2,8,10,5,1,1,2,6,27
