GAME_ID,TEAM_ID,TEAM_NAME,TEAM_ABBREVIATION,TEAM_CITY,STARTERS_BENCH,MIN,FGM,FGA,FG_PCT,FG3M,FG3A,FG3_PCT,FTM,FTA,FT_PCT,OREB,DREB,REB,AST,STL,BLK,TO,PF,PTS
0022101013,1610612746,Clippers,LAC,LA,Starters,166.000000:54,26,63,0.413,6,23,0.261,12,14,0.857,7,28,35,19,4,2,6,11,70
0022101013,1610612746,Clippers,LAC,LA,Bench,73.000000:06,14,26,0.538,4,7,0.571,4,6,0.667,4,7,11,6,1,1,0,4,36
0022101013,1610612765,Pistons,DET,Detroit,Starters,181.000000:58,30,69,0.435,8,24,0.333,14,16,0.875,5,31,36,18,3,3,8,12,82
0022101013,1610612765,Pistons,DET,Detroit,Bench,58.000000:02,6,11,0.545,4,5,0.8,4,4,1.0,3,5,8,5,0,1,2,6,20
