GAME_ID,TEAM_ID,TEAM_NAME,TEAM_ABBREVIATION,TEAM_CITY,STARTERS_BENCH,MIN,FGM,FGA,FG_PCT,FG3M,FG3A,FG3_PCT,FTM,FTA,FT_PCT,OREB,DREB,REB,AST,STL,BLK,TO,PF,PTS
0022100209,1610612747,Lakers,LAL,Los Angeles,Starters,141.000000:21,28,60,0.467,5,22,0.227,24,27,0.889,3,20,23,15,5,0,9,8,85
0022100209,1610612747,Lakers,LAL,Los Angeles,Bench,80.000000:36,7,17,0.412,1,9,0.111,1,4,0.25,5,13,18,4,4,4,6,6,16
0022100209,1610612741,Bulls,CHI,Chicago,Starters,168.000000:30,38,64,0.594,15,29,0.517,6,6,1.0,4,26,30,25,5,1,13,12,97
0022100209,1610612741,Bulls,CHI,Chicago,Bench,71.000000:30,11,25,0.44,0,5,0.0,2,5,0.4,0,6,6,6,4,1,3,9,24
