GAME_ID,TEAM_ID,TEAM_NAME,TEAM_ABBREVIATION,TEAM_CITY,STARTERS_BENCH,MIN,FGM,FGA,FG_PCT,FG3M,FG3A,FG3_PCT,FTM,FTA,FT_PCT,OREB,DREB,REB,AST,STL,BLK,TO,PF,PTS
0012100042,1610612763,Grizzlies,MEM,Memphis,Starters,118.000000:12,24,43,0.558,6,15,0.4,8,11,0.727,7,18,25,12,5,3,8,11,62
0012100042,1610612763,Grizzlies,MEM,Memphis,Bench,79.000000:42,12,34,0.353,7,19,0.368,8,8,1.0,4,13,17,10,7,1,4,7,39
0012100042,1610612765,Pistons,DET,Detroit,Starters,97.000000:46,13,36,0.361,5,15,0.333,10,11,0.909,2,10,12,6,3,3,7,11,41
0012100042,1610612765,Pistons,DET,Detroit,Bench,142.000000:14,21,45,0.467,2,13,0.154,7,11,0.636,4,21,25,11,5,1,16,13,51
