GAME_ID,TEAM_ID,TEAM_NAME,TEAM_ABBREVIATION,TEAM_CITY,STARTERS_BENCH,MIN,FGM,FGA,FG_PCT,FG3M,FG3A,FG3_PCT,FTM,FTA,FT_PCT,OREB,DREB,REB,AST,STL,BLK,TO,PF,PTS
2022100503,1612709918,Legends,TEX,Texas,Starters,173.000000:26,30,66,0.455,10,27,0.37,9,10,0.9,4,33,37,13,4,5,7,9,84
2022100503,1612709918,Legends,TEX,Texas,Bench,59.000000:45,7,15,0.467,3,6,0.5,2,4,0.5,4,7,11,9,3,1,8,2,19
2022100503,1612709890,Spurs,AUS,Austin,Starters,147.000000:34,20,56,0.357,3,9,0.333,4,6,0.667,8,22,30,12,6,1,6,9,50
2022100503,1612709890,Spurs,AUS,Austin,Bench,92.000000:26,19,41,0.463,7,15,0.467,3,4,0.75,3,12,15,8,2,6,3,4,49
