GAME_ID,TEAM_ID,TEAM_NAME,TEAM_ABBREVIATION,TEAM_CITY,STARTERS_BENCH,MIN,FGM,FGA,FG_PCT,FG3M,FG3A,FG3_PCT,FTM,FTA,FT_PCT,OREB,DREB,REB,AST,STL,BLK,TO,PF,PTS
0022100777,1610612745,Rockets,HOU,Houston,Starters,161.000000:06,27,56,0.482,10,27,0.37,11,16,0.688,3,17,20,21,8,1,7,16,75
0022100777,1610612745,Rockets,HOU,Houston,Bench,78.000000:54,12,26,0.462,4,13,0.308,12,17,0.706,5,12,17,4,3,2,5,7,40
0022100777,1610612739,Cavaliers,CLE,Cleveland,Starters,159.000000:30,29,52,0.558,5,11,0.455,8,18,0.444,8,20,28,14,4,2,10,15,71
0022100777,1610612739,Cavaliers,CLE,Cleveland,Bench,65.000000:06,12,26,0.462,2,9,0.222,5,7,0.714,4,12,16,4,1,2,4,10,31
