GAME_ID,TEAM_ID,TEAM_NAME,TEAM_ABBREVIATION,TEAM_CITY,STARTERS_BENCH,MIN,FGM,FGA,FG_PCT,FG3M,FG3A,FG3_PCT,FTM,FTA,FT_PCT,OREB,DREB,REB,AST,STL,BLK,TO,PF,PTS
2022100450,1612709923,Bulls,WCB,Windy City,Starters,145.000000:06,24,58,0.414,6,22,0.273,11,12,0.917,11,17,28,18,4,5,8,10,69
2022100450,1612709923,Bulls,WCB,Windy City,Bench,79.000000:05,18,34,0.529,2,12,0.167,1,3,0.333,5,13,18,6,1,1,5,7,40
2022100450,1612709929,Skyhawks,CPS,College Park,Starters,151.000000:38,29,59,0.492,4,15,0.267,8,9,0.889,8,24,32,13,6,2,7,13,74
2022100450,1612709929,Skyhawks,CPS,College Park,Bench,88.000000:22,18,36,0.5,5,10,0.5,6,6,1.0,4,7,11,15,4,0,3,5,49
