GAME_ID,TEAM_ID,TEAM_NAME,TEAM_ABBREVIATION,TEAM_CITY,STARTERS_BENCH,MIN,FGM,FGA,FG_PCT,FG3M,FG3A,FG3_PCT,FTM,FTA,FT_PCT,OREB,DREB,REB,AST,STL,BLK,TO,PF,PTS
0022100242,1610612766,Hornets,CHA,Charlotte,Starters,157.000000:17,31,73,0.425,7,26,0.269,9,15,0.6,14,19,33,23,5,2,7,13,78
0022100242,1610612766,Hornets,CHA,Charlotte,Bench,65.000000:05,11,26,0.423,2,11,0.182,0,0,0.0,5,10,15,2,1,0,0,5,24
0022100242,1610612737,Hawks,ATL,Atlanta,Starters,148.000000:41,31,55,0.564,7,21,0.333,9,11,0.818,7,23,30,19,1,5,7,13,78
0022100242,1610612737,Hawks,ATL,Atlanta,Bench,91.000000:19,12,27,0.444,5,13,0.385,8,10,0.8,1,15,16,5,5,1,5,9,37
