GAME_ID,TEAM_ID,TEAM_NAME,TEAM_ABBREVIATION,TEAM_CITY,STARTERS_BENCH,MIN,FGM,FGA,FG_PCT,FG3M,FG3A,FG3_PCT,FTM,FTA,FT_PCT,OREB,DREB,REB,AST,STL,BLK,TO,PF,PTS
0022100577,1610612758,Kings,SAC,Sacramento,Starters,150.000000:40,28,62,0.452,8,16,0.5,11,14,0.786,9,21,30,11,4,0,6,12,75
0022100577,1610612758,Kings,SAC,Sacramento,Bench,89.000000:20,10,28,0.357,3,11,0.273,4,6,0.667,1,16,17,4,2,1,5,8,27
0022100577,1610612737,Hawks,ATL,Atlanta,Starters,166.000000:15,25,55,0.455,6,21,0.286,18,23,0.783,7,20,27,11,6,3,6,10,74
0022100577,1610612737,Hawks,ATL,Atlanta,Bench,73.000000:45,14,31,0.452,2,9,0.222,4,7,0.571,3,18,21,9,2,2,4,4,34
