GAME_ID,TEAM_ID,TEAM_NAME,TEAM_ABBREVIATION,TEAM_CITY,STARTERS_BENCH,MIN,FGM,FGA,FG_PCT,FG3M,FG3A,FG3_PCT,FTM,FTA,FT_PCT,OREB,DREB,REB,AST,STL,BLK,TO,PF,PTS
2022100185,1612709927,Herd,WIS,Wisconsin,Starters,143.000000:60,23,47,0.489,9,22,0.409,7,11,0.636,9,30,39,18,5,0,8,16,69
2022100185,1612709927,Herd,WIS,Wisconsin,Bench,43.000000:09,8,28,0.286,0,12,0.0,2,2,1.0,2,4,6,4,0,1,6,1,19
2022100185,1612709922,Swarm,GBO,Greensboro,Starters,157.000000:50,28,61,0.459,9,25,0.36,11,13,0.846,9,24,33,22,4,4,5,13,82
2022100185,1612709922,Swarm,GBO,Greensboro,Bench,74.000000:50,11,31,0.355,5,17,0.294,3,5,0.6,0,12,12,7,3,1,2,2,31
