GAME_ID,TEAM_ID,TEAM_NAME,TEAM_ABBREVIATION,TEAM_CITY,STARTERS_BENCH,MIN,FGM,FGA,FG_PCT,FG3M,FG3A,FG3_PCT,FTM,FTA,FT_PCT,OREB,DREB,REB,AST,STL,BLK,TO,PF,PTS
0022100129,1610612750,Timberwolves,MIN,Minnesota,Starters,127.000000:54,20,50,0.4,9,25,0.36,3,4,0.75,4,18,22,9,3,4,12,24,52
0022100129,1610612750,Timberwolves,MIN,Minnesota,Bench,112.000000:06,11,39,0.282,8,27,0.296,2,3,0.667,3,17,20,8,5,3,9,9,32
0022100129,1610612746,Clippers,LAC,LA,Starters,163.000000:58,24,63,0.381,4,23,0.174,24,28,0.857,8,34,42,15,9,1,13,12,76
0022100129,1610612746,Clippers,LAC,LA,Bench,76.000000:02,12,25,0.48,2,5,0.4,2,4,0.5,7,13,20,3,3,3,4,4,28
