GAME_ID,TEAM_ID,TEAM_NAME,TEAM_ABBREVIATION,TEAM_CITY,STARTERS_BENCH,MIN,FGM,FGA,FG_PCT,FG3M,FG3A,FG3_PCT,FTM,FTA,FT_PCT,OREB,DREB,REB,AST,STL,BLK,TO,PF,PTS
2052100084,1612709926,Hustle,MHU,Memphis,Starters,173.000000:26,26,61,0.426,9,29,0.31,7,8,0.875,4,28,32,13,4,1,9,15,73
2052100084,1612709926,Hustle,MHU,Memphis,Bench,66.000000:34,10,25,0.4,4,12,0.333,4,5,0.8,3,11,14,9,3,3,4,1,30
2052100084,1612709890,Spurs,AUS,Austin,Starters,167.000000:13,27,65,0.415,6,26,0.231,7,8,0.875,6,25,31,19,6,2,12,18,73
2052100084,1612709890,Spurs,AUS,Austin,Bench,72.000000:48,8,20,0.4,3,9,0.333,1,2,0.5,2,12,14,7,1,2,4,5,21
