GAME_ID,TEAM_ID,TEAM_NAME,TEAM_ABBREVIATION,TEAM_CITY,STARTERS_BENCH,MIN,FGM,FGA,FG_PCT,FG3M,FG3A,FG3_PCT,FTM,FTA,FT_PCT,OREB,DREB,REB,AST,STL,BLK,TO,PF,PTS
0022100551,1610612750,Timberwolves,MIN,Minnesota,Starters,167.000000:46,29,68,0.426,6,26,0.231,8,12,0.667,15,25,40,14,6,2,18,14,72
0022100551,1610612750,Timberwolves,MIN,Minnesota,Bench,66.000000:31,12,22,0.545,3,10,0.3,4,4,1.0,5,11,16,2,3,0,5,8,31
0022100551,1610612747,Lakers,LAL,Los Angeles,Starters,154.000000:18,27,55,0.491,9,30,0.3,20,26,0.769,1,15,16,14,11,4,12,12,83
0022100551,1610612747,Lakers,LAL,Los Angeles,Bench,50.000000:44,6,11,0.545,3,7,0.429,1,1,1.0,1,4,5,4,1,1,0,2,16
