GAME_ID,TEAM_ID,TEAM_NAME,TEAM_ABBREVIATION,TEAM_CITY,STARTERS_BENCH,MIN,FGM,FGA,FG_PCT,FG3M,FG3A,FG3_PCT,FTM,FTA,FT_PCT,OREB,DREB,REB,AST,STL,BLK,TO,PF,PTS
0022100335,1610612755,76ers,PHI,Philadelphia,Starters,165.000000:13,30,64,0.469,8,18,0.444,12,14,0.857,3,22,25,17,5,5,7,18,80
0022100335,1610612755,76ers,PHI,Philadelphia,Bench,74.000000:48,8,17,0.471,1,4,0.25,1,3,0.333,3,12,15,5,3,0,4,6,18
0022100335,1610612737,Hawks,ATL,Atlanta,Starters,148.000000:27,20,51,0.392,6,18,0.333,15,21,0.714,7,21,28,12,1,3,9,17,61
0022100335,1610612737,Hawks,ATL,Atlanta,Bench,86.000000:41,10,24,0.417,4,10,0.4,9,9,1.0,3,15,18,7,4,0,5,2,33
