GAME_ID,TEAM_ID,TEAM_NAME,TEAM_ABBREVIATION,TEAM_CITY,STARTERS_BENCH,MIN,FGM,FGA,FG_PCT,FG3M,FG3A,FG3_PCT,FTM,FTA,FT_PCT,OREB,DREB,REB,AST,STL,BLK,TO,PF,PTS
0022100854,1610612747,Lakers,LAL,Los Angeles,Starters,150.000000:54,26,63,0.413,6,16,0.375,15,23,0.652,8,23,31,19,3,3,5,15,73
0022100854,1610612747,Lakers,LAL,Los Angeles,Bench,89.000000:06,15,25,0.6,5,11,0.455,7,10,0.7,4,13,17,6,2,3,3,9,42
0022100854,1610612744,Warriors,GSW,Golden State,Starters,153.000000:16,35,71,0.493,9,25,0.36,18,24,0.75,4,31,35,12,2,2,5,17,97
0022100854,1610612744,Warriors,GSW,Golden State,Bench,75.000000:42,5,18,0.278,3,12,0.25,7,10,0.7,6,7,13,11,2,1,3,5,20
