GAME_ID,TEAM_ID,TEAM_NAME,TEAM_ABBREVIATION,TEAM_CITY,STARTERS_BENCH,MIN,FGM,FGA,FG_PCT,FG3M,FG3A,FG3_PCT,FTM,FTA,FT_PCT,OREB,DREB,REB,AST,STL,BLK,TO,PF,PTS
2052100030,1612709927,Herd,WIS,Wisconsin,Starters,156.000000:58,23,57,0.404,9,20,0.45,13,17,0.765,8,20,28,11,11,2,13,15,79
2052100030,1612709927,Herd,WIS,Wisconsin,Bench,45.000000:42,10,16,0.625,2,5,0.4,0,0,0.0,0,4,4,4,2,1,3,5,22
2052100030,1612709932,Cruise,MCC,Motor City,Starters,170.000000:48,28,67,0.418,12,31,0.387,15,18,0.833,14,19,33,14,8,4,17,18,91
2052100030,1612709932,Cruise,MCC,Motor City,Bench,69.000000:12,12,25,0.48,1,7,0.143,0,0,0.0,3,12,15,8,5,0,6,9,25
