GAME_ID,TEAM_ID,TEAM_NAME,TEAM_ABBREVIATION,TEAM_CITY,STARTERS_BENCH,MIN,FGM,FGA,FG_PCT,FG3M,FG3A,FG3_PCT,FTM,FTA,FT_PCT,OREB,DREB,REB,AST,STL,BLK,TO,PF,PTS
0022100024,1610612759,Spurs,SAS,San Antonio,Starters,166.000000:08,33,64,0.516,4,17,0.235,8,10,0.8,5,21,26,18,8,2,12,12,78
0022100024,1610612759,Spurs,SAS,San Antonio,Bench,40.000000:54,3,12,0.25,1,5,0.2,1,2,0.5,1,4,5,2,2,0,4,1,8
0022100024,1610612743,Nuggets,DEN,Denver,Starters,151.000000:21,31,60,0.517,6,17,0.353,4,5,0.8,8,23,31,15,5,1,14,16,72
0022100024,1610612743,Nuggets,DEN,Denver,Bench,88.000000:39,13,26,0.5,3,13,0.231,1,3,0.333,0,10,10,11,5,1,7,5,30
