GAME_ID,TEAM_ID,TEAM_NAME,TEAM_ABBREVIATION,TEAM_CITY,STARTERS_BENCH,MIN,FGM,FGA,FG_PCT,FG3M,FG3A,FG3_PCT,FTM,FTA,FT_PCT,OREB,DREB,REB,AST,STL,BLK,TO,PF,PTS
0022100105,1610612762,Jazz,UTA,Utah,Starters,156.000000:45,36,69,0.522,13,30,0.433,15,20,0.75,8,31,39,11,3,4,13,14,100
0022100105,1610612762,Jazz,UTA,Utah,Bench,67.000000:56,4,22,0.182,1,18,0.056,1,4,0.25,3,5,8,5,3,1,2,6,10
0022100105,1610612758,Kings,SAC,Sacramento,Starters,164.000000:45,27,63,0.429,5,16,0.313,13,18,0.722,4,20,24,16,6,6,9,11,72
0022100105,1610612758,Kings,SAC,Sacramento,Bench,59.000000:57,13,25,0.52,7,14,0.5,4,6,0.667,1,8,9,5,1,1,2,8,37
