GAME_ID,TEAM_ID,TEAM_NAME,TEAM_ABBREVIATION,TEAM_CITY,STARTERS_BENCH,MIN,FGM,FGA,FG_PCT,FG3M,FG3A,FG3_PCT,FTM,FTA,FT_PCT,OREB,DREB,REB,AST,STL,BLK,TO,PF,PTS
2022100330,1612709914,Kings,STO,Stockton,Starters,146.000000:34,20,52,0.385,7,21,0.333,7,7,1.0,4,21,25,9,5,3,9,15,58
2022100330,1612709914,Kings,STO,Stockton,Bench,70.000000:46,9,25,0.36,4,12,0.333,3,4,0.75,2,8,10,8,3,0,3,3,27
2022100330,1612709902,Warriors,SCW,Santa Cruz,Starters,141.000000:27,24,52,0.462,5,20,0.25,9,10,0.9,6,24,30,16,6,2,13,13,69
2022100330,1612709902,Warriors,SCW,Santa Cruz,Bench,86.000000:54,15,28,0.536,4,14,0.286,2,2,1.0,5,13,18,7,2,1,5,5,38
