GAME_ID,TEAM_ID,TEAM_NAME,TEAM_ABBREVIATION,TEAM_CITY,STARTERS_BENCH,MIN,FGM,FGA,FG_PCT,FG3M,FG3A,FG3_PCT,FTM,FTA,FT_PCT,OREB,DREB,REB,AST,STL,BLK,TO,PF,PTS
0022100380,1610612763,Grizzlies,MEM,Memphis,Starters,154.000000:54,28,64,0.438,11,31,0.355,9,14,0.643,10,19,29,17,9,1,10,6,76
0022100380,1610612763,Grizzlies,MEM,Memphis,Bench,69.000000:47,10,23,0.435,2,9,0.222,3,4,0.75,4,10,14,7,9,2,1,7,25
0022100380,1610612747,Lakers,LAL,Los Angeles,Starters,164.000000:45,28,57,0.491,6,16,0.375,9,13,0.692,2,27,29,24,7,5,14,9,71
0022100380,1610612747,Lakers,LAL,Los Angeles,Bench,75.000000:15,8,21,0.381,6,14,0.429,2,4,0.5,5,11,16,2,1,1,8,6,24
