GAME_ID,TEAM_ID,TEAM_NAME,TEAM_ABBREVIATION,TEAM_CITY,STARTERS_BENCH,MIN,FGM,FGA,FG_PCT,FG3M,FG3A,FG3_PCT,FTM,FTA,FT_PCT,OREB,DREB,REB,AST,STL,BLK,TO,PF,PTS
0022100960,1610612738,Celtics,BOS,Boston,Starters,179.000000:17,37,71,0.521,16,32,0.5,22,26,0.846,6,21,27,23,7,6,8,15,112
0022100960,1610612738,Celtics,BOS,Boston,Bench,42.000000:56,2,6,0.333,1,1,1.0,7,12,0.583,3,4,7,2,2,1,1,1,12
0022100960,1610612751,Nets,BKN,Brooklyn,Starters,151.000000:01,32,60,0.533,9,21,0.429,13,14,0.929,6,19,25,21,6,3,10,13,86
0022100960,1610612751,Nets,BKN,Brooklyn,Bench,88.000000:59,13,29,0.448,3,6,0.5,5,6,0.833,6,14,20,3,0,1,5,13,34
