GAME_ID,TEAM_ID,TEAM_NAME,TEAM_ABBREVIATION,TEAM_CITY,STARTERS_BENCH,MIN,FGM,FGA,FG_PCT,FG3M,FG3A,FG3_PCT,FTM,FTA,FT_PCT,OREB,DREB,REB,AST,STL,BLK,TO,PF,PTS
0022101217,1610612764,Wizards,WAS,Washington,Starters,137.000000:19,28,55,0.509,7,18,0.389,8,13,0.615,8,17,25,17,4,2,3,10,71
0022101217,1610612764,Wizards,WAS,Washington,Bench,85.000000:23,14,36,0.389,1,3,0.333,8,13,0.615,9,8,17,7,6,1,5,5,37
0022101217,1610612766,Hornets,CHA,Charlotte,Starters,133.000000:38,29,56,0.518,12,20,0.6,5,7,0.714,4,25,29,23,1,4,12,11,75
0022101217,1610612766,Hornets,CHA,Charlotte,Bench,106.000000:22,19,33,0.576,6,13,0.462,5,7,0.714,7,12,19,11,5,5,5,9,49
