GAME_ID,TEAM_ID,TEAM_NAME,TEAM_ABBREVIATION,TEAM_CITY,STARTERS_BENCH,MIN,FGM,FGA,FG_PCT,FG3M,FG3A,FG3_PCT,FTM,FTA,FT_PCT,OREB,DREB,REB,AST,STL,BLK,TO,PF,PTS
0022100502,1610612741,Bulls,CHI,Chicago,Starters,163.000000:37,40,74,0.541,14,26,0.538,10,14,0.714,7,29,36,25,3,5,6,14,104
0022100502,1610612741,Bulls,CHI,Chicago,Bench,76.000000:23,11,20,0.55,4,11,0.364,0,0,0.0,2,6,8,4,2,1,1,5,26
0022100502,1610612737,Hawks,ATL,Atlanta,Starters,178.000000:08,31,76,0.408,13,31,0.419,19,22,0.864,7,27,34,15,2,4,7,11,94
0022100502,1610612737,Hawks,ATL,Atlanta,Bench,61.000000:52,9,13,0.692,2,3,0.667,4,4,1.0,4,7,11,7,1,1,3,3,24
