GAME_ID,TEAM_ID,TEAM_NAME,TEAM_ABBREVIATION,TEAM_CITY,STARTERS_BENCH,MIN,FGM,FGA,FG_PCT,FG3M,FG3A,FG3_PCT,FTM,FTA,FT_PCT,OREB,DREB,REB,AST,STL,BLK,TO,PF,PTS
2052100038,1612709915,Celtics,MNE,Maine,Starters,150.000000:20,19,46,0.413,6,26,0.231,2,3,0.667,3,19,22,16,3,2,9,10,48
2052100038,1612709915,Celtics,MNE,Maine,Bench,73.000000:15,20,34,0.588,8,16,0.5,2,2,1.0,3,8,11,9,1,0,10,12,51
2052100038,1612709909,Blue Coats,DEL,Delaware,Starters,157.000000:34,31,65,0.477,10,21,0.476,4,11,0.364,9,24,33,16,12,5,5,12,80
2052100038,1612709909,Blue Coats,DEL,Delaware,Bench,59.000000:52,8,18,0.444,3,8,0.375,3,5,0.6,3,5,8,5,4,0,6,4,23
