GAME_ID,TEAM_ID,TEAM_NAME,TEAM_ABBREVIATION,TEAM_CITY,STARTERS_BENCH,MIN,FGM,FGA,FG_PCT,FG3M,FG3A,FG3_PCT,FTM,FTA,FT_PCT,OREB,DREB,REB,AST,STL,BLK,TO,PF,PTS
2022100078,1612709921,Nets,LIN,Long Island,Starters,168.000000:20,25,62,0.403,12,29,0.414,4,7,0.571,8,23,31,20,7,2,12,11,70
2022100078,1612709921,Nets,LIN,Long Island,Bench,45.000000:01,8,16,0.5,3,8,0.375,2,3,0.667,2,5,7,3,5,1,1,9,23
2022100078,1612709922,Swarm,GBO,Greensboro,Starters,165.000000:09,28,58,0.483,9,20,0.45,12,13,0.923,8,31,39,16,3,4,13,13,80
2022100078,1612709922,Swarm,GBO,Greensboro,Bench,40.000000:49,7,16,0.438,2,7,0.286,2,2,1.0,3,3,6,6,2,1,2,2,20
