GAME_ID,TEAM_ID,TEAM_NAME,TEAM_ABBREVIATION,TEAM_CITY,STARTERS_BENCH,MIN,FGM,FGA,FG_PCT,FG3M,FG3A,FG3_PCT,FTM,FTA,FT_PCT,OREB,DREB,REB,AST,STL,BLK,TO,PF,PTS
2022100212,1612709915,Celtics,MNE,Maine,Starters,138.000000:34,21,43,0.488,11,25,0.44,2,3,0.667,1,24,25,12,5,2,13,12,57
2022100212,1612709915,Celtics,MNE,Maine,Bench,101.000000:26,19,42,0.452,5,17,0.294,4,7,0.571,2,8,10,15,6,2,1,9,51
2022100212,1612709917,Gold,GRG,Grand Rapids,Starters,143.000000:59,26,53,0.491,6,22,0.273,7,12,0.583,2,24,26,11,4,3,10,8,65
2022100212,1612709917,Gold,GRG,Grand Rapids,Bench,71.000000:60,11,22,0.5,7,14,0.5,7,8,0.875,1,12,13,15,2,1,5,4,36
