GAME_ID,TEAM_ID,TEAM_NAME,TEAM_ABBREVIATION,TEAM_CITY,STARTERS_BENCH,MIN,FGM,FGA,FG_PCT,FG3M,FG3A,FG3_PCT,FTM,FTA,FT_PCT,OREB,DREB,REB,AST,STL,BLK,TO,PF,PTS
2022100125,1612709911,Wolves,IWA,Iowa,Starters,135.000000:04,17,55,0.309,7,22,0.318,4,9,0.444,12,22,34,16,4,1,7,8,47
2022100125,1612709911,Wolves,IWA,Iowa,Bench,70.000000:58,13,30,0.433,3,10,0.3,4,6,0.667,1,13,14,5,1,3,4,3,34
2022100125,1612709924,Clippers,ACC,Agua Caliente,Starters,136.000000:04,29,64,0.453,12,24,0.5,5,8,0.625,4,31,35,12,3,6,4,12,79
2022100125,1612709924,Clippers,ACC,Agua Caliente,Bench,81.000000:22,8,30,0.267,2,13,0.154,2,2,1.0,2,9,11,10,1,2,2,4,20
