GAME_ID,TEAM_ID,TEAM_NAME,TEAM_ABBREVIATION,TEAM_CITY,STARTERS_BENCH,MIN,FGM,FGA,FG_PCT,FG3M,FG3A,FG3_PCT,FTM,FTA,FT_PCT,OREB,DREB,REB,AST,STL,BLK,TO,PF,PTS
0022100083,1610612762,Jazz,UTA,Utah,Starters,166.000000:24,27,64,0.422,8,28,0.286,15,16,0.938,13,31,44,13,5,4,12,12,77
0022100083,1610612762,Jazz,UTA,Utah,Bench,57.000000:49,6,24,0.25,3,10,0.3,3,3,1.0,1,5,6,2,0,1,8,6,18
0022100083,1610612741,Bulls,CHI,Chicago,Starters,159.000000:06,32,73,0.438,4,17,0.235,22,26,0.846,6,24,30,12,6,0,5,14,90
0022100083,1610612741,Bulls,CHI,Chicago,Bench,78.000000:11,7,17,0.412,1,3,0.333,2,4,0.5,3,11,14,4,2,5,4,5,17
