GAME_ID,TEAM_ID,TEAM_NAME,TEAM_ABBREVIATION,TEAM_CITY,STARTERS_BENCH,MIN,FGM,FGA,FG_PCT,FG3M,FG3A,FG3_PCT,FTM,FTA,FT_PCT,OREB,DREB,REB,AST,STL,BLK,TO,PF,PTS
0022100951,1610612760,Thunder,OKC,Oklahoma City,Starters,143.000000:47,31,62,0.5,7,19,0.368,14,16,0.875,7,23,30,13,9,3,18,10,83
0022100951,1610612760,Thunder,OKC,Oklahoma City,Bench,96.000000:13,6,24,0.25,2,16,0.125,4,5,0.8,1,8,9,6,3,1,5,6,18
0022100951,1610612750,Timberwolves,MIN,Minnesota,Starters,121.000000:27,22,48,0.458,8,24,0.333,12,16,0.75,6,14,20,23,11,4,10,12,64
0022100951,1610612750,Timberwolves,MIN,Minnesota,Bench,118.000000:33,27,43,0.628,14,23,0.609,6,7,0.857,1,20,21,12,6,3,7,5,74
