GAME_ID,TEAM_ID,TEAM_NAME,TEAM_ABBREVIATION,TEAM_CITY,STARTERS_BENCH,MIN,FGM,FGA,FG_PCT,FG3M,FG3A,FG3_PCT,FTM,FTA,FT_PCT,OREB,DREB,REB,AST,STL,BLK,TO,PF,PTS
0022100087,1610612750,Timberwolves,MIN,Minnesota,Starters,139.000000:44,20,56,0.357,4,21,0.19,6,7,0.857,10,20,30,11,3,2,13,16,50
0022100087,1610612750,Timberwolves,MIN,Minnesota,Bench,100.000000:16,15,33,0.455,9,20,0.45,2,2,1.0,5,11,16,10,5,4,7,7,41
0022100087,1610612743,Nuggets,DEN,Denver,Starters,163.000000:29,27,71,0.38,5,27,0.185,12,16,0.75,13,28,41,18,8,6,13,7,71
0022100087,1610612743,Nuggets,DEN,Denver,Bench,76.000000:31,9,17,0.529,4,10,0.4,0,0,0.0,1,6,7,6,3,4,5,8,22
