GAME_ID,TEAM_ID,TEAM_NAME,TEAM_ABBREVIATION,TEAM_CITY,STARTERS_BENCH,MIN,FGM,FGA,FG_PCT,FG3M,FG3A,FG3_PCT,FTM,FTA,FT_PCT,OREB,DREB,REB,AST,STL,BLK,TO,PF,PTS
2022100180,1612709903,Stars,SLC,Salt Lake City,Starters,179.000000:49,37,79,0.468,12,30,0.4,4,5,0.8,6,23,29,16,5,2,10,11,94
2022100180,1612709903,Stars,SLC,Salt Lake City,Bench,45.000000:17,6,11,0.545,1,3,0.333,1,1,1.0,0,6,6,5,0,0,0,3,14
2022100180,1612709889,Blue,OKL,Oklahoma City,Starters,128.000000:36,21,40,0.525,6,21,0.286,2,3,0.667,4,13,17,19,3,5,11,4,50
2022100180,1612709889,Blue,OKL,Oklahoma City,Bench,84.000000:55,18,37,0.486,6,16,0.375,4,5,0.8,3,11,14,5,1,1,3,2,49
