GAME_ID,TEAM_ID,TEAM_NAME,TEAM_ABBREVIATION,TEAM_CITY,STARTERS_BENCH,MIN,FGM,FGA,FG_PCT,FG3M,FG3A,FG3_PCT,FTM,FTA,FT_PCT,OREB,DREB,REB,AST,STL,BLK,TO,PF,PTS
0022100859,1610612758,Kings,SAC,Sacramento,Starters,138.000000:56,19,52,0.365,3,17,0.176,8,12,0.667,7,15,22,9,1,2,8,10,49
0022100859,1610612758,Kings,SAC,Sacramento,Bench,101.000000:04,12,38,0.316,6,18,0.333,6,6,1.0,4,17,21,3,7,2,10,7,36
0022100859,1610612751,Nets,BKN,Brooklyn,Starters,151.000000:11,26,53,0.491,7,19,0.368,5,6,0.833,3,26,29,18,7,4,10,12,64
0022100859,1610612751,Nets,BKN,Brooklyn,Bench,71.000000:48,16,25,0.64,1,3,0.333,9,9,1.0,3,15,18,5,0,1,6,10,42
