GAME_ID,TEAM_ID,TEAM_NAME,TEAM_ABBREVIATION,TEAM_CITY,STARTERS_BENCH,MIN,FGM,FGA,FG_PCT,FG3M,FG3A,FG3_PCT,FTM,FTA,FT_PCT,OREB,DREB,REB,AST,STL,BLK,TO,PF,PTS
2052100021,1612709923,Bulls,WCB,Windy City,Starters,164.000000:32,30,59,0.508,3,12,0.25,13,16,0.813,9,23,32,14,5,7,12,11,84
2052100021,1612709923,Bulls,WCB,Windy City,Bench,32.000000:50,4,7,0.571,2,5,0.4,2,2,1.0,1,6,7,2,2,0,1,4,12
2052100021,1612709910,Mad Ants,FWN,Fort Wayne,Starters,157.000000:00,28,69,0.406,13,37,0.351,8,10,0.8,8,20,28,18,7,4,16,22,82
2052100021,1612709910,Mad Ants,FWN,Fort Wayne,Bench,66.000000:41,7,16,0.438,3,7,0.429,1,1,1.0,1,6,7,3,3,2,0,8,19
