GAME_ID,TEAM_ID,TEAM_NAME,TEAM_ABBREVIATION,TEAM_CITY,STARTERS_BENCH,MIN,FGM,FGA,FG_PCT,FG3M,FG3A,FG3_PCT,FTM,FTA,FT_PCT,OREB,DREB,REB,AST,STL,BLK,TO,PF,PTS
0022100513,1610612740,Pelicans,NOP,New Orleans,Starters,164.000000:41,29,59,0.492,13,28,0.464,17,23,0.739,4,25,29,14,1,6,9,12,88
0022100513,1610612740,Pelicans,NOP,New Orleans,Bench,69.000000:23,7,18,0.389,3,8,0.375,3,3,1.0,2,10,12,10,2,2,3,3,20
0022100513,1610612739,Cavaliers,CLE,Cleveland,Starters,161.000000:20,28,65,0.431,5,20,0.25,11,13,0.846,8,25,33,17,5,3,6,15,72
0022100513,1610612739,Cavaliers,CLE,Cleveland,Bench,55.000000:57,9,18,0.5,9,16,0.563,3,4,0.75,2,5,7,6,1,0,1,3,30
