GAME_ID,TEAM_ID,TEAM_NAME,TEAM_ABBREVIATION,TEAM_CITY,STARTERS_BENCH,MIN,FGM,FGA,FG_PCT,FG3M,FG3A,FG3_PCT,FTM,FTA,FT_PCT,OREB,DREB,REB,AST,STL,BLK,TO,PF,PTS
0012100043,1610612762,Jazz,UTA,Utah,Starters,125.000000:11,27,51,0.529,9,23,0.391,12,14,0.857,6,22,28,15,11,6,12,8,75
0012100043,1610612762,Jazz,UTA,Utah,Bench,114.000000:49,21,43,0.488,7,19,0.368,3,3,1.0,3,17,20,15,2,1,5,10,52
0012100043,1610612740,Pelicans,NOP,New Orleans,Starters,106.000000:24,18,41,0.439,6,13,0.462,4,6,0.667,3,11,14,7,2,1,11,9,46
0012100043,1610612740,Pelicans,NOP,New Orleans,Bench,133.000000:36,20,46,0.435,4,16,0.25,6,9,0.667,4,17,21,14,6,1,10,6,50
