GAME_ID,TEAM_ID,TEAM_NAME,TEAM_ABBREVIATION,TEAM_CITY,STARTERS_BENCH,MIN,FGM,FGA,FG_PCT,FG3M,FG3A,FG3_PCT,FTM,FTA,FT_PCT,OREB,DREB,REB,AST,STL,BLK,TO,PF,PTS
0022100121,1610612748,Heat,MIA,Miami,Starters,163.000000:42,20,58,0.345,8,33,0.242,10,15,0.667,9,20,29,14,7,0,15,11,58
0022100121,1610612748,Heat,MIA,Miami,Bench,76.000000:18,8,23,0.348,1,8,0.125,3,4,0.75,4,12,16,4,1,0,3,8,20
0022100121,1610612738,Celtics,BOS,Boston,Starters,142.000000:07,15,45,0.333,8,22,0.364,12,15,0.8,7,27,34,8,5,3,8,11,50
0022100121,1610612738,Celtics,BOS,Boston,Bench,97.000000:53,16,33,0.485,8,19,0.421,5,5,1.0,4,8,12,8,2,1,8,5,45
