GAME_ID,TEAM_ID,TEAM_NAME,TEAM_ABBREVIATION,TEAM_CITY,STARTERS_BENCH,MIN,FGM,FGA,FG_PCT,FG3M,FG3A,FG3_PCT,FTM,FTA,FT_PCT,OREB,DREB,REB,AST,STL,BLK,TO,PF,PTS
2022100413,1612709927,Herd,WIS,Wisconsin,Starters,156.000000:40,35,68,0.515,8,22,0.364,7,9,0.778,7,18,25,24,4,1,7,11,89
2022100413,1612709927,Herd,WIS,Wisconsin,Bench,63.000000:53,10,24,0.417,5,11,0.455,4,4,1.0,3,6,9,5,4,2,0,3,33
2022100413,1612709929,Skyhawks,CPS,College Park,Starters,166.000000:58,42,82,0.512,10,24,0.417,8,9,0.889,14,21,35,21,4,2,9,13,108
2022100413,1612709929,Skyhawks,CPS,College Park,Bench,73.000000:02,13,25,0.52,3,11,0.273,3,4,0.75,6,13,19,8,0,1,2,6,34
