GAME_ID,TEAM_ID,TEAM_NAME,TEAM_ABBREVIATION,TEAM_CITY,STARTERS_BENCH,MIN,FGM,FGA,FG_PCT,FG3M,FG3A,FG3_PCT,FTM,FTA,FT_PCT,OREB,DREB,REB,AST,STL,BLK,TO,PF,PTS
2022100338,1612709923,Bulls,WCB,Windy City,Starters,131.000000:44,34,59,0.576,3,10,0.3,10,11,0.909,0,22,22,16,9,4,6,9,84
2022100338,1612709923,Bulls,WCB,Windy City,Bench,108.000000:16,11,35,0.314,3,13,0.231,3,3,1.0,6,19,25,10,6,7,3,11,31
2022100338,1612709932,Cruise,MCC,Motor City,Starters,169.000000:57,27,65,0.415,7,26,0.269,10,12,0.833,8,27,35,19,6,3,12,14,77
2022100338,1612709932,Cruise,MCC,Motor City,Bench,70.000000:03,12,28,0.429,1,7,0.143,1,2,0.5,2,13,15,8,0,2,3,5,26
