GAME_ID,TEAM_ID,TEAM_NAME,TEAM_ABBREVIATION,TEAM_CITY,STARTERS_BENCH,MIN,FGM,FGA,FG_PCT,FG3M,FG3A,FG3_PCT,FTM,FTA,FT_PCT,OREB,DREB,REB,AST,STL,BLK,TO,PF,PTS
2022100133,1612709923,Bulls,WCB,Windy City,Starters,145.000000:32,23,50,0.46,3,16,0.188,3,8,0.375,7,22,29,17,4,0,12,14,55
2022100133,1612709923,Bulls,WCB,Windy City,Bench,82.000000:34,12,30,0.4,7,17,0.412,5,7,0.714,1,11,12,8,6,2,6,5,39
2022100133,1612709915,Celtics,MNE,Maine,Starters,145.000000:20,27,48,0.563,8,22,0.364,10,14,0.714,6,21,27,15,5,4,14,19,80
2022100133,1612709915,Celtics,MNE,Maine,Bench,68.000000:45,10,35,0.286,7,21,0.333,0,3,0.0,6,5,11,7,4,0,5,3,27
