GAME_ID,TEAM_ID,TEAM_NAME,TEAM_ABBREVIATION,TEAM_CITY,STARTERS_BENCH,MIN,FGM,FGA,FG_PCT,FG3M,FG3A,FG3_PCT,FTM,FTA,FT_PCT,OREB,DREB,REB,AST,STL,BLK,TO,PF,PTS
2022100388,1612709927,Herd,WIS,Wisconsin,Starters,146.000000:59,21,53,0.396,4,17,0.235,6,9,0.667,7,17,24,14,8,1,5,9,57
2022100388,1612709927,Herd,WIS,Wisconsin,Bench,77.000000:51,15,43,0.349,6,20,0.3,2,2,1.0,3,6,9,11,4,0,4,7,40
2022100388,1612709915,Celtics,MNE,Maine,Starters,169.000000:27,33,63,0.524,11,33,0.333,8,10,0.8,5,38,43,24,7,6,20,12,92
2022100388,1612709915,Celtics,MNE,Maine,Bench,56.000000:44,10,18,0.556,5,9,0.556,5,5,1.0,1,7,8,4,2,0,1,2,33
