GAME_ID,TEAM_ID,TEAM_NAME,TEAM_ABBREVIATION,TEAM_CITY,STARTERS_BENCH,MIN,FGM,FGA,FG_PCT,FG3M,FG3A,FG3_PCT,FTM,FTA,FT_PCT,OREB,DREB,REB,AST,STL,BLK,TO,PF,PTS
0022100773,1610612753,Magic,ORL,Orlando,Starters,147.000000:35,24,61,0.393,3,19,0.158,19,20,0.95,7,29,36,20,3,3,11,13,70
0022100773,1610612753,Magic,ORL,Orlando,Bench,92.000000:25,18,34,0.529,8,16,0.5,5,6,0.833,2,14,16,9,2,0,1,8,49
0022100773,1610612754,Pacers,IND,Indiana,Starters,137.000000:29,26,61,0.426,11,21,0.524,9,14,0.643,1,20,21,12,4,1,6,9,72
0022100773,1610612754,Pacers,IND,Indiana,Bench,102.000000:31,18,37,0.486,3,11,0.273,7,9,0.778,6,19,25,13,3,0,2,10,46
