GAME_ID,TEAM_ID,TEAM_NAME,TEAM_ABBREVIATION,TEAM_CITY,STARTERS_BENCH,MIN,FGM,FGA,FG_PCT,FG3M,FG3A,FG3_PCT,FTM,FTA,FT_PCT,OREB,DREB,REB,AST,STL,BLK,TO,PF,PTS
0022101210,1610612762,Jazz,UTA,Utah,Starters,162.000000:25,24,63,0.381,8,27,0.296,15,20,0.75,5,24,29,18,4,2,8,15,71
0022101210,1610612762,Jazz,UTA,Utah,Bench,59.000000:27,7,19,0.368,3,11,0.273,6,9,0.667,4,4,8,0,3,1,2,0,23
0022101210,1610612756,Suns,PHX,Phoenix,Starters,169.000000:13,38,72,0.528,4,13,0.308,11,11,1.0,5,27,32,26,5,3,5,16,91
0022101210,1610612756,Suns,PHX,Phoenix,Bench,70.000000:47,8,20,0.4,2,6,0.333,2,4,0.5,6,8,14,1,2,0,8,9,20
