GAME_ID,TEAM_ID,TEAM_NAME,TEAM_ABBREVIATION,TEAM_CITY,STARTERS_BENCH,MIN,FGM,FGA,FG_PCT,FG3M,FG3A,FG3_PCT,FTM,FTA,FT_PCT,OREB,DREB,REB,AST,STL,BLK,TO,PF,PTS
2052100067,1612709927,Herd,WIS,Wisconsin,Starters,140.000000:18,25,58,0.431,12,28,0.429,6,8,0.75,8,23,31,14,2,7,9,10,71
2052100067,1612709927,Herd,WIS,Wisconsin,Bench,52.000000:57,6,18,0.333,2,7,0.286,1,2,0.5,3,12,15,9,1,3,4,3,15
2052100067,1612709910,Mad Ants,FWN,Fort Wayne,Starters,174.000000:23,33,89,0.371,10,38,0.263,7,9,0.778,14,28,42,19,6,4,4,10,89
2052100067,1612709910,Mad Ants,FWN,Fort Wayne,Bench,57.000000:54,9,21,0.429,1,6,0.167,0,1,0.0,8,11,19,3,1,4,5,6,19
