GAME_ID,TEAM_ID,TEAM_NAME,TEAM_ABBREVIATION,TEAM_CITY,STARTERS_BENCH,MIN,FGM,FGA,FG_PCT,FG3M,FG3A,FG3_PCT,FTM,FTA,FT_PCT,OREB,DREB,REB,AST,STL,BLK,TO,PF,PTS
0022100719,1610612759,Spurs,SAS,San Antonio,Starters,120.000000:27,32,54,0.593,6,18,0.333,3,3,1.0,5,19,24,22,5,3,6,13,73
0022100719,1610612759,Spurs,SAS,San Antonio,Bench,75.000000:40,16,28,0.571,2,9,0.222,2,2,1.0,1,11,12,8,3,0,5,4,36
0022100719,1610612745,Rockets,HOU,Houston,Starters,126.000000:27,21,59,0.356,6,23,0.261,11,16,0.688,11,16,27,14,3,0,10,10,59
0022100719,1610612745,Rockets,HOU,Houston,Bench,113.000000:33,18,36,0.5,3,11,0.273,6,9,0.667,7,11,18,7,5,3,5,2,45
