GAME_ID,TEAM_ID,TEAM_NAME,TEAM_ABBREVIATION,TEAM_CITY,STARTERS_BENCH,MIN,FGM,FGA,FG_PCT,FG3M,FG3A,FG3_PCT,FTM,FTA,FT_PCT,OREB,DREB,REB,AST,STL,BLK,TO,PF,PTS
2022100289,1612709910,Mad Ants,FWN,Fort Wayne,Starters,171.000000:44,43,80,0.537,14,30,0.467,4,8,0.5,9,23,32,29,7,2,7,10,107
2022100289,1612709910,Mad Ants,FWN,Fort Wayne,Bench,50.000000:40,5,19,0.263,1,8,0.125,1,1,1.0,2,9,11,3,0,2,0,4,13
2022100289,1612709893,Charge,CLC,Cleveland,Starters,158.000000:13,35,70,0.5,5,21,0.238,8,12,0.667,11,22,33,16,1,5,14,9,87
2022100289,1612709893,Charge,CLC,Cleveland,Bench,81.000000:47,10,31,0.323,3,10,0.3,0,3,0.0,4,15,19,10,2,2,0,4,23
