GAME_ID,TEAM_ID,TEAM_NAME,TEAM_ABBREVIATION,TEAM_CITY,STARTERS_BENCH,MIN,FGM,FGA,FG_PCT,FG3M,FG3A,FG3_PCT,FTM,FTA,FT_PCT,OREB,DREB,REB,AST,STL,BLK,TO,PF,PTS
0022100755,1610612753,Magic,ORL,Orlando,Starters,152.000000:43,26,57,0.456,5,20,0.25,6,9,0.667,5,23,28,15,4,1,10,12,63
0022100755,1610612753,Magic,ORL,Orlando,Bench,87.000000:17,17,27,0.63,6,14,0.429,7,7,1.0,4,8,12,11,4,0,6,4,47
0022100755,1610612742,Mavericks,DAL,Dallas,Starters,160.000000:48,26,52,0.5,11,25,0.44,10,13,0.769,5,24,29,16,2,2,14,13,73
0022100755,1610612742,Mavericks,DAL,Dallas,Bench,79.000000:12,13,29,0.448,5,13,0.385,4,5,0.8,2,9,11,6,7,2,4,6,35
