GAME_ID,TEAM_ID,TEAM_NAME,TEAM_ABBREVIATION,TEAM_CITY,STARTERS_BENCH,MIN,FGM,FGA,FG_PCT,FG3M,FG3A,FG3_PCT,FTM,FTA,FT_PCT,OREB,DREB,REB,AST,STL,BLK,TO,PF,PTS
2022100250,1612709917,Gold,GRG,Grand Rapids,Starters,145.000000:21,22,49,0.449,2,17,0.118,9,12,0.75,7,25,32,20,5,2,9,14,64
2022100250,1612709917,Gold,GRG,Grand Rapids,Bench,30.000000:35,6,12,0.5,5,10,0.5,0,0,0.0,0,2,2,0,1,0,3,0,17
2022100250,1612709928,Go-Go,CCG,Capital City,Starters,154.000000:39,26,57,0.456,8,23,0.348,8,10,0.8,10,21,31,16,5,1,9,13,73
2022100250,1612709928,Go-Go,CCG,Capital City,Bench,85.000000:22,15,33,0.455,3,10,0.3,7,10,0.7,4,9,13,9,4,2,4,9,44
