GAME_ID,TEAM_ID,TEAM_NAME,TEAM_ABBREVIATION,TEAM_CITY,STARTERS_BENCH,MIN,FGM,FGA,FG_PCT,FG3M,FG3A,FG3_PCT,FTM,FTA,FT_PCT,OREB,DREB,REB,AST,STL,BLK,TO,PF,PTS
0042100406,1610612744,Warriors,GSW,Golden State,Starters,179.000000:46,31,72,0.431,16,36,0.444,4,4,1.0,7,24,31,22,10,6,13,8,82
0042100406,1610612744,Warriors,GSW,Golden State,Bench,38.000000:34,7,18,0.389,3,10,0.3,4,4,1.0,2,4,6,4,3,1,1,8,21
0042100406,1610612738,Celtics,BOS,Boston,Starters,194.000000:32,32,69,0.464,11,22,0.5,10,11,0.909,10,27,37,23,8,7,18,13,85
0042100406,1610612738,Celtics,BOS,Boston,Bench,45.000000:28,2,11,0.182,0,6,0.0,1,1,1.0,1,3,4,4,0,1,4,3,5
