GAME_ID,TEAM_ID,TEAM_NAME,TEAM_ABBREVIATION,TEAM_CITY,STARTERS_BENCH,MIN,FGM,FGA,FG_PCT,FG3M,FG3A,FG3_PCT,FTM,FTA,FT_PCT,OREB,DREB,REB,AST,STL,BLK,TO,PF,PTS
2012100004,1612709918,Legends,TEX,Texas,Starters,134.000000:55,26,53,0.491,5,16,0.313,5,6,0.833,5,19,24,15,6,2,8,11,66
2012100004,1612709918,Legends,TEX,Texas,Bench,105.000000:05,14,34,0.412,7,18,0.389,2,4,0.5,2,13,15,6,6,1,5,9,39
2012100004,1612709903,Stars,SLC,Salt Lake City,Starters,122.000000:53,17,47,0.362,7,27,0.259,2,3,0.667,5,16,21,7,3,3,11,8,44
2012100004,1612709903,Stars,SLC,Salt Lake City,Bench,53.000000:19,3,12,0.25,1,4,0.25,1,4,0.25,2,7,9,6,3,1,5,8,8
