GAME_ID,TEAM_ID,TEAM_NAME,TEAM_ABBREVIATION,TEAM_CITY,STARTERS_BENCH,MIN,FGM,FGA,FG_PCT,FG3M,FG3A,FG3_PCT,FTM,FTA,FT_PCT,OREB,DREB,REB,AST,STL,BLK,TO,PF,PTS
0012100015,1610612759,Spurs,SAS,San Antonio,Starters,124.000000:10,23,62,0.371,2,18,0.111,4,6,0.667,4,18,22,12,2,3,7,6,52
0012100015,1610612759,Spurs,SAS,San Antonio,Bench,98.000000:03,20,39,0.513,10,16,0.625,0,0,0.0,12,15,27,8,0,0,10,9,50
0012100015,1610612765,Pistons,DET,Detroit,Starters,113.000000:14,17,40,0.425,5,12,0.417,8,10,0.8,2,19,21,8,4,5,5,7,47
0012100015,1610612765,Pistons,DET,Detroit,Bench,126.000000:46,29,50,0.58,7,22,0.318,3,3,1.0,5,15,20,17,5,4,5,7,68
