GAME_ID,TEAM_ID,TEAM_NAME,TEAM_ABBREVIATION,TEAM_CITY,STARTERS_BENCH,MIN,FGM,FGA,FG_PCT,FG3M,FG3A,FG3_PCT,FTM,FTA,FT_PCT,OREB,DREB,REB,AST,STL,BLK,TO,PF,PTS
0022100975,1610612766,Hornets,CHA,Charlotte,Starters,163.000000:46,32,69,0.464,10,33,0.303,16,20,0.8,6,23,29,23,8,3,12,12,90
0022100975,1610612766,Hornets,CHA,Charlotte,Bench,76.000000:14,13,23,0.565,3,8,0.375,2,2,1.0,4,8,12,3,4,0,3,12,31
0022100975,1610612751,Nets,BKN,Brooklyn,Starters,160.000000:56,37,63,0.587,13,24,0.542,20,27,0.741,4,27,31,21,6,3,11,14,107
0022100975,1610612751,Nets,BKN,Brooklyn,Bench,79.000000:04,9,19,0.474,5,11,0.455,2,2,1.0,2,5,7,12,2,1,5,6,25
