GAME_ID,TEAM_ID,TEAM_NAME,TEAM_ABBREVIATION,TEAM_CITY,STARTERS_BENCH,MIN,FGM,FGA,FG_PCT,FG3M,FG3A,FG3_PCT,FTM,FTA,FT_PCT,OREB,DREB,REB,AST,STL,BLK,TO,PF,PTS
2052100128,1612709904,Skyforce,SXF,Sioux Falls,Starters,178.000000:03,33,82,0.402,7,28,0.25,9,13,0.692,12,29,41,12,8,4,15,12,86
2052100128,1612709904,Skyforce,SXF,Sioux Falls,Bench,55.000000:43,3,7,0.429,2,5,0.4,2,2,1.0,1,5,6,3,2,0,1,10,13
2052100128,1612709932,Cruise,MCC,Motor City,Starters,167.000000:42,28,58,0.483,9,28,0.321,11,16,0.688,8,24,32,23,6,2,14,12,81
2052100128,1612709932,Cruise,MCC,Motor City,Bench,72.000000:18,8,22,0.364,4,15,0.267,3,3,1.0,1,12,13,3,0,1,2,8,25
