GAME_ID,TEAM_ID,TEAM_NAME,TEAM_ABBREVIATION,TEAM_CITY,STARTERS_BENCH,MIN,FGM,FGA,FG_PCT,FG3M,FG3A,FG3_PCT,FTM,FTA,FT_PCT,OREB,DREB,REB,AST,STL,BLK,TO,PF,PTS
0022100276,1610612762,Jazz,UTA,Utah,Starters,166.000000:15,25,56,0.446,8,29,0.276,12,14,0.857,5,28,33,11,10,7,6,6,70
0022100276,1610612762,Jazz,UTA,Utah,Bench,70.000000:51,13,28,0.464,7,18,0.389,5,6,0.833,1,8,9,8,1,1,3,8,38
0022100276,1610612760,Thunder,OKC,Oklahoma City,Starters,155.000000:17,24,52,0.462,12,24,0.5,8,12,0.667,3,28,31,17,3,3,10,11,68
0022100276,1610612760,Thunder,OKC,Oklahoma City,Bench,84.000000:43,13,30,0.433,3,12,0.25,7,10,0.7,1,11,12,4,4,1,2,7,36
