GAME_ID,TEAM_ID,TEAM_NAME,TEAM_ABBREVIATION,TEAM_CITY,STARTERS_BENCH,MIN,FGM,FGA,FG_PCT,FG3M,FG3A,FG3_PCT,FTM,FTA,FT_PCT,OREB,DREB,REB,AST,STL,BLK,TO,PF,PTS
0012100040,1610612748,Heat,MIA,Miami,Starters,116.000000:57,21,47,0.447,9,21,0.429,5,8,0.625,4,14,18,12,3,3,5,8,56
0012100040,1610612748,Heat,MIA,Miami,Bench,123.000000:03,18,46,0.391,5,21,0.238,7,10,0.7,8,20,28,11,2,1,7,10,48
0012100040,1610612766,Hornets,CHA,Charlotte,Starters,141.000000:08,26,52,0.5,11,27,0.407,8,9,0.889,5,30,35,18,5,4,8,14,71
0012100040,1610612766,Hornets,CHA,Charlotte,Bench,22.000000:58,3,9,0.333,0,2,0.0,0,0,0.0,2,3,5,1,0,1,0,2,6
