GAME_ID,TEAM_ID,TEAM_NAME,TEAM_ABBREVIATION,TEAM_CITY,STARTERS_BENCH,MIN,FGM,FGA,FG_PCT,FG3M,FG3A,FG3_PCT,FTM,FTA,FT_PCT,OREB,DREB,REB,AST,STL,BLK,TO,PF,PTS
0022100351,1610612764,Wizards,WAS,Washington,Starters,139.000000:02,20,47,0.426,6,13,0.462,16,19,0.842,2,18,20,15,3,3,5,14,62
0022100351,1610612764,Wizards,WAS,Washington,Bench,100.000000:58,10,26,0.385,2,12,0.167,6,10,0.6,4,19,23,5,1,2,5,8,28
0022100351,1610612761,Raptors,TOR,Toronto,Starters,167.000000:05,26,61,0.426,5,15,0.333,11,14,0.786,6,24,30,13,2,1,8,17,68
0022100351,1610612761,Raptors,TOR,Toronto,Bench,72.000000:55,12,24,0.5,3,8,0.375,7,10,0.7,4,13,17,9,1,0,0,7,34
