GAME_ID,TEAM_ID,TEAM_NAME,TEAM_ABBREVIATION,TEAM_CITY,STARTERS_BENCH,MIN,FGM,FGA,FG_PCT,FG3M,FG3A,FG3_PCT,FTM,FTA,FT_PCT,OREB,DREB,REB,AST,STL,BLK,TO,PF,PTS
2052100016,1612709904,Skyforce,SXF,Sioux Falls,Starters,168.000000:03,27,61,0.443,13,32,0.406,3,6,0.5,1,23,24,18,8,7,14,15,73
2052100016,1612709904,Skyforce,SXF,Sioux Falls,Bench,14.000000:24,2,5,0.4,2,3,0.667,1,1,1.0,0,1,1,1,0,0,0,4,8
2052100016,1612709911,Wolves,IWA,Iowa,Starters,160.000000:45,32,66,0.485,11,22,0.5,7,10,0.7,12,29,41,20,6,1,14,10,87
2052100016,1612709911,Wolves,IWA,Iowa,Bench,76.000000:54,11,26,0.423,3,10,0.3,2,3,0.667,3,11,14,5,3,1,2,6,28
