GAME_ID,TEAM_ID,TEAM_NAME,TEAM_ABBREVIATION,TEAM_CITY,STARTERS_BENCH,MIN,FGM,FGA,FG_PCT,FG3M,FG3A,FG3_PCT,FTM,FTA,FT_PCT,OREB,DREB,REB,AST,STL,BLK,TO,PF,PTS
0022100283,1610612753,Magic,ORL,Orlando,Starters,136.000000:22,22,49,0.449,4,15,0.267,13,18,0.722,5,21,26,15,3,5,8,6,61
0022100283,1610612753,Magic,ORL,Orlando,Bench,103.000000:38,8,31,0.258,3,17,0.176,8,12,0.667,0,10,10,3,4,0,5,10,27
0022100283,1610612741,Bulls,CHI,Chicago,Starters,140.000000:04,28,57,0.491,12,23,0.522,10,15,0.667,3,26,29,18,6,1,9,9,78
0022100283,1610612741,Bulls,CHI,Chicago,Bench,71.000000:25,16,23,0.696,3,8,0.375,0,1,0.0,2,13,15,12,5,0,3,8,35
