GAME_ID,TEAM_ID,TEAM_NAME,TEAM_ABBREVIATION,TEAM_CITY,STARTERS_BENCH,MIN,FGM,FGA,FG_PCT,FG3M,FG3A,FG3_PCT,FTM,FTA,FT_PCT,OREB,DREB,REB,AST,STL,BLK,TO,PF,PTS
2052100005,1612709931,Capitanes,MXC,Ciudad de Mexico,Starters,133.000000:05,18,57,0.316,1,15,0.067,12,13,0.923,12,26,38,8,6,6,12,14,56
2052100005,1612709931,Capitanes,MXC,Ciudad de Mexico,Bench,106.000000:55,15,38,0.395,5,15,0.333,2,3,0.667,9,12,21,6,5,2,3,9,39
2052100005,1612709926,Hustle,MHU,Memphis,Starters,186.000000:26,23,65,0.354,5,27,0.185,6,8,0.75,9,29,38,7,4,9,13,15,61
2052100005,1612709926,Hustle,MHU,Memphis,Bench,53.000000:34,9,18,0.5,2,4,0.5,5,6,0.833,1,7,8,7,1,0,4,3,29
