GAME_ID,TEAM_ID,TEAM_NAME,TEAM_ABBREVIATION,TEAM_CITY,STARTERS_BENCH,MIN,FGM,FGA,FG_PCT,FG3M,FG3A,FG3_PCT,FTM,FTA,FT_PCT,OREB,DREB,REB,AST,STL,BLK,TO,PF,PTS
0022100791,1610612755,76ers,PHI,Philadelphia,Starters,164.000000:12,26,50,0.52,6,16,0.375,17,23,0.739,3,19,22,19,3,5,7,12,75
0022100791,1610612755,76ers,PHI,Philadelphia,Bench,75.000000:48,10,20,0.5,3,11,0.273,0,0,0.0,3,11,14,4,2,0,6,10,23
0022100791,1610612742,Mavericks,DAL,Dallas,Starters,188.000000:52,36,75,0.48,9,29,0.31,18,22,0.818,8,21,29,20,8,0,9,10,99
0022100791,1610612742,Mavericks,DAL,Dallas,Bench,51.000000:08,3,10,0.3,1,5,0.2,1,1,1.0,3,8,11,2,0,0,1,8,8
