GAME_ID,TEAM_ID,TEAM_NAME,TEAM_ABBREVIATION,TEAM_CITY,STARTERS_BENCH,MIN,FGM,FGA,FG_PCT,FG3M,FG3A,FG3_PCT,FTM,FTA,FT_PCT,OREB,DREB,REB,AST,STL,BLK,TO,PF,PTS
0022101207,1610612748,Heat,MIA,Miami,Starters,155.000000:11,26,45,0.578,5,12,0.417,19,24,0.792,4,18,22,9,6,0,13,10,76
0022101207,1610612748,Heat,MIA,Miami,Bench,84.000000:49,14,27,0.519,6,14,0.429,3,4,0.75,0,11,11,11,3,1,4,7,37
0022101207,1610612737,Hawks,ATL,Atlanta,Starters,146.000000:55,30,61,0.492,5,23,0.217,11,13,0.846,8,18,26,11,4,0,12,16,76
0022101207,1610612737,Hawks,ATL,Atlanta,Bench,93.000000:05,12,27,0.444,3,11,0.273,6,6,1.0,5,12,17,6,5,0,2,7,33
