GAME_ID,TEAM_ID,TEAM_NAME,TEAM_ABBREVIATION,TEAM_CITY,STARTERS_BENCH,MIN,FGM,FGA,FG_PCT,FG3M,FG3A,FG3_PCT,FTM,FTA,FT_PCT,OREB,DREB,REB,AST,STL,BLK,TO,PF,PTS
2052100037,1612709921,Nets,LIN,Long Island,Starters,165.000000:19,24,63,0.381,11,27,0.407,4,5,0.8,9,17,26,18,9,6,11,9,67
2052100037,1612709921,Nets,LIN,Long Island,Bench,65.000000:57,12,31,0.387,5,16,0.313,2,2,1.0,3,9,12,3,6,0,4,7,33
2052100037,1612709928,Go-Go,CCG,Capital City,Starters,155.000000:58,30,47,0.638,6,12,0.5,3,5,0.6,5,17,22,24,4,4,11,8,72
2052100037,1612709928,Go-Go,CCG,Capital City,Bench,79.000000:39,10,28,0.357,3,9,0.333,7,8,0.875,4,18,22,5,5,3,13,8,34
