GAME_ID,TEAM_ID,TEAM_NAME,TEAM_ABBREVIATION,TEAM_CITY,STARTERS_BENCH,MIN,FGM,FGA,FG_PCT,FG3M,FG3A,FG3_PCT,FTM,FTA,FT_PCT,OREB,DREB,REB,AST,STL,BLK,TO,PF,PTS
2022100114,1612709905,Lakers,SBL,South Bay,Starters,158.000000:39,32,75,0.427,3,24,0.125,6,10,0.6,7,29,36,18,6,9,8,14,76
2022100114,1612709905,Lakers,SBL,South Bay,Bench,47.000000:13,2,14,0.143,1,7,0.143,1,1,1.0,0,3,3,4,1,0,3,3,6
2022100114,1612709911,Wolves,IWA,Iowa,Starters,167.000000:53,26,70,0.371,11,28,0.393,8,11,0.727,13,31,44,22,4,5,14,14,78
2022100114,1612709911,Wolves,IWA,Iowa,Bench,55.000000:18,11,23,0.478,0,5,0.0,2,3,0.667,0,12,12,4,3,2,3,0,26
