GAME_ID,TEAM_ID,TEAM_NAME,TEAM_ABBREVIATION,TEAM_CITY,STARTERS_BENCH,MIN,FGM,FGA,FG_PCT,FG3M,FG3A,FG3_PCT,FTM,FTA,FT_PCT,OREB,DREB,REB,AST,STL,BLK,TO,PF,PTS
0022100677,1610612762,Jazz,UTA,Utah,Starters,174.000000:05,30,66,0.455,9,33,0.273,13,15,0.867,9,28,37,20,7,2,2,12,82
0022100677,1610612762,Jazz,UTA,Utah,Bench,40.000000:32,9,17,0.529,1,5,0.2,4,5,0.8,1,4,5,5,0,1,3,2,23
0022100677,1610612745,Rockets,HOU,Houston,Starters,146.000000:17,27,63,0.429,13,27,0.481,2,4,0.5,6,23,29,15,1,1,6,11,69
0022100677,1610612745,Rockets,HOU,Houston,Bench,93.000000:43,14,33,0.424,9,18,0.5,10,13,0.769,6,9,15,9,3,2,2,7,47
