GAME_ID,TEAM_ID,TEAM_NAME,TEAM_ABBREVIATION,TEAM_CITY,STARTERS_BENCH,MIN,FGM,FGA,FG_PCT,FG3M,FG3A,FG3_PCT,FTM,FTA,FT_PCT,OREB,DREB,REB,AST,STL,BLK,TO,PF,PTS
2022100406,1612709903,Stars,SLC,Salt Lake City,Starters,181.000000:34,46,94,0.489,8,26,0.308,5,8,0.625,10,22,32,18,6,5,7,11,108
2022100406,1612709903,Stars,SLC,Salt Lake City,Bench,58.000000:26,2,10,0.2,0,5,0.0,0,0,0.0,4,8,12,6,3,1,2,10,4
2022100406,1612709926,Hustle,MHU,Memphis,Starters,157.000000:53,31,59,0.525,7,20,0.35,12,14,0.857,5,26,31,27,4,7,10,7,89
2022100406,1612709926,Hustle,MHU,Memphis,Bench,63.000000:48,13,23,0.565,3,9,0.333,2,2,1.0,1,8,9,3,1,1,5,5,33
