GAME_ID,TEAM_ID,TEAM_NAME,TEAM_ABBREVIATION,TEAM_CITY,STARTERS_BENCH,MIN,FGM,FGA,FG_PCT,FG3M,FG3A,FG3_PCT,FTM,FTA,FT_PCT,OREB,DREB,REB,AST,STL,BLK,TO,PF,PTS
0022100586,1610612745,Rockets,HOU,Houston,Starters,123.000000:41,23,46,0.5,6,17,0.353,11,17,0.647,4,14,18,13,2,1,6,11,63
0022100586,1610612745,Rockets,HOU,Houston,Bench,116.000000:19,14,41,0.341,6,26,0.231,9,12,0.75,3,19,22,4,4,2,7,9,43
0022100586,1610612742,Mavericks,DAL,Dallas,Starters,116.000000:09,25,40,0.625,8,16,0.5,5,10,0.5,5,25,30,19,3,2,7,10,63
0022100586,1610612742,Mavericks,DAL,Dallas,Bench,73.000000:25,13,32,0.406,7,18,0.389,4,9,0.444,1,13,14,8,0,2,4,6,37
