GAME_ID,TEAM_ID,TEAM_NAME,TEAM_ABBREVIATION,TEAM_CITY,STARTERS_BENCH,MIN,FGM,FGA,FG_PCT,FG3M,FG3A,FG3_PCT,FTM,FTA,FT_PCT,OREB,DREB,REB,AST,STL,BLK,TO,PF,PTS
0022100300,1610612746,Clippers,LAC,LA,Starters,145.000000:43,23,56,0.411,7,19,0.368,11,16,0.688,10,20,30,13,3,1,15,14,64
0022100300,1610612746,Clippers,LAC,LA,Bench,94.000000:17,9,24,0.375,2,9,0.222,6,9,0.667,5,12,17,5,5,2,9,7,26
0022100300,1610612744,Warriors,GSW,Golden State,Starters,145.000000:11,26,58,0.448,13,28,0.464,7,14,0.5,4,18,22,18,12,2,11,13,72
0022100300,1610612744,Warriors,GSW,Golden State,Bench,92.000000:04,10,26,0.385,3,11,0.273,5,8,0.625,7,12,19,7,7,0,5,14,28
