GAME_ID,TEAM_ID,TEAM_NAME,TEAM_ABBREVIATION,TEAM_CITY,STARTERS_BENCH,MIN,FGM,FGA,FG_PCT,FG3M,FG3A,FG3_PCT,FTM,FTA,FT_PCT,OREB,DREB,REB,AST,STL,BLK,TO,PF,PTS
2022100055,1612709903,Stars,SLC,Salt Lake City,Starters,153.000000:51,28,55,0.509,12,27,0.444,8,8,1.0,1,25,26,16,5,3,15,12,80
2022100055,1612709903,Stars,SLC,Salt Lake City,Bench,60.000000:42,12,19,0.632,3,6,0.5,0,0,0.0,7,8,15,7,2,1,5,12,27
2022100055,1612709926,Hustle,MHU,Memphis,Starters,166.000000:48,30,65,0.462,9,25,0.36,6,12,0.5,8,18,26,25,8,2,10,10,78
2022100055,1612709926,Hustle,MHU,Memphis,Bench,73.000000:12,9,24,0.375,6,17,0.353,3,4,0.75,0,12,12,6,2,0,4,7,28
