GAME_ID,TEAM_ID,TEAM_NAME,TEAM_ABBREVIATION,TEAM_CITY,STARTERS_BENCH,MIN,FGM,FGA,FG_PCT,FG3M,FG3A,FG3_PCT,FTM,FTA,FT_PCT,OREB,DREB,REB,AST,STL,BLK,TO,PF,PTS
2052100109,1612709922,Swarm,GBO,Greensboro,Starters,168.000000:04,37,74,0.5,3,18,0.167,2,10,0.2,9,27,36,16,5,3,8,13,80
2052100109,1612709922,Swarm,GBO,Greensboro,Bench,73.000000:30,8,20,0.4,4,8,0.5,0,2,0.0,5,5,10,10,2,2,4,9,20
2052100109,1612709890,Spurs,AUS,Austin,Starters,164.000000:54,29,64,0.453,11,26,0.423,4,6,0.667,8,26,34,18,4,4,12,12,75
2052100109,1612709890,Spurs,AUS,Austin,Bench,60.000000:40,10,20,0.5,1,4,0.25,2,4,0.5,4,7,11,3,1,0,0,1,25
