GAME_ID,TEAM_ID,TEAM_NAME,TEAM_ABBREVIATION,TEAM_CITY,STARTERS_BENCH,MIN,FGM,FGA,FG_PCT,FG3M,FG3A,FG3_PCT,FTM,FTA,FT_PCT,OREB,DREB,REB,AST,STL,BLK,TO,PF,PTS
0022101058,1610612750,Timberwolves,MIN,Minnesota,Starters,136.000000:55,25,47,0.532,14,27,0.519,14,17,0.824,3,25,28,19,7,1,10,9,78
0022101058,1610612750,Timberwolves,MIN,Minnesota,Bench,103.000000:05,22,45,0.489,8,20,0.4,8,9,0.889,5,11,16,11,5,1,1,10,60
0022101058,1610612749,Bucks,MIL,Milwaukee,Starters,116.000000:55,23,53,0.434,7,23,0.304,8,9,0.889,7,21,28,15,3,3,11,8,61
0022101058,1610612749,Bucks,MIL,Milwaukee,Bench,118.000000:39,20,44,0.455,12,29,0.414,6,8,0.75,7,16,23,12,2,1,3,9,58
