GAME_ID,TEAM_ID,TEAM_NAME,TEAM_ABBREVIATION,TEAM_CITY,STARTERS_BENCH,MIN,FGM,FGA,FG_PCT,FG3M,FG3A,FG3_PCT,FTM,FTA,FT_PCT,OREB,DREB,REB,AST,STL,BLK,TO,PF,PTS
2022100178,1612709909,Blue Coats,DEL,Delaware,Starters,139.000000:50,27,68,0.397,6,22,0.273,9,11,0.818,11,15,26,16,6,7,10,13,74
2022100178,1612709909,Blue Coats,DEL,Delaware,Bench,81.000000:14,12,24,0.5,4,12,0.333,2,5,0.4,3,11,14,7,3,3,3,4,32
2022100178,1612709929,Skyhawks,CPS,College Park,Starters,186.000000:42,46,88,0.523,11,23,0.478,7,9,0.778,12,35,47,28,7,5,13,18,115
2022100178,1612709929,Skyhawks,CPS,College Park,Bench,30.000000:54,2,11,0.182,0,5,0.0,3,3,1.0,1,3,4,2,0,0,3,3,10
