GAME_ID,TEAM_ID,TEAM_NAME,TEAM_ABBREVIATION,TEAM_CITY,STARTERS_BENCH,MIN,FGM,FGA,FG_PCT,FG3M,FG3A,FG3_PCT,FTM,FTA,FT_PCT,OREB,DREB,REB,AST,STL,BLK,TO,PF,PTS
0042100223,1610612756,Suns,PHX,Phoenix,Starters,183.000000:22,29,60,0.483,11,20,0.55,8,10,0.8,8,25,33,17,4,1,15,8,77
0042100223,1610612756,Suns,PHX,Phoenix,Bench,56.000000:38,5,16,0.313,2,8,0.25,5,5,1.0,1,11,12,6,1,0,2,6,17
0042100223,1610612742,Mavericks,DAL,Dallas,Starters,162.000000:53,32,74,0.432,11,33,0.333,10,13,0.769,8,21,29,17,10,0,8,11,85
0042100223,1610612742,Mavericks,DAL,Dallas,Bench,77.000000:07,8,16,0.5,2,6,0.333,0,0,0.0,0,7,7,8,2,4,0,8,18
