GAME_ID,TEAM_ID,TEAM_NAME,TEAM_ABBREVIATION,TEAM_CITY,STARTERS_BENCH,MIN,FGM,FGA,FG_PCT,FG3M,FG3A,FG3_PCT,FTM,FTA,FT_PCT,OREB,DREB,REB,AST,STL,BLK,TO,PF,PTS
0022100020,1610612761,Raptors,TOR,Toronto,Starters,162.000000:44,31,70,0.443,6,20,0.3,17,17,1.0,14,25,39,15,9,1,6,8,85
0022100020,1610612761,Raptors,TOR,Toronto,Bench,77.000000:16,11,30,0.367,4,15,0.267,4,4,1.0,7,14,21,7,7,1,5,5,30
0022100020,1610612738,Celtics,BOS,Boston,Starters,140.000000:46,20,52,0.385,2,18,0.111,5,7,0.714,4,23,27,11,3,11,15,9,47
0022100020,1610612738,Celtics,BOS,Boston,Bench,72.000000:39,8,22,0.364,6,12,0.5,3,4,0.75,4,8,12,7,2,0,7,7,25
