GAME_ID,TEAM_ID,TEAM_NAME,TEAM_ABBREVIATION,TEAM_CITY,STARTERS_BENCH,MIN,FGM,FGA,FG_PCT,FG3M,FG3A,FG3_PCT,FTM,FTA,FT_PCT,OREB,DREB,REB,AST,STL,BLK,TO,PF,PTS
0042100102,1610612748,Heat,MIA,Miami,Starters,145.000000:56,26,52,0.5,9,23,0.391,19,22,0.864,1,18,19,16,5,4,10,12,80
0042100102,1610612748,Heat,MIA,Miami,Bench,94.000000:04,12,27,0.444,5,13,0.385,6,7,0.857,3,12,15,5,4,2,4,12,35
0042100102,1610612737,Hawks,ATL,Atlanta,Starters,159.000000:54,25,62,0.403,6,27,0.222,9,12,0.75,4,25,29,16,3,2,15,16,65
0042100102,1610612737,Hawks,ATL,Atlanta,Bench,76.000000:51,16,25,0.64,6,13,0.462,2,2,1.0,3,8,11,5,3,0,4,8,40
