GAME_ID,TEAM_ID,TEAM_NAME,TEAM_ABBREVIATION,TEAM_CITY,STARTERS_BENCH,MIN,FGM,FGA,FG_PCT,FG3M,FG3A,FG3_PCT,FTM,FTA,FT_PCT,OREB,DREB,REB,AST,STL,BLK,TO,PF,PTS
2022100079,1612709927,Herd,WIS,Wisconsin,Starters,171.000000:41,22,64,0.344,8,34,0.235,8,9,0.889,4,27,31,16,9,5,9,12,70
2022100079,1612709927,Herd,WIS,Wisconsin,Bench,68.000000:19,8,23,0.348,3,12,0.25,0,2,0.0,1,4,5,3,1,2,2,4,19
2022100079,1612709915,Celtics,MNE,Maine,Starters,133.000000:11,27,52,0.519,8,26,0.308,7,9,0.778,8,30,38,20,3,4,10,13,73
2022100079,1612709915,Celtics,MNE,Maine,Bench,106.000000:49,15,35,0.429,6,15,0.4,5,6,0.833,1,18,19,12,5,1,6,7,44
