GAME_ID,TEAM_ID,TEAM_NAME,TEAM_ABBREVIATION,TEAM_CITY,STARTERS_BENCH,MIN,FGM,FGA,FG_PCT,FG3M,FG3A,FG3_PCT,FTM,FTA,FT_PCT,OREB,DREB,REB,AST,STL,BLK,TO,PF,PTS
0022100140,1610612752,Knicks,NYK,New York,Starters,141.000000:48,26,60,0.433,4,20,0.2,9,10,0.9,6,15,21,15,4,6,7,7,65
0022100140,1610612752,Knicks,NYK,New York,Bench,98.000000:12,13,25,0.52,5,11,0.455,13,14,0.929,1,10,11,6,5,3,3,7,44
0022100140,1610612739,Cavaliers,CLE,Cleveland,Starters,144.000000:23,31,58,0.534,8,17,0.471,4,6,0.667,9,24,33,18,7,1,7,10,74
0022100140,1610612739,Cavaliers,CLE,Cleveland,Bench,95.000000:37,18,32,0.563,11,18,0.611,5,5,1.0,2,13,15,13,1,1,8,8,52
