GAME_ID,TEAM_ID,TEAM_NAME,TEAM_ABBREVIATION,TEAM_CITY,STARTERS_BENCH,MIN,FGM,FGA,FG_PCT,FG3M,FG3A,FG3_PCT,FTM,FTA,FT_PCT,OREB,DREB,REB,AST,STL,BLK,TO,PF,PTS
0022100942,1610612761,Raptors,TOR,Toronto,Starters,169.000000:09,26,62,0.419,6,21,0.286,18,22,0.818,8,15,23,11,5,2,8,14,76
0022100942,1610612761,Raptors,TOR,Toronto,Bench,70.000000:51,10,21,0.476,1,5,0.2,9,14,0.643,6,12,18,1,0,2,2,8,30
0022100942,1610612765,Pistons,DET,Detroit,Starters,172.000000:36,31,64,0.484,9,28,0.321,15,18,0.833,9,23,32,19,3,5,6,19,86
0022100942,1610612765,Pistons,DET,Detroit,Bench,67.000000:24,7,20,0.35,2,9,0.222,6,10,0.6,2,8,10,6,1,0,3,10,22
