GAME_ID,TEAM_ID,TEAM_NAME,TEAM_ABBREVIATION,TEAM_CITY,STARTERS_BENCH,MIN,FGM,FGA,FG_PCT,FG3M,FG3A,FG3_PCT,FTM,FTA,FT_PCT,OREB,DREB,REB,AST,STL,BLK,TO,PF,PTS
2022100438,1612709909,Blue Coats,DEL,Delaware,Starters,138.000000:49,31,56,0.554,7,22,0.318,6,9,0.667,4,12,16,16,5,4,7,9,80
2022100438,1612709909,Blue Coats,DEL,Delaware,Bench,101.000000:11,12,37,0.324,3,15,0.2,6,7,0.857,3,7,10,9,6,1,10,13,40
2022100438,1612709928,Go-Go,CCG,Capital City,Starters,155.000000:28,39,69,0.565,6,18,0.333,8,9,0.889,15,28,43,24,6,3,13,8,99
2022100438,1612709928,Go-Go,CCG,Capital City,Bench,84.000000:32,17,28,0.607,2,6,0.333,4,5,0.8,0,15,15,12,3,5,7,11,41
