GAME_ID,TEAM_ID,TEAM_NAME,TEAM_ABBREVIATION,TEAM_CITY,STARTERS_BENCH,MIN,FGM,FGA,FG_PCT,FG3M,FG3A,FG3_PCT,FTM,FTA,FT_PCT,OREB,DREB,REB,AST,STL,BLK,TO,PF,PTS
0022100086,1610612760,Thunder,OKC,Oklahoma City,Starters,132.000000:27,19,50,0.38,4,22,0.182,8,11,0.727,1,20,21,10,4,3,7,3,50
0022100086,1610612760,Thunder,OKC,Oklahoma City,Bench,107.000000:33,10,33,0.303,4,17,0.235,8,10,0.8,2,22,24,4,4,3,8,5,32
0022100086,1610612744,Warriors,GSW,Golden State,Starters,127.000000:10,27,56,0.482,13,28,0.464,2,4,0.5,6,23,29,20,3,5,5,11,69
0022100086,1610612744,Warriors,GSW,Golden State,Bench,96.000000:16,10,30,0.333,6,21,0.286,2,4,0.5,3,21,24,9,5,3,9,9,28
