GAME_ID,TEAM_ID,TEAM_NAME,TEAM_ABBREVIATION,TEAM_CITY,STARTERS_BENCH,MIN,FGM,FGA,FG_PCT,FG3M,FG3A,FG3_PCT,FTM,FTA,FT_PCT,OREB,DREB,REB,AST,STL,BLK,TO,PF,PTS
0022101023,1610612760,Thunder,OKC,Oklahoma City,Starters,163.000000:42,30,64,0.469,10,27,0.37,13,15,0.867,9,22,31,22,2,1,9,10,83
0022101023,1610612760,Thunder,OKC,Oklahoma City,Bench,76.000000:18,12,26,0.462,6,17,0.353,3,4,0.75,4,14,18,9,2,2,9,9,33
0022101023,1610612766,Hornets,CHA,Charlotte,Starters,150.000000:36,33,57,0.579,14,25,0.56,9,11,0.818,5,24,29,26,8,4,6,8,89
0022101023,1610612766,Hornets,CHA,Charlotte,Bench,68.000000:01,12,28,0.429,5,9,0.556,5,8,0.625,3,5,8,7,1,3,0,9,34
