GAME_ID,TEAM_ID,TEAM_NAME,TEAM_ABBREVIATION,TEAM_CITY,STARTERS_BENCH,MIN,FGM,FGA,FG_PCT,FG3M,FG3A,FG3_PCT,FTM,FTA,FT_PCT,OREB,DREB,REB,AST,STL,BLK,TO,PF,PTS
2022100394,1612709908,Vipers,RGV,Rio Grande Valley,Starters,168.000000:27,39,70,0.557,16,38,0.421,6,7,0.857,10,21,31,24,2,1,10,11,105
2022100394,1612709908,Vipers,RGV,Rio Grande Valley,Bench,56.000000:54,9,20,0.45,6,14,0.429,1,3,0.333,3,10,13,8,1,0,2,5,26
2022100394,1612709913,Squadron,BIR,Birmingham,Starters,145.000000:24,27,51,0.529,11,25,0.44,7,11,0.636,1,17,18,16,6,2,6,8,79
2022100394,1612709913,Squadron,BIR,Birmingham,Bench,63.000000:53,7,17,0.412,2,9,0.222,1,1,1.0,3,5,8,5,1,0,1,5,18
