GAME_ID,TEAM_ID,TEAM_NAME,TEAM_ABBREVIATION,TEAM_CITY,STARTERS_BENCH,MIN,FGM,FGA,FG_PCT,FG3M,FG3A,FG3_PCT,FTM,FTA,FT_PCT,OREB,DREB,REB,AST,STL,BLK,TO,PF,PTS
0022100399,1610612765,Pistons,DET,Detroit,Starters,142.000000:27,21,50,0.42,6,17,0.353,8,13,0.615,4,20,24,12,8,3,11,11,56
0022100399,1610612765,Pistons,DET,Detroit,Bench,97.000000:33,18,42,0.429,8,20,0.4,4,5,0.8,4,12,16,12,3,2,8,11,48
0022100399,1610612751,Nets,BKN,Brooklyn,Starters,141.000000:23,31,62,0.5,10,21,0.476,20,21,0.952,4,20,24,22,3,3,13,11,92
0022100399,1610612751,Nets,BKN,Brooklyn,Bench,93.000000:22,10,24,0.417,1,7,0.143,3,4,0.75,4,11,15,5,4,3,2,8,24
