GAME_ID,TEAM_ID,TEAM_NAME,TEAM_ABBREVIATION,TEAM_CITY,STARTERS_BENCH,MIN,FGM,FGA,FG_PCT,FG3M,FG3A,FG3_PCT,FTM,FTA,FT_PCT,OREB,DREB,REB,AST,STL,BLK,TO,PF,PTS
0012100022,1610612763,Grizzlies,MEM,Memphis,Starters,105.000000:56,28,49,0.571,9,19,0.474,12,15,0.8,14,23,37,14,4,3,14,11,77
0012100022,1610612763,Grizzlies,MEM,Memphis,Bench,134.000000:04,21,49,0.429,5,21,0.238,4,9,0.444,5,26,31,12,4,5,8,8,51
0012100022,1610612766,Hornets,CHA,Charlotte,Starters,120.000000:18,19,51,0.373,7,27,0.259,9,10,0.9,5,9,14,17,5,1,7,12,54
0012100022,1610612766,Hornets,CHA,Charlotte,Bench,81.000000:39,8,28,0.286,2,10,0.2,5,7,0.714,4,10,14,8,5,1,4,4,23
