GAME_ID,TEAM_ID,TEAM_NAME,TEAM_ABBREVIATION,TEAM_CITY,STARTERS_BENCH,MIN,FGM,FGA,FG_PCT,FG3M,FG3A,FG3_PCT,FTM,FTA,FT_PCT,OREB,DREB,REB,AST,STL,BLK,TO,PF,PTS
0022100499,1610612754,Pacers,IND,Indiana,Starters,171.000000:16,34,78,0.436,7,23,0.304,11,17,0.647,11,21,32,19,8,3,6,12,86
0022100499,1610612754,Pacers,IND,Indiana,Bench,68.000000:44,7,16,0.438,1,7,0.143,4,4,1.0,3,10,13,4,1,2,3,4,19
0022100499,1610612741,Bulls,CHI,Chicago,Starters,163.000000:35,35,62,0.565,9,18,0.5,14,18,0.778,2,26,28,13,5,4,12,14,93
0022100499,1610612741,Bulls,CHI,Chicago,Bench,53.000000:01,5,10,0.5,2,4,0.5,2,2,1.0,0,10,10,4,0,1,1,5,14
