GAME_ID,TEAM_ID,TEAM_NAME,TEAM_ABBREVIATION,TEAM_CITY,STARTERS_BENCH,MIN,FGM,FGA,FG_PCT,FG3M,FG3A,FG3_PCT,FTM,FTA,FT_PCT,OREB,DREB,REB,AST,STL,BLK,TO,PF,PTS
2012100005,1612709911,Wolves,IWA,Iowa,Starters,137.000000:34,27,55,0.491,13,28,0.464,5,9,0.556,5,24,29,15,7,1,10,14,76
2012100005,1612709911,Wolves,IWA,Iowa,Bench,79.000000:36,9,26,0.346,3,11,0.273,1,2,0.5,4,11,15,5,2,3,8,12,22
2012100005,1612709930,Ignite,GLI,G League,Starters,138.000000:43,16,47,0.34,2,15,0.133,5,10,0.5,5,24,29,10,4,2,14,10,43
2012100005,1612709930,Ignite,GLI,G League,Bench,33.000000:58,4,11,0.364,1,3,0.333,1,2,0.5,2,6,8,3,0,1,2,1,10
