GAME_ID,TEAM_ID,TEAM_NAME,TEAM_ABBREVIATION,TEAM_CITY,STARTERS_BENCH,MIN,FGM,FGA,FG_PCT,FG3M,FG3A,FG3_PCT,FTM,FTA,FT_PCT,OREB,DREB,REB,AST,STL,BLK,TO,PF,PTS
0022100261,1610612762,Jazz,UTA,Utah,Starters,157.000000:54,32,62,0.516,16,32,0.5,13,16,0.813,6,26,32,20,3,5,11,13,93
0022100261,1610612762,Jazz,UTA,Utah,Bench,66.000000:58,5,18,0.278,1,11,0.091,2,3,0.667,1,7,8,6,2,3,2,3,13
0022100261,1610612763,Grizzlies,MEM,Memphis,Starters,152.000000:30,34,78,0.436,12,31,0.387,17,21,0.81,11,21,32,19,10,3,5,11,97
0022100261,1610612763,Grizzlies,MEM,Memphis,Bench,61.000000:43,5,12,0.417,1,3,0.333,1,2,0.5,1,8,9,4,0,0,1,4,12
