GAME_ID,TEAM_ID,TEAM_NAME,TEAM_ABBREVIATION,TEAM_CITY,STARTERS_BENCH,MIN,FGM,FGA,FG_PCT,FG3M,FG3A,FG3_PCT,FTM,FTA,FT_PCT,OREB,DREB,REB,AST,STL,BLK,TO,PF,PTS
0022100544,1610612762,Jazz,UTA,Utah,Starters,169.000000:53,29,63,0.46,10,29,0.345,19,25,0.76,13,27,40,17,4,0,10,12,87
0022100544,1610612762,Jazz,UTA,Utah,Bench,70.000000:07,11,29,0.379,4,15,0.267,3,3,1.0,2,3,5,2,3,0,3,9,29
0022100544,1610612744,Warriors,GSW,Golden State,Starters,168.000000:44,35,68,0.515,14,27,0.519,9,15,0.6,5,19,24,28,8,1,7,12,93
0022100544,1610612744,Warriors,GSW,Golden State,Bench,58.000000:52,10,17,0.588,3,5,0.6,3,4,0.75,2,10,12,11,2,1,5,11,26
