GAME_ID,TEAM_ID,TEAM_NAME,TEAM_ABBREVIATION,TEAM_CITY,STARTERS_BENCH,MIN,FGM,FGA,FG_PCT,FG3M,FG3A,FG3_PCT,FTM,FTA,FT_PCT,OREB,DREB,REB,AST,STL,BLK,TO,PF,PTS
2052100011,1612709932,Cruise,MCC,Motor City,Starters,167.000000:23,35,75,0.467,11,27,0.407,12,12,1.0,12,27,39,23,6,1,6,9,104
2052100011,1612709932,Cruise,MCC,Motor City,Bench,72.000000:37,15,32,0.469,5,12,0.417,1,1,1.0,9,6,15,4,2,3,7,6,36
2052100011,1612709893,Charge,CLC,Cleveland,Starters,148.000000:27,35,63,0.556,12,30,0.4,2,2,1.0,4,17,21,15,3,3,16,14,85
2052100011,1612709893,Charge,CLC,Cleveland,Bench,91.000000:33,13,31,0.419,2,13,0.154,4,6,0.667,4,12,16,3,2,5,4,11,32
