GAME_ID,TEAM_ID,TEAM_NAME,TEAM_ABBREVIATION,TEAM_CITY,STARTERS_BENCH,MIN,FGM,FGA,FG_PCT,FG3M,FG3A,FG3_PCT,FTM,FTA,FT_PCT,OREB,DREB,REB,AST,STL,BLK,TO,PF,PTS
2022100424,1612709927,Herd,WIS,Wisconsin,Starters,136.000000:47,24,53,0.453,3,24,0.125,7,12,0.583,3,21,24,15,2,3,10,9,60
2022100424,1612709927,Herd,WIS,Wisconsin,Bench,89.000000:58,15,32,0.469,0,10,0.0,3,6,0.5,2,11,13,7,3,4,4,11,36
2022100424,1612709928,Go-Go,CCG,Capital City,Starters,144.000000:06,30,65,0.462,6,22,0.273,3,4,0.75,8,29,37,15,3,4,5,15,70
2022100424,1612709928,Go-Go,CCG,Capital City,Bench,95.000000:54,22,48,0.458,2,13,0.154,8,8,1.0,10,14,24,20,5,0,4,7,61
