GAME_ID,TEAM_ID,TEAM_NAME,TEAM_ABBREVIATION,TEAM_CITY,STARTERS_BENCH,MIN,FGM,FGA,FG_PCT,FG3M,FG3A,FG3_PCT,FTM,FTA,FT_PCT,OREB,DREB,REB,AST,STL,BLK,TO,PF,PTS
0022100097,1610612764,Wizards,WAS,Washington,Starters,141.000000:13,28,63,0.444,10,31,0.323,5,5,1.0,5,17,22,17,4,3,7,14,71
0022100097,1610612764,Wizards,WAS,Washington,Bench,76.000000:28,11,17,0.647,3,5,0.6,7,7,1.0,2,11,13,5,2,1,3,7,32
0022100097,1610612737,Hawks,ATL,Atlanta,Starters,161.000000:58,27,52,0.519,6,17,0.353,21,21,1.0,7,26,33,19,4,3,7,11,81
0022100097,1610612737,Hawks,ATL,Atlanta,Bench,78.000000:02,11,31,0.355,7,17,0.412,8,8,1.0,6,8,14,5,5,2,4,6,37
