GAME_ID,TEAM_ID,TEAM_NAME,TEAM_ABBREVIATION,TEAM_CITY,STARTERS_BENCH,MIN,FGM,FGA,FG_PCT,FG3M,FG3A,FG3_PCT,FTM,FTA,FT_PCT,OREB,DREB,REB,AST,STL,BLK,TO,PF,PTS
0022100943,1610612744,Warriors,GSW,Golden State,Starters,152.000000:08,28,57,0.491,7,17,0.412,5,7,0.714,8,17,25,20,4,2,9,12,68
0022100943,1610612744,Warriors,GSW,Golden State,Bench,87.000000:53,16,24,0.667,8,13,0.615,5,6,0.833,2,10,12,6,3,3,6,7,45
0022100943,1610612742,Mavericks,DAL,Dallas,Starters,179.000000:46,37,67,0.552,14,30,0.467,12,16,0.75,7,20,27,21,6,1,8,10,100
0022100943,1610612742,Mavericks,DAL,Dallas,Bench,56.000000:32,7,17,0.412,3,7,0.429,3,4,0.75,1,4,5,8,1,0,1,5,20
