GAME_ID,TEAM_ID,TEAM_NAME,TEAM_ABBREVIATION,TEAM_CITY,STARTERS_BENCH,MIN,FGM,FGA,FG_PCT,FG3M,FG3A,FG3_PCT,FTM,FTA,FT_PCT,OREB,DREB,REB,AST,STL,BLK,TO,PF,PTS
0022100478,1610612755,76ers,PHI,Philadelphia,Starters,163.000000:42,22,54,0.407,4,16,0.25,17,18,0.944,4,17,21,14,5,5,7,9,65
0022100478,1610612755,76ers,PHI,Philadelphia,Bench,76.000000:18,11,26,0.423,2,11,0.182,7,8,0.875,4,13,17,6,3,2,1,4,31
0022100478,1610612737,Hawks,ATL,Atlanta,Starters,159.000000:22,28,50,0.56,4,9,0.444,7,8,0.875,8,22,30,16,4,4,7,8,67
0022100478,1610612737,Hawks,ATL,Atlanta,Bench,80.000000:38,9,32,0.281,3,15,0.2,10,11,0.909,3,13,16,4,1,0,3,11,31
