GAME_ID,TEAM_ID,TEAM_NAME,TEAM_ABBREVIATION,TEAM_CITY,STARTERS_BENCH,MIN,FGM,FGA,FG_PCT,FG3M,FG3A,FG3_PCT,FTM,FTA,FT_PCT,OREB,DREB,REB,AST,STL,BLK,TO,PF,PTS
0022100256,1610612745,Rockets,HOU,Houston,Starters,117.000000:19,13,40,0.325,2,17,0.118,7,9,0.778,1,21,22,7,0,2,7,9,35
0022100256,1610612745,Rockets,HOU,Houston,Bench,122.000000:41,18,43,0.419,9,25,0.36,10,15,0.667,3,17,20,12,5,2,7,11,55
0022100256,1610612738,Celtics,BOS,Boston,Starters,131.000000:10,24,52,0.462,8,23,0.348,13,13,1.0,6,32,38,13,5,2,6,13,69
0022100256,1610612738,Celtics,BOS,Boston,Bench,108.000000:50,15,40,0.375,4,12,0.333,5,6,0.833,5,15,20,6,5,1,8,11,39
