GAME_ID,TEAM_ID,TEAM_NAME,TEAM_ABBREVIATION,TEAM_CITY,STARTERS_BENCH,MIN,FGM,FGA,FG_PCT,FG3M,FG3A,FG3_PCT,FTM,FTA,FT_PCT,OREB,DREB,REB,AST,STL,BLK,TO,PF,PTS
0022100784,1610612761,Raptors,TOR,Toronto,Starters,191.000000:04,32,68,0.471,10,22,0.455,20,27,0.741,11,21,32,16,8,1,12,17,94
0022100784,1610612761,Raptors,TOR,Toronto,Bench,44.000000:15,7,13,0.538,2,4,0.5,0,2,0.0,4,7,11,4,1,2,2,7,16
0022100784,1610612748,Heat,MIA,Miami,Starters,151.000000:19,23,50,0.46,3,16,0.188,19,21,0.905,7,19,26,21,7,1,9,15,68
0022100784,1610612748,Heat,MIA,Miami,Bench,88.000000:41,15,28,0.536,5,14,0.357,3,4,0.75,3,9,12,5,1,0,7,10,38
