GAME_ID,TEAM_ID,TEAM_NAME,TEAM_ABBREVIATION,TEAM_CITY,STARTERS_BENCH,MIN,FGM,FGA,FG_PCT,FG3M,FG3A,FG3_PCT,FTM,FTA,FT_PCT,OREB,DREB,REB,AST,STL,BLK,TO,PF,PTS
0022101204,1610612764,Wizards,WAS,Washington,Starters,119.000000:31,21,40,0.525,6,16,0.375,5,7,0.714,1,16,17,13,2,2,7,7,53
0022101204,1610612764,Wizards,WAS,Washington,Bench,104.000000:42,12,23,0.522,3,9,0.333,8,10,0.8,0,19,19,8,3,3,14,10,35
0022101204,1610612752,Knicks,NYK,New York,Starters,147.000000:13,28,59,0.475,11,25,0.44,11,15,0.733,6,20,26,13,6,3,5,13,78
0022101204,1610612752,Knicks,NYK,New York,Bench,92.000000:47,13,29,0.448,5,14,0.357,5,5,1.0,4,12,16,14,7,0,5,6,36
