GAME_ID,TEAM_ID,TEAM_NAME,TEAM_ABBREVIATION,TEAM_CITY,STARTERS_BENCH,MIN,FGM,FGA,FG_PCT,FG3M,FG3A,FG3_PCT,FTM,FTA,FT_PCT,OREB,DREB,REB,AST,STL,BLK,TO,PF,PTS
0022100905,1610612765,Pistons,DET,Detroit,Starters,155.000000:19,27,61,0.443,4,18,0.222,15,16,0.938,6,23,29,9,0,3,7,13,73
0022100905,1610612765,Pistons,DET,Detroit,Bench,84.000000:41,12,26,0.462,3,9,0.333,4,6,0.667,4,8,12,9,4,1,7,9,31
0022100905,1610612738,Celtics,BOS,Boston,Starters,167.000000:13,29,67,0.433,6,17,0.353,14,16,0.875,8,22,30,19,4,4,5,18,78
0022100905,1610612738,Celtics,BOS,Boston,Bench,72.000000:47,13,21,0.619,4,9,0.444,5,5,1.0,2,5,7,12,1,2,5,3,35
