GAME_ID,TEAM_ID,TEAM_NAME,TEAM_ABBREVIATION,TEAM_CITY,STARTERS_BENCH,MIN,FGM,FGA,FG_PCT,FG3M,FG3A,FG3_PCT,FTM,FTA,FT_PCT,OREB,DREB,REB,AST,STL,BLK,TO,PF,PTS
0022100814,1610612762,Jazz,UTA,Utah,Starters,156.000000:25,29,70,0.414,8,35,0.229,17,20,0.85,11,21,32,14,4,6,7,16,83
0022100814,1610612762,Jazz,UTA,Utah,Bench,63.000000:14,10,22,0.455,4,13,0.308,3,3,1.0,2,7,9,4,2,0,3,4,27
0022100814,1610612752,Knicks,NYK,New York,Starters,179.000000:28,33,78,0.423,7,24,0.292,20,29,0.69,18,26,44,14,6,3,10,16,93
0022100814,1610612752,Knicks,NYK,New York,Bench,60.000000:32,3,17,0.176,1,9,0.111,4,6,0.667,2,10,12,4,2,0,6,7,11
