GAME_ID,TEAM_ID,TEAM_NAME,TEAM_ABBREVIATION,TEAM_CITY,STARTERS_BENCH,MIN,FGM,FGA,FG_PCT,FG3M,FG3A,FG3_PCT,FTM,FTA,FT_PCT,OREB,DREB,REB,AST,STL,BLK,TO,PF,PTS
2022100367,1612709923,Bulls,WCB,Windy City,Starters,140.000000:10,29,52,0.558,4,13,0.308,6,12,0.5,4,25,29,16,5,1,7,14,73
2022100367,1612709923,Bulls,WCB,Windy City,Bench,61.000000:42,10,19,0.526,6,13,0.462,2,4,0.5,2,9,11,4,2,3,2,5,30
2022100367,1612709917,Gold,GRG,Grand Rapids,Starters,146.000000:17,30,60,0.5,10,25,0.4,8,12,0.667,9,23,32,14,5,1,3,9,82
2022100367,1612709917,Gold,GRG,Grand Rapids,Bench,54.000000:19,8,20,0.4,0,2,0.0,1,2,0.5,3,5,8,7,2,4,7,5,17
