GAME_ID,TEAM_ID,TEAM_NAME,TEAM_ABBREVIATION,TEAM_CITY,STARTERS_BENCH,MIN,FGM,FGA,FG_PCT,FG3M,FG3A,FG3_PCT,FTM,FTA,FT_PCT,OREB,DREB,REB,AST,STL,BLK,TO,PF,PTS
0022100238,1610612761,Raptors,TOR,Toronto,Starters,154.000000:37,28,58,0.483,10,22,0.455,14,17,0.824,7,24,31,15,7,6,12,14,80
0022100238,1610612761,Raptors,TOR,Toronto,Bench,85.000000:23,10,26,0.385,2,9,0.222,6,7,0.857,6,16,22,5,2,3,2,10,28
0022100238,1610612758,Kings,SAC,Sacramento,Starters,124.000000:47,20,43,0.465,4,12,0.333,11,13,0.846,2,16,18,7,7,2,9,9,55
0022100238,1610612758,Kings,SAC,Sacramento,Bench,105.000000:45,12,41,0.293,5,25,0.2,5,12,0.417,9,13,22,8,0,2,4,7,34
