GAME_ID,TEAM_ID,TEAM_NAME,TEAM_ABBREVIATION,TEAM_CITY,STARTERS_BENCH,MIN,FGM,FGA,FG_PCT,FG3M,FG3A,FG3_PCT,FTM,FTA,FT_PCT,OREB,DREB,REB,AST,STL,BLK,TO,PF,PTS
0022100742,1610612759,Spurs,SAS,San Antonio,Starters,163.000000:36,37,70,0.529,11,24,0.458,13,16,0.813,6,27,33,28,3,1,6,12,98
0022100742,1610612759,Spurs,SAS,San Antonio,Bench,60.000000:44,11,22,0.5,5,12,0.417,2,2,1.0,0,5,5,5,0,0,0,4,29
0022100742,1610612741,Bulls,CHI,Chicago,Starters,166.000000:41,37,73,0.507,4,21,0.19,20,22,0.909,3,23,26,21,5,2,5,12,98
0022100742,1610612741,Bulls,CHI,Chicago,Bench,73.000000:19,9,15,0.6,4,9,0.444,2,4,0.5,1,10,11,1,0,0,1,4,24
