GAME_ID,TEAM_ID,TEAM_NAME,TEAM_ABBREVIATION,TEAM_CITY,STARTERS_BENCH,MIN,FGM,FGA,FG_PCT,FG3M,FG3A,FG3_PCT,FTM,FTA,FT_PCT,OREB,DREB,REB,AST,STL,BLK,TO,PF,PTS
2022100371,1612709919,Knicks,WES,Westchester,Starters,159.000000:53,20,56,0.357,10,28,0.357,7,10,0.7,7,21,28,18,3,2,13,15,60
2022100371,1612709919,Knicks,WES,Westchester,Bench,80.000000:07,11,27,0.407,2,6,0.333,4,4,1.0,7,9,16,3,5,1,4,7,32
2022100371,1612709928,Go-Go,CCG,Capital City,Starters,151.000000:58,22,48,0.458,7,12,0.583,5,5,1.0,5,21,26,16,5,3,11,10,61
2022100371,1612709928,Go-Go,CCG,Capital City,Bench,88.000000:02,18,30,0.6,4,10,0.4,4,8,0.5,2,17,19,11,2,1,6,10,47
