GAME_ID,TEAM_ID,TEAM_NAME,TEAM_ABBREVIATION,TEAM_CITY,STARTERS_BENCH,MIN,FGM,FGA,FG_PCT,FG3M,FG3A,FG3_PCT,FTM,FTA,FT_PCT,OREB,DREB,REB,AST,STL,BLK,TO,PF,PTS
2022100344,1612709919,Knicks,WES,Westchester,Starters,154.000000:18,29,54,0.537,13,24,0.542,7,8,0.875,3,19,22,24,4,3,20,8,81
2022100344,1612709919,Knicks,WES,Westchester,Bench,85.000000:42,13,34,0.382,3,11,0.273,1,5,0.2,8,17,25,5,2,0,7,10,30
2022100344,1612709909,Blue Coats,DEL,Delaware,Starters,119.000000:45,31,58,0.534,8,22,0.364,8,10,0.8,5,20,25,26,10,5,7,10,84
2022100344,1612709909,Blue Coats,DEL,Delaware,Bench,120.000000:15,21,38,0.553,11,21,0.524,6,8,0.75,3,17,20,17,12,0,4,10,62
