GAME_ID,TEAM_ID,TEAM_NAME,TEAM_ABBREVIATION,TEAM_CITY,STARTERS_BENCH,MIN,FGM,FGA,FG_PCT,FG3M,FG3A,FG3_PCT,FTM,FTA,FT_PCT,OREB,DREB,REB,AST,STL,BLK,TO,PF,PTS
0042100164,1610612744,Warriors,GSW,Golden State,Starters,152.000000:22,30,54,0.556,9,20,0.45,9,11,0.818,8,20,28,17,10,2,9,17,78
0042100164,1610612744,Warriors,GSW,Golden State,Bench,80.000000:50,13,31,0.419,3,13,0.231,14,21,0.667,1,7,8,9,4,1,6,10,43
0042100164,1610612743,Nuggets,DEN,Denver,Starters,149.000000:24,29,51,0.569,11,20,0.55,22,25,0.88,4,18,22,16,3,2,13,15,91
0042100164,1610612743,Nuggets,DEN,Denver,Bench,90.000000:36,12,22,0.545,4,11,0.364,7,11,0.636,1,10,11,12,6,0,7,16,35
