GAME_ID,TEAM_ID,TEAM_NAME,TEAM_ABBREVIATION,TEAM_CITY,STARTERS_BENCH,MIN,FGM,FGA,FG_PCT,FG3M,FG3A,FG3_PCT,FTM,FTA,FT_PCT,OREB,DREB,REB,AST,STL,BLK,TO,PF,PTS
0022100146,1610612746,Clippers,LAC,LA,Starters,153.000000:23,27,59,0.458,10,32,0.313,12,12,1.0,4,29,33,17,6,4,17,7,76
0022100146,1610612746,Clippers,LAC,LA,Bench,82.000000:51,14,27,0.519,8,16,0.5,8,9,0.889,3,13,16,7,2,1,3,9,44
0022100146,1610612766,Hornets,CHA,Charlotte,Starters,161.000000:24,29,76,0.382,7,24,0.292,11,13,0.846,9,23,32,15,9,1,7,12,76
0022100146,1610612766,Hornets,CHA,Charlotte,Bench,78.000000:37,12,25,0.48,3,9,0.333,3,5,0.6,3,9,12,5,4,1,6,9,30
