GAME_ID,TEAM_ID,TEAM_NAME,TEAM_ABBREVIATION,TEAM_CITY,STARTERS_BENCH,MIN,FGM,FGA,FG_PCT,FG3M,FG3A,FG3_PCT,FTM,FTA,FT_PCT,OREB,DREB,REB,AST,STL,BLK,TO,PF,PTS
0022100332,1610612759,Spurs,SAS,San Antonio,Starters,149.000000:37,28,61,0.459,10,25,0.4,5,8,0.625,4,30,34,24,4,5,5,10,71
0022100332,1610612759,Spurs,SAS,San Antonio,Bench,90.000000:23,16,30,0.533,4,11,0.364,7,8,0.875,2,12,14,8,6,0,7,5,43
0022100332,1610612757,Trail Blazers,POR,Portland,Starters,123.000000:22,17,49,0.347,6,17,0.353,12,14,0.857,5,16,21,6,2,4,10,10,52
0022100332,1610612757,Trail Blazers,POR,Portland,Bench,116.000000:38,12,33,0.364,6,17,0.353,1,3,0.333,3,17,20,13,6,2,8,10,31
