GAME_ID,TEAM_ID,TEAM_NAME,TEAM_ABBREVIATION,TEAM_CITY,STARTERS_BENCH,MIN,FGM,FGA,FG_PCT,FG3M,FG3A,FG3_PCT,FTM,FTA,FT_PCT,OREB,DREB,REB,AST,STL,BLK,TO,PF,PTS
0022100879,1610612757,Trail Blazers,POR,Portland,Starters,169.000000:40,35,66,0.53,11,24,0.458,21,28,0.75,11,19,30,19,4,2,10,17,102
0022100879,1610612757,Trail Blazers,POR,Portland,Bench,70.000000:20,8,19,0.421,2,8,0.25,3,4,0.75,2,11,13,4,2,3,2,10,21
0022100879,1610612763,Grizzlies,MEM,Memphis,Starters,154.000000:56,26,59,0.441,8,25,0.32,29,34,0.853,5,16,21,16,2,5,8,18,89
0022100879,1610612763,Grizzlies,MEM,Memphis,Bench,60.000000:29,8,19,0.421,1,3,0.333,2,2,1.0,5,9,14,2,4,2,0,8,19
