GAME_ID,TEAM_ID,TEAM_NAME,TEAM_ABBREVIATION,TEAM_CITY,STARTERS_BENCH,MIN,FGM,FGA,FG_PCT,FG3M,FG3A,FG3_PCT,FTM,FTA,FT_PCT,OREB,DREB,REB,AST,STL,BLK,TO,PF,PTS
0012100044,1610612758,Kings,SAC,Sacramento,Starters,120.000000:32,20,44,0.455,10,21,0.476,6,8,0.75,2,9,11,15,7,0,7,11,56
0012100044,1610612758,Kings,SAC,Sacramento,Bench,119.000000:28,19,45,0.422,7,24,0.292,6,7,0.857,4,16,20,10,8,1,6,10,51
0012100044,1610612757,Trail Blazers,POR,Portland,Starters,123.000000:41,15,36,0.417,2,16,0.125,9,11,0.818,2,15,17,7,4,3,14,7,41
0012100044,1610612757,Trail Blazers,POR,Portland,Bench,116.000000:19,19,35,0.543,4,13,0.308,10,13,0.769,6,22,28,10,4,0,13,7,52
