GAME_ID,TEAM_ID,TEAM_NAME,TEAM_ABBREVIATION,TEAM_CITY,STARTERS_BENCH,MIN,FGM,FGA,FG_PCT,FG3M,FG3A,FG3_PCT,FTM,FTA,FT_PCT,OREB,DREB,REB,AST,STL,BLK,TO,PF,PTS
2052100202,1612709904,Skyforce,SXF,Sioux Falls,Starters,163.000000:00,23,66,0.348,7,28,0.25,12,14,0.857,9,27,36,10,7,2,14,11,73
2052100202,1612709904,Skyforce,SXF,Sioux Falls,Bench,68.000000:49,6,24,0.25,2,12,0.167,1,1,1.0,8,10,18,5,2,2,2,5,16
2052100202,1612709914,Kings,STO,Stockton,Starters,165.000000:20,24,60,0.4,5,27,0.185,5,6,0.833,7,29,36,16,2,7,11,16,61
2052100202,1612709914,Kings,STO,Stockton,Bench,74.000000:40,11,28,0.393,4,12,0.333,0,1,0.0,3,5,8,9,5,3,2,6,26
