GAME_ID,TEAM_ID,TEAM_NAME,TEAM_ABBREVIATION,TEAM_CITY,STARTERS_BENCH,MIN,FGM,FGA,FG_PCT,FG3M,FG3A,FG3_PCT,FTM,FTA,FT_PCT,OREB,DREB,REB,AST,STL,BLK,TO,PF,PTS
0022100628,1610612750,Timberwolves,MIN,Minnesota,Starters,172.000000:20,36,70,0.514,13,33,0.394,10,12,0.833,8,27,35,19,4,5,12,20,95
0022100628,1610612750,Timberwolves,MIN,Minnesota,Bench,67.000000:40,5,26,0.192,2,15,0.133,1,2,0.5,4,7,11,4,0,3,3,6,13
0022100628,1610612763,Grizzlies,MEM,Memphis,Starters,137.000000:38,21,50,0.42,4,20,0.2,22,29,0.759,6,16,22,15,6,6,12,10,68
0022100628,1610612763,Grizzlies,MEM,Memphis,Bench,87.000000:12,18,34,0.529,4,11,0.364,2,2,1.0,9,23,32,7,2,1,1,4,42
