GAME_ID,TEAM_ID,TEAM_NAME,TEAM_ABBREVIATION,TEAM_CITY,STARTERS_BENCH,MIN,FGM,FGA,FG_PCT,FG3M,FG3A,FG3_PCT,FTM,FTA,FT_PCT,OREB,DREB,REB,AST,STL,BLK,TO,PF,PTS
2022100464,1612709927,Herd,WIS,Wisconsin,Starters,161.000000:21,28,57,0.491,10,22,0.455,3,9,0.333,7,22,29,18,4,3,7,10,71
2022100464,1612709927,Herd,WIS,Wisconsin,Bench,62.000000:40,12,27,0.444,5,16,0.313,1,2,0.5,1,10,11,3,1,1,1,2,31
2022100464,1612709917,Gold,GRG,Grand Rapids,Starters,178.000000:47,34,63,0.54,12,24,0.5,1,5,0.2,6,33,39,23,3,4,10,11,82
2022100464,1612709917,Gold,GRG,Grand Rapids,Bench,61.000000:13,11,26,0.423,4,11,0.364,3,6,0.5,6,9,15,8,2,0,4,8,29
