GAME_ID,TEAM_ID,TEAM_NAME,TEAM_ABBREVIATION,TEAM_CITY,STARTERS_BENCH,MIN,FGM,FGA,FG_PCT,FG3M,FG3A,FG3_PCT,FTM,FTA,FT_PCT,OREB,DREB,REB,AST,STL,BLK,TO,PF,PTS
0022100661,1610612757,Trail Blazers,POR,Portland,Starters,168.000000:50,28,64,0.438,3,19,0.158,11,12,0.917,10,36,46,17,8,7,15,10,70
0022100661,1610612757,Trail Blazers,POR,Portland,Bench,71.000000:10,9,26,0.346,4,15,0.267,6,6,1.0,1,8,9,3,1,1,2,7,28
0022100661,1610612753,Magic,ORL,Orlando,Starters,140.000000:21,19,55,0.345,3,20,0.15,5,10,0.5,7,18,25,12,5,1,11,10,46
0022100661,1610612753,Magic,ORL,Orlando,Bench,79.000000:22,13,30,0.433,4,10,0.4,7,10,0.7,3,13,16,8,4,2,3,4,37
