GAME_ID,TEAM_ID,TEAM_NAME,TEAM_ABBREVIATION,TEAM_CITY,STARTERS_BENCH,MIN,FGM,FGA,FG_PCT,FG3M,FG3A,FG3_PCT,FTM,FTA,FT_PCT,OREB,DREB,REB,AST,STL,BLK,TO,PF,PTS
0022100012,1610612756,Suns,PHX,Phoenix,Starters,153.000000:48,22,57,0.386,7,25,0.28,9,12,0.75,6,21,27,18,6,2,10,11,60
0022100012,1610612756,Suns,PHX,Phoenix,Bench,71.000000:49,11,21,0.524,6,9,0.667,0,0,0.0,4,12,16,2,2,1,5,5,28
0022100012,1610612743,Nuggets,DEN,Denver,Starters,159.000000:40,35,60,0.583,11,24,0.458,2,5,0.4,5,30,35,19,5,1,9,11,83
0022100012,1610612743,Nuggets,DEN,Denver,Bench,80.000000:20,9,23,0.391,6,15,0.4,3,4,0.75,1,10,11,6,4,0,8,9,27
