GAME_ID,TEAM_ID,TEAM_NAME,TEAM_ABBREVIATION,TEAM_CITY,STARTERS_BENCH,MIN,FGM,FGA,FG_PCT,FG3M,FG3A,FG3_PCT,FTM,FTA,FT_PCT,OREB,DREB,REB,AST,STL,BLK,TO,PF,PTS
0022101073,1610612757,Trail Blazers,POR,Portland,Starters,150.000000:11,24,53,0.453,2,9,0.222,29,36,0.806,15,19,34,14,10,5,8,13,79
0022101073,1610612757,Trail Blazers,POR,Portland,Bench,89.000000:49,13,35,0.371,6,19,0.316,8,13,0.615,2,11,13,8,5,2,1,13,40
0022101073,1610612765,Pistons,DET,Detroit,Starters,164.000000:48,28,60,0.467,6,20,0.3,23,25,0.92,9,26,35,17,6,4,16,20,85
0022101073,1610612765,Pistons,DET,Detroit,Bench,75.000000:13,8,25,0.32,3,15,0.2,11,16,0.688,3,10,13,5,2,1,2,14,30
