GAME_ID,TEAM_ID,TEAM_NAME,TEAM_ABBREVIATION,TEAM_CITY,STARTERS_BENCH,MIN,FGM,FGA,FG_PCT,FG3M,FG3A,FG3_PCT,FTM,FTA,FT_PCT,OREB,DREB,REB,AST,STL,BLK,TO,PF,PTS
2052100112,1612709926,Hustle,MHU,Memphis,Starters,190.000000:46,28,68,0.412,10,33,0.303,7,11,0.636,9,31,40,16,7,6,10,10,79
2052100112,1612709926,Hustle,MHU,Memphis,Bench,49.000000:14,5,22,0.227,2,10,0.2,3,5,0.6,2,2,4,3,2,0,2,4,18
2052100112,1612709925,Magic,LAK,Lakeland,Starters,149.000000:23,37,76,0.487,15,35,0.429,4,4,1.0,11,33,44,15,4,4,11,16,96
2052100112,1612709925,Magic,LAK,Lakeland,Bench,90.000000:37,8,25,0.32,0,10,0.0,4,4,1.0,3,14,17,12,2,1,3,6,22
