GAME_ID,TEAM_ID,TEAM_NAME,TEAM_ABBREVIATION,TEAM_CITY,STARTERS_BENCH,MIN,FGM,FGA,FG_PCT,FG3M,FG3A,FG3_PCT,FTM,FTA,FT_PCT,OREB,DREB,REB,AST,STL,BLK,TO,PF,PTS
2022100215,1612709889,Blue,OKL,Oklahoma City,Starters,157.000000:19,22,51,0.431,5,17,0.294,8,10,0.8,8,25,33,15,6,2,12,20,63
2022100215,1612709889,Blue,OKL,Oklahoma City,Bench,65.000000:51,11,27,0.407,3,13,0.231,6,11,0.545,0,9,9,4,3,3,5,5,36
2022100215,1612709890,Spurs,AUS,Austin,Starters,138.000000:14,21,52,0.404,5,22,0.227,13,16,0.813,3,24,27,14,7,2,8,15,63
2022100215,1612709890,Spurs,AUS,Austin,Bench,101.000000:46,19,32,0.594,2,6,0.333,3,6,0.5,3,18,21,14,6,0,8,11,46
