GAME_ID,TEAM_ID,TEAM_NAME,TEAM_ABBREVIATION,TEAM_CITY,STARTERS_BENCH,MIN,FGM,FGA,FG_PCT,FG3M,FG3A,FG3_PCT,FTM,FTA,FT_PCT,OREB,DREB,REB,AST,STL,BLK,TO,PF,PTS
0022100803,1610612750,Timberwolves,MIN,Minnesota,Starters,158.000000:45,26,59,0.441,8,20,0.4,15,17,0.882,6,24,30,18,4,2,6,13,75
0022100803,1610612750,Timberwolves,MIN,Minnesota,Bench,78.000000:58,15,29,0.517,9,16,0.563,2,4,0.5,4,16,20,9,2,5,4,6,41
0022100803,1610612765,Pistons,DET,Detroit,Starters,148.000000:55,23,55,0.418,10,22,0.455,9,13,0.692,11,19,30,13,3,8,7,12,65
0022100803,1610612765,Pistons,DET,Detroit,Bench,91.000000:05,17,40,0.425,2,10,0.2,4,6,0.667,3,14,17,15,3,1,3,10,40
