GAME_ID,TEAM_ID,TEAM_NAME,TEAM_ABBREVIATION,TEAM_CITY,STARTERS_BENCH,MIN,FGM,FGA,FG_PCT,FG3M,FG3A,FG3_PCT,FTM,FTA,FT_PCT,OREB,DREB,REB,AST,STL,BLK,TO,PF,PTS
0022100824,1610612758,Kings,SAC,Sacramento,Starters,136.000000:12,29,54,0.537,7,17,0.412,17,18,0.944,3,18,21,18,3,2,12,12,82
0022100824,1610612758,Kings,SAC,Sacramento,Bench,103.000000:48,12,29,0.414,2,8,0.25,6,8,0.75,2,15,17,11,1,1,7,8,32
0022100824,1610612750,Timberwolves,MIN,Minnesota,Starters,121.000000:11,25,59,0.424,6,20,0.3,6,9,0.667,11,16,27,18,2,3,7,11,62
0022100824,1610612750,Timberwolves,MIN,Minnesota,Bench,118.000000:49,25,45,0.556,16,24,0.667,6,8,0.75,5,17,22,16,8,1,5,13,72
