GAME_ID,TEAM_ID,TEAM_NAME,TEAM_ABBREVIATION,TEAM_CITY,STARTERS_BENCH,MIN,FGM,FGA,FG_PCT,FG3M,FG3A,FG3_PCT,FTM,FTA,FT_PCT,OREB,DREB,REB,AST,STL,BLK,TO,PF,PTS
2072100014,1612709930,Ignite,GLI,G League,Starters,153.000000:13,26,64,0.406,8,27,0.296,5,6,0.833,7,22,29,16,4,4,10,12,68
2072100014,1612709930,Ignite,GLI,G League,Bench,68.000000:28,9,26,0.346,2,7,0.286,0,1,0.0,1,10,11,9,6,1,3,6,20
2072100014,1612709893,Charge,CLC,Cleveland,Starters,154.000000:15,28,60,0.467,10,28,0.357,8,17,0.471,10,29,39,12,5,5,12,8,79
2072100014,1612709893,Charge,CLC,Cleveland,Bench,60.000000:42,4,18,0.222,1,5,0.2,3,3,1.0,1,14,15,1,2,4,1,3,15
