GAME_ID,TEAM_ID,TEAM_NAME,TEAM_ABBREVIATION,TEAM_CITY,STARTERS_BENCH,MIN,FGM,FGA,FG_PCT,FG3M,FG3A,FG3_PCT,FTM,FTA,FT_PCT,OREB,DREB,REB,AST,STL,BLK,TO,PF,PTS
2022100179,1612709921,Nets,LIN,Long Island,Starters,157.000000:09,22,64,0.344,5,25,0.2,10,11,0.909,10,24,34,9,8,0,8,10,66
2022100179,1612709921,Nets,LIN,Long Island,Bench,65.000000:29,7,20,0.35,2,6,0.333,2,3,0.667,3,8,11,7,3,2,3,6,20
2022100179,1612709925,Magic,LAK,Lakeland,Starters,161.000000:14,18,50,0.36,5,23,0.217,3,5,0.6,5,22,27,15,4,5,11,10,47
2022100179,1612709925,Magic,LAK,Lakeland,Bench,65.000000:25,11,23,0.478,7,13,0.538,3,3,1.0,3,7,10,2,2,1,4,6,35
