GAME_ID,TEAM_ID,TEAM_NAME,TEAM_ABBREVIATION,TEAM_CITY,STARTERS_BENCH,MIN,FGM,FGA,FG_PCT,FG3M,FG3A,FG3_PCT,FTM,FTA,FT_PCT,OREB,DREB,REB,AST,STL,BLK,TO,PF,PTS
0022100710,1610612741,Bulls,CHI,Chicago,Starters,165.000000:05,38,68,0.559,8,16,0.5,4,4,1.0,3,20,23,24,3,2,12,17,88
0022100710,1610612741,Bulls,CHI,Chicago,Bench,74.000000:56,14,20,0.7,6,10,0.6,2,3,0.667,2,7,9,6,2,0,1,2,36
0022100710,1610612737,Hawks,ATL,Atlanta,Starters,168.000000:45,34,59,0.576,12,24,0.5,17,20,0.85,5,19,24,19,4,1,4,9,97
0022100710,1610612737,Hawks,ATL,Atlanta,Bench,71.000000:15,10,25,0.4,6,16,0.375,7,8,0.875,3,6,9,7,3,2,1,6,33
