GAME_ID,TEAM_ID,TEAM_NAME,TEAM_ABBREVIATION,TEAM_CITY,STARTERS_BENCH,MIN,FGM,FGA,FG_PCT,FG3M,FG3A,FG3_PCT,FTM,FTA,FT_PCT,OREB,DREB,REB,AST,STL,BLK,TO,PF,PTS
0022100813,1610612760,Thunder,OKC,Oklahoma City,Starters,166.000000:11,28,67,0.418,8,26,0.308,13,17,0.765,12,21,33,12,7,0,13,10,77
0022100813,1610612760,Thunder,OKC,Oklahoma City,Bench,73.000000:49,9,23,0.391,3,10,0.3,0,0,0.0,6,11,17,9,1,2,4,4,21
0022100813,1610612744,Warriors,GSW,Golden State,Starters,143.000000:40,23,51,0.451,10,29,0.345,8,8,1.0,1,22,23,14,7,3,9,11,64
0022100813,1610612744,Warriors,GSW,Golden State,Bench,82.000000:11,16,28,0.571,4,12,0.333,5,9,0.556,4,11,15,16,3,0,6,8,41
