GAME_ID,TEAM_ID,TEAM_NAME,TEAM_ABBREVIATION,TEAM_CITY,STARTERS_BENCH,MIN,FGM,FGA,FG_PCT,FG3M,FG3A,FG3_PCT,FTM,FTA,FT_PCT,OREB,DREB,REB,AST,STL,BLK,TO,PF,PTS
0022100072,1610612754,Pacers,IND,Indiana,Starters,166.000000:04,24,62,0.387,4,18,0.222,6,11,0.545,4,23,27,15,8,5,10,18,58
0022100072,1610612754,Pacers,IND,Indiana,Bench,69.000000:58,13,31,0.419,4,11,0.364,10,12,0.833,7,12,19,5,1,2,4,9,40
0022100072,1610612751,Nets,BKN,Brooklyn,Starters,147.000000:39,20,44,0.455,5,19,0.263,26,30,0.867,4,26,30,16,3,3,15,10,71
0022100072,1610612751,Nets,BKN,Brooklyn,Bench,92.000000:21,14,32,0.438,1,7,0.143,5,11,0.455,6,14,20,4,6,3,3,11,34
