GAME_ID,TEAM_ID,TEAM_NAME,TEAM_ABBREVIATION,TEAM_CITY,STARTERS_BENCH,MIN,FGM,FGA,FG_PCT,FG3M,FG3A,FG3_PCT,FTM,FTA,FT_PCT,OREB,DREB,REB,AST,STL,BLK,TO,PF,PTS
0022100223,1610612757,Trail Blazers,POR,Portland,Starters,159.000000:47,28,63,0.444,8,21,0.381,13,13,1.0,9,15,24,21,6,4,10,11,77
0022100223,1610612757,Trail Blazers,POR,Portland,Bench,76.000000:12,9,21,0.429,3,10,0.3,10,11,0.909,3,16,19,5,4,1,6,8,31
0022100223,1610612741,Bulls,CHI,Chicago,Starters,170.000000:05,31,67,0.463,12,26,0.462,13,16,0.813,6,22,28,20,5,8,12,15,87
0022100223,1610612741,Bulls,CHI,Chicago,Bench,69.000000:55,8,16,0.5,1,3,0.333,3,4,0.75,4,4,8,3,2,1,3,8,20
