GAME_ID,TEAM_ID,TEAM_NAME,TEAM_ABBREVIATION,TEAM_CITY,STARTERS_BENCH,MIN,FGM,FGA,FG_PCT,FG3M,FG3A,FG3_PCT,FTM,FTA,FT_PCT,OREB,DREB,REB,AST,STL,BLK,TO,PF,PTS
2022100275,1612709889,Blue,OKL,Oklahoma City,Starters,164.000000:20,28,68,0.412,7,30,0.233,3,6,0.5,10,26,36,20,1,4,8,13,68
2022100275,1612709889,Blue,OKL,Oklahoma City,Bench,75.000000:41,10,22,0.455,2,11,0.182,4,5,0.8,2,8,10,2,2,0,3,9,28
2022100275,1612709913,Squadron,BIR,Birmingham,Starters,163.000000:00,26,53,0.491,5,17,0.294,13,16,0.813,6,26,32,22,3,3,6,11,74
2022100275,1612709913,Squadron,BIR,Birmingham,Bench,77.000000:00,11,28,0.393,5,17,0.294,1,1,1.0,3,13,16,3,3,0,7,7,28
