GAME_ID,TEAM_ID,TEAM_NAME,TEAM_ABBREVIATION,TEAM_CITY,STARTERS_BENCH,MIN,FGM,FGA,FG_PCT,FG3M,FG3A,FG3_PCT,FTM,FTA,FT_PCT,OREB,DREB,REB,AST,STL,BLK,TO,PF,PTS
0022100466,1610612752,Knicks,NYK,New York,Starters,183.000000:43,27,73,0.37,9,30,0.3,11,13,0.846,4,27,31,19,4,3,11,13,74
0022100466,1610612752,Knicks,NYK,New York,Bench,56.000000:17,13,17,0.765,2,3,0.667,3,6,0.5,9,12,21,3,1,4,1,6,31
0022100466,1610612765,Pistons,DET,Detroit,Starters,159.000000:40,21,62,0.339,6,19,0.316,8,10,0.8,7,28,35,15,7,2,12,13,56
0022100466,1610612765,Pistons,DET,Detroit,Bench,80.000000:20,13,32,0.406,2,14,0.143,7,9,0.778,3,10,13,7,2,2,0,5,35
