GAME_ID,TEAM_ID,TEAM_NAME,TEAM_ABBREVIATION,TEAM_CITY,STARTERS_BENCH,MIN,FGM,FGA,FG_PCT,FG3M,FG3A,FG3_PCT,FTM,FTA,FT_PCT,OREB,DREB,REB,AST,STL,BLK,TO,PF,PTS
0022101036,1610612742,Mavericks,DAL,Dallas,Starters,170.000000:03,36,68,0.529,9,24,0.375,17,17,1.0,8,22,30,17,5,2,9,11,98
0022101036,1610612742,Mavericks,DAL,Dallas,Bench,66.000000:31,5,15,0.333,3,10,0.3,2,2,1.0,1,5,6,4,0,0,1,6,15
0022101036,1610612751,Nets,BKN,Brooklyn,Starters,172.000000:12,34,71,0.479,7,20,0.35,9,11,0.818,14,22,36,22,2,1,9,13,84
0022101036,1610612751,Nets,BKN,Brooklyn,Bench,47.000000:28,7,13,0.538,0,2,0.0,1,2,0.5,4,4,8,4,0,1,1,8,15
