GAME_ID,TEAM_ID,TEAM_NAME,TEAM_ABBREVIATION,TEAM_CITY,STARTERS_BENCH,MIN,FGM,FGA,FG_PCT,FG3M,FG3A,FG3_PCT,FTM,FTA,FT_PCT,OREB,DREB,REB,AST,STL,BLK,TO,PF,PTS
0022101066,1610612758,Kings,SAC,Sacramento,Starters,178.000000:38,27,63,0.429,10,24,0.417,24,28,0.857,4,23,27,20,5,1,9,16,88
0022101066,1610612758,Kings,SAC,Sacramento,Bench,86.000000:22,12,28,0.429,6,10,0.6,6,8,0.75,5,10,15,7,7,1,6,5,36
0022101066,1610612756,Suns,PHX,Phoenix,Starters,154.000000:19,27,55,0.491,6,17,0.353,17,19,0.895,2,24,26,14,8,2,9,15,77
0022101066,1610612756,Suns,PHX,Phoenix,Bench,110.000000:41,19,37,0.514,6,11,0.545,6,8,0.75,8,16,24,11,4,3,8,15,50
