GAME_ID,TEAM_ID,TEAM_NAME,TEAM_ABBREVIATION,TEAM_CITY,STARTERS_BENCH,MIN,FGM,FGA,FG_PCT,FG3M,FG3A,FG3_PCT,FTM,FTA,FT_PCT,OREB,DREB,REB,AST,STL,BLK,TO,PF,PTS
2022100444,1612709902,Warriors,SCW,Santa Cruz,Starters,165.000000:54,31,66,0.47,4,20,0.2,10,12,0.833,10,30,40,25,5,3,10,11,82
2022100444,1612709902,Warriors,SCW,Santa Cruz,Bench,53.000000:40,10,21,0.476,4,9,0.444,1,1,1.0,2,6,8,5,2,0,4,6,25
2022100444,1612709911,Wolves,IWA,Iowa,Starters,174.000000:39,21,60,0.35,7,29,0.241,15,18,0.833,8,29,37,16,8,2,13,9,74
2022100444,1612709911,Wolves,IWA,Iowa,Bench,53.000000:52,12,23,0.522,2,7,0.286,0,3,0.0,9,2,11,4,3,4,3,4,26
