GAME_ID,TEAM_ID,TEAM_NAME,TEAM_ABBREVIATION,TEAM_CITY,STARTERS_BENCH,MIN,FGM,FGA,FG_PCT,FG3M,FG3A,FG3_PCT,FTM,FTA,FT_PCT,OREB,DREB,REB,AST,STL,BLK,TO,PF,PTS
0022100100,1610612763,Grizzlies,MEM,Memphis,Starters,141.000000:55,27,59,0.458,6,17,0.353,3,4,0.75,5,26,31,12,4,3,9,12,63
0022100100,1610612763,Grizzlies,MEM,Memphis,Bench,82.000000:02,15,27,0.556,6,12,0.5,2,3,0.667,5,17,22,8,4,0,3,5,38
0022100100,1610612743,Nuggets,DEN,Denver,Starters,154.000000:25,25,56,0.446,5,21,0.238,8,13,0.615,5,25,30,21,4,5,8,3,63
0022100100,1610612743,Nuggets,DEN,Denver,Bench,85.000000:35,14,32,0.438,4,17,0.235,2,2,1.0,1,9,10,6,4,3,4,7,34
