GAME_ID,TEAM_ID,TEAM_NAME,TEAM_ABBREVIATION,TEAM_CITY,STARTERS_BENCH,MIN,FGM,FGA,FG_PCT,FG3M,FG3A,FG3_PCT,FTM,FTA,FT_PCT,OREB,DREB,REB,AST,STL,BLK,TO,PF,PTS
0022100006,1610612764,Wizards,WAS,Washington,Starters,144.000000:07,20,52,0.385,4,20,0.2,16,18,0.889,2,27,29,14,8,5,14,8,60
0022100006,1610612764,Wizards,WAS,Washington,Bench,52.000000:05,9,18,0.5,0,5,0.0,4,6,0.667,3,9,12,3,0,1,3,7,22
0022100006,1610612761,Raptors,TOR,Toronto,Starters,141.000000:24,19,65,0.292,4,21,0.19,8,12,0.667,11,21,32,12,6,2,13,12,50
0022100006,1610612761,Raptors,TOR,Toronto,Bench,98.000000:36,11,32,0.344,3,13,0.231,8,10,0.8,8,14,22,2,4,2,6,9,33
