GAME_ID,TEAM_ID,TEAM_NAME,TEAM_ABBREVIATION,TEAM_CITY,STARTERS_BENCH,MIN,FGM,FGA,FG_PCT,FG3M,FG3A,FG3_PCT,FTM,FTA,FT_PCT,OREB,DREB,REB,AST,STL,BLK,TO,PF,PTS
0022100089,1610612758,Kings,SAC,Sacramento,Starters,154.000000:01,25,65,0.385,4,20,0.2,13,15,0.867,13,29,42,13,5,2,6,9,67
0022100089,1610612758,Kings,SAC,Sacramento,Bench,55.000000:54,7,21,0.333,3,15,0.2,0,0,0.0,1,7,8,4,1,1,5,6,17
0022100089,1610612742,Mavericks,DAL,Dallas,Starters,143.000000:29,27,56,0.482,8,26,0.308,9,16,0.563,7,23,30,14,6,3,7,10,71
0022100089,1610612742,Mavericks,DAL,Dallas,Bench,96.000000:31,13,34,0.382,4,11,0.364,4,4,1.0,3,12,15,10,2,1,2,10,34
