GAME_ID,TEAM_ID,TEAM_NAME,TEAM_ABBREVIATION,TEAM_CITY,STARTERS_BENCH,MIN,FGM,FGA,FG_PCT,FG3M,FG3A,FG3_PCT,FTM,FTA,FT_PCT,OREB,DREB,REB,AST,STL,BLK,TO,PF,PTS
0022100949,1610612749,Bucks,MIL,Milwaukee,Starters,177.000000:44,38,72,0.528,7,21,0.333,18,29,0.621,10,31,41,17,3,3,11,15,101
0022100949,1610612749,Bucks,MIL,Milwaukee,Bench,50.000000:09,5,13,0.385,3,9,0.333,4,4,1.0,1,6,7,3,2,2,0,2,17
0022100949,1610612741,Bulls,CHI,Chicago,Starters,167.000000:33,38,80,0.475,7,19,0.368,7,10,0.7,5,23,28,21,5,1,10,14,90
0022100949,1610612741,Bulls,CHI,Chicago,Bench,48.000000:05,5,9,0.556,2,5,0.4,1,1,1.0,0,9,9,3,0,0,2,5,13
