GAME_ID,TEAM_ID,TEAM_NAME,TEAM_ABBREVIATION,TEAM_CITY,STARTERS_BENCH,MIN,FGM,FGA,FG_PCT,FG3M,FG3A,FG3_PCT,FTM,FTA,FT_PCT,OREB,DREB,REB,AST,STL,BLK,TO,PF,PTS
0022100215,1610612738,Celtics,BOS,Boston,Starters,168.000000:12,32,65,0.492,10,32,0.313,14,17,0.824,8,18,26,21,8,2,11,12,88
0022100215,1610612738,Celtics,BOS,Boston,Bench,71.000000:48,5,19,0.263,1,9,0.111,0,0,0.0,4,12,16,3,1,0,3,5,11
0022100215,1610612737,Hawks,ATL,Atlanta,Starters,164.000000:29,28,53,0.528,10,25,0.4,12,14,0.857,3,26,29,23,5,2,8,11,78
0022100215,1610612737,Hawks,ATL,Atlanta,Bench,75.000000:31,13,28,0.464,3,12,0.25,3,4,0.75,3,8,11,5,4,2,3,6,32
