GAME_ID,TEAM_ID,TEAM_NAME,TEAM_ABBREVIATION,TEAM_CITY,STARTERS_BENCH,MIN,FGM,FGA,FG_PCT,FG3M,FG3A,FG3_PCT,FTM,FTA,FT_PCT,OREB,DREB,REB,AST,STL,BLK,TO,PF,PTS
0022100583,1610612749,Bucks,MIL,Milwaukee,Starters,149.000000:22,36,68,0.529,14,31,0.452,15,19,0.789,6,28,34,17,2,2,8,9,101
0022100583,1610612749,Bucks,MIL,Milwaukee,Bench,38.000000:19,2,14,0.143,0,6,0.0,2,2,1.0,4,3,7,4,1,1,1,4,6
0022100583,1610612751,Nets,BKN,Brooklyn,Starters,150.000000:28,25,57,0.439,3,14,0.214,16,17,0.941,8,22,30,17,4,3,8,11,69
0022100583,1610612751,Nets,BKN,Brooklyn,Bench,67.000000:36,13,28,0.464,3,12,0.25,3,3,1.0,5,11,16,5,3,1,2,4,32
