GAME_ID,TEAM_ID,TEAM_NAME,TEAM_ABBREVIATION,TEAM_CITY,STARTERS_BENCH,MIN,FGM,FGA,FG_PCT,FG3M,FG3A,FG3_PCT,FTM,FTA,FT_PCT,OREB,DREB,REB,AST,STL,BLK,TO,PF,PTS
0042100155,1610612750,Timberwolves,MIN,Minnesota,Starters,158.000000:40,25,56,0.446,11,23,0.478,16,19,0.842,5,23,28,15,7,4,19,20,77
0042100155,1610612750,Timberwolves,MIN,Minnesota,Bench,63.000000:35,11,26,0.423,2,9,0.222,5,5,1.0,1,11,12,7,2,1,3,6,29
0042100155,1610612763,Grizzlies,MEM,Memphis,Starters,158.000000:30,26,72,0.361,6,25,0.24,19,28,0.679,8,21,29,15,6,5,12,13,77
0042100155,1610612763,Grizzlies,MEM,Memphis,Bench,59.000000:52,10,17,0.588,1,3,0.333,5,9,0.556,9,10,19,9,2,1,4,4,26
