GAME_ID,TEAM_ID,TEAM_NAME,TEAM_ABBREVIATION,TEAM_CITY,STARTERS_BENCH,MIN,FGM,FGA,FG_PCT,FG3M,FG3A,FG3_PCT,FTM,FTA,FT_PCT,OREB,DREB,REB,AST,STL,BLK,TO,PF,PTS
2022100002,1612709915,Celtics,MNE,Maine,Starters,157.000000:07,22,68,0.324,10,39,0.256,2,5,0.4,5,19,24,19,4,3,2,16,57
2022100002,1612709915,Celtics,MNE,Maine,Bench,68.000000:10,11,30,0.367,4,13,0.308,3,3,1.0,4,13,17,6,2,0,1,6,30
2022100002,1612709893,Charge,CLC,Cleveland,Starters,160.000000:35,23,57,0.404,7,27,0.259,10,17,0.588,7,37,44,15,1,5,11,9,68
2022100002,1612709893,Charge,CLC,Cleveland,Bench,34.000000:18,4,9,0.444,3,7,0.429,0,1,0.0,1,6,7,0,0,0,0,2,11
