GAME_ID,TEAM_ID,TEAM_NAME,TEAM_ABBREVIATION,TEAM_CITY,STARTERS_BENCH,MIN,FGM,FGA,FG_PCT,FG3M,FG3A,FG3_PCT,FTM,FTA,FT_PCT,OREB,DREB,REB,AST,STL,BLK,TO,PF,PTS
0022100400,1610612760,Thunder,OKC,Oklahoma City,Starters,124.000000:55,19,54,0.352,9,26,0.346,8,10,0.8,3,17,20,11,1,6,8,12,55
0022100400,1610612760,Thunder,OKC,Oklahoma City,Bench,115.000000:05,11,26,0.423,4,11,0.364,3,6,0.5,0,19,19,8,2,1,3,13,29
0022100400,1610612742,Mavericks,DAL,Dallas,Starters,128.000000:23,18,49,0.367,4,17,0.235,9,10,0.9,5,25,30,13,3,3,4,8,49
0022100400,1610612742,Mavericks,DAL,Dallas,Bench,91.000000:17,15,35,0.429,5,16,0.313,4,5,0.8,3,15,18,12,1,0,0,8,39
