GAME_ID,TEAM_ID,TEAM_NAME,TEAM_ABBREVIATION,TEAM_CITY,STARTERS_BENCH,MIN,FGM,FGA,FG_PCT,FG3M,FG3A,FG3_PCT,FTM,FTA,FT_PCT,OREB,DREB,REB,AST,STL,BLK,TO,PF,PTS
0022101127,1610612761,Raptors,TOR,Toronto,Starters,194.000000:23,36,78,0.462,6,26,0.231,12,14,0.857,8,24,32,13,9,4,9,20,90
0022101127,1610612761,Raptors,TOR,Toronto,Bench,70.000000:37,10,28,0.357,4,13,0.308,1,4,0.25,8,12,20,3,1,7,1,8,25
0022101127,1610612738,Celtics,BOS,Boston,Starters,199.000000:22,29,73,0.397,8,28,0.286,20,25,0.8,7,30,37,17,4,6,15,11,86
0022101127,1610612738,Celtics,BOS,Boston,Bench,65.000000:38,10,22,0.455,4,12,0.333,2,3,0.667,9,11,20,6,1,1,1,4,26
