GAME_ID,TEAM_ID,TEAM_NAME,TEAM_ABBREVIATION,TEAM_CITY,STARTERS_BENCH,MIN,FGM,FGA,FG_PCT,FG3M,FG3A,FG3_PCT,FTM,FTA,FT_PCT,OREB,DREB,REB,AST,STL,BLK,TO,PF,PTS
0022100396,1610612755,76ers,PHI,Philadelphia,Starters,165.000000:16,23,49,0.469,6,18,0.333,20,22,0.909,1,26,27,12,3,5,9,12,72
0022100396,1610612755,76ers,PHI,Philadelphia,Bench,74.000000:44,12,27,0.444,3,9,0.333,3,4,0.75,4,13,17,7,4,0,2,4,30
0022100396,1610612744,Warriors,GSW,Golden State,Starters,163.000000:00,27,58,0.466,10,32,0.313,13,18,0.722,4,24,28,17,5,3,12,12,77
0022100396,1610612744,Warriors,GSW,Golden State,Bench,77.000000:00,7,27,0.259,2,16,0.125,0,0,0.0,6,8,14,4,0,2,1,10,16
