GAME_ID,TEAM_ID,TEAM_NAME,TEAM_ABBREVIATION,TEAM_CITY,STARTERS_BENCH,MIN,FGM,FGA,FG_PCT,FG3M,FG3A,FG3_PCT,FTM,FTA,FT_PCT,OREB,DREB,REB,AST,STL,BLK,TO,PF,PTS
0022101223,1610612763,Grizzlies,MEM,Memphis,Starters,151.000000:24,25,63,0.397,9,30,0.3,11,16,0.688,13,18,31,21,8,3,4,7,70
0022101223,1610612763,Grizzlies,MEM,Memphis,Bench,88.000000:36,14,39,0.359,6,17,0.353,6,11,0.545,6,8,14,6,3,3,6,9,40
0022101223,1610612738,Celtics,BOS,Boston,Starters,124.000000:28,32,53,0.604,9,21,0.429,4,4,1.0,6,24,30,18,2,1,12,8,77
0022101223,1610612738,Celtics,BOS,Boston,Bench,96.000000:00,19,41,0.463,8,24,0.333,8,8,1.0,7,15,22,13,3,1,3,12,54
