GAME_ID,TEAM_ID,TEAM_NAME,TEAM_ABBREVIATION,TEAM_CITY,STARTERS_BENCH,MIN,FGM,FGA,FG_PCT,FG3M,FG3A,FG3_PCT,FTM,FTA,FT_PCT,OREB,DREB,REB,AST,STL,BLK,TO,PF,PTS
0022101169,1610612754,Pacers,IND,Indiana,Starters,146.000000:51,30,56,0.536,10,26,0.385,9,10,0.9,8,27,35,27,1,5,12,15,79
0022101169,1610612754,Pacers,IND,Indiana,Bench,93.000000:09,15,38,0.395,2,12,0.167,6,9,0.667,9,14,23,6,5,6,7,6,38
0022101169,1610612765,Pistons,DET,Detroit,Starters,137.000000:43,26,55,0.473,14,25,0.56,10,13,0.769,6,13,19,17,5,2,7,9,76
0022101169,1610612765,Pistons,DET,Detroit,Bench,102.000000:17,17,44,0.386,7,16,0.438,4,5,0.8,4,15,19,14,6,2,4,10,45
