GAME_ID,TEAM_ID,TEAM_NAME,TEAM_ABBREVIATION,TEAM_CITY,STARTERS_BENCH,MIN,FGM,FGA,FG_PCT,FG3M,FG3A,FG3_PCT,FTM,FTA,FT_PCT,OREB,DREB,REB,AST,STL,BLK,TO,PF,PTS
0022100961,1610612756,Suns,PHX,Phoenix,Starters,179.000000:26,41,76,0.539,13,27,0.481,8,11,0.727,3,13,16,28,3,2,7,14,103
0022100961,1610612756,Suns,PHX,Phoenix,Bench,60.000000:35,9,17,0.529,1,4,0.25,0,0,0.0,3,8,11,5,5,2,4,6,19
0022100961,1610612749,Bucks,MIL,Milwaukee,Starters,169.000000:16,36,66,0.545,13,23,0.565,21,25,0.84,7,23,30,26,8,4,13,17,106
0022100961,1610612749,Bucks,MIL,Milwaukee,Bench,35.000000:20,5,10,0.5,1,6,0.167,1,1,1.0,0,6,6,0,1,0,0,2,12
