GAME_ID,TEAM_ID,TEAM_NAME,TEAM_ABBREVIATION,TEAM_CITY,STARTERS_BENCH,MIN,FGM,FGA,FG_PCT,FG3M,FG3A,FG3_PCT,FTM,FTA,FT_PCT,OREB,DREB,REB,AST,STL,BLK,TO,PF,PTS
0022100454,1610612755,76ers,PHI,Philadelphia,Starters,177.000000:52,33,68,0.485,7,20,0.35,28,30,0.933,11,24,35,16,3,8,7,13,101
0022100454,1610612755,76ers,PHI,Philadelphia,Bench,62.000000:08,6,16,0.375,3,11,0.273,1,1,1.0,3,6,9,10,1,0,3,9,16
0022100454,1610612740,Pelicans,NOP,New Orleans,Starters,164.000000:05,32,64,0.5,8,18,0.444,13,19,0.684,7,21,28,18,3,7,5,15,85
0022100454,1610612740,Pelicans,NOP,New Orleans,Bench,75.000000:55,8,19,0.421,1,4,0.25,5,7,0.714,4,7,11,8,2,0,3,10,22
