GAME_ID,TEAM_ID,TEAM_NAME,TEAM_ABBREVIATION,TEAM_CITY,STARTERS_BENCH,MIN,FGM,FGA,FG_PCT,FG3M,FG3A,FG3_PCT,FTM,FTA,FT_PCT,OREB,DREB,REB,AST,STL,BLK,TO,PF,PTS
2052100143,1612709911,Wolves,IWA,Iowa,Starters,147.000000:33,27,59,0.458,4,18,0.222,6,8,0.75,8,29,37,16,5,2,12,18,67
2052100143,1612709911,Wolves,IWA,Iowa,Bench,69.000000:30,7,22,0.318,3,11,0.273,5,5,1.0,1,6,7,5,3,0,4,4,27
2052100143,1612709910,Mad Ants,FWN,Fort Wayne,Starters,186.000000:32,33,70,0.471,14,33,0.424,10,15,0.667,6,31,37,17,9,3,12,14,93
2052100143,1612709910,Mad Ants,FWN,Fort Wayne,Bench,19.000000:56,0,5,0.0,0,4,0.0,0,0,0.0,0,1,1,0,2,0,2,2,0
