GAME_ID,TEAM_ID,TEAM_NAME,TEAM_ABBREVIATION,TEAM_CITY,STARTERS_BENCH,MIN,FGM,FGA,FG_PCT,FG3M,FG3A,FG3_PCT,FTM,FTA,FT_PCT,OREB,DREB,REB,AST,STL,BLK,TO,PF,PTS
0022100349,1610612762,Jazz,UTA,Utah,Starters,177.000000:40,29,57,0.509,15,28,0.536,7,8,0.875,8,26,34,20,7,5,13,8,80
0022100349,1610612762,Jazz,UTA,Utah,Bench,62.000000:20,11,33,0.333,5,20,0.25,2,2,1.0,6,6,12,4,1,0,4,6,29
0022100349,1610612739,Cavaliers,CLE,Cleveland,Starters,164.000000:35,30,65,0.462,9,22,0.409,8,9,0.889,14,19,33,13,9,4,7,6,77
0022100349,1610612739,Cavaliers,CLE,Cleveland,Bench,75.000000:25,12,26,0.462,5,16,0.313,2,4,0.5,1,11,12,7,3,1,6,2,31
