GAME_ID,TEAM_ID,TEAM_NAME,TEAM_ABBREVIATION,TEAM_CITY,STARTERS_BENCH,MIN,FGM,FGA,FG_PCT,FG3M,FG3A,FG3_PCT,FTM,FTA,FT_PCT,OREB,DREB,REB,AST,STL,BLK,TO,PF,PTS
0022100029,1610612761,Raptors,TOR,Toronto,Starters,169.000000:21,30,67,0.448,9,27,0.333,13,19,0.684,8,25,33,10,4,3,7,18,82
0022100029,1610612761,Raptors,TOR,Toronto,Bench,70.000000:39,4,18,0.222,2,10,0.2,3,4,0.75,3,13,16,7,3,3,5,5,13
0022100029,1610612742,Mavericks,DAL,Dallas,Starters,167.000000:29,35,72,0.486,12,33,0.364,10,14,0.714,9,23,32,19,4,6,6,15,92
0022100029,1610612742,Mavericks,DAL,Dallas,Bench,69.000000:02,3,19,0.158,2,9,0.222,3,4,0.75,4,13,17,5,2,0,3,7,11
