GAME_ID,TEAM_ID,TEAM_NAME,TEAM_ABBREVIATION,TEAM_CITY,STARTERS_BENCH,MIN,FGM,FGA,FG_PCT,FG3M,FG3A,FG3_PCT,FTM,FTA,FT_PCT,OREB,DREB,REB,AST,STL,BLK,TO,PF,PTS
2022100486,1612709904,Skyforce,SXF,Sioux Falls,Starters,180.000000:12,35,60,0.583,10,23,0.435,10,12,0.833,9,22,31,25,2,2,15,11,98
2022100486,1612709904,Skyforce,SXF,Sioux Falls,Bench,59.000000:48,9,23,0.391,4,9,0.444,3,4,0.75,3,7,10,4,3,2,2,6,28
2022100486,1612709905,Lakers,SBL,South Bay,Starters,169.000000:09,40,67,0.597,12,26,0.462,3,8,0.375,10,16,26,16,6,2,5,13,97
2022100486,1612709905,Lakers,SBL,South Bay,Bench,70.000000:51,17,30,0.567,3,11,0.273,3,4,0.75,2,9,11,15,4,2,2,8,42
