GAME_ID,TEAM_ID,TEAM_NAME,TEAM_ABBREVIATION,TEAM_CITY,STARTERS_BENCH,MIN,FGM,FGA,FG_PCT,FG3M,FG3A,FG3_PCT,FTM,FTA,FT_PCT,OREB,DREB,REB,AST,STL,BLK,TO,PF,PTS
2022100264,1612709889,Blue,OKL,Oklahoma City,Starters,168.000000:15,26,59,0.441,8,24,0.333,7,12,0.583,8,36,44,16,5,6,14,16,73
2022100264,1612709889,Blue,OKL,Oklahoma City,Bench,71.000000:45,9,27,0.333,4,12,0.333,2,2,1.0,4,10,14,7,0,1,6,10,24
2022100264,1612709926,Hustle,MHU,Memphis,Starters,159.000000:53,25,64,0.391,9,27,0.333,12,15,0.8,9,25,34,12,7,5,7,8,78
2022100264,1612709926,Hustle,MHU,Memphis,Bench,80.000000:07,8,33,0.242,4,14,0.286,3,7,0.429,9,14,23,7,4,4,2,12,26
