GAME_ID,TEAM_ID,TEAM_NAME,TEAM_ABBREVIATION,TEAM_CITY,STARTERS_BENCH,MIN,FGM,FGA,FG_PCT,FG3M,FG3A,FG3_PCT,FTM,FTA,FT_PCT,OREB,DREB,REB,AST,STL,BLK,TO,PF,PTS
0022100501,1610612745,Rockets,HOU,Houston,Starters,130.000000:30,19,49,0.388,10,29,0.345,10,13,0.769,6,15,21,13,2,0,10,5,58
0022100501,1610612745,Rockets,HOU,Houston,Bench,109.000000:30,17,38,0.447,5,17,0.294,2,5,0.4,7,16,23,7,7,3,11,10,41
0022100501,1610612766,Hornets,CHA,Charlotte,Starters,136.000000:26,33,55,0.6,15,27,0.556,3,4,0.75,4,20,24,22,8,3,10,10,84
0022100501,1610612766,Hornets,CHA,Charlotte,Bench,87.000000:18,10,28,0.357,3,14,0.214,8,10,0.8,3,11,14,10,5,0,5,6,31
