GAME_ID,TEAM_ID,TEAM_NAME,TEAM_ABBREVIATION,TEAM_CITY,STARTERS_BENCH,MIN,FGM,FGA,FG_PCT,FG3M,FG3A,FG3_PCT,FTM,FTA,FT_PCT,OREB,DREB,REB,AST,STL,BLK,TO,PF,PTS
2022100507,1612709904,Skyforce,SXF,Sioux Falls,Starters,172.000000:21,20,69,0.29,3,25,0.12,10,12,0.833,11,25,36,13,8,4,5,10,58
2022100507,1612709904,Skyforce,SXF,Sioux Falls,Bench,67.000000:39,10,23,0.435,4,11,0.364,3,7,0.429,3,5,8,2,3,1,2,7,29
2022100507,1612709889,Blue,OKL,Oklahoma City,Starters,177.000000:47,33,65,0.508,7,19,0.368,10,11,0.909,8,44,52,21,2,7,20,22,89
2022100507,1612709889,Blue,OKL,Oklahoma City,Bench,62.000000:13,7,16,0.438,5,12,0.417,3,3,1.0,0,4,4,2,0,2,1,5,22
