GAME_ID,TEAM_ID,TEAM_NAME,TEAM_ABBREVIATION,TEAM_CITY,STARTERS_BENCH,MIN,FGM,FGA,FG_PCT,FG3M,FG3A,FG3_PCT,FTM,FTA,FT_PCT,OREB,DREB,REB,AST,STL,BLK,TO,PF,PTS
2052100070,1612709920,905,RAP,Raptors,Starters,150.000000:55,30,64,0.469,10,28,0.357,12,13,0.923,10,20,30,14,4,2,13,13,91
2052100070,1612709920,905,RAP,Raptors,Bench,83.000000:54,9,30,0.3,0,13,0.0,1,3,0.333,2,12,14,8,4,2,5,11,19
2052100070,1612709921,Nets,LIN,Long Island,Starters,162.000000:36,32,69,0.464,7,26,0.269,14,15,0.933,9,26,35,13,8,6,13,10,93
2052100070,1612709921,Nets,LIN,Long Island,Bench,48.000000:60,7,17,0.412,5,11,0.455,0,0,0.0,4,3,7,7,3,0,4,7,19
