GAME_ID,TEAM_ID,TEAM_NAME,TEAM_ABBREVIATION,TEAM_CITY,STARTERS_BENCH,MIN,FGM,FGA,FG_PCT,FG3M,FG3A,FG3_PCT,FTM,FTA,FT_PCT,OREB,DREB,REB,AST,STL,BLK,TO,PF,PTS
0022100938,1610612760,Thunder,OKC,Oklahoma City,Starters,168.000000:07,33,65,0.508,10,18,0.556,13,19,0.684,5,34,39,18,11,5,11,9,89
0022100938,1610612760,Thunder,OKC,Oklahoma City,Bench,71.000000:53,11,22,0.5,6,11,0.545,2,2,1.0,4,7,11,6,0,1,3,6,30
0022100938,1610612743,Nuggets,DEN,Denver,Starters,133.000000:03,20,53,0.377,1,25,0.04,8,8,1.0,4,23,27,13,7,0,10,8,49
0022100938,1610612743,Nuggets,DEN,Denver,Bench,106.000000:34,20,37,0.541,11,21,0.524,7,9,0.778,6,14,20,12,4,2,6,11,58
