GAME_ID,TEAM_ID,TEAM_NAME,TEAM_ABBREVIATION,TEAM_CITY,STARTERS_BENCH,MIN,FGM,FGA,FG_PCT,FG3M,FG3A,FG3_PCT,FTM,FTA,FT_PCT,OREB,DREB,REB,AST,STL,BLK,TO,PF,PTS
2022100501,1612709904,Skyforce,SXF,Sioux Falls,Starters,179.000000:32,37,69,0.536,8,22,0.364,10,10,1.0,8,19,27,23,9,5,18,13,102
2022100501,1612709904,Skyforce,SXF,Sioux Falls,Bench,60.000000:28,9,22,0.409,2,8,0.25,2,2,1.0,3,11,14,5,2,1,3,6,23
2022100501,1612709905,Lakers,SBL,South Bay,Starters,150.000000:32,31,58,0.534,8,21,0.381,11,12,0.917,7,18,25,25,9,1,11,12,85
2022100501,1612709905,Lakers,SBL,South Bay,Bench,89.000000:28,16,30,0.533,4,12,0.333,4,4,1.0,1,12,13,4,4,4,7,8,43
