GAME_ID,TEAM_ID,TEAM_NAME,TEAM_ABBREVIATION,TEAM_CITY,STARTERS_BENCH,MIN,FGM,FGA,FG_PCT,FG3M,FG3A,FG3_PCT,FTM,FTA,FT_PCT,OREB,DREB,REB,AST,STL,BLK,TO,PF,PTS
0022100936,1610612749,Bucks,MIL,Milwaukee,Starters,164.000000:34,35,76,0.461,11,28,0.393,22,25,0.88,9,32,41,21,7,3,12,10,103
0022100936,1610612749,Bucks,MIL,Milwaukee,Bench,35.000000:15,4,7,0.571,1,3,0.333,0,0,0.0,2,7,9,1,0,0,0,1,9
0022100936,1610612748,Heat,MIA,Miami,Starters,152.000000:16,26,57,0.456,11,23,0.478,4,6,0.667,4,24,28,15,6,3,4,15,67
0022100936,1610612748,Heat,MIA,Miami,Bench,76.000000:44,18,37,0.486,10,20,0.5,4,4,1.0,4,11,15,11,3,1,5,4,50
