GAME_ID,TEAM_ID,TEAM_NAME,TEAM_ABBREVIATION,TEAM_CITY,STARTERS_BENCH,MIN,FGM,FGA,FG_PCT,FG3M,FG3A,FG3_PCT,FTM,FTA,FT_PCT,OREB,DREB,REB,AST,STL,BLK,TO,PF,PTS
2022100243,1612709919,Knicks,WES,Westchester,Starters,177.000000:10,40,79,0.506,7,24,0.292,9,14,0.643,11,20,31,20,5,5,3,10,99
2022100243,1612709919,Knicks,WES,Westchester,Bench,62.000000:50,5,21,0.238,3,10,0.3,3,3,1.0,2,10,12,6,1,1,3,4,19
2022100243,1612709929,Skyhawks,CPS,College Park,Starters,180.000000:36,35,75,0.467,9,24,0.375,10,10,1.0,9,30,39,30,4,2,10,15,94
2022100243,1612709929,Skyhawks,CPS,College Park,Bench,59.000000:24,10,18,0.556,6,13,0.462,1,1,1.0,3,9,12,2,0,3,3,6,29
