GAME_ID,TEAM_ID,TEAM_NAME,TEAM_ABBREVIATION,TEAM_CITY,STARTERS_BENCH,MIN,FGM,FGA,FG_PCT,FG3M,FG3A,FG3_PCT,FTM,FTA,FT_PCT,OREB,DREB,REB,AST,STL,BLK,TO,PF,PTS
0022100287,1610612759,Spurs,SAS,San Antonio,Starters,166.000000:08,28,61,0.459,4,14,0.286,12,17,0.706,8,40,48,16,5,6,7,9,72
0022100287,1610612759,Spurs,SAS,San Antonio,Bench,66.000000:27,10,23,0.435,2,10,0.2,2,2,1.0,0,4,4,5,2,0,3,6,24
0022100287,1610612738,Celtics,BOS,Boston,Starters,163.000000:11,26,75,0.347,6,25,0.24,7,11,0.636,8,25,33,18,2,4,8,14,65
0022100287,1610612738,Celtics,BOS,Boston,Bench,76.000000:49,8,17,0.471,4,9,0.444,3,4,0.75,4,14,18,2,2,4,2,6,23
