GAME_ID,TEAM_ID,TEAM_NAME,TEAM_ABBREVIATION,TEAM_CITY,STARTERS_BENCH,MIN,FGM,FGA,FG_PCT,FG3M,FG3A,FG3_PCT,FTM,FTA,FT_PCT,OREB,DREB,REB,AST,STL,BLK,TO,PF,PTS
0022101227,1610612753,Magic,ORL,Orlando,Starters,149.000000:42,31,63,0.492,16,38,0.421,5,6,0.833,4,31,35,26,4,3,8,11,83
0022101227,1610612753,Magic,ORL,Orlando,Bench,90.000000:18,14,28,0.5,7,20,0.35,7,8,0.875,2,11,13,7,0,0,0,5,42
0022101227,1610612748,Heat,MIA,Miami,Starters,173.000000:39,29,71,0.408,13,38,0.342,12,16,0.75,9,25,34,16,4,3,7,6,83
0022101227,1610612748,Heat,MIA,Miami,Bench,66.000000:21,11,23,0.478,6,12,0.5,0,0,0.0,1,12,13,4,1,1,3,7,28
