GAME_ID,TEAM_ID,TEAM_NAME,TEAM_ABBREVIATION,TEAM_CITY,STARTERS_BENCH,MIN,FGM,FGA,FG_PCT,FG3M,FG3A,FG3_PCT,FTM,FTA,FT_PCT,OREB,DREB,REB,AST,STL,BLK,TO,PF,PTS
0042100213,1610612749,Bucks,MIL,Milwaukee,Starters,168.000000:34,33,78,0.423,5,21,0.238,12,15,0.8,10,27,37,17,7,3,8,19,83
0042100213,1610612749,Bucks,MIL,Milwaukee,Bench,35.000000:04,4,11,0.364,3,8,0.375,0,0,0.0,0,9,9,1,0,0,0,3,11
0042100213,1610612738,Celtics,BOS,Boston,Starters,172.000000:42,27,69,0.391,6,22,0.273,18,22,0.818,8,28,36,18,4,10,10,13,78
0042100213,1610612738,Celtics,BOS,Boston,Bench,67.000000:18,5,18,0.278,3,11,0.273,10,12,0.833,3,8,11,5,1,3,2,8,23
