GAME_ID,TEAM_ID,TEAM_NAME,TEAM_ABBREVIATION,TEAM_CITY,STARTERS_BENCH,MIN,FGM,FGA,FG_PCT,FG3M,FG3A,FG3_PCT,FTM,FTA,FT_PCT,OREB,DREB,REB,AST,STL,BLK,TO,PF,PTS
0022100925,1610612758,Kings,SAC,Sacramento,Starters,161.000000:31,34,60,0.567,4,18,0.222,21,28,0.75,9,24,33,22,7,2,13,14,93
0022100925,1610612758,Kings,SAC,Sacramento,Bench,61.000000:48,13,23,0.565,6,13,0.462,0,0,0.0,2,7,9,8,3,1,3,8,32
0022100925,1610612760,Thunder,OKC,Oklahoma City,Starters,122.000000:18,23,42,0.548,6,13,0.462,15,20,0.75,2,15,17,17,6,3,12,14,67
0022100925,1610612760,Thunder,OKC,Oklahoma City,Bench,117.000000:42,17,44,0.386,5,22,0.227,4,7,0.571,5,16,21,11,6,2,4,12,43
