GAME_ID,TEAM_ID,TEAM_NAME,TEAM_ABBREVIATION,TEAM_CITY,STARTERS_BENCH,MIN,FGM,FGA,FG_PCT,FG3M,FG3A,FG3_PCT,FTM,FTA,FT_PCT,OREB,DREB,REB,AST,STL,BLK,TO,PF,PTS
0022100395,1610612763,Grizzlies,MEM,Memphis,Starters,149.000000:50,27,57,0.474,7,18,0.389,18,27,0.667,4,20,24,17,7,1,7,12,79
0022100395,1610612763,Grizzlies,MEM,Memphis,Bench,55.000000:06,7,13,0.538,1,4,0.25,3,7,0.429,4,5,9,2,1,2,2,7,18
0022100395,1610612745,Rockets,HOU,Houston,Starters,134.000000:41,18,42,0.429,4,19,0.211,12,21,0.571,6,15,21,10,4,3,9,14,52
0022100395,1610612745,Rockets,HOU,Houston,Bench,105.000000:19,20,35,0.571,7,14,0.5,7,8,0.875,6,13,19,15,1,3,7,11,54
