GAME_ID,TEAM_ID,TEAM_NAME,TEAM_ABBREVIATION,TEAM_CITY,STARTERS_BENCH,MIN,FGM,FGA,FG_PCT,FG3M,FG3A,FG3_PCT,FTM,FTA,FT_PCT,OREB,DREB,REB,AST,STL,BLK,TO,PF,PTS
0022101111,1610612748,Heat,MIA,Miami,Starters,110.000000:29,15,34,0.441,3,16,0.188,9,12,0.75,5,11,16,7,4,3,9,14,42
0022101111,1610612748,Heat,MIA,Miami,Bench,129.000000:31,18,41,0.439,7,18,0.389,10,14,0.714,1,22,23,13,3,2,12,9,53
0022101111,1610612751,Nets,BKN,Brooklyn,Starters,124.000000:18,26,50,0.52,6,14,0.429,14,19,0.737,7,12,19,17,11,1,7,9,72
0022101111,1610612751,Nets,BKN,Brooklyn,Bench,97.000000:36,8,28,0.286,5,19,0.263,7,7,1.0,3,12,15,8,3,2,6,11,28
