GAME_ID,TEAM_ID,TEAM_NAME,TEAM_ABBREVIATION,TEAM_CITY,STARTERS_BENCH,MIN,FGM,FGA,FG_PCT,FG3M,FG3A,FG3_PCT,FTM,FTA,FT_PCT,OREB,DREB,REB,AST,STL,BLK,TO,PF,PTS
2052100058,1612709915,Celtics,MNE,Maine,Starters,149.000000:27,18,44,0.409,9,27,0.333,6,7,0.857,2,21,23,13,6,4,18,10,55
2052100058,1612709915,Celtics,MNE,Maine,Bench,90.000000:33,10,35,0.286,4,14,0.286,4,8,0.5,6,16,22,7,6,3,4,8,31
2052100058,1612709928,Go-Go,CCG,Capital City,Starters,163.000000:46,24,64,0.375,5,26,0.192,4,6,0.667,8,27,35,11,8,1,12,15,59
2052100058,1612709928,Go-Go,CCG,Capital City,Bench,56.000000:37,6,11,0.545,2,2,1.0,1,2,0.5,2,12,14,3,3,3,5,6,15
