GAME_ID,TEAM_ID,TEAM_NAME,TEAM_ABBREVIATION,TEAM_CITY,STARTERS_BENCH,MIN,FGM,FGA,FG_PCT,FG3M,FG3A,FG3_PCT,FTM,FTA,FT_PCT,OREB,DREB,REB,AST,STL,BLK,TO,PF,PTS
0022101106,1610612755,76ers,PHI,Philadelphia,Starters,141.000000:49,30,61,0.492,11,21,0.524,21,24,0.875,6,27,33,12,9,5,8,7,92
0022101106,1610612755,76ers,PHI,Philadelphia,Bench,98.000000:12,13,31,0.419,4,14,0.286,0,0,0.0,6,13,19,11,3,3,3,11,30
0022101106,1610612746,Clippers,LAC,LA,Starters,126.000000:03,21,52,0.404,4,14,0.286,4,5,0.8,4,16,20,10,3,3,9,9,50
0022101106,1610612746,Clippers,LAC,LA,Bench,113.000000:57,13,33,0.394,4,11,0.364,17,20,0.85,5,14,19,9,4,4,7,9,47
