GAME_ID,TEAM_ID,TEAM_NAME,TEAM_ABBREVIATION,TEAM_CITY,STARTERS_BENCH,MIN,FGM,FGA,FG_PCT,FG3M,FG3A,FG3_PCT,FTM,FTA,FT_PCT,OREB,DREB,REB,AST,STL,BLK,TO,PF,PTS
0012100026,1610612749,Bucks,MIL,Milwaukee,Starters,150.000000:32,26,52,0.5,10,20,0.5,12,18,0.667,6,26,32,13,3,1,13,10,74
0012100026,1610612749,Bucks,MIL,Milwaukee,Bench,24.000000:58,5,10,0.5,1,4,0.25,2,2,1.0,0,4,4,2,0,0,2,2,13
0012100026,1610612751,Nets,BKN,Brooklyn,Starters,104.000000:33,16,35,0.457,8,19,0.421,8,12,0.667,2,14,16,13,4,2,5,9,48
0012100026,1610612751,Nets,BKN,Brooklyn,Bench,135.000000:27,28,52,0.538,7,20,0.35,8,10,0.8,5,16,21,14,10,5,8,13,71
