GAME_ID,TEAM_ID,TEAM_NAME,TEAM_ABBREVIATION,TEAM_CITY,STARTERS_BENCH,MIN,FGM,FGA,FG_PCT,FG3M,FG3A,FG3_PCT,FTM,FTA,FT_PCT,OREB,DREB,REB,AST,STL,BLK,TO,PF,PTS
2052100114,1612709922,Swarm,GBO,Greensboro,Starters,139.000000:07,28,53,0.528,5,12,0.417,4,7,0.571,6,18,24,18,7,4,8,11,69
2052100114,1612709922,Swarm,GBO,Greensboro,Bench,70.000000:42,5,13,0.385,1,4,0.25,3,6,0.5,1,7,8,6,4,1,6,10,14
2052100114,1612709890,Spurs,AUS,Austin,Starters,141.000000:49,24,52,0.462,7,24,0.292,11,16,0.688,6,20,26,13,1,3,13,11,71
2052100114,1612709890,Spurs,AUS,Austin,Bench,98.000000:11,10,28,0.357,0,5,0.0,3,4,0.75,8,7,15,9,6,3,7,10,25
