GAME_ID,TEAM_ID,TEAM_NAME,TEAM_ABBREVIATION,TEAM_CITY,STARTERS_BENCH,MIN,FGM,FGA,FG_PCT,FG3M,FG3A,FG3_PCT,FTM,FTA,FT_PCT,OREB,DREB,REB,AST,STL,BLK,TO,PF,PTS
2052100028,1612709923,Bulls,WCB,Windy City,Starters,133.000000:03,26,66,0.394,6,19,0.316,3,6,0.5,11,18,29,10,4,3,4,11,64
2052100028,1612709923,Bulls,WCB,Windy City,Bench,69.000000:19,6,21,0.286,1,9,0.111,3,3,1.0,0,11,11,10,3,0,5,8,17
2052100028,1612709893,Charge,CLC,Cleveland,Starters,152.000000:59,24,49,0.49,4,19,0.211,11,12,0.917,4,35,39,10,2,3,12,10,70
2052100028,1612709893,Charge,CLC,Cleveland,Bench,87.000000:01,13,30,0.433,4,14,0.286,3,4,0.75,1,13,14,7,3,5,6,10,35
