GAME_ID,TEAM_ID,TEAM_NAME,TEAM_ABBREVIATION,TEAM_CITY,STARTERS_BENCH,MIN,FGM,FGA,FG_PCT,FG3M,FG3A,FG3_PCT,FTM,FTA,FT_PCT,OREB,DREB,REB,AST,STL,BLK,TO,PF,PTS
0022100398,1610612752,Knicks,NYK,New York,Starters,166.000000:14,21,52,0.404,11,31,0.355,6,7,0.857,3,20,23,21,9,2,15,11,59
0022100398,1610612752,Knicks,NYK,New York,Bench,73.000000:46,14,30,0.467,6,18,0.333,4,6,0.667,5,9,14,6,3,0,1,5,38
0022100398,1610612749,Bucks,MIL,Milwaukee,Starters,157.000000:12,33,67,0.493,10,26,0.385,12,15,0.8,10,25,35,22,8,1,11,9,88
0022100398,1610612749,Bucks,MIL,Milwaukee,Bench,47.000000:09,5,10,0.5,2,6,0.333,2,2,1.0,2,4,6,5,1,0,2,0,14
