GAME_ID,TEAM_ID,TEAM_NAME,TEAM_ABBREVIATION,TEAM_CITY,STARTERS_BENCH,MIN,FGM,FGA,FG_PCT,FG3M,FG3A,FG3_PCT,FTM,FTA,FT_PCT,OREB,DREB,REB,AST,STL,BLK,TO,PF,PTS
0022100821,1610612752,Knicks,NYK,New York,Starters,149.000000:32,32,69,0.464,13,30,0.433,4,5,0.8,7,18,25,19,8,1,5,13,81
0022100821,1610612752,Knicks,NYK,New York,Bench,90.000000:28,13,32,0.406,2,13,0.154,6,7,0.857,7,9,16,6,1,2,3,12,34
0022100821,1610612743,Nuggets,DEN,Denver,Starters,144.000000:51,27,47,0.574,8,18,0.444,9,12,0.75,7,23,30,23,1,1,9,8,71
0022100821,1610612743,Nuggets,DEN,Denver,Bench,95.000000:10,19,38,0.5,8,21,0.381,15,19,0.789,5,17,22,8,4,0,4,10,61
