GAME_ID,TEAM_ID,TEAM_NAME,TEAM_ABBREVIATION,TEAM_CITY,STARTERS_BENCH,MIN,FGM,FGA,FG_PCT,FG3M,FG3A,FG3_PCT,FTM,FTA,FT_PCT,OREB,DREB,REB,AST,STL,BLK,TO,PF,PTS
2022100443,1612709890,Spurs,AUS,Austin,Starters,126.000000:30,25,46,0.543,6,18,0.333,5,7,0.714,3,9,12,18,2,2,7,4,62
2022100443,1612709890,Spurs,AUS,Austin,Bench,113.000000:30,20,44,0.455,6,14,0.429,2,4,0.5,6,16,22,11,6,3,8,11,49
2022100443,1612709924,Clippers,ACC,Agua Caliente,Starters,164.000000:12,31,62,0.5,7,17,0.412,7,9,0.778,7,27,34,13,4,2,5,10,82
2022100443,1612709924,Clippers,ACC,Agua Caliente,Bench,44.000000:42,11,15,0.733,2,3,0.667,2,2,1.0,4,11,15,4,3,0,2,4,28
