GAME_ID,TEAM_ID,TEAM_NAME,TEAM_ABBREVIATION,TEAM_CITY,STARTERS_BENCH,MIN,FGM,FGA,FG_PCT,FG3M,FG3A,FG3_PCT,FTM,FTA,FT_PCT,OREB,DREB,REB,AST,STL,BLK,TO,PF,PTS
2022100147,1612709932,Cruise,MCC,Motor City,Starters,158.000000:32,21,55,0.382,9,21,0.429,7,9,0.778,9,27,36,13,1,1,9,11,63
2022100147,1612709932,Cruise,MCC,Motor City,Bench,81.000000:28,20,38,0.526,8,18,0.444,1,3,0.333,5,18,23,9,2,5,6,4,50
2022100147,1612709925,Magic,LAK,Lakeland,Starters,159.000000:29,23,61,0.377,6,22,0.273,7,7,1.0,1,23,24,18,5,3,4,9,64
2022100147,1612709925,Magic,LAK,Lakeland,Bench,80.000000:31,15,34,0.441,4,10,0.4,1,1,1.0,4,13,17,2,1,1,5,6,36
