GAME_ID,TEAM_ID,TEAM_NAME,TEAM_ABBREVIATION,TEAM_CITY,STARTERS_BENCH,MIN,FGM,FGA,FG_PCT,FG3M,FG3A,FG3_PCT,FTM,FTA,FT_PCT,OREB,DREB,REB,AST,STL,BLK,TO,PF,PTS
0022100272,1610612761,Raptors,TOR,Toronto,Starters,176.000000:22,37,68,0.544,12,23,0.522,14,16,0.875,8,19,27,18,5,2,8,15,100
0022100272,1610612761,Raptors,TOR,Toronto,Bench,56.000000:53,8,17,0.471,2,6,0.333,3,4,0.75,3,4,7,6,3,2,2,5,21
0022100272,1610612763,Grizzlies,MEM,Memphis,Starters,139.000000:44,28,56,0.5,8,20,0.4,17,22,0.773,6,14,20,16,5,3,11,14,81
0022100272,1610612763,Grizzlies,MEM,Memphis,Bench,54.000000:29,8,13,0.615,0,3,0.0,2,2,1.0,4,10,14,6,1,0,1,3,18
