GAME_ID,TEAM_ID,TEAM_NAME,TEAM_ABBREVIATION,TEAM_CITY,STARTERS_BENCH,MIN,FGM,FGA,FG_PCT,FG3M,FG3A,FG3_PCT,FTM,FTA,FT_PCT,OREB,DREB,REB,AST,STL,BLK,TO,PF,PTS
0022101007,1610612759,Spurs,SAS,San Antonio,Starters,133.000000:45,22,61,0.361,6,15,0.4,8,10,0.8,9,20,29,21,4,3,5,11,58
0022101007,1610612759,Spurs,SAS,San Antonio,Bench,97.000000:52,19,39,0.487,5,19,0.263,5,6,0.833,6,14,20,7,2,0,5,3,48
0022101007,1610612754,Pacers,IND,Indiana,Starters,157.000000:53,28,59,0.475,10,24,0.417,9,9,1.0,3,24,27,17,6,2,10,9,75
0022101007,1610612754,Pacers,IND,Indiana,Bench,82.000000:07,17,33,0.515,4,12,0.333,6,6,1.0,6,14,20,6,0,8,2,11,44
