GAME_ID,TEAM_ID,TEAM_NAME,TEAM_ABBREVIATION,TEAM_CITY,STARTERS_BENCH,MIN,FGM,FGA,FG_PCT,FG3M,FG3A,FG3_PCT,FTM,FTA,FT_PCT,OREB,DREB,REB,AST,STL,BLK,TO,PF,PTS
2052100155,1612709919,Knicks,WES,Westchester,Starters,190.000000:36,29,62,0.468,10,24,0.417,8,9,0.889,7,27,34,18,2,0,10,10,84
2052100155,1612709919,Knicks,WES,Westchester,Bench,49.000000:24,9,20,0.45,2,7,0.286,3,5,0.6,1,9,10,4,2,1,3,4,25
2052100155,1612709909,Blue Coats,DEL,Delaware,Starters,143.000000:50,31,59,0.525,11,27,0.407,2,3,0.667,8,25,33,20,4,0,5,12,77
2052100155,1612709909,Blue Coats,DEL,Delaware,Bench,96.000000:10,15,35,0.429,5,16,0.313,4,8,0.5,5,12,17,13,4,0,4,8,43
