GAME_ID,TEAM_ID,TEAM_NAME,TEAM_ABBREVIATION,TEAM_CITY,STARTERS_BENCH,MIN,FGM,FGA,FG_PCT,FG3M,FG3A,FG3_PCT,FTM,FTA,FT_PCT,OREB,DREB,REB,AST,STL,BLK,TO,PF,PTS
0012100001,1610612747,Lakers,LAL,Los Angeles,Starters,99.000000:47,12,35,0.343,3,10,0.3,10,15,0.667,2,17,19,9,3,3,7,9,37
0012100001,1610612747,Lakers,LAL,Los Angeles,Bench,140.000000:13,20,53,0.377,8,25,0.32,12,17,0.706,11,11,22,8,6,3,9,21,60
0012100001,1610612751,Nets,BKN,Brooklyn,Starters,107.000000:54,16,37,0.432,6,13,0.462,6,10,0.6,6,17,23,12,2,3,5,15,44
0012100001,1610612751,Nets,BKN,Brooklyn,Bench,132.000000:06,26,50,0.52,4,11,0.364,23,30,0.767,8,23,31,8,7,4,11,15,79
