GAME_ID,TEAM_ID,TEAM_NAME,TEAM_ABBREVIATION,TEAM_CITY,STARTERS_BENCH,MIN,FGM,FGA,FG_PCT,FG3M,FG3A,FG3_PCT,FTM,FTA,FT_PCT,OREB,DREB,REB,AST,STL,BLK,TO,PF,PTS
2052100071,1612709905,Lakers,SBL,South Bay,Starters,137.000000:45,22,53,0.415,8,22,0.364,6,8,0.75,5,17,22,12,6,4,9,11,64
2052100071,1612709905,Lakers,SBL,South Bay,Bench,52.000000:10,13,25,0.52,1,7,0.143,1,2,0.5,3,8,11,8,4,0,5,7,29
2052100071,1612709889,Blue,OKL,Oklahoma City,Starters,154.000000:24,18,46,0.391,7,22,0.318,10,11,0.909,3,20,23,16,2,3,12,6,58
2052100071,1612709889,Blue,OKL,Oklahoma City,Bench,54.000000:27,13,26,0.5,5,13,0.385,3,4,0.75,3,11,14,2,4,1,3,4,36
