GAME_ID,TEAM_ID,TEAM_NAME,TEAM_ABBREVIATION,TEAM_CITY,STARTERS_BENCH,MIN,FGM,FGA,FG_PCT,FG3M,FG3A,FG3_PCT,FTM,FTA,FT_PCT,OREB,DREB,REB,AST,STL,BLK,TO,PF,PTS
0022101189,1610612756,Suns,PHX,Phoenix,Starters,130.000000:37,33,61,0.541,8,20,0.4,4,5,0.8,8,24,32,25,7,1,3,11,78
0022101189,1610612756,Suns,PHX,Phoenix,Bench,109.000000:23,17,41,0.415,6,19,0.316,3,4,0.75,3,18,21,13,3,3,11,11,43
0022101189,1610612747,Lakers,LAL,Los Angeles,Starters,124.000000:45,27,52,0.519,4,11,0.364,13,16,0.813,4,25,29,10,2,1,10,7,71
0022101189,1610612747,Lakers,LAL,Los Angeles,Bench,82.000000:21,12,27,0.444,5,14,0.357,8,12,0.667,2,11,13,10,5,1,3,6,37
