GAME_ID,TEAM_ID,TEAM_NAME,TEAM_ABBREVIATION,TEAM_CITY,STARTERS_BENCH,MIN,FGM,FGA,FG_PCT,FG3M,FG3A,FG3_PCT,FTM,FTA,FT_PCT,OREB,DREB,REB,AST,STL,BLK,TO,PF,PTS
0022100698,1610612752,Knicks,NYK,New York,Starters,156.000000:34,28,64,0.438,12,25,0.48,16,19,0.842,8,30,38,19,2,2,10,13,84
0022100698,1610612752,Knicks,NYK,New York,Bench,83.000000:26,11,27,0.407,4,11,0.364,0,0,0.0,7,7,14,7,4,2,2,9,26
0022100698,1610612746,Clippers,LAC,LA,Starters,129.000000:11,18,45,0.4,6,21,0.286,13,18,0.722,4,17,21,10,4,3,6,11,55
0022100698,1610612746,Clippers,LAC,LA,Bench,110.000000:49,16,34,0.471,8,20,0.4,7,12,0.583,2,17,19,10,3,3,6,8,47
