GAME_ID,TEAM_ID,TEAM_NAME,TEAM_ABBREVIATION,TEAM_CITY,STARTERS_BENCH,MIN,FGM,FGA,FG_PCT,FG3M,FG3A,FG3_PCT,FTM,FTA,FT_PCT,OREB,DREB,REB,AST,STL,BLK,TO,PF,PTS
0022100118,1610612758,Kings,SAC,Sacramento,Starters,162.000000:00,26,46,0.565,8,17,0.471,17,20,0.85,2,23,25,17,7,3,6,13,77
0022100118,1610612758,Kings,SAC,Sacramento,Bench,57.000000:21,10,25,0.4,2,12,0.167,1,2,0.5,2,5,7,8,1,1,0,3,23
0022100118,1610612740,Pelicans,NOP,New Orleans,Starters,159.000000:06,25,61,0.41,9,26,0.346,8,10,0.8,6,21,27,17,1,2,9,11,67
0022100118,1610612740,Pelicans,NOP,New Orleans,Bench,76.000000:27,12,23,0.522,3,7,0.429,5,5,1.0,2,11,13,7,0,0,7,5,32
