GAME_ID,TEAM_ID,TEAM_NAME,TEAM_ABBREVIATION,TEAM_CITY,STARTERS_BENCH,MIN,FGM,FGA,FG_PCT,FG3M,FG3A,FG3_PCT,FTM,FTA,FT_PCT,OREB,DREB,REB,AST,STL,BLK,TO,PF,PTS
2052100153,1612709914,Kings,STO,Stockton,Starters,116.000000:59,20,50,0.4,1,11,0.091,4,8,0.5,14,16,30,9,4,3,7,7,49
2052100153,1612709914,Kings,STO,Stockton,Bench,101.000000:57,18,40,0.45,9,15,0.6,7,7,1.0,5,13,18,10,5,2,4,8,56
2052100153,1612709905,Lakers,SBL,South Bay,Starters,155.000000:55,27,61,0.443,8,21,0.381,5,6,0.833,6,20,26,17,5,6,8,15,72
2052100153,1612709905,Lakers,SBL,South Bay,Bench,84.000000:05,13,21,0.619,2,8,0.25,7,8,0.875,2,16,18,9,3,1,9,11,37
