GAME_ID,TEAM_ID,TEAM_NAME,TEAM_ABBREVIATION,TEAM_CITY,STARTERS_BENCH,MIN,FGM,FGA,FG_PCT,FG3M,FG3A,FG3_PCT,FTM,FTA,FT_PCT,OREB,DREB,REB,AST,STL,BLK,TO,PF,PTS
2022100160,1612709915,Celtics,MNE,Maine,Starters,153.000000:18,23,49,0.469,7,21,0.333,10,10,1.0,7,17,24,18,7,4,10,4,70
2022100160,1612709915,Celtics,MNE,Maine,Bench,96.000000:42,23,45,0.511,9,21,0.429,3,3,1.0,6,21,27,14,2,0,16,8,59
2022100160,1612709910,Mad Ants,FWN,Fort Wayne,Starters,193.000000:34,48,92,0.522,14,31,0.452,4,8,0.5,9,25,34,25,12,2,15,12,117
2022100160,1612709910,Mad Ants,FWN,Fort Wayne,Bench,56.000000:26,4,11,0.364,3,7,0.429,1,1,1.0,2,4,6,9,5,0,2,3,13
