GAME_ID,TEAM_ID,TEAM_NAME,TEAM_ABBREVIATION,TEAM_CITY,STARTERS_BENCH,MIN,FGM,FGA,FG_PCT,FG3M,FG3A,FG3_PCT,FTM,FTA,FT_PCT,OREB,DREB,REB,AST,STL,BLK,TO,PF,PTS
2022100158,1612709905,Lakers,SBL,South Bay,Starters,162.000000:07,37,65,0.569,13,24,0.542,10,11,0.909,3,27,30,21,1,6,10,15,101
2022100158,1612709905,Lakers,SBL,South Bay,Bench,77.000000:53,9,25,0.36,3,10,0.3,1,1,1.0,1,9,10,8,4,4,1,6,23
2022100158,1612709926,Hustle,MHU,Memphis,Starters,160.000000:42,27,69,0.391,9,28,0.321,7,9,0.778,9,25,34,19,5,1,9,11,75
2022100158,1612709926,Hustle,MHU,Memphis,Bench,53.000000:11,7,11,0.636,3,5,0.6,1,1,1.0,1,8,9,1,1,1,0,5,19
