GAME_ID,TEAM_ID,TEAM_NAME,TEAM_ABBREVIATION,TEAM_CITY,STARTERS_BENCH,MIN,FGM,FGA,FG_PCT,FG3M,FG3A,FG3_PCT,FTM,FTA,FT_PCT,OREB,DREB,REB,AST,STL,BLK,TO,PF,PTS
2012100003,1612709927,Herd,WIS,Wisconsin,Starters,124.000000:52,23,40,0.575,5,14,0.357,7,13,0.538,6,16,22,13,5,3,16,14,63
2012100003,1612709927,Herd,WIS,Wisconsin,Bench,46.000000:34,13,21,0.619,4,10,0.4,4,6,0.667,2,8,10,5,2,0,4,4,38
2012100003,1612709923,Bulls,WCB,Windy City,Starters,137.000000:52,23,45,0.511,7,14,0.5,7,7,1.0,4,19,23,8,10,1,17,16,67
2012100003,1612709923,Bulls,WCB,Windy City,Bench,85.000000:21,7,30,0.233,2,11,0.182,1,1,1.0,3,14,17,12,2,2,9,14,17
