GAME_ID,TEAM_ID,TEAM_NAME,TEAM_ABBREVIATION,TEAM_CITY,STARTERS_BENCH,MIN,FGM,FGA,FG_PCT,FG3M,FG3A,FG3_PCT,FTM,FTA,FT_PCT,OREB,DREB,REB,AST,STL,BLK,TO,PF,PTS
0022100506,1610612757,Trail Blazers,POR,Portland,Starters,149.000000:39,22,55,0.4,9,28,0.321,26,31,0.839,4,16,20,13,2,5,7,13,79
0022100506,1610612757,Trail Blazers,POR,Portland,Bench,90.000000:21,13,27,0.481,3,12,0.25,9,11,0.818,4,9,13,6,2,0,4,15,38
0022100506,1610612742,Mavericks,DAL,Dallas,Starters,141.000000:49,35,57,0.614,9,21,0.429,13,20,0.65,7,19,26,21,3,3,3,14,92
0022100506,1610612742,Mavericks,DAL,Dallas,Bench,58.000000:05,5,11,0.455,1,5,0.2,5,5,1.0,0,7,7,12,2,0,5,10,16
