GAME_ID,TEAM_ID,TEAM_NAME,TEAM_ABBREVIATION,TEAM_CITY,STARTERS_BENCH,MIN,FGM,FGA,FG_PCT,FG3M,FG3A,FG3_PCT,FTM,FTA,FT_PCT,OREB,DREB,REB,AST,STL,BLK,TO,PF,PTS
2052100078,1612709932,Cruise,MCC,Motor City,Starters,156.000000:07,18,53,0.34,7,26,0.269,4,10,0.4,7,21,28,10,5,2,7,15,51
2052100078,1612709932,Cruise,MCC,Motor City,Bench,57.000000:59,8,20,0.4,1,8,0.125,3,3,1.0,3,7,10,2,3,1,2,7,22
2052100078,1612709917,Gold,GRG,Grand Rapids,Starters,174.000000:04,29,59,0.492,6,14,0.429,7,10,0.7,2,32,34,16,5,2,11,17,74
2052100078,1612709917,Gold,GRG,Grand Rapids,Bench,62.000000:32,7,20,0.35,1,6,0.167,4,5,0.8,4,5,9,3,0,1,7,7,22
