GAME_ID,TEAM_ID,TEAM_NAME,TEAM_ABBREVIATION,TEAM_CITY,STARTERS_BENCH,MIN,FGM,FGA,FG_PCT,FG3M,FG3A,FG3_PCT,FTM,FTA,FT_PCT,OREB,DREB,REB,AST,STL,BLK,TO,PF,PTS
0022100668,1610612755,76ers,PHI,Philadelphia,Starters,146.000000:00,34,56,0.607,6,15,0.4,19,22,0.864,2,25,27,11,4,6,2,5,93
0022100668,1610612755,76ers,PHI,Philadelphia,Bench,93.000000:60,11,27,0.407,4,13,0.308,4,5,0.8,4,13,17,10,3,2,7,10,30
0022100668,1610612753,Magic,ORL,Orlando,Starters,161.000000:35,28,61,0.459,11,24,0.458,6,10,0.6,6,23,29,19,3,3,9,14,73
0022100668,1610612753,Magic,ORL,Orlando,Bench,63.000000:13,11,25,0.44,6,10,0.6,6,6,1.0,1,11,12,6,1,0,1,2,34
