GAME_ID,TEAM_ID,TEAM_NAME,TEAM_ABBREVIATION,TEAM_CITY,STARTERS_BENCH,MIN,FGM,FGA,FG_PCT,FG3M,FG3A,FG3_PCT,FTM,FTA,FT_PCT,OREB,DREB,REB,AST,STL,BLK,TO,PF,PTS
0022101221,1610612745,Rockets,HOU,Houston,Starters,176.000000:32,34,73,0.466,15,36,0.417,12,14,0.857,5,18,23,19,2,3,4,11,95
0022101221,1610612745,Rockets,HOU,Houston,Bench,63.000000:28,7,16,0.438,2,10,0.2,3,6,0.5,1,10,11,5,2,1,1,8,19
0022101221,1610612737,Hawks,ATL,Atlanta,Starters,152.000000:09,37,65,0.569,17,25,0.68,14,15,0.933,9,20,29,18,1,3,10,12,105
0022101221,1610612737,Hawks,ATL,Atlanta,Bench,87.000000:51,8,22,0.364,4,13,0.308,5,9,0.556,4,17,21,11,3,1,2,7,25
