GAME_ID,TEAM_ID,TEAM_NAME,TEAM_ABBREVIATION,TEAM_CITY,STARTERS_BENCH,MIN,FGM,FGA,FG_PCT,FG3M,FG3A,FG3_PCT,FTM,FTA,FT_PCT,OREB,DREB,REB,AST,STL,BLK,TO,PF,PTS
0022100096,1610612757,Trail Blazers,POR,Portland,Starters,151.000000:56,26,57,0.456,6,20,0.3,11,18,0.611,6,18,24,17,2,2,8,5,69
0022100096,1610612757,Trail Blazers,POR,Portland,Bench,77.000000:09,14,26,0.538,6,14,0.429,0,0,0.0,6,12,18,4,3,0,6,8,34
0022100096,1610612755,76ers,PHI,Philadelphia,Starters,141.000000:57,28,51,0.549,9,22,0.409,8,9,0.889,5,22,27,25,8,2,5,8,73
0022100096,1610612755,76ers,PHI,Philadelphia,Bench,98.000000:03,15,32,0.469,4,14,0.286,6,7,0.857,2,5,7,9,3,4,5,10,40
