GAME_ID,TEAM_ID,TEAM_NAME,TEAM_ABBREVIATION,TEAM_CITY,STARTERS_BENCH,MIN,FGM,FGA,FG_PCT,FG3M,FG3A,FG3_PCT,FTM,FTA,FT_PCT,OREB,DREB,REB,AST,STL,BLK,TO,PF,PTS
0022100362,1610612757,Trail Blazers,POR,Portland,Starters,174.000000:27,31,66,0.47,4,18,0.222,13,18,0.722,3,27,30,13,5,4,15,13,79
0022100362,1610612757,Trail Blazers,POR,Portland,Bench,65.000000:33,4,13,0.308,1,4,0.25,2,2,1.0,4,11,15,3,1,2,3,6,11
0022100362,1610612746,Clippers,LAC,LA,Starters,166.000000:12,29,65,0.446,8,27,0.296,8,13,0.615,4,24,28,14,7,3,8,11,74
0022100362,1610612746,Clippers,LAC,LA,Bench,73.000000:48,12,27,0.444,3,9,0.333,1,1,1.0,3,6,9,4,1,4,5,10,28
