GAME_ID,TEAM_ID,TEAM_NAME,TEAM_ABBREVIATION,TEAM_CITY,STARTERS_BENCH,MIN,FGM,FGA,FG_PCT,FG3M,FG3A,FG3_PCT,FTM,FTA,FT_PCT,OREB,DREB,REB,AST,STL,BLK,TO,PF,PTS
0042100114,1610612738,Celtics,BOS,Boston,Starters,156.000000:42,32,65,0.492,10,24,0.417,16,19,0.842,6,24,30,21,2,1,11,19,90
0042100114,1610612738,Celtics,BOS,Boston,Bench,69.000000:10,9,20,0.45,4,11,0.364,1,1,1.0,0,10,10,5,0,3,1,5,23
0042100114,1610612751,Nets,BKN,Brooklyn,Starters,156.000000:40,29,60,0.483,10,25,0.4,16,18,0.889,2,17,19,18,1,4,8,12,84
0042100114,1610612751,Nets,BKN,Brooklyn,Bench,64.000000:23,10,15,0.667,2,6,0.333,1,11,0.091,6,11,17,10,4,3,2,9,23
