GAME_ID,TEAM_ID,TEAM_NAME,TEAM_ABBREVIATION,TEAM_CITY,STARTERS_BENCH,MIN,FGM,FGA,FG_PCT,FG3M,FG3A,FG3_PCT,FTM,FTA,FT_PCT,OREB,DREB,REB,AST,STL,BLK,TO,PF,PTS
0042100401,1610612744,Warriors,GSW,Golden State,Starters,175.000000:25,29,70,0.414,12,32,0.375,7,11,0.636,11,21,32,18,6,6,8,12,77
0042100401,1610612744,Warriors,GSW,Golden State,Bench,64.000000:35,10,18,0.556,7,13,0.538,4,4,1.0,1,6,7,6,2,0,6,4,31
0042100401,1610612738,Celtics,BOS,Boston,Starters,166.000000:21,33,67,0.493,13,28,0.464,9,12,0.75,6,23,29,25,7,5,10,7,88
0042100401,1610612738,Celtics,BOS,Boston,Bench,73.000000:39,10,18,0.556,8,13,0.615,4,4,1.0,1,9,10,8,0,1,2,6,32
