GAME_ID,TEAM_ID,TEAM_NAME,TEAM_ABBREVIATION,TEAM_CITY,STARTERS_BENCH,MIN,FGM,FGA,FG_PCT,FG3M,FG3A,FG3_PCT,FTM,FTA,FT_PCT,OREB,DREB,REB,AST,STL,BLK,TO,PF,PTS
0022100811,1610612764,Wizards,WAS,Washington,Starters,124.000000:25,17,41,0.415,3,16,0.188,10,11,0.909,2,15,17,14,5,0,9,8,47
0022100811,1610612764,Wizards,WAS,Washington,Bench,87.000000:49,18,37,0.486,3,13,0.231,9,10,0.9,5,5,10,7,3,0,5,7,48
0022100811,1610612748,Heat,MIA,Miami,Starters,135.000000:18,23,41,0.561,7,14,0.5,12,14,0.857,3,19,22,15,4,0,12,10,65
0022100811,1610612748,Heat,MIA,Miami,Bench,104.000000:42,20,35,0.571,11,18,0.611,5,7,0.714,2,13,15,14,5,1,6,13,56
