GAME_ID,TEAM_ID,TEAM_NAME,TEAM_ABBREVIATION,TEAM_CITY,STARTERS_BENCH,MIN,FGM,FGA,FG_PCT,FG3M,FG3A,FG3_PCT,FTM,FTA,FT_PCT,OREB,DREB,REB,AST,STL,BLK,TO,PF,PTS
0022100117,1610612744,Warriors,GSW,Golden State,Starters,146.000000:02,26,56,0.464,12,33,0.364,8,13,0.615,3,30,33,22,7,1,12,12,72
0022100117,1610612744,Warriors,GSW,Golden State,Bench,63.000000:58,7,17,0.412,4,8,0.5,2,2,1.0,2,11,13,8,2,2,2,2,20
0022100117,1610612766,Hornets,CHA,Charlotte,Starters,163.000000:22,30,70,0.429,8,25,0.32,13,16,0.813,5,30,35,15,9,2,8,10,81
0022100117,1610612766,Hornets,CHA,Charlotte,Bench,76.000000:38,4,21,0.19,2,11,0.182,1,3,0.333,4,10,14,3,1,0,8,4,11
