GAME_ID,TEAM_ID,TEAM_NAME,TEAM_ABBREVIATION,TEAM_CITY,STARTERS_BENCH,MIN,FGM,FGA,FG_PCT,FG3M,FG3A,FG3_PCT,FTM,FTA,FT_PCT,OREB,DREB,REB,AST,STL,BLK,TO,PF,PTS
0022100746,1610612754,Pacers,IND,Indiana,Starters,122.000000:06,20,44,0.455,4,19,0.211,10,12,0.833,4,18,22,16,0,1,6,12,54
0022100746,1610612754,Pacers,IND,Indiana,Bench,99.000000:29,15,39,0.385,4,13,0.308,5,9,0.556,2,17,19,8,0,3,3,3,39
0022100746,1610612742,Mavericks,DAL,Dallas,Starters,127.000000:20,27,52,0.519,8,19,0.421,6,12,0.5,6,23,29,23,3,3,3,7,68
0022100746,1610612742,Mavericks,DAL,Dallas,Bench,112.000000:40,24,44,0.545,8,15,0.533,8,10,0.8,5,12,17,8,5,4,2,12,64
