GAME_ID,TEAM_ID,TEAM_NAME,TEAM_ABBREVIATION,TEAM_CITY,STARTERS_BENCH,MIN,FGM,FGA,FG_PCT,FG3M,FG3A,FG3_PCT,FTM,FTA,FT_PCT,OREB,DREB,REB,AST,STL,BLK,TO,PF,PTS
0022100504,1610612762,Jazz,UTA,Utah,Starters,148.000000:34,24,52,0.462,6,22,0.273,13,19,0.684,3,27,30,10,7,3,8,9,67
0022100504,1610612762,Jazz,UTA,Utah,Bench,52.000000:30,11,26,0.423,3,9,0.333,5,5,1.0,1,12,13,7,2,0,5,5,30
0022100504,1610612759,Spurs,SAS,San Antonio,Starters,139.000000:52,26,57,0.456,7,16,0.438,4,9,0.444,4,23,27,17,6,2,7,14,63
0022100504,1610612759,Spurs,SAS,San Antonio,Bench,70.000000:27,15,34,0.441,2,9,0.222,0,0,0.0,4,11,15,5,1,1,0,7,32
