GAME_ID,TEAM_ID,TEAM_NAME,TEAM_ABBREVIATION,TEAM_CITY,STARTERS_BENCH,MIN,FGM,FGA,FG_PCT,FG3M,FG3A,FG3_PCT,FTM,FTA,FT_PCT,OREB,DREB,REB,AST,STL,BLK,TO,PF,PTS
0042100202,1610612755,76ers,PHI,Philadelphia,Starters,159.000000:58,31,67,0.463,5,23,0.217,17,19,0.895,3,15,18,15,8,0,4,11,84
0042100202,1610612755,76ers,PHI,Philadelphia,Bench,80.000000:02,7,17,0.412,3,7,0.429,2,3,0.667,2,14,16,2,2,4,4,14,19
0042100202,1610612748,Heat,MIA,Miami,Starters,150.000000:39,23,45,0.511,7,16,0.438,14,18,0.778,6,16,22,21,4,1,7,15,67
0042100202,1610612748,Heat,MIA,Miami,Bench,78.000000:48,15,28,0.536,7,11,0.636,8,9,0.889,1,16,17,4,1,1,6,7,45
