GAME_ID,TEAM_ID,TEAM_NAME,TEAM_ABBREVIATION,TEAM_CITY,STARTERS_BENCH,MIN,FGM,FGA,FG_PCT,FG3M,FG3A,FG3_PCT,FTM,FTA,FT_PCT,OREB,DREB,REB,AST,STL,BLK,TO,PF,PTS
0022101158,1610612759,Spurs,SAS,San Antonio,Starters,141.000000:12,29,53,0.547,11,22,0.5,9,9,1.0,5,18,23,25,3,1,4,11,78
0022101158,1610612759,Spurs,SAS,San Antonio,Bench,98.000000:48,17,28,0.607,5,15,0.333,13,19,0.684,3,18,21,9,6,5,10,5,52
0022101158,1610612757,Trail Blazers,POR,Portland,Starters,135.000000:11,21,52,0.404,9,18,0.5,12,15,0.8,8,17,25,16,6,0,5,10,63
0022101158,1610612757,Trail Blazers,POR,Portland,Bench,69.000000:25,15,29,0.517,3,10,0.3,2,4,0.5,3,10,13,8,3,2,4,7,35
