GAME_ID,TEAM_ID,TEAM_NAME,TEAM_ABBREVIATION,TEAM_CITY,STARTERS_BENCH,MIN,FGM,FGA,FG_PCT,FG3M,FG3A,FG3_PCT,FTM,FTA,FT_PCT,OREB,DREB,REB,AST,STL,BLK,TO,PF,PTS
2022100310,1612709927,Herd,WIS,Wisconsin,Starters,137.000000:54,26,50,0.52,8,20,0.4,4,9,0.444,4,25,29,12,2,8,9,15,67
2022100310,1612709927,Herd,WIS,Wisconsin,Bench,73.000000:07,8,27,0.296,3,12,0.25,1,2,0.5,4,15,19,6,1,1,5,4,21
2022100310,1612709919,Knicks,WES,Westchester,Starters,170.000000:47,31,69,0.449,9,28,0.321,12,18,0.667,7,28,35,18,7,5,11,15,89
2022100310,1612709919,Knicks,WES,Westchester,Bench,63.000000:53,5,18,0.278,1,8,0.125,2,3,0.667,2,9,11,6,4,1,2,3,14
