GAME_ID,TEAM_ID,TEAM_NAME,TEAM_ABBREVIATION,TEAM_CITY,STARTERS_BENCH,MIN,FGM,FGA,FG_PCT,FG3M,FG3A,FG3_PCT,FTM,FTA,FT_PCT,OREB,DREB,REB,AST,STL,BLK,TO,PF,PTS
0022100338,1610612740,Pelicans,NOP,New Orleans,Starters,153.000000:39,23,54,0.426,7,21,0.333,16,22,0.727,5,28,33,22,5,3,6,17,69
0022100338,1610612740,Pelicans,NOP,New Orleans,Bench,74.000000:54,12,30,0.4,4,5,0.8,5,6,0.833,8,14,22,7,0,1,4,9,33
0022100338,1610612742,Mavericks,DAL,Dallas,Starters,144.000000:49,17,43,0.395,8,25,0.32,9,14,0.643,2,23,25,10,2,1,10,17,51
0022100338,1610612742,Mavericks,DAL,Dallas,Bench,87.000000:34,13,32,0.406,2,9,0.222,8,12,0.667,3,11,14,7,2,1,4,5,36
