GAME_ID,TEAM_ID,TEAM_NAME,TEAM_ABBREVIATION,TEAM_CITY,STARTERS_BENCH,MIN,FGM,FGA,FG_PCT,FG3M,FG3A,FG3_PCT,FTM,FTA,FT_PCT,OREB,DREB,REB,AST,STL,BLK,TO,PF,PTS
0022100284,1610612761,Raptors,TOR,Toronto,Starters,175.000000:18,30,65,0.462,6,20,0.3,16,21,0.762,8,24,32,15,5,3,7,14,82
0022100284,1610612761,Raptors,TOR,Toronto,Bench,50.000000:30,3,16,0.188,0,7,0.0,0,0,0.0,2,3,5,2,2,0,2,2,6
0022100284,1610612754,Pacers,IND,Indiana,Starters,159.000000:32,28,60,0.467,8,24,0.333,8,9,0.889,9,28,37,20,2,3,8,12,72
0022100284,1610612754,Pacers,IND,Indiana,Bench,80.000000:28,19,37,0.514,3,15,0.2,1,2,0.5,8,8,16,11,4,1,4,7,42
