GAME_ID,TEAM_ID,TEAM_NAME,TEAM_ABBREVIATION,TEAM_CITY,STARTERS_BENCH,MIN,FGM,FGA,FG_PCT,FG3M,FG3A,FG3_PCT,FTM,FTA,FT_PCT,OREB,DREB,REB,AST,STL,BLK,TO,PF,PTS
2052100031,1612709919,Knicks,WES,Westchester,Starters,160.000000:45,24,57,0.421,7,24,0.292,10,14,0.714,9,18,27,13,6,2,11,12,71
2052100031,1612709919,Knicks,WES,Westchester,Bench,54.000000:46,6,18,0.333,2,5,0.4,0,0,0.0,1,3,4,1,2,1,2,2,14
2052100031,1612709920,905,RAP,Raptors,Starters,137.000000:45,31,54,0.574,6,19,0.316,4,6,0.667,7,26,33,15,7,3,14,14,74
2052100031,1612709920,905,RAP,Raptors,Bench,102.000000:15,17,26,0.654,9,14,0.643,1,5,0.2,2,12,14,11,5,3,8,11,45
