GAME_ID,TEAM_ID,TEAM_NAME,TEAM_ABBREVIATION,TEAM_CITY,STARTERS_BENCH,MIN,FGM,FGA,FG_PCT,FG3M,FG3A,FG3_PCT,FTM,FTA,FT_PCT,OREB,DREB,REB,AST,STL,BLK,TO,PF,PTS
0022100183,1610612744,Warriors,GSW,Golden State,Starters,143.000000:48,30,62,0.484,12,31,0.387,10,12,0.833,7,24,31,17,7,2,13,7,82
0022100183,1610612744,Warriors,GSW,Golden State,Bench,96.000000:12,15,31,0.484,3,15,0.2,4,4,1.0,5,11,16,10,8,1,3,8,37
0022100183,1610612741,Bulls,CHI,Chicago,Starters,136.000000:41,18,49,0.367,4,17,0.235,12,16,0.75,2,18,20,9,6,1,13,9,52
0022100183,1610612741,Bulls,CHI,Chicago,Bench,87.000000:02,14,23,0.609,2,7,0.286,5,6,0.833,5,13,18,8,3,1,5,6,35
