GAME_ID,TEAM_ID,TEAM_NAME,TEAM_ABBREVIATION,TEAM_CITY,STARTERS_BENCH,MIN,FGM,FGA,FG_PCT,FG3M,FG3A,FG3_PCT,FTM,FTA,FT_PCT,OREB,DREB,REB,AST,STL,BLK,TO,PF,PTS
0022100269,1610612753,Magic,ORL,Orlando,Starters,161.000000:26,31,63,0.492,10,26,0.385,6,8,0.75,6,31,37,16,4,1,10,16,78
0022100269,1610612753,Magic,ORL,Orlando,Bench,78.000000:34,7,30,0.233,5,16,0.313,2,2,1.0,4,10,14,7,1,0,4,3,21
0022100269,1610612766,Hornets,CHA,Charlotte,Starters,146.000000:32,25,64,0.391,8,29,0.276,10,13,0.769,5,22,27,19,9,5,5,8,68
0022100269,1610612766,Hornets,CHA,Charlotte,Bench,87.000000:13,14,27,0.519,4,10,0.4,6,8,0.75,7,14,21,7,2,5,4,8,38
