GAME_ID,TEAM_ID,TEAM_NAME,TEAM_ABBREVIATION,TEAM_CITY,STARTERS_BENCH,MIN,FGM,FGA,FG_PCT,FG3M,FG3A,FG3_PCT,FTM,FTA,FT_PCT,OREB,DREB,REB,AST,STL,BLK,TO,PF,PTS
0022101002,1610612762,Jazz,UTA,Utah,Starters,160.000000:35,19,56,0.339,8,29,0.276,13,15,0.867,9,27,36,18,7,7,12,17,59
0022101002,1610612762,Jazz,UTA,Utah,Bench,37.000000:15,10,22,0.455,5,11,0.455,1,3,0.333,3,6,9,0,1,1,2,5,26
0022101002,1610612759,Spurs,SAS,San Antonio,Starters,164.000000:55,26,63,0.413,3,19,0.158,19,29,0.655,9,32,41,10,6,4,11,13,74
0022101002,1610612759,Spurs,SAS,San Antonio,Bench,43.000000:11,2,12,0.167,1,7,0.143,6,9,0.667,1,4,5,2,1,1,0,5,11
