GAME_ID,TEAM_ID,TEAM_NAME,TEAM_ABBREVIATION,TEAM_CITY,STARTERS_BENCH,MIN,FGM,FGA,FG_PCT,FG3M,FG3A,FG3_PCT,FTM,FTA,FT_PCT,OREB,DREB,REB,AST,STL,BLK,TO,PF,PTS
0022101053,1610612754,Pacers,IND,Indiana,Starters,157.000000:39,32,70,0.457,11,34,0.324,12,16,0.75,11,16,27,21,5,4,10,16,87
0022101053,1610612754,Pacers,IND,Indiana,Bench,72.000000:56,14,27,0.519,3,7,0.429,1,3,0.333,5,14,19,8,2,0,2,10,32
0022101053,1610612745,Rockets,HOU,Houston,Starters,150.000000:14,29,54,0.537,10,19,0.526,18,20,0.9,3,25,28,18,5,4,8,12,86
0022101053,1610612745,Rockets,HOU,Houston,Bench,89.000000:46,10,25,0.4,2,8,0.25,10,12,0.833,2,12,14,6,4,4,7,7,32
