GAME_ID,TEAM_ID,TEAM_NAME,TEAM_ABBREVIATION,TEAM_CITY,STARTERS_BENCH,MIN,FGM,FGA,FG_PCT,FG3M,FG3A,FG3_PCT,FTM,FTA,FT_PCT,OREB,DREB,REB,AST,STL,BLK,TO,PF,PTS
2022100214,1612709926,Hustle,MHU,Memphis,Starters,186.000000:37,38,77,0.494,9,26,0.346,15,16,0.938,8,20,28,15,5,0,12,13,109
2022100214,1612709926,Hustle,MHU,Memphis,Bench,53.000000:23,2,7,0.286,1,3,0.333,1,2,0.5,1,9,10,1,0,2,3,5,7
2022100214,1612709913,Squadron,BIR,Birmingham,Starters,151.000000:52,32,55,0.582,9,20,0.45,4,4,1.0,5,18,23,23,6,3,8,12,79
2022100214,1612709913,Squadron,BIR,Birmingham,Bench,68.000000:41,12,25,0.48,7,17,0.412,5,5,1.0,2,7,9,10,4,0,5,9,42
