GAME_ID,TEAM_ID,TEAM_NAME,TEAM_ABBREVIATION,TEAM_CITY,STARTERS_BENCH,MIN,FGM,FGA,FG_PCT,FG3M,FG3A,FG3_PCT,FTM,FTA,FT_PCT,OREB,DREB,REB,AST,STL,BLK,TO,PF,PTS
0012100010,1610612746,Clippers,LAC,LA,Starters,78.000000:57,11,27,0.407,4,11,0.364,10,11,0.909,2,12,14,9,0,2,4,8,36
0012100010,1610612746,Clippers,LAC,LA,Bench,161.000000:03,27,61,0.443,4,13,0.308,9,14,0.643,13,25,38,17,3,4,14,15,67
0012100010,1610612743,Nuggets,DEN,Denver,Starters,101.000000:54,18,39,0.462,6,14,0.429,7,13,0.538,2,15,17,13,5,5,3,4,49
0012100010,1610612743,Nuggets,DEN,Denver,Bench,138.000000:06,19,47,0.404,4,23,0.174,11,16,0.688,7,21,28,7,6,8,10,17,53
