GAME_ID,TEAM_ID,TEAM_NAME,TEAM_ABBREVIATION,TEAM_CITY,STARTERS_BENCH,MIN,FGM,FGA,FG_PCT,FG3M,FG3A,FG3_PCT,FTM,FTA,FT_PCT,OREB,DREB,REB,AST,STL,BLK,TO,PF,PTS
0022100749,1610612764,Wizards,WAS,Washington,Starters,144.000000:50,24,58,0.414,8,19,0.421,12,17,0.706,4,15,19,19,5,3,8,9,68
0022100749,1610612764,Wizards,WAS,Washington,Bench,95.000000:10,11,26,0.423,2,10,0.2,3,4,0.75,3,15,18,8,1,2,4,3,27
0022100749,1610612763,Grizzlies,MEM,Memphis,Starters,147.000000:49,32,66,0.485,8,20,0.4,8,10,0.8,15,21,36,17,5,6,7,14,80
0022100749,1610612763,Grizzlies,MEM,Memphis,Bench,41.000000:50,7,11,0.636,2,3,0.667,2,2,1.0,2,6,8,2,1,3,1,6,18
