GAME_ID,TEAM_ID,TEAM_NAME,TEAM_ABBREVIATION,TEAM_CITY,STARTERS_BENCH,MIN,FGM,FGA,FG_PCT,FG3M,FG3A,FG3_PCT,FTM,FTA,FT_PCT,OREB,DREB,REB,AST,STL,BLK,TO,PF,PTS
0022100629,1610612740,Pelicans,NOP,New Orleans,Starters,164.000000:39,30,64,0.469,11,25,0.44,10,12,0.833,5,33,38,19,5,0,5,11,81
0022100629,1610612740,Pelicans,NOP,New Orleans,Bench,53.000000:29,8,25,0.32,2,10,0.2,1,2,0.5,5,8,13,4,3,2,1,4,19
0022100629,1610612746,Clippers,LAC,LA,Starters,117.000000:36,12,42,0.286,3,21,0.143,7,7,1.0,3,21,24,10,2,4,6,8,34
0022100629,1610612746,Clippers,LAC,LA,Bench,122.000000:24,19,39,0.487,7,13,0.538,10,13,0.769,2,20,22,9,0,3,9,8,55
