GAME_ID,TEAM_ID,TEAM_NAME,TEAM_ABBREVIATION,TEAM_CITY,STARTERS_BENCH,MIN,FGM,FGA,FG_PCT,FG3M,FG3A,FG3_PCT,FTM,FTA,FT_PCT,OREB,DREB,REB,AST,STL,BLK,TO,PF,PTS
0012100012,1610612739,Cavaliers,CLE,Cleveland,Starters,118.000000:02,12,33,0.364,3,9,0.333,15,20,0.75,4,18,22,7,3,3,10,4,42
0012100012,1610612739,Cavaliers,CLE,Cleveland,Bench,78.000000:04,10,34,0.294,3,15,0.2,6,11,0.545,5,19,24,12,1,4,7,7,29
0012100012,1610612741,Bulls,CHI,Chicago,Starters,116.000000:36,28,58,0.483,7,18,0.389,6,9,0.667,6,23,29,16,9,9,3,6,69
0012100012,1610612741,Bulls,CHI,Chicago,Bench,109.000000:28,18,41,0.439,6,12,0.5,7,9,0.778,6,21,27,18,4,2,6,16,49
