GAME_ID,TEAM_ID,TEAM_NAME,TEAM_ABBREVIATION,TEAM_CITY,STARTERS_BENCH,MIN,FGM,FGA,FG_PCT,FG3M,FG3A,FG3_PCT,FTM,FTA,FT_PCT,OREB,DREB,REB,AST,STL,BLK,TO,PF,PTS
2022100437,1612709914,Kings,STO,Stockton,Starters,145.000000:48,24,49,0.49,6,12,0.5,9,11,0.818,7,20,27,17,6,6,11,10,69
2022100437,1612709914,Kings,STO,Stockton,Bench,94.000000:12,20,35,0.571,4,12,0.333,4,4,1.0,1,9,10,6,6,1,3,6,52
2022100437,1612709889,Blue,OKL,Oklahoma City,Starters,167.000000:15,30,57,0.526,7,15,0.467,8,10,0.8,4,23,27,19,6,2,10,11,83
2022100437,1612709889,Blue,OKL,Oklahoma City,Bench,72.000000:45,13,28,0.464,6,15,0.4,2,3,0.667,4,8,12,6,2,0,7,9,35
