GAME_ID,TEAM_ID,TEAM_NAME,TEAM_ABBREVIATION,TEAM_CITY,STARTERS_BENCH,MIN,FGM,FGA,FG_PCT,FG3M,FG3A,FG3_PCT,FTM,FTA,FT_PCT,OREB,DREB,REB,AST,STL,BLK,TO,PF,PTS
0022100842,1610612743,Nuggets,DEN,Denver,Starters,140.000000:57,27,58,0.466,7,29,0.241,9,13,0.692,7,27,34,16,5,2,14,11,70
0022100842,1610612743,Nuggets,DEN,Denver,Bench,99.000000:03,12,32,0.375,4,15,0.267,4,5,0.8,5,13,18,7,2,4,7,11,32
0022100842,1610612738,Celtics,BOS,Boston,Starters,181.000000:59,28,72,0.389,4,24,0.167,22,29,0.759,14,31,45,21,11,6,9,9,82
0022100842,1610612738,Celtics,BOS,Boston,Bench,58.000000:01,10,24,0.417,6,13,0.462,0,1,0.0,4,5,9,3,2,2,3,11,26
