GAME_ID,TEAM_ID,TEAM_NAME,TEAM_ABBREVIATION,TEAM_CITY,STARTERS_BENCH,MIN,FGM,FGA,FG_PCT,FG3M,FG3A,FG3_PCT,FTM,FTA,FT_PCT,OREB,DREB,REB,AST,STL,BLK,TO,PF,PTS
2022100315,1612709893,Charge,CLC,Cleveland,Starters,188.000000:44,33,70,0.471,9,23,0.391,13,16,0.813,9,34,43,10,2,6,11,17,99
2022100315,1612709893,Charge,CLC,Cleveland,Bench,51.000000:16,2,13,0.154,0,8,0.0,1,1,1.0,0,3,3,6,1,1,3,4,6
2022100315,1612709928,Go-Go,CCG,Capital City,Starters,115.000000:57,19,45,0.422,7,20,0.35,4,5,0.8,5,15,20,12,2,2,4,14,51
2022100315,1612709928,Go-Go,CCG,Capital City,Bench,100.000000:30,22,50,0.44,5,22,0.227,5,10,0.5,7,14,21,12,5,1,1,7,55
