GAME_ID,TEAM_ID,TEAM_NAME,TEAM_ABBREVIATION,TEAM_CITY,STARTERS_BENCH,MIN,FGM,FGA,FG_PCT,FG3M,FG3A,FG3_PCT,FTM,FTA,FT_PCT,OREB,DREB,REB,AST,STL,BLK,TO,PF,PTS
0022100393,1610612758,Kings,SAC,Sacramento,Starters,122.000000:21,19,47,0.404,0,9,0.0,7,12,0.583,6,21,27,8,3,3,6,8,45
0022100393,1610612758,Kings,SAC,Sacramento,Bench,108.000000:39,22,43,0.512,7,19,0.368,6,8,0.75,2,15,17,10,5,3,10,13,57
0022100393,1610612739,Cavaliers,CLE,Cleveland,Starters,170.000000:03,27,56,0.482,3,13,0.231,16,19,0.842,5,33,38,21,9,5,9,13,73
0022100393,1610612739,Cavaliers,CLE,Cleveland,Bench,69.000000:57,14,32,0.438,9,18,0.5,7,9,0.778,2,7,9,6,4,1,5,11,44
