GAME_ID,TEAM_ID,TEAM_NAME,TEAM_ABBREVIATION,TEAM_CITY,STARTERS_BENCH,MIN,FGM,FGA,FG_PCT,FG3M,FG3A,FG3_PCT,FTM,FTA,FT_PCT,OREB,DREB,REB,AST,STL,BLK,TO,PF,PTS
2022100208,1612709910,Mad Ants,FWN,Fort Wayne,Starters,170.000000:19,37,68,0.544,10,25,0.4,8,12,0.667,7,20,27,21,8,0,12,17,96
2022100208,1612709910,Mad Ants,FWN,Fort Wayne,Bench,33.000000:40,4,10,0.4,4,9,0.444,1,1,1.0,0,6,6,1,2,1,4,4,14
2022100208,1612709928,Go-Go,CCG,Capital City,Starters,155.000000:17,23,55,0.418,11,23,0.478,6,9,0.667,12,21,33,20,4,4,12,14,68
2022100208,1612709928,Go-Go,CCG,Capital City,Bench,84.000000:43,14,28,0.5,1,7,0.143,5,8,0.625,1,14,15,8,8,2,8,7,38
