GAME_ID,TEAM_ID,TEAM_NAME,TEAM_ABBREVIATION,TEAM_CITY,STARTERS_BENCH,MIN,FGM,FGA,FG_PCT,FG3M,FG3A,FG3_PCT,FTM,FTA,FT_PCT,OREB,DREB,REB,AST,STL,BLK,TO,PF,PTS
0022100009,1610612755,76ers,PHI,Philadelphia,Starters,133.000000:12,28,53,0.528,6,12,0.5,10,13,0.769,3,24,27,14,2,1,4,8,72
0022100009,1610612755,76ers,PHI,Philadelphia,Bench,106.000000:48,16,32,0.5,7,13,0.538,6,7,0.857,3,17,20,10,7,4,8,3,45
0022100009,1610612740,Pelicans,NOP,New Orleans,Starters,139.000000:31,32,72,0.444,10,20,0.5,6,9,0.667,5,22,27,16,2,4,9,8,80
0022100009,1610612740,Pelicans,NOP,New Orleans,Bench,85.000000:23,7,20,0.35,3,9,0.333,0,0,0.0,5,11,16,11,3,2,4,7,17
