GAME_ID,TEAM_ID,TEAM_NAME,TEAM_ABBREVIATION,TEAM_CITY,STARTERS_BENCH,MIN,FGM,FGA,FG_PCT,FG3M,FG3A,FG3_PCT,FTM,FTA,FT_PCT,OREB,DREB,REB,AST,STL,BLK,TO,PF,PTS
0022100801,1610612758,Kings,SAC,Sacramento,Starters,176.000000:09,33,66,0.5,9,25,0.36,11,15,0.733,6,27,33,26,8,3,11,10,86
0022100801,1610612758,Kings,SAC,Sacramento,Bench,63.000000:51,10,17,0.588,3,7,0.429,4,7,0.571,1,13,14,4,5,1,4,5,27
0022100801,1610612760,Thunder,OKC,Oklahoma City,Starters,157.000000:47,29,64,0.453,5,22,0.227,10,16,0.625,4,20,24,18,6,0,9,12,73
0022100801,1610612760,Thunder,OKC,Oklahoma City,Bench,82.000000:13,13,23,0.565,4,8,0.5,0,0,0.0,3,14,17,5,2,1,5,4,30
