GAME_ID,TEAM_ID,TEAM_NAME,TEAM_ABBREVIATION,TEAM_CITY,STARTERS_BENCH,MIN,FGM,FGA,FG_PCT,FG3M,FG3A,FG3_PCT,FTM,FTA,FT_PCT,OREB,DREB,REB,AST,STL,BLK,TO,PF,PTS
0022100297,1610612745,Rockets,HOU,Houston,Starters,193.000000:25,40,68,0.588,16,32,0.5,18,27,0.667,7,23,30,27,4,2,9,14,114
0022100297,1610612745,Rockets,HOU,Houston,Bench,71.000000:35,11,27,0.407,7,17,0.412,3,4,0.75,3,8,11,9,1,2,4,11,32
0022100297,1610612766,Hornets,CHA,Charlotte,Starters,185.000000:57,35,77,0.455,15,35,0.429,21,23,0.913,10,17,27,29,5,3,10,11,106
0022100297,1610612766,Hornets,CHA,Charlotte,Bench,64.000000:29,11,23,0.478,3,12,0.25,6,7,0.857,6,6,12,2,4,2,1,8,31
