GAME_ID,TEAM_ID,TEAM_NAME,TEAM_ABBREVIATION,TEAM_CITY,STARTERS_BENCH,MIN,FGM,FGA,FG_PCT,FG3M,FG3A,FG3_PCT,FTM,FTA,FT_PCT,OREB,DREB,REB,AST,STL,BLK,TO,PF,PTS
0022100822,1610612749,Bucks,MIL,Milwaukee,Starters,165.000000:44,46,78,0.59,12,26,0.462,11,18,0.611,7,27,34,27,7,3,8,18,115
0022100822,1610612749,Bucks,MIL,Milwaukee,Bench,35.000000:07,3,9,0.333,1,5,0.2,1,2,0.5,2,2,4,4,1,0,3,4,8
0022100822,1610612747,Lakers,LAL,Los Angeles,Starters,149.000000:35,32,61,0.525,7,21,0.333,15,25,0.6,6,22,28,24,5,4,11,12,86
0022100822,1610612747,Lakers,LAL,Los Angeles,Bench,90.000000:25,12,24,0.5,3,11,0.273,3,5,0.6,6,7,13,4,2,2,5,8,30
