GAME_ID,TEAM_ID,TEAM_NAME,TEAM_ABBREVIATION,TEAM_CITY,STARTERS_BENCH,MIN,FGM,FGA,FG_PCT,FG3M,FG3A,FG3_PCT,FTM,FTA,FT_PCT,OREB,DREB,REB,AST,STL,BLK,TO,PF,PTS
2022100431,1612709903,Stars,SLC,Salt Lake City,Starters,175.000000:25,27,75,0.36,10,29,0.345,11,11,1.0,6,23,29,14,11,4,10,13,82
2022100431,1612709903,Stars,SLC,Salt Lake City,Bench,64.000000:35,5,14,0.357,3,6,0.5,6,7,0.857,5,11,16,6,2,0,5,8,24
2022100431,1612709902,Warriors,SCW,Santa Cruz,Starters,163.000000:32,26,60,0.433,5,21,0.238,12,16,0.75,5,29,34,18,2,3,15,17,75
2022100431,1612709902,Warriors,SCW,Santa Cruz,Bench,59.000000:27,6,15,0.4,5,9,0.556,0,0,0.0,4,6,10,5,1,0,3,4,17
