GAME_ID,TEAM_ID,TEAM_NAME,TEAM_ABBREVIATION,TEAM_CITY,STARTERS_BENCH,MIN,FGM,FGA,FG_PCT,FG3M,FG3A,FG3_PCT,FTM,FTA,FT_PCT,OREB,DREB,REB,AST,STL,BLK,TO,PF,PTS
2022100387,1612709926,Hustle,MHU,Memphis,Starters,160.000000:26,32,58,0.552,8,17,0.471,6,10,0.6,13,26,39,20,6,3,18,6,82
2022100387,1612709926,Hustle,MHU,Memphis,Bench,63.000000:55,13,31,0.419,4,10,0.4,2,2,1.0,6,8,14,4,1,3,2,4,34
2022100387,1612709924,Clippers,ACC,Agua Caliente,Starters,131.000000:06,25,56,0.446,5,16,0.313,3,5,0.6,5,13,18,19,11,3,9,17,61
2022100387,1612709924,Clippers,ACC,Agua Caliente,Bench,108.000000:54,17,36,0.472,6,18,0.333,2,2,1.0,7,14,21,9,2,0,7,9,43
