GAME_ID,TEAM_ID,TEAM_NAME,TEAM_ABBREVIATION,TEAM_CITY,STARTERS_BENCH,MIN,FGM,FGA,FG_PCT,FG3M,FG3A,FG3_PCT,FTM,FTA,FT_PCT,OREB,DREB,REB,AST,STL,BLK,TO,PF,PTS
0022101000,1610612752,Knicks,NYK,New York,Starters,177.000000:36,34,79,0.43,9,24,0.375,22,30,0.733,13,32,45,21,7,6,11,18,99
0022101000,1610612752,Knicks,NYK,New York,Bench,56.000000:36,4,11,0.364,1,1,1.0,6,7,0.857,1,5,6,2,1,0,3,12,15
0022101000,1610612763,Grizzlies,MEM,Memphis,Starters,141.000000:20,29,74,0.392,8,21,0.381,15,21,0.714,11,15,26,11,5,7,5,16,81
0022101000,1610612763,Grizzlies,MEM,Memphis,Bench,61.000000:31,11,17,0.647,1,1,1.0,2,4,0.5,6,11,17,6,2,4,0,7,25
