GAME_ID,TEAM_ID,TEAM_NAME,TEAM_ABBREVIATION,TEAM_CITY,STARTERS_BENCH,MIN,FGM,FGA,FG_PCT,FG3M,FG3A,FG3_PCT,FTM,FTA,FT_PCT,OREB,DREB,REB,AST,STL,BLK,TO,PF,PTS
0022101222,1610612760,Thunder,OKC,Oklahoma City,Starters,196.000000:43,33,82,0.402,9,28,0.321,5,9,0.556,11,25,36,16,6,2,8,12,80
0022101222,1610612760,Thunder,OKC,Oklahoma City,Bench,43.000000:17,4,16,0.25,0,6,0.0,0,0,0.0,1,3,4,1,0,0,0,4,8
0022101222,1610612746,Clippers,LAC,LA,Starters,130.000000:48,33,63,0.524,15,27,0.556,5,5,1.0,8,30,38,14,1,5,6,6,86
0022101222,1610612746,Clippers,LAC,LA,Bench,109.000000:12,21,34,0.618,3,8,0.375,7,9,0.778,4,15,19,20,3,3,3,5,52
