GAME_ID,TEAM_ID,TEAM_NAME,TEAM_ABBREVIATION,TEAM_CITY,STARTERS_BENCH,MIN,FGM,FGA,FG_PCT,FG3M,FG3A,FG3_PCT,FTM,FTA,FT_PCT,OREB,DREB,REB,AST,STL,BLK,TO,PF,PTS
0022100166,1610612759,Spurs,SAS,San Antonio,Starters,144.000000:25,25,51,0.49,7,14,0.5,14,21,0.667,9,22,31,21,8,2,6,8,71
0022100166,1610612759,Spurs,SAS,San Antonio,Bench,47.000000:05,12,24,0.5,6,11,0.545,3,4,0.75,0,3,3,4,0,1,1,3,33
0022100166,1610612758,Kings,SAC,Sacramento,Starters,142.000000:30,28,55,0.509,5,19,0.263,9,10,0.9,4,19,23,10,4,4,8,14,70
0022100166,1610612758,Kings,SAC,Sacramento,Bench,70.000000:32,13,25,0.52,2,10,0.2,2,4,0.5,4,6,10,8,0,2,4,9,30
