GAME_ID,TEAM_ID,TEAM_NAME,TEAM_ABBREVIATION,TEAM_CITY,STARTERS_BENCH,MIN,FGM,FGA,FG_PCT,FG3M,FG3A,FG3_PCT,FTM,FTA,FT_PCT,OREB,DREB,REB,AST,STL,BLK,TO,PF,PTS
2052100116,1612709889,Blue,OKL,Oklahoma City,Starters,142.000000:13,19,43,0.442,10,22,0.455,9,11,0.818,6,23,29,17,4,1,17,8,64
2052100116,1612709889,Blue,OKL,Oklahoma City,Bench,97.000000:47,20,35,0.571,7,12,0.583,2,4,0.5,4,19,23,10,1,4,4,8,51
2052100116,1612709930,Ignite,GLI,G League,Starters,147.000000:20,25,59,0.424,9,25,0.36,5,5,1.0,10,20,30,14,6,5,6,11,67
2052100116,1612709930,Ignite,GLI,G League,Bench,90.000000:28,12,35,0.343,3,8,0.375,3,5,0.6,3,6,9,8,5,3,5,10,33
