GAME_ID,TEAM_ID,TEAM_NAME,TEAM_ABBREVIATION,TEAM_CITY,STARTERS_BENCH,MIN,FGM,FGA,FG_PCT,FG3M,FG3A,FG3_PCT,FTM,FTA,FT_PCT,OREB,DREB,REB,AST,STL,BLK,TO,PF,PTS
0022100309,1610612750,Timberwolves,MIN,Minnesota,Starters,166.000000:38,28,66,0.424,6,25,0.24,14,18,0.778,7,25,32,23,6,3,10,18,76
0022100309,1610612750,Timberwolves,MIN,Minnesota,Bench,73.000000:22,8,16,0.5,3,10,0.3,5,8,0.625,1,14,15,2,2,2,3,7,24
0022100309,1610612754,Pacers,IND,Indiana,Starters,183.000000:27,26,67,0.388,6,26,0.231,15,17,0.882,7,34,41,24,6,2,7,11,73
0022100309,1610612754,Pacers,IND,Indiana,Bench,56.000000:33,10,24,0.417,3,11,0.273,2,4,0.5,1,5,6,3,0,1,6,7,25
