GAME_ID,TEAM_ID,TEAM_NAME,TEAM_ABBREVIATION,TEAM_CITY,STARTERS_BENCH,MIN,FGM,FGA,FG_PCT,FG3M,FG3A,FG3_PCT,FTM,FTA,FT_PCT,OREB,DREB,REB,AST,STL,BLK,TO,PF,PTS
0022100658,1610612763,Grizzlies,MEM,Memphis,Starters,126.000000:10,26,52,0.5,5,15,0.333,11,14,0.786,7,18,25,14,4,6,8,7,68
0022100658,1610612763,Grizzlies,MEM,Memphis,Bench,69.000000:36,15,27,0.556,4,7,0.571,4,6,0.667,3,10,13,12,5,0,5,3,38
0022100658,1610612741,Bulls,CHI,Chicago,Starters,148.000000:12,26,67,0.388,6,18,0.333,6,6,1.0,4,25,29,19,6,4,12,7,64
0022100658,1610612741,Bulls,CHI,Chicago,Bench,70.000000:49,10,17,0.588,5,8,0.625,3,5,0.6,4,5,9,5,4,2,4,8,28
