GAME_ID,TEAM_ID,TEAM_NAME,TEAM_ABBREVIATION,TEAM_CITY,STARTERS_BENCH,MIN,FGM,FGA,FG_PCT,FG3M,FG3A,FG3_PCT,FTM,FTA,FT_PCT,OREB,DREB,REB,AST,STL,BLK,TO,PF,PTS
2052100059,1612709918,Legends,TEX,Texas,Starters,177.000000:07,35,61,0.574,12,20,0.6,8,11,0.727,3,26,29,23,4,2,14,17,95
2052100059,1612709918,Legends,TEX,Texas,Bench,53.000000:24,8,19,0.421,4,8,0.5,0,0,0.0,0,8,8,6,1,2,3,6,20
2052100059,1612709926,Hustle,MHU,Memphis,Starters,168.000000:58,27,65,0.415,4,20,0.2,3,9,0.333,14,18,32,16,7,5,13,13,64
2052100059,1612709926,Hustle,MHU,Memphis,Bench,71.000000:02,11,24,0.458,5,14,0.357,5,7,0.714,2,8,10,1,1,1,5,4,35
