GAME_ID,TEAM_ID,TEAM_NAME,TEAM_ABBREVIATION,TEAM_CITY,STARTERS_BENCH,MIN,FGM,FGA,FG_PCT,FG3M,FG3A,FG3_PCT,FTM,FTA,FT_PCT,OREB,DREB,REB,AST,STL,BLK,TO,PF,PTS
0022100983,1610612756,Suns,PHX,Phoenix,Starters,159.000000:50,34,64,0.531,8,25,0.32,9,9,1.0,6,30,36,23,4,5,10,16,85
0022100983,1610612756,Suns,PHX,Phoenix,Bench,80.000000:10,11,35,0.314,3,12,0.25,1,1,1.0,8,11,19,3,4,0,4,2,26
0022100983,1610612748,Heat,MIA,Miami,Starters,147.000000:52,21,49,0.429,8,20,0.4,8,10,0.8,4,17,21,20,6,1,11,9,58
0022100983,1610612748,Heat,MIA,Miami,Bench,92.000000:08,14,39,0.359,2,13,0.154,2,3,0.667,2,15,17,7,2,4,3,0,32
