GAME_ID,TEAM_ID,TEAM_NAME,TEAM_ABBREVIATION,TEAM_CITY,STARTERS_BENCH,MIN,FGM,FGA,FG_PCT,FG3M,FG3A,FG3_PCT,FTM,FTA,FT_PCT,OREB,DREB,REB,AST,STL,BLK,TO,PF,PTS
0022100330,1610612760,Thunder,OKC,Oklahoma City,Starters,125.000000:50,14,43,0.326,6,20,0.3,10,13,0.769,4,5,9,8,2,3,13,5,44
0022100330,1610612760,Thunder,OKC,Oklahoma City,Bench,114.000000:10,11,33,0.333,5,18,0.278,8,9,0.889,4,13,17,6,0,2,6,9,35
0022100330,1610612763,Grizzlies,MEM,Memphis,Starters,95.000000:02,21,35,0.6,8,14,0.571,9,10,0.9,3,19,22,18,8,4,7,7,59
0022100330,1610612763,Grizzlies,MEM,Memphis,Bench,123.000000:16,31,51,0.608,8,17,0.471,4,8,0.5,10,15,25,18,8,5,2,8,74
