GAME_ID,TEAM_ID,TEAM_NAME,TEAM_ABBREVIATION,TEAM_CITY,STARTERS_BENCH,MIN,FGM,FGA,FG_PCT,FG3M,FG3A,FG3_PCT,FTM,FTA,FT_PCT,OREB,DREB,REB,AST,STL,BLK,TO,PF,PTS
0022101004,1610612764,Wizards,WAS,Washington,Starters,144.000000:00,23,57,0.404,7,22,0.318,15,21,0.714,9,16,25,10,3,1,6,8,68
0022101004,1610612764,Wizards,WAS,Washington,Bench,65.000000:25,14,23,0.609,2,4,0.5,6,8,0.75,2,9,11,8,2,2,2,7,36
0022101004,1610612747,Lakers,LAL,Los Angeles,Starters,155.000000:51,37,63,0.587,12,24,0.5,9,12,0.75,2,22,24,22,3,3,5,14,95
0022101004,1610612747,Lakers,LAL,Los Angeles,Bench,84.000000:09,11,28,0.393,2,7,0.286,3,5,0.6,5,8,13,3,2,0,2,11,27
