GAME_ID,TEAM_ID,TEAM_NAME,TEAM_ABBREVIATION,TEAM_CITY,STARTERS_BENCH,MIN,FGM,FGA,FG_PCT,FG3M,FG3A,FG3_PCT,FTM,FTA,FT_PCT,OREB,DREB,REB,AST,STL,BLK,TO,PF,PTS
2022100213,1612709919,Knicks,WES,Westchester,Starters,151.000000:27,23,55,0.418,5,20,0.25,7,9,0.778,5,22,27,11,4,1,7,12,62
2022100213,1612709919,Knicks,WES,Westchester,Bench,69.000000:20,5,18,0.278,1,12,0.083,6,6,1.0,3,11,14,8,4,0,6,4,22
2022100213,1612709923,Bulls,WCB,Windy City,Starters,146.000000:53,29,64,0.453,11,26,0.423,9,11,0.818,12,34,46,18,6,2,10,9,84
2022100213,1612709923,Bulls,WCB,Windy City,Bench,63.000000:43,7,16,0.438,2,8,0.25,2,2,1.0,1,6,7,5,2,2,5,9,20
