GAME_ID,TEAM_ID,TEAM_NAME,TEAM_ABBREVIATION,TEAM_CITY,STARTERS_BENCH,MIN,FGM,FGA,FG_PCT,FG3M,FG3A,FG3_PCT,FTM,FTA,FT_PCT,OREB,DREB,REB,AST,STL,BLK,TO,PF,PTS
2022100392,1612709923,Bulls,WCB,Windy City,Starters,143.000000:23,22,47,0.468,6,19,0.316,7,8,0.875,5,18,23,20,4,1,6,13,63
2022100392,1612709923,Bulls,WCB,Windy City,Bench,25.000000:06,6,11,0.545,2,4,0.5,1,1,1.0,0,0,0,1,1,1,1,1,16
2022100392,1612709925,Magic,LAK,Lakeland,Starters,128.000000:40,20,40,0.5,8,22,0.364,4,4,1.0,2,19,21,20,4,6,5,6,53
2022100392,1612709925,Magic,LAK,Lakeland,Bench,88.000000:33,15,37,0.405,6,20,0.3,2,2,1.0,3,13,16,13,2,0,4,4,39
