GAME_ID,TEAM_ID,TEAM_NAME,TEAM_ABBREVIATION,TEAM_CITY,STARTERS_BENCH,MIN,FGM,FGA,FG_PCT,FG3M,FG3A,FG3_PCT,FTM,FTA,FT_PCT,OREB,DREB,REB,AST,STL,BLK,TO,PF,PTS
0022100718,1610612747,Lakers,LAL,Los Angeles,Starters,144.000000:39,30,56,0.536,3,15,0.2,6,6,1.0,1,18,19,14,8,6,6,13,69
0022100718,1610612747,Lakers,LAL,Los Angeles,Bench,95.000000:22,12,33,0.364,9,23,0.391,4,4,1.0,4,10,14,9,4,3,2,6,37
0022100718,1610612751,Nets,BKN,Brooklyn,Starters,142.000000:28,26,56,0.464,6,21,0.286,11,13,0.846,9,21,30,15,4,2,11,8,69
0022100718,1610612751,Nets,BKN,Brooklyn,Bench,68.000000:24,8,19,0.421,1,2,0.5,1,6,0.167,7,8,15,4,0,0,5,4,18
