GAME_ID,TEAM_ID,TEAM_NAME,TEAM_ABBREVIATION,TEAM_CITY,STARTERS_BENCH,MIN,FGM,FGA,FG_PCT,FG3M,FG3A,FG3_PCT,FTM,FTA,FT_PCT,OREB,DREB,REB,AST,STL,BLK,TO,PF,PTS
0022100833,1610612740,Pelicans,NOP,New Orleans,Starters,164.000000:06,26,60,0.433,7,27,0.259,10,12,0.833,8,18,26,15,5,5,17,18,69
0022100833,1610612740,Pelicans,NOP,New Orleans,Bench,75.000000:54,10,25,0.4,4,14,0.286,4,4,1.0,4,9,13,4,3,1,0,5,28
0022100833,1610612748,Heat,MIA,Miami,Starters,158.000000:52,32,63,0.508,7,21,0.333,14,15,0.933,9,23,32,19,11,1,10,12,85
0022100833,1610612748,Heat,MIA,Miami,Bench,81.000000:08,7,18,0.389,3,11,0.273,10,13,0.769,2,9,11,6,1,3,3,7,27
