GAME_ID,TEAM_ID,TEAM_NAME,TEAM_ABBREVIATION,TEAM_CITY,STARTERS_BENCH,MIN,FGM,FGA,FG_PCT,FG3M,FG3A,FG3_PCT,FTM,FTA,FT_PCT,OREB,DREB,REB,AST,STL,BLK,TO,PF,PTS
0042100221,1610612756,Suns,PHX,Phoenix,Starters,170.000000:39,34,68,0.5,7,18,0.389,16,16,1.0,11,26,37,18,2,6,5,15,91
0042100221,1610612756,Suns,PHX,Phoenix,Bench,69.000000:21,12,23,0.522,4,10,0.4,2,2,1.0,2,12,14,9,1,0,4,6,30
0042100221,1610612742,Mavericks,DAL,Dallas,Starters,163.000000:53,30,66,0.455,8,25,0.32,16,20,0.8,7,22,29,11,3,1,8,16,84
0042100221,1610612742,Mavericks,DAL,Dallas,Bench,76.000000:07,10,19,0.526,8,14,0.571,2,5,0.4,0,7,7,5,3,1,0,6,30
