GAME_ID,TEAM_ID,TEAM_NAME,TEAM_ABBREVIATION,TEAM_CITY,STARTERS_BENCH,MIN,FGM,FGA,FG_PCT,FG3M,FG3A,FG3_PCT,FTM,FTA,FT_PCT,OREB,DREB,REB,AST,STL,BLK,TO,PF,PTS
0022101124,1610612754,Pacers,IND,Indiana,Starters,168.000000:29,34,63,0.54,15,29,0.517,7,9,0.778,5,13,18,28,5,5,10,15,90
0022101124,1610612754,Pacers,IND,Indiana,Bench,71.000000:31,11,24,0.458,2,7,0.286,9,9,1.0,3,7,10,4,2,1,4,7,33
0022101124,1610612737,Hawks,ATL,Atlanta,Starters,161.000000:48,30,56,0.536,11,26,0.423,9,10,0.9,8,18,26,27,7,2,9,7,80
0022101124,1610612737,Hawks,ATL,Atlanta,Bench,78.000000:12,17,30,0.567,6,9,0.667,12,16,0.75,5,9,14,5,4,2,4,12,52
