GAME_ID,TEAM_ID,TEAM_NAME,TEAM_ABBREVIATION,TEAM_CITY,STARTERS_BENCH,MIN,FGM,FGA,FG_PCT,FG3M,FG3A,FG3_PCT,FTM,FTA,FT_PCT,OREB,DREB,REB,AST,STL,BLK,TO,PF,PTS
0012100025,1610612754,Pacers,IND,Indiana,Starters,111.000000:17,27,47,0.574,8,18,0.444,4,7,0.571,6,22,28,8,3,0,14,10,66
0012100025,1610612754,Pacers,IND,Indiana,Bench,107.000000:52,17,37,0.459,4,17,0.235,1,2,0.5,3,14,17,10,4,7,5,12,39
0012100025,1610612739,Cavaliers,CLE,Cleveland,Starters,109.000000:18,11,38,0.289,3,9,0.333,6,10,0.6,1,9,10,6,7,1,11,9,31
0012100025,1610612739,Cavaliers,CLE,Cleveland,Bench,81.000000:52,14,26,0.538,6,13,0.462,5,6,0.833,4,9,13,8,4,0,6,2,39
