GAME_ID,TEAM_ID,TEAM_NAME,TEAM_ABBREVIATION,TEAM_CITY,STARTERS_BENCH,MIN,FGM,FGA,FG_PCT,FG3M,FG3A,FG3_PCT,FTM,FTA,FT_PCT,OREB,DREB,REB,AST,STL,BLK,TO,PF,PTS
0022101141,1610612761,Raptors,TOR,Toronto,Starters,157.000000:20,35,65,0.538,12,21,0.571,10,12,0.833,4,21,25,28,6,4,13,15,92
0022101141,1610612761,Raptors,TOR,Toronto,Bench,78.000000:02,13,31,0.419,6,15,0.4,1,1,1.0,7,14,21,4,3,0,4,7,33
0022101141,1610612750,Timberwolves,MIN,Minnesota,Starters,135.000000:29,27,60,0.45,7,19,0.368,12,16,0.75,9,22,31,15,4,4,13,14,73
0022101141,1610612750,Timberwolves,MIN,Minnesota,Bench,104.000000:32,10,32,0.313,4,18,0.222,5,7,0.714,8,9,17,11,7,5,8,5,29
