GAME_ID,TEAM_ID,TEAM_NAME,TEAM_ABBREVIATION,TEAM_CITY,STARTERS_BENCH,MIN,FGM,FGA,FG_PCT,FG3M,FG3A,FG3_PCT,FTM,FTA,FT_PCT,OREB,DREB,REB,AST,STL,BLK,TO,PF,PTS
0022100864,1610612753,Magic,ORL,Orlando,Starters,137.000000:59,29,66,0.439,5,23,0.217,15,16,0.938,9,23,32,12,7,2,10,13,78
0022100864,1610612753,Magic,ORL,Orlando,Bench,102.000000:01,11,25,0.44,6,16,0.375,5,7,0.714,2,8,10,12,9,3,5,6,33
0022100864,1610612743,Nuggets,DEN,Denver,Starters,155.000000:36,30,62,0.484,10,27,0.37,14,16,0.875,7,29,36,15,4,1,16,7,84
0022100864,1610612743,Nuggets,DEN,Denver,Bench,84.000000:24,12,26,0.462,6,13,0.462,7,7,1.0,5,11,16,10,3,1,6,11,37
