GAME_ID,TEAM_ID,TEAM_NAME,TEAM_ABBREVIATION,TEAM_CITY,STARTERS_BENCH,MIN,FGM,FGA,FG_PCT,FG3M,FG3A,FG3_PCT,FTM,FTA,FT_PCT,OREB,DREB,REB,AST,STL,BLK,TO,PF,PTS
2022100316,1612709925,Magic,LAK,Lakeland,Starters,146.000000:48,28,49,0.571,9,21,0.429,11,14,0.786,3,16,19,21,9,6,8,11,85
2022100316,1612709925,Magic,LAK,Lakeland,Bench,68.000000:07,10,19,0.526,3,6,0.5,2,3,0.667,3,8,11,2,2,2,3,7,27
2022100316,1612709910,Mad Ants,FWN,Fort Wayne,Starters,173.000000:20,32,66,0.485,10,28,0.357,12,13,0.923,10,23,33,18,5,3,15,16,95
2022100316,1612709910,Mad Ants,FWN,Fort Wayne,Bench,47.000000:31,3,14,0.214,1,4,0.25,1,1,1.0,2,3,5,4,1,0,3,6,9
