GAME_ID,TEAM_ID,TEAM_NAME,TEAM_ABBREVIATION,TEAM_CITY,STARTERS_BENCH,MIN,FGM,FGA,FG_PCT,FG3M,FG3A,FG3_PCT,FTM,FTA,FT_PCT,OREB,DREB,REB,AST,STL,BLK,TO,PF,PTS
0022100889,1610612765,Pistons,DET,Detroit,Starters,130.000000:12,15,51,0.294,4,20,0.2,19,22,0.864,10,16,26,12,2,5,8,12,53
0022100889,1610612765,Pistons,DET,Detroit,Bench,109.000000:48,20,35,0.571,7,14,0.5,6,6,1.0,3,20,23,11,6,3,2,12,53
0022100889,1610612739,Cavaliers,CLE,Cleveland,Starters,149.000000:39,23,47,0.489,6,16,0.375,16,25,0.64,7,23,30,12,2,7,8,13,68
0022100889,1610612739,Cavaliers,CLE,Cleveland,Bench,90.000000:21,11,30,0.367,6,19,0.316,7,9,0.778,1,12,13,8,1,0,4,8,35
