GAME_ID,TEAM_ID,TEAM_NAME,TEAM_ABBREVIATION,TEAM_CITY,STARTERS_BENCH,MIN,FGM,FGA,FG_PCT,FG3M,FG3A,FG3_PCT,FTM,FTA,FT_PCT,OREB,DREB,REB,AST,STL,BLK,TO,PF,PTS
0022100067,1610612752,Knicks,NYK,New York,Starters,159.000000:07,26,56,0.464,8,19,0.421,13,18,0.722,7,25,32,13,4,3,7,9,73
0022100067,1610612752,Knicks,NYK,New York,Bench,80.000000:53,13,29,0.448,3,10,0.3,2,2,1.0,4,13,17,3,1,4,6,12,31
0022100067,1610612741,Bulls,CHI,Chicago,Starters,155.000000:09,26,61,0.426,7,22,0.318,20,22,0.909,0,24,24,18,4,3,7,11,79
0022100067,1610612741,Bulls,CHI,Chicago,Bench,84.000000:51,10,23,0.435,4,10,0.4,0,0,0.0,5,8,13,7,2,2,0,7,24
