GAME_ID,TEAM_ID,TEAM_NAME,TEAM_ABBREVIATION,TEAM_CITY,STARTERS_BENCH,MIN,FGM,FGA,FG_PCT,FG3M,FG3A,FG3_PCT,FTM,FTA,FT_PCT,OREB,DREB,REB,AST,STL,BLK,TO,PF,PTS
0022100778,1610612760,Thunder,OKC,Oklahoma City,Starters,159.000000:22,27,53,0.509,14,23,0.609,15,16,0.938,10,17,27,17,4,3,11,11,83
0022100778,1610612760,Thunder,OKC,Oklahoma City,Bench,105.000000:38,14,33,0.424,3,14,0.214,6,9,0.667,4,19,23,8,2,5,7,5,37
0022100778,1610612742,Mavericks,DAL,Dallas,Starters,182.000000:45,32,69,0.464,8,28,0.286,5,6,0.833,10,17,27,22,8,5,11,16,77
0022100778,1610612742,Mavericks,DAL,Dallas,Bench,67.000000:52,11,24,0.458,6,15,0.4,3,4,0.75,2,8,10,5,4,2,0,4,31
