GAME_ID,TEAM_ID,TEAM_NAME,TEAM_ABBREVIATION,TEAM_CITY,STARTERS_BENCH,MIN,FGM,FGA,FG_PCT,FG3M,FG3A,FG3_PCT,FTM,FTA,FT_PCT,OREB,DREB,REB,AST,STL,BLK,TO,PF,PTS
0022100179,1610612740,Pelicans,NOP,New Orleans,Starters,160.000000:45,29,63,0.46,11,25,0.44,11,13,0.846,7,23,30,16,2,5,11,17,80
0022100179,1610612740,Pelicans,NOP,New Orleans,Bench,56.000000:19,9,17,0.529,1,4,0.25,2,3,0.667,5,4,9,9,2,0,1,3,21
0022100179,1610612751,Nets,BKN,Brooklyn,Starters,160.000000:53,36,64,0.563,16,27,0.593,17,23,0.739,5,19,24,23,7,3,8,14,105
0022100179,1610612751,Nets,BKN,Brooklyn,Bench,79.000000:07,5,18,0.278,2,7,0.286,3,4,0.75,2,8,10,4,2,1,4,6,15
