GAME_ID,TEAM_ID,TEAM_NAME,TEAM_ABBREVIATION,TEAM_CITY,STARTERS_BENCH,MIN,FGM,FGA,FG_PCT,FG3M,FG3A,FG3_PCT,FTM,FTA,FT_PCT,OREB,DREB,REB,AST,STL,BLK,TO,PF,PTS
0022100690,1610612749,Bucks,MIL,Milwaukee,Starters,146.000000:02,25,63,0.397,3,18,0.167,14,22,0.636,9,33,42,11,3,3,7,11,67
0022100690,1610612749,Bucks,MIL,Milwaukee,Bench,67.000000:06,9,20,0.45,3,9,0.333,4,4,1.0,2,7,9,7,0,0,1,6,25
0022100690,1610612741,Bulls,CHI,Chicago,Starters,175.000000:34,23,62,0.371,3,24,0.125,21,22,0.955,4,29,33,16,3,3,7,17,70
0022100690,1610612741,Bulls,CHI,Chicago,Bench,64.000000:26,8,23,0.348,4,14,0.286,0,2,0.0,2,14,16,5,1,1,1,4,20
