GAME_ID,TEAM_ID,TEAM_NAME,TEAM_ABBREVIATION,TEAM_CITY,STARTERS_BENCH,MIN,FGM,FGA,FG_PCT,FG3M,FG3A,FG3_PCT,FTM,FTA,FT_PCT,OREB,DREB,REB,AST,STL,BLK,TO,PF,PTS
2022100398,1612709913,Squadron,BIR,Birmingham,Starters,164.000000:31,30,58,0.517,8,22,0.364,9,9,1.0,10,33,43,19,5,5,11,10,85
2022100398,1612709913,Squadron,BIR,Birmingham,Bench,75.000000:29,6,22,0.273,2,11,0.182,3,3,1.0,1,10,11,7,0,0,5,3,18
2022100398,1612709890,Spurs,AUS,Austin,Starters,152.000000:34,26,67,0.388,4,20,0.2,3,6,0.5,10,19,29,17,7,1,3,14,61
2022100398,1612709890,Spurs,AUS,Austin,Bench,84.000000:08,14,33,0.424,3,16,0.188,4,4,1.0,7,8,15,5,3,1,2,3,36
