GAME_ID,TEAM_ID,TEAM_NAME,TEAM_ABBREVIATION,TEAM_CITY,STARTERS_BENCH,MIN,FGM,FGA,FG_PCT,FG3M,FG3A,FG3_PCT,FTM,FTA,FT_PCT,OREB,DREB,REB,AST,STL,BLK,TO,PF,PTS
0042100141,1610612756,Suns,PHX,Phoenix,Starters,175.000000:53,34,63,0.54,9,22,0.409,11,14,0.786,2,24,26,24,4,8,4,15,88
0042100141,1610612756,Suns,PHX,Phoenix,Bench,47.000000:35,7,9,0.778,1,3,0.333,5,7,0.714,3,5,8,1,2,1,4,7,20
0042100141,1610612740,Pelicans,NOP,New Orleans,Starters,154.000000:27,25,73,0.342,5,13,0.385,15,22,0.682,20,22,42,13,3,1,10,12,70
0042100141,1610612740,Pelicans,NOP,New Orleans,Bench,85.000000:34,11,22,0.5,4,10,0.4,3,4,0.75,5,8,13,7,1,1,3,6,29
