GAME_ID,TEAM_ID,TEAM_NAME,TEAM_ABBREVIATION,TEAM_CITY,STARTERS_BENCH,MIN,FGM,FGA,FG_PCT,FG3M,FG3A,FG3_PCT,FTM,FTA,FT_PCT,OREB,DREB,REB,AST,STL,BLK,TO,PF,PTS
0022100866,1610612746,Clippers,LAC,LA,Starters,154.000000:35,37,66,0.561,9,24,0.375,4,9,0.444,5,28,33,18,3,1,6,8,87
0022100866,1610612746,Clippers,LAC,LA,Bench,85.000000:25,11,19,0.579,6,10,0.6,4,6,0.667,1,9,10,7,3,2,6,10,32
0022100866,1610612744,Warriors,GSW,Golden State,Starters,135.000000:39,26,55,0.473,11,24,0.458,7,9,0.778,2,11,13,13,3,2,9,10,70
0022100866,1610612744,Warriors,GSW,Golden State,Bench,93.000000:03,13,31,0.419,5,17,0.294,2,2,1.0,5,20,25,10,3,1,4,7,33
