GAME_ID,TEAM_ID,TEAM_NAME,TEAM_ABBREVIATION,TEAM_CITY,STARTERS_BENCH,MIN,FGM,FGA,FG_PCT,FG3M,FG3A,FG3_PCT,FTM,FTA,FT_PCT,OREB,DREB,REB,AST,STL,BLK,TO,PF,PTS
0042100306,1610612748,Heat,MIA,Miami,Starters,182.000000:49,32,65,0.492,13,27,0.481,18,19,0.947,8,21,29,23,8,2,12,19,95
0042100306,1610612748,Heat,MIA,Miami,Bench,57.000000:11,4,13,0.308,2,8,0.25,6,6,1.0,3,5,8,2,2,0,5,8,16
0042100306,1610612738,Celtics,BOS,Boston,Starters,185.000000:58,25,55,0.455,7,25,0.28,22,24,0.917,6,23,29,17,6,3,17,18,79
0042100306,1610612738,Celtics,BOS,Boston,Bench,54.000000:02,7,17,0.412,4,8,0.5,6,7,0.857,0,5,5,5,4,1,0,10,24
