GAME_ID,TEAM_ID,TEAM_NAME,TEAM_ABBREVIATION,TEAM_CITY,STARTERS_BENCH,MIN,FGM,FGA,FG_PCT,FG3M,FG3A,FG3_PCT,FTM,FTA,FT_PCT,OREB,DREB,REB,AST,STL,BLK,TO,PF,PTS
0022100591,1610612763,Grizzlies,MEM,Memphis,Starters,117.000000:40,28,58,0.483,10,24,0.417,12,12,1.0,3,18,21,12,7,6,6,11,78
0022100591,1610612763,Grizzlies,MEM,Memphis,Bench,99.000000:11,14,30,0.467,1,7,0.143,8,15,0.533,10,14,24,8,0,5,2,7,37
0022100591,1610612746,Clippers,LAC,LA,Starters,114.000000:51,23,47,0.489,9,18,0.5,16,17,0.941,6,16,22,7,2,2,6,15,71
0022100591,1610612746,Clippers,LAC,LA,Bench,125.000000:09,16,49,0.327,1,14,0.071,4,7,0.571,8,19,27,9,5,4,6,8,37
