GAME_ID,TEAM_ID,TEAM_NAME,TEAM_ABBREVIATION,TEAM_CITY,STARTERS_BENCH,MIN,FGM,FGA,FG_PCT,FG3M,FG3A,FG3_PCT,FTM,FTA,FT_PCT,OREB,DREB,REB,AST,STL,BLK,TO,PF,PTS
0022100270,1610612738,Celtics,BOS,Boston,Starters,136.000000:45,21,61,0.344,7,36,0.194,15,17,0.882,8,16,24,15,6,3,10,14,64
0022100270,1610612738,Celtics,BOS,Boston,Bench,103.000000:15,13,30,0.433,4,12,0.333,10,11,0.909,7,14,21,10,0,2,1,10,40
0022100270,1610612751,Nets,BKN,Brooklyn,Starters,161.000000:07,31,59,0.525,11,23,0.478,17,21,0.81,6,25,31,24,8,2,8,11,90
0022100270,1610612751,Nets,BKN,Brooklyn,Bench,78.000000:53,12,26,0.462,3,12,0.25,6,9,0.667,4,15,19,5,0,2,2,12,33
