GAME_ID,TEAM_ID,TEAM_NAME,TEAM_ABBREVIATION,TEAM_CITY,STARTERS_BENCH,MIN,FGM,FGA,FG_PCT,FG3M,FG3A,FG3_PCT,FTM,FTA,FT_PCT,OREB,DREB,REB,AST,STL,BLK,TO,PF,PTS
0012100016,1610612739,Cavaliers,CLE,Cleveland,Starters,154.000000:28,21,49,0.429,6,21,0.286,18,24,0.75,5,24,29,12,5,5,16,12,66
0012100016,1610612739,Cavaliers,CLE,Cleveland,Bench,47.000000:29,9,17,0.529,3,7,0.429,2,4,0.5,1,10,11,5,0,0,1,3,23
0012100016,1610612737,Hawks,ATL,Atlanta,Starters,122.000000:39,19,46,0.413,6,14,0.429,8,9,0.889,7,19,26,14,4,4,11,13,52
0012100016,1610612737,Hawks,ATL,Atlanta,Bench,108.000000:47,16,43,0.372,5,13,0.385,5,6,0.833,4,13,17,13,7,1,8,13,42
