GAME_ID,TEAM_ID,TEAM_NAME,TEAM_ABBREVIATION,TEAM_CITY,STARTERS_BENCH,MIN,FGM,FGA,FG_PCT,FG3M,FG3A,FG3_PCT,FTM,FTA,FT_PCT,OREB,DREB,REB,AST,STL,BLK,TO,PF,PTS
2022100283,1612709927,Herd,WIS,Wisconsin,Starters,154.000000:19,28,50,0.56,14,29,0.483,11,15,0.733,3,24,27,21,8,7,12,17,90
2022100283,1612709927,Herd,WIS,Wisconsin,Bench,65.000000:13,16,29,0.552,2,9,0.222,4,6,0.667,2,9,11,4,2,4,9,5,39
2022100283,1612709920,905,RAP,Raptors,Starters,163.000000:37,34,76,0.447,8,27,0.296,6,9,0.667,12,19,31,22,9,1,10,15,83
2022100283,1612709920,905,RAP,Raptors,Bench,61.000000:23,10,19,0.526,5,12,0.417,8,12,0.667,2,7,9,3,3,1,5,10,41
