GAME_ID,TEAM_ID,TEAM_NAME,TEAM_ABBREVIATION,TEAM_CITY,STARTERS_BENCH,MIN,FGM,FGA,FG_PCT,FG3M,FG3A,FG3_PCT,FTM,FTA,FT_PCT,OREB,DREB,REB,AST,STL,BLK,TO,PF,PTS
2022100259,1612709904,Skyforce,SXF,Sioux Falls,Starters,167.000000:58,32,65,0.492,7,22,0.318,15,17,0.882,9,18,27,18,12,4,11,14,92
2022100259,1612709904,Skyforce,SXF,Sioux Falls,Bench,72.000000:03,11,23,0.478,3,8,0.375,1,2,0.5,6,12,18,9,1,2,4,8,27
2022100259,1612709903,Stars,SLC,Salt Lake City,Starters,160.000000:45,29,64,0.453,10,25,0.4,9,10,0.9,5,19,24,15,4,2,10,13,81
2022100259,1612709903,Stars,SLC,Salt Lake City,Bench,79.000000:15,10,17,0.588,3,5,0.6,2,4,0.5,2,9,11,6,4,1,8,11,26
