GAME_ID,TEAM_ID,TEAM_NAME,TEAM_ABBREVIATION,TEAM_CITY,STARTERS_BENCH,MIN,FGM,FGA,FG_PCT,FG3M,FG3A,FG3_PCT,FTM,FTA,FT_PCT,OREB,DREB,REB,AST,STL,BLK,TO,PF,PTS
2022100069,1612709920,905,RAP,Raptors,Starters,154.000000:33,22,56,0.393,7,23,0.304,7,10,0.7,13,32,45,12,5,4,4,11,62
2022100069,1612709920,905,RAP,Raptors,Bench,69.000000:42,12,34,0.353,0,13,0.0,6,7,0.857,7,10,17,6,3,2,6,6,35
2022100069,1612709910,Mad Ants,FWN,Fort Wayne,Starters,192.000000:26,29,78,0.372,10,37,0.27,10,11,0.909,6,27,33,16,5,3,10,17,87
2022100069,1612709910,Mad Ants,FWN,Fort Wayne,Bench,30.000000:16,1,4,0.25,0,2,0.0,1,1,1.0,0,6,6,0,0,1,3,3,4
