GAME_ID,TEAM_ID,TEAM_NAME,TEAM_ABBREVIATION,TEAM_CITY,STARTERS_BENCH,MIN,FGM,FGA,FG_PCT,FG3M,FG3A,FG3_PCT,FTM,FTA,FT_PCT,OREB,DREB,REB,AST,STL,BLK,TO,PF,PTS
2052100152,1612709918,Legends,TEX,Texas,Starters,149.000000:54,31,69,0.449,7,20,0.35,10,13,0.769,14,19,33,12,6,4,9,15,86
2052100152,1612709918,Legends,TEX,Texas,Bench,77.000000:45,8,26,0.308,3,9,0.333,0,0,0.0,0,3,3,13,1,0,1,7,19
2052100152,1612709890,Spurs,AUS,Austin,Starters,162.000000:01,28,55,0.509,4,19,0.211,8,13,0.615,8,22,30,17,3,3,12,13,73
2052100152,1612709890,Spurs,AUS,Austin,Bench,77.000000:59,17,29,0.586,5,8,0.625,2,2,1.0,4,17,21,15,2,7,3,6,43
