GAME_ID,TEAM_ID,TEAM_NAME,TEAM_ABBREVIATION,TEAM_CITY,STARTERS_BENCH,MIN,FGM,FGA,FG_PCT,FG3M,FG3A,FG3_PCT,FTM,FTA,FT_PCT,OREB,DREB,REB,AST,STL,BLK,TO,PF,PTS
0022100720,1610612744,Warriors,GSW,Golden State,Starters,122.000000:35,23,50,0.46,8,25,0.32,5,7,0.714,8,23,31,18,3,0,7,9,59
0022100720,1610612744,Warriors,GSW,Golden State,Bench,98.000000:41,22,34,0.647,8,15,0.533,9,9,1.0,3,19,22,12,4,0,6,6,61
0022100720,1610612742,Mavericks,DAL,Dallas,Starters,138.000000:15,21,55,0.382,8,22,0.364,11,11,1.0,5,20,25,10,5,3,8,10,61
0022100720,1610612742,Mavericks,DAL,Dallas,Bench,97.000000:18,11,35,0.314,2,18,0.111,7,7,1.0,4,9,13,7,4,1,2,6,31
