GAME_ID,TEAM_ID,TEAM_NAME,TEAM_ABBREVIATION,TEAM_CITY,STARTERS_BENCH,MIN,FGM,FGA,FG_PCT,FG3M,FG3A,FG3_PCT,FTM,FTA,FT_PCT,OREB,DREB,REB,AST,STL,BLK,TO,PF,PTS
2022100203,1612709922,Swarm,GBO,Greensboro,Starters,153.000000:15,20,47,0.426,8,23,0.348,5,7,0.714,6,24,30,13,3,2,9,10,56
2022100203,1612709922,Swarm,GBO,Greensboro,Bench,83.000000:16,13,29,0.448,5,17,0.294,6,7,0.857,2,11,13,11,2,0,8,9,41
2022100203,1612709909,Blue Coats,DEL,Delaware,Starters,169.000000:08,24,67,0.358,1,24,0.042,13,17,0.765,12,25,37,8,9,3,6,11,67
2022100203,1612709909,Blue Coats,DEL,Delaware,Bench,69.000000:21,13,27,0.481,2,13,0.154,3,4,0.75,4,11,15,14,2,0,4,2,34
