GAME_ID,TEAM_ID,TEAM_NAME,TEAM_ABBREVIATION,TEAM_CITY,STARTERS_BENCH,MIN,FGM,FGA,FG_PCT,FG3M,FG3A,FG3_PCT,FTM,FTA,FT_PCT,OREB,DREB,REB,AST,STL,BLK,TO,PF,PTS
2022100476,1612709914,Kings,STO,Stockton,Starters,178.000000:21,34,67,0.507,10,20,0.5,1,3,0.333,8,30,38,24,4,3,7,12,80
2022100476,1612709914,Kings,STO,Stockton,Bench,54.000000:43,12,23,0.522,3,4,0.75,3,3,1.0,1,3,4,3,2,0,3,4,31
2022100476,1612709926,Hustle,MHU,Memphis,Starters,148.000000:24,28,61,0.459,8,22,0.364,6,8,0.75,10,25,35,16,4,5,8,4,73
2022100476,1612709926,Hustle,MHU,Memphis,Bench,62.000000:00,14,28,0.5,6,11,0.545,4,6,0.667,2,7,9,7,0,1,5,8,38
