GAME_ID,TEAM_ID,TEAM_NAME,TEAM_ABBREVIATION,TEAM_CITY,STARTERS_BENCH,MIN,FGM,FGA,FG_PCT,FG3M,FG3A,FG3_PCT,FTM,FTA,FT_PCT,OREB,DREB,REB,AST,STL,BLK,TO,PF,PTS
0022100423,1610612759,Spurs,SAS,San Antonio,Starters,144.000000:13,24,56,0.429,9,26,0.346,11,11,1.0,4,16,20,19,3,0,4,10,68
0022100423,1610612759,Spurs,SAS,San Antonio,Bench,60.000000:09,13,27,0.481,3,10,0.3,12,12,1.0,4,7,11,2,1,3,1,2,41
0022100423,1610612766,Hornets,CHA,Charlotte,Starters,152.000000:06,38,59,0.644,13,19,0.684,10,13,0.769,5,23,28,23,1,2,8,5,99
0022100423,1610612766,Hornets,CHA,Charlotte,Bench,87.000000:54,13,27,0.481,5,15,0.333,1,3,0.333,4,16,20,11,2,2,3,11,32
