GAME_ID,TEAM_ID,TEAM_NAME,TEAM_ABBREVIATION,TEAM_CITY,STARTERS_BENCH,MIN,FGM,FGA,FG_PCT,FG3M,FG3A,FG3_PCT,FTM,FTA,FT_PCT,OREB,DREB,REB,AST,STL,BLK,TO,PF,PTS
0022100467,1610612757,Trail Blazers,POR,Portland,Starters,160.000000:12,29,54,0.537,10,19,0.526,14,19,0.737,2,18,20,15,9,3,8,11,82
0022100467,1610612757,Trail Blazers,POR,Portland,Bench,79.000000:48,6,24,0.25,3,15,0.2,0,0,0.0,5,6,11,3,3,1,2,6,15
0022100467,1610612740,Pelicans,NOP,New Orleans,Starters,163.000000:02,27,51,0.529,6,21,0.286,11,14,0.786,7,25,32,19,4,3,10,14,71
0022100467,1610612740,Pelicans,NOP,New Orleans,Bench,35.000000:46,10,19,0.526,6,11,0.545,1,1,1.0,1,4,5,5,0,0,4,2,27
