GAME_ID,TEAM_ID,TEAM_NAME,TEAM_ABBREVIATION,TEAM_CITY,STARTERS_BENCH,MIN,FGM,FGA,FG_PCT,FG3M,FG3A,FG3_PCT,FTM,FTA,FT_PCT,OREB,DREB,REB,AST,STL,BLK,TO,PF,PTS
2022100347,1612709902,Warriors,SCW,Santa Cruz,Starters,137.000000:44,19,49,0.388,4,18,0.222,7,8,0.875,9,16,25,14,6,3,9,15,52
2022100347,1612709902,Warriors,SCW,Santa Cruz,Bench,18.000000:03,2,3,0.667,2,3,0.667,0,0,0.0,1,4,5,2,0,0,1,2,6
2022100347,1612709926,Hustle,MHU,Memphis,Starters,152.000000:47,25,60,0.417,7,25,0.28,13,14,0.929,11,21,32,14,4,3,8,9,77
2022100347,1612709926,Hustle,MHU,Memphis,Bench,87.000000:13,12,25,0.48,4,10,0.4,1,3,0.333,2,11,13,2,2,4,7,6,30
