GAME_ID,TEAM_ID,TEAM_NAME,TEAM_ABBREVIATION,TEAM_CITY,STARTERS_BENCH,MIN,FGM,FGA,FG_PCT,FG3M,FG3A,FG3_PCT,FTM,FTA,FT_PCT,OREB,DREB,REB,AST,STL,BLK,TO,PF,PTS
2052100105,1612709914,Kings,STO,Stockton,Starters,188.000000:17,31,69,0.449,13,33,0.394,6,10,0.6,13,23,36,16,8,4,11,15,86
2052100105,1612709914,Kings,STO,Stockton,Bench,49.000000:31,0,16,0.0,0,8,0.0,0,1,0.0,2,3,5,3,4,0,5,5,0
2052100105,1612709930,Ignite,GLI,G League,Starters,129.000000:01,19,38,0.5,1,7,0.143,3,8,0.375,5,15,20,7,3,2,13,9,43
2052100105,1612709930,Ignite,GLI,G League,Bench,89.000000:02,15,28,0.536,0,3,0.0,6,6,1.0,5,17,22,9,10,2,6,11,40
