GAME_ID,TEAM_ID,TEAM_NAME,TEAM_ABBREVIATION,TEAM_CITY,STARTERS_BENCH,MIN,FGM,FGA,FG_PCT,FG3M,FG3A,FG3_PCT,FTM,FTA,FT_PCT,OREB,DREB,REB,AST,STL,BLK,TO,PF,PTS
2022100081,1612709890,Spurs,AUS,Austin,Starters,143.000000:18,30,56,0.536,6,12,0.5,8,11,0.727,4,10,14,13,5,1,7,14,78
2022100081,1612709890,Spurs,AUS,Austin,Bench,85.000000:59,15,33,0.455,6,10,0.6,1,2,0.5,5,9,14,10,3,4,3,8,38
2022100081,1612709924,Clippers,ACC,Agua Caliente,Starters,160.000000:29,36,66,0.545,3,10,0.3,8,10,0.8,8,22,30,19,5,6,13,16,88
2022100081,1612709924,Clippers,ACC,Agua Caliente,Bench,40.000000:33,7,11,0.636,2,3,0.667,1,1,1.0,1,7,8,0,1,0,1,3,17
