GAME_ID,TEAM_ID,TEAM_NAME,TEAM_ABBREVIATION,TEAM_CITY,STARTERS_BENCH,MIN,FGM,FGA,FG_PCT,FG3M,FG3A,FG3_PCT,FTM,FTA,FT_PCT,OREB,DREB,REB,AST,STL,BLK,TO,PF,PTS
0022100347,1610612757,Trail Blazers,POR,Portland,Starters,141.000000:38,27,63,0.429,5,21,0.238,21,28,0.75,3,9,12,17,5,1,6,14,80
0022100347,1610612757,Trail Blazers,POR,Portland,Bench,98.000000:22,15,26,0.577,3,8,0.375,4,4,1.0,6,14,20,5,2,1,3,7,37
0022100347,1610612738,Celtics,BOS,Boston,Starters,139.000000:40,31,54,0.574,11,20,0.55,21,23,0.913,3,20,23,18,2,5,7,11,94
0022100347,1610612738,Celtics,BOS,Boston,Bench,78.000000:13,14,27,0.519,10,17,0.588,4,4,1.0,4,5,9,8,2,0,3,7,42
