GAME_ID,TEAM_ID,TEAM_NAME,TEAM_ABBREVIATION,TEAM_CITY,STARTERS_BENCH,MIN,FGM,FGA,FG_PCT,FG3M,FG3A,FG3_PCT,FTM,FTA,FT_PCT,OREB,DREB,REB,AST,STL,BLK,TO,PF,PTS
0022100145,1610612745,Rockets,HOU,Houston,Starters,135.000000:08,21,44,0.477,6,16,0.375,11,16,0.688,4,13,17,12,6,1,15,11,59
0022100145,1610612745,Rockets,HOU,Houston,Bench,84.000000:40,12,29,0.414,4,17,0.235,14,21,0.667,5,11,16,4,4,1,5,5,42
0022100145,1610612744,Warriors,GSW,Golden State,Starters,125.000000:08,23,47,0.489,7,25,0.28,17,20,0.85,4,17,21,19,5,2,12,16,70
0022100145,1610612744,Warriors,GSW,Golden State,Bench,81.000000:02,13,28,0.464,5,17,0.294,0,0,0.0,1,14,15,7,2,1,2,5,31
