GAME_ID,TEAM_ID,TEAM_NAME,TEAM_ABBREVIATION,TEAM_CITY,STARTERS_BENCH,MIN,FGM,FGA,FG_PCT,FG3M,FG3A,FG3_PCT,FTM,FTA,FT_PCT,OREB,DREB,REB,AST,STL,BLK,TO,PF,PTS
0022100841,1610612759,Spurs,SAS,San Antonio,Starters,145.000000:35,37,59,0.627,14,21,0.667,15,17,0.882,3,25,28,27,8,3,6,8,103
0022100841,1610612759,Spurs,SAS,San Antonio,Bench,87.000000:05,12,29,0.414,4,11,0.364,3,4,0.75,2,11,13,10,1,1,6,11,31
0022100841,1610612737,Hawks,ATL,Atlanta,Starters,133.000000:58,25,57,0.439,4,25,0.16,5,6,0.833,8,18,26,16,3,3,12,10,59
0022100841,1610612737,Hawks,ATL,Atlanta,Bench,106.000000:02,22,46,0.478,10,18,0.556,8,9,0.889,9,14,23,12,7,2,2,8,62
