GAME_ID,TEAM_ID,TEAM_NAME,TEAM_ABBREVIATION,TEAM_CITY,STARTERS_BENCH,MIN,FGM,FGA,FG_PCT,FG3M,FG3A,FG3_PCT,FTM,FTA,FT_PCT,OREB,DREB,REB,AST,STL,BLK,TO,PF,PTS
0022100022,1610612740,Pelicans,NOP,New Orleans,Starters,158.000000:39,32,58,0.552,11,20,0.55,11,13,0.846,5,23,28,21,5,4,10,13,86
0022100022,1610612740,Pelicans,NOP,New Orleans,Bench,68.000000:04,9,24,0.375,4,9,0.444,2,3,0.667,2,5,7,4,1,1,4,6,24
0022100022,1610612741,Bulls,CHI,Chicago,Starters,153.000000:60,33,66,0.5,12,25,0.48,15,18,0.833,7,23,30,24,8,4,11,10,93
0022100022,1610612741,Bulls,CHI,Chicago,Bench,69.000000:60,12,19,0.632,0,1,0.0,5,7,0.714,4,10,14,7,1,3,2,4,29
