GAME_ID,TEAM_ID,TEAM_NAME,TEAM_ABBREVIATION,TEAM_CITY,STARTERS_BENCH,MIN,FGM,FGA,FG_PCT,FG3M,FG3A,FG3_PCT,FTM,FTA,FT_PCT,OREB,DREB,REB,AST,STL,BLK,TO,PF,PTS
2022100132,1612709921,Nets,LIN,Long Island,Starters,183.000000:50,35,80,0.438,10,35,0.286,7,12,0.583,13,19,32,19,8,7,6,13,93
2022100132,1612709921,Nets,LIN,Long Island,Bench,56.000000:10,7,15,0.467,2,4,0.5,3,4,0.75,4,16,20,7,0,1,7,5,22
2022100132,1612709910,Mad Ants,FWN,Fort Wayne,Starters,166.000000:17,28,69,0.406,12,30,0.4,7,9,0.778,10,26,36,21,7,3,11,14,79
2022100132,1612709910,Mad Ants,FWN,Fort Wayne,Bench,58.000000:43,10,24,0.417,4,11,0.364,4,4,1.0,3,6,9,4,2,2,0,9,30
