GAME_ID,TEAM_ID,TEAM_NAME,TEAM_ABBREVIATION,TEAM_CITY,STARTERS_BENCH,MIN,FGM,FGA,FG_PCT,FG3M,FG3A,FG3_PCT,FTM,FTA,FT_PCT,OREB,DREB,REB,AST,STL,BLK,TO,PF,PTS
2022100469,1612709932,Cruise,MCC,Motor City,Starters,143.000000:15,28,60,0.467,8,24,0.333,11,11,1.0,3,23,26,13,1,2,3,13,83
2022100469,1612709932,Cruise,MCC,Motor City,Bench,96.000000:45,16,40,0.4,7,20,0.35,0,2,0.0,7,17,24,13,2,0,4,11,39
2022100469,1612709909,Blue Coats,DEL,Delaware,Starters,143.000000:51,22,49,0.449,2,9,0.222,5,7,0.714,6,21,27,13,2,9,5,10,56
2022100469,1612709909,Blue Coats,DEL,Delaware,Bench,90.000000:10,19,43,0.442,4,15,0.267,7,10,0.7,1,16,17,9,1,3,4,10,53
