GAME_ID,TEAM_ID,TEAM_NAME,TEAM_ABBREVIATION,TEAM_CITY,STARTERS_BENCH,MIN,FGM,FGA,FG_PCT,FG3M,FG3A,FG3_PCT,FTM,FTA,FT_PCT,OREB,DREB,REB,AST,STL,BLK,TO,PF,PTS
0022100897,1610612760,Thunder,OKC,Oklahoma City,Starters,164.000000:38,34,69,0.493,5,15,0.333,17,22,0.773,8,30,38,14,7,3,9,9,90
0022100897,1610612760,Thunder,OKC,Oklahoma City,Bench,100.000000:22,16,32,0.5,6,16,0.375,1,2,0.5,3,13,16,9,1,0,2,10,39
0022100897,1610612754,Pacers,IND,Indiana,Starters,176.000000:03,34,70,0.486,9,26,0.346,8,13,0.615,7,30,37,21,6,9,8,12,85
0022100897,1610612754,Pacers,IND,Indiana,Bench,87.000000:29,15,31,0.484,5,11,0.455,5,9,0.556,5,8,13,10,2,2,6,7,40
