GAME_ID,TEAM_ID,TEAM_NAME,TEAM_ABBREVIATION,TEAM_CITY,STARTERS_BENCH,MIN,FGM,FGA,FG_PCT,FG3M,FG3A,FG3_PCT,FTM,FTA,FT_PCT,OREB,DREB,REB,AST,STL,BLK,TO,PF,PTS
0022101211,1610612760,Thunder,OKC,Oklahoma City,Starters,196.000000:19,35,71,0.493,5,20,0.25,10,13,0.769,8,32,40,21,5,3,12,22,85
0022101211,1610612760,Thunder,OKC,Oklahoma City,Bench,43.000000:41,5,17,0.294,1,9,0.111,5,6,0.833,1,3,4,0,0,0,2,4,16
0022101211,1610612747,Lakers,LAL,Los Angeles,Starters,151.000000:53,25,57,0.439,4,18,0.222,20,28,0.714,6,26,32,17,6,2,7,7,74
0022101211,1610612747,Lakers,LAL,Los Angeles,Bench,64.000000:53,14,20,0.7,4,9,0.444,7,9,0.778,1,12,13,3,0,2,2,9,39
