GAME_ID,TEAM_ID,TEAM_NAME,TEAM_ABBREVIATION,TEAM_CITY,STARTERS_BENCH,MIN,FGM,FGA,FG_PCT,FG3M,FG3A,FG3_PCT,FTM,FTA,FT_PCT,OREB,DREB,REB,AST,STL,BLK,TO,PF,PTS
0022100104,1610612748,Heat,MIA,Miami,Starters,155.000000:50,23,46,0.5,9,15,0.6,24,28,0.857,5,23,28,18,5,3,6,18,79
0022100104,1610612748,Heat,MIA,Miami,Bench,84.000000:10,20,37,0.541,4,10,0.4,2,2,1.0,4,13,17,7,1,2,0,7,46
0022100104,1610612742,Mavericks,DAL,Dallas,Starters,152.000000:55,30,61,0.492,11,28,0.393,18,26,0.692,6,20,26,14,1,3,7,14,89
0022100104,1610612742,Mavericks,DAL,Dallas,Bench,84.000000:55,7,22,0.318,3,14,0.214,4,5,0.8,5,9,14,3,0,0,1,7,21
