GAME_ID,TEAM_ID,TEAM_NAME,TEAM_ABBREVIATION,TEAM_CITY,STARTERS_BENCH,MIN,FGM,FGA,FG_PCT,FG3M,FG3A,FG3_PCT,FTM,FTA,FT_PCT,OREB,DREB,REB,AST,STL,BLK,TO,PF,PTS
0022100643,1610612752,Knicks,NYK,New York,Starters,176.000000:37,35,70,0.5,10,25,0.4,19,24,0.792,8,27,35,21,2,0,6,12,99
0022100643,1610612752,Knicks,NYK,New York,Bench,63.000000:23,7,13,0.538,3,6,0.5,1,2,0.5,3,6,9,3,0,0,2,8,18
0022100643,1610612737,Hawks,ATL,Atlanta,Starters,135.000000:37,23,52,0.442,9,30,0.3,8,11,0.727,1,18,19,15,3,3,7,11,63
0022100643,1610612737,Hawks,ATL,Atlanta,Bench,104.000000:23,17,28,0.607,7,14,0.5,4,6,0.667,3,9,12,8,2,2,2,9,45
