GAME_ID,TEAM_ID,TEAM_NAME,TEAM_ABBREVIATION,TEAM_CITY,STARTERS_BENCH,MIN,FGM,FGA,FG_PCT,FG3M,FG3A,FG3_PCT,FTM,FTA,FT_PCT,OREB,DREB,REB,AST,STL,BLK,TO,PF,PTS
2022100123,1612709904,Skyforce,SXF,Sioux Falls,Starters,161.000000:29,29,64,0.453,9,28,0.321,9,12,0.75,10,13,23,16,8,4,13,12,80
2022100123,1612709904,Skyforce,SXF,Sioux Falls,Bench,78.000000:31,9,24,0.375,3,11,0.273,6,8,0.75,4,11,15,3,7,2,4,13,33
2022100123,1612709905,Lakers,SBL,South Bay,Starters,162.000000:52,36,63,0.571,4,16,0.25,12,15,0.8,12,25,37,13,10,3,15,17,96
2022100123,1612709905,Lakers,SBL,South Bay,Bench,63.000000:52,6,14,0.429,0,3,0.0,4,5,0.8,4,8,12,7,2,1,5,7,18
