GAME_ID,TEAM_ID,TEAM_NAME,TEAM_ABBREVIATION,TEAM_CITY,STARTERS_BENCH,MIN,FGM,FGA,FG_PCT,FG3M,FG3A,FG3_PCT,FTM,FTA,FT_PCT,OREB,DREB,REB,AST,STL,BLK,TO,PF,PTS
0022100113,1610612751,Nets,BKN,Brooklyn,Starters,167.000000:37,31,63,0.492,15,34,0.441,6,8,0.75,5,21,26,22,6,5,10,12,83
0022100113,1610612751,Nets,BKN,Brooklyn,Bench,72.000000:23,12,25,0.48,7,14,0.5,3,4,0.75,2,14,16,12,1,3,4,6,34
0022100113,1610612737,Hawks,ATL,Atlanta,Starters,168.000000:10,29,65,0.446,10,22,0.455,13,15,0.867,11,32,43,14,6,3,10,12,81
0022100113,1610612737,Hawks,ATL,Atlanta,Bench,71.000000:50,12,29,0.414,3,13,0.231,0,0,0.0,1,8,9,9,2,1,4,4,27
