GAME_ID,TEAM_ID,TEAM_NAME,TEAM_ABBREVIATION,TEAM_CITY,STARTERS_BENCH,MIN,FGM,FGA,FG_PCT,FG3M,FG3A,FG3_PCT,FTM,FTA,FT_PCT,OREB,DREB,REB,AST,STL,BLK,TO,PF,PTS
2022100108,1612709908,Vipers,RGV,Rio Grande Valley,Starters,160.000000:21,36,87,0.414,11,32,0.344,8,13,0.615,15,16,31,18,10,10,13,15,94
2022100108,1612709908,Vipers,RGV,Rio Grande Valley,Bench,96.000000:02,8,24,0.333,3,8,0.375,1,1,1.0,5,13,18,8,6,1,6,8,21
2022100108,1612709924,Clippers,ACC,Agua Caliente,Starters,202.000000:28,32,75,0.427,8,25,0.32,16,17,0.941,8,29,37,17,10,11,26,16,95
2022100108,1612709924,Clippers,ACC,Agua Caliente,Bench,55.000000:43,9,17,0.529,0,2,0.0,4,4,1.0,5,10,15,3,4,2,4,5,22
