GAME_ID,TEAM_ID,TEAM_NAME,TEAM_ABBREVIATION,TEAM_CITY,STARTERS_BENCH,MIN,FGM,FGA,FG_PCT,FG3M,FG3A,FG3_PCT,FTM,FTA,FT_PCT,OREB,DREB,REB,AST,STL,BLK,TO,PF,PTS
2022100415,1612709922,Swarm,GBO,Greensboro,Starters,156.000000:56,27,58,0.466,9,23,0.391,7,9,0.778,8,16,24,15,5,6,8,14,73
2022100415,1612709922,Swarm,GBO,Greensboro,Bench,56.000000:54,8,23,0.348,1,11,0.091,0,2,0.0,3,9,12,5,2,2,5,5,17
2022100415,1612709893,Charge,CLC,Cleveland,Starters,150.000000:55,33,63,0.524,7,15,0.467,8,12,0.667,11,23,34,19,8,4,12,8,84
2022100415,1612709893,Charge,CLC,Cleveland,Bench,89.000000:05,10,22,0.455,7,14,0.5,3,3,1.0,2,10,12,6,1,2,1,8,33
