GAME_ID,TEAM_ID,TEAM_NAME,TEAM_ABBREVIATION,TEAM_CITY,STARTERS_BENCH,MIN,FGM,FGA,FG_PCT,FG3M,FG3A,FG3_PCT,FTM,FTA,FT_PCT,OREB,DREB,REB,AST,STL,BLK,TO,PF,PTS
0022101037,1610612757,Trail Blazers,POR,Portland,Starters,137.000000:19,24,59,0.407,5,21,0.238,6,10,0.6,6,25,31,17,0,2,6,13,59
0022101037,1610612757,Trail Blazers,POR,Portland,Bench,69.000000:11,12,24,0.5,5,10,0.5,0,0,0.0,1,3,4,9,1,1,4,13,29
0022101037,1610612752,Knicks,NYK,New York,Starters,153.000000:09,26,60,0.433,10,29,0.345,20,25,0.8,6,21,27,20,6,7,6,8,82
0022101037,1610612752,Knicks,NYK,New York,Bench,86.000000:51,14,20,0.7,6,9,0.667,12,14,0.857,3,17,20,11,3,1,4,6,46
