GAME_ID,TEAM_ID,TEAM_NAME,TEAM_ABBREVIATION,TEAM_CITY,STARTERS_BENCH,MIN,FGM,FGA,FG_PCT,FG3M,FG3A,FG3_PCT,FTM,FTA,FT_PCT,OREB,DREB,REB,AST,STL,BLK,TO,PF,PTS
2022100155,1612709932,Cruise,MCC,Motor City,Starters,140.000000:50,28,60,0.467,6,23,0.261,7,13,0.538,3,11,14,16,10,2,5,5,76
2022100155,1612709932,Cruise,MCC,Motor City,Bench,72.000000:10,6,18,0.333,1,6,0.167,1,1,1.0,2,9,11,2,3,1,2,6,15
2022100155,1612709917,Gold,GRG,Grand Rapids,Starters,175.000000:04,29,58,0.5,11,26,0.423,5,5,1.0,10,30,40,20,2,5,16,14,77
2022100155,1612709917,Gold,GRG,Grand Rapids,Bench,45.000000:54,14,26,0.538,2,7,0.286,1,1,1.0,2,4,6,9,2,0,6,9,32
