GAME_ID,TEAM_ID,TEAM_NAME,TEAM_ABBREVIATION,TEAM_CITY,STARTERS_BENCH,MIN,FGM,FGA,FG_PCT,FG3M,FG3A,FG3_PCT,FTM,FTA,FT_PCT,OREB,DREB,REB,AST,STL,BLK,TO,PF,PTS
0042100162,1610612744,Warriors,GSW,Golden State,Starters,141.000000:11,26,51,0.51,11,24,0.458,6,9,0.667,2,17,19,18,5,4,4,13,69
0042100162,1610612744,Warriors,GSW,Golden State,Bench,75.000000:52,8,16,0.5,1,6,0.167,6,8,0.75,4,9,13,5,4,3,3,4,23
0042100162,1610612743,Nuggets,DEN,Denver,Starters,132.000000:51,23,55,0.418,6,18,0.333,8,9,0.889,13,19,32,12,2,3,9,10,60
0042100162,1610612743,Nuggets,DEN,Denver,Bench,107.000000:09,14,32,0.438,7,18,0.389,11,12,0.917,4,11,15,8,2,1,7,15,46
