GAME_ID,TEAM_ID,TEAM_NAME,TEAM_ABBREVIATION,TEAM_CITY,STARTERS_BENCH,MIN,FGM,FGA,FG_PCT,FG3M,FG3A,FG3_PCT,FTM,FTA,FT_PCT,OREB,DREB,REB,AST,STL,BLK,TO,PF,PTS
0022100070,1610612763,Grizzlies,MEM,Memphis,Starters,167.000000:34,30,70,0.429,11,35,0.314,12,12,1.0,6,28,34,13,12,5,16,9,83
0022100070,1610612763,Grizzlies,MEM,Memphis,Bench,97.000000:26,9,27,0.333,1,13,0.077,2,2,1.0,4,13,17,12,5,4,1,5,21
0022100070,1610612744,Warriors,GSW,Golden State,Starters,150.000000:16,26,61,0.426,8,26,0.308,9,10,0.9,3,25,28,19,6,6,19,10,69
0022100070,1610612744,Warriors,GSW,Golden State,Bench,106.000000:01,13,29,0.448,6,14,0.429,0,2,0.0,3,16,19,9,2,1,2,6,32
