GAME_ID,TEAM_ID,TEAM_NAME,TEAM_ABBREVIATION,TEAM_CITY,STARTERS_BENCH,MIN,FGM,FGA,FG_PCT,FG3M,FG3A,FG3_PCT,FTM,FTA,FT_PCT,OREB,DREB,REB,AST,STL,BLK,TO,PF,PTS
0022100026,1610612762,Jazz,UTA,Utah,Starters,166.000000:54,26,62,0.419,13,28,0.464,17,20,0.85,9,27,36,11,12,1,16,12,82
0022100026,1610612762,Jazz,UTA,Utah,Bench,51.000000:35,8,23,0.348,3,13,0.231,1,1,1.0,1,5,6,4,2,1,1,2,20
0022100026,1610612758,Kings,SAC,Sacramento,Starters,145.000000:06,27,64,0.422,2,17,0.118,8,11,0.727,11,23,34,15,11,4,10,13,64
0022100026,1610612758,Kings,SAC,Sacramento,Bench,72.000000:19,11,33,0.333,6,19,0.316,1,2,0.5,4,10,14,5,4,0,5,5,29
