GAME_ID,TEAM_ID,TEAM_NAME,TEAM_ABBREVIATION,TEAM_CITY,STARTERS_BENCH,MIN,FGM,FGA,FG_PCT,FG3M,FG3A,FG3_PCT,FTM,FTA,FT_PCT,OREB,DREB,REB,AST,STL,BLK,TO,PF,PTS
0022101205,1610612739,Cavaliers,CLE,Cleveland,Starters,160.000000:58,31,61,0.508,5,14,0.357,17,22,0.773,5,11,16,11,4,3,5,14,84
0022101205,1610612739,Cavaliers,CLE,Cleveland,Bench,60.000000:16,7,15,0.467,3,10,0.3,2,2,1.0,5,8,13,8,0,1,3,4,19
0022101205,1610612751,Nets,BKN,Brooklyn,Starters,173.000000:00,36,74,0.486,9,23,0.391,18,18,1.0,11,25,36,27,5,7,10,15,99
0022101205,1610612751,Nets,BKN,Brooklyn,Bench,67.000000:00,7,18,0.389,3,9,0.333,2,3,0.667,2,7,9,3,0,1,0,5,19
