GAME_ID,TEAM_ID,TEAM_NAME,TEAM_ABBREVIATION,TEAM_CITY,STARTERS_BENCH,MIN,FGM,FGA,FG_PCT,FG3M,FG3A,FG3_PCT,FTM,FTA,FT_PCT,OREB,DREB,REB,AST,STL,BLK,TO,PF,PTS
2052100064,1612709925,Magic,LAK,Lakeland,Starters,157.000000:13,21,54,0.389,4,20,0.2,10,17,0.588,4,23,27,10,6,4,12,16,60
2052100064,1612709925,Magic,LAK,Lakeland,Bench,50.000000:44,7,16,0.438,0,3,0.0,3,3,1.0,3,11,14,4,5,1,3,4,20
2052100064,1612709922,Swarm,GBO,Greensboro,Starters,139.000000:04,18,54,0.333,3,21,0.143,5,9,0.556,8,22,30,8,4,4,11,14,47
2052100064,1612709922,Swarm,GBO,Greensboro,Bench,100.000000:57,11,28,0.393,4,14,0.286,5,6,0.833,3,15,18,7,6,2,7,6,35
