GAME_ID,TEAM_ID,TEAM_NAME,TEAM_ABBREVIATION,TEAM_CITY,STARTERS_BENCH,MIN,FGM,FGA,FG_PCT,FG3M,FG3A,FG3_PCT,FTM,FTA,FT_PCT,OREB,DREB,REB,AST,STL,BLK,TO,PF,PTS
2052100075,1612709927,Herd,WIS,Wisconsin,Starters,160.000000:07,33,65,0.508,7,25,0.28,10,17,0.588,10,21,31,18,12,3,12,11,90
2052100075,1612709927,Herd,WIS,Wisconsin,Bench,62.000000:48,7,21,0.333,0,7,0.0,0,1,0.0,7,12,19,3,2,1,6,9,14
2052100075,1612709910,Mad Ants,FWN,Fort Wayne,Starters,155.000000:13,27,62,0.435,10,25,0.4,3,3,1.0,8,19,27,15,5,4,18,22,69
2052100075,1612709910,Mad Ants,FWN,Fort Wayne,Bench,52.000000:06,6,14,0.429,3,10,0.3,3,4,0.75,1,8,9,3,1,1,3,1,21
