GAME_ID,TEAM_ID,TEAM_NAME,TEAM_ABBREVIATION,TEAM_CITY,STARTERS_BENCH,MIN,FGM,FGA,FG_PCT,FG3M,FG3A,FG3_PCT,FTM,FTA,FT_PCT,OREB,DREB,REB,AST,STL,BLK,TO,PF,PTS
2052100012,1612709921,Nets,LIN,Long Island,Starters,125.000000:58,23,62,0.371,5,14,0.357,9,13,0.692,14,17,31,7,3,5,14,12,66
2052100012,1612709921,Nets,LIN,Long Island,Bench,97.000000:01,11,33,0.333,1,14,0.071,5,9,0.556,6,12,18,5,5,2,8,8,30
2052100012,1612709909,Blue Coats,DEL,Delaware,Starters,145.000000:27,28,64,0.438,6,20,0.3,10,15,0.667,13,20,33,12,9,4,14,16,77
2052100012,1612709909,Blue Coats,DEL,Delaware,Bench,57.000000:58,9,21,0.429,4,14,0.286,1,1,1.0,2,10,12,5,8,1,3,6,24
