GAME_ID,TEAM_ID,TEAM_NAME,TEAM_ABBREVIATION,TEAM_CITY,STARTERS_BENCH,MIN,FGM,FGA,FG_PCT,FG3M,FG3A,FG3_PCT,FTM,FTA,FT_PCT,OREB,DREB,REB,AST,STL,BLK,TO,PF,PTS
0022100033,1610612757,Trail Blazers,POR,Portland,Starters,117.000000:47,28,49,0.571,12,28,0.429,10,11,0.909,2,22,24,12,4,4,6,5,78
0022100033,1610612757,Trail Blazers,POR,Portland,Bench,122.000000:13,23,45,0.511,9,22,0.409,1,6,0.167,6,18,24,12,4,1,3,10,56
0022100033,1610612756,Suns,PHX,Phoenix,Starters,128.000000:40,21,46,0.457,7,16,0.438,5,8,0.625,3,12,15,18,4,1,5,5,54
0022100033,1610612756,Suns,PHX,Phoenix,Bench,111.000000:20,22,43,0.512,2,12,0.167,5,7,0.714,4,19,23,9,2,0,9,14,51
