GAME_ID,TEAM_ID,TEAM_NAME,TEAM_ABBREVIATION,TEAM_CITY,STARTERS_BENCH,MIN,FGM,FGA,FG_PCT,FG3M,FG3A,FG3_PCT,FTM,FTA,FT_PCT,OREB,DREB,REB,AST,STL,BLK,TO,PF,PTS
0022100163,1610612742,Mavericks,DAL,Dallas,Starters,149.000000:37,28,60,0.467,11,26,0.423,13,17,0.765,7,23,30,13,7,4,6,9,80
0022100163,1610612742,Mavericks,DAL,Dallas,Bench,85.000000:10,9,21,0.429,1,7,0.143,6,7,0.857,1,11,12,10,2,0,6,6,25
0022100163,1610612741,Bulls,CHI,Chicago,Starters,160.000000:22,33,65,0.508,11,21,0.524,9,11,0.818,2,27,29,21,3,1,7,10,86
0022100163,1610612741,Bulls,CHI,Chicago,Bench,79.000000:38,12,24,0.5,4,10,0.4,3,3,1.0,6,11,17,5,6,1,4,5,31
