GAME_ID,TEAM_ID,TEAM_NAME,TEAM_ABBREVIATION,TEAM_CITY,STARTERS_BENCH,MIN,FGM,FGA,FG_PCT,FG3M,FG3A,FG3_PCT,FTM,FTA,FT_PCT,OREB,DREB,REB,AST,STL,BLK,TO,PF,PTS
0022100655,1610612752,Knicks,NYK,New York,Starters,146.000000:32,20,53,0.377,8,22,0.364,10,16,0.625,9,24,33,11,3,3,8,11,58
0022100655,1610612752,Knicks,NYK,New York,Bench,93.000000:28,12,27,0.444,4,12,0.333,1,5,0.2,5,15,20,11,4,1,7,8,29
0022100655,1610612766,Hornets,CHA,Charlotte,Starters,184.000000:29,33,67,0.493,14,33,0.424,10,16,0.625,3,26,29,22,5,2,5,10,90
0022100655,1610612766,Hornets,CHA,Charlotte,Bench,55.000000:31,3,19,0.158,0,6,0.0,1,1,1.0,3,7,10,1,1,0,2,4,7
