GAME_ID,TEAM_ID,TEAM_NAME,TEAM_ABBREVIATION,TEAM_CITY,STARTERS_BENCH,MIN,FGM,FGA,FG_PCT,FG3M,FG3A,FG3_PCT,FTM,FTA,FT_PCT,OREB,DREB,REB,AST,STL,BLK,TO,PF,PTS
0022100758,1610612759,Spurs,SAS,San Antonio,Starters,153.000000:36,27,61,0.443,9,24,0.375,5,5,1.0,2,25,27,21,2,0,2,6,68
0022100758,1610612759,Spurs,SAS,San Antonio,Bench,69.000000:34,16,34,0.471,3,10,0.3,2,3,0.667,8,5,13,4,3,2,9,6,37
0022100758,1610612756,Suns,PHX,Phoenix,Starters,175.000000:03,41,75,0.547,8,22,0.364,5,8,0.625,7,28,35,24,2,3,6,9,95
0022100758,1610612756,Suns,PHX,Phoenix,Bench,64.000000:57,7,22,0.318,3,10,0.3,3,4,0.75,4,7,11,7,4,2,2,3,20
