GAME_ID,TEAM_ID,TEAM_NAME,TEAM_ABBREVIATION,TEAM_CITY,STARTERS_BENCH,MIN,FGM,FGA,FG_PCT,FG3M,FG3A,FG3_PCT,FTM,FTA,FT_PCT,OREB,DREB,REB,AST,STL,BLK,TO,PF,PTS
0042100124,1610612749,Bucks,MIL,Milwaukee,Starters,152.000000:31,30,65,0.462,9,22,0.409,11,17,0.647,5,32,37,18,3,3,11,17,80
0042100124,1610612749,Bucks,MIL,Milwaukee,Bench,87.000000:29,15,21,0.714,8,11,0.727,1,1,1.0,0,14,14,3,3,1,3,6,39
0042100124,1610612741,Bulls,CHI,Chicago,Starters,170.000000:48,28,66,0.424,6,24,0.25,16,17,0.941,4,30,34,22,2,3,4,10,78
0042100124,1610612741,Bulls,CHI,Chicago,Bench,63.000000:55,7,24,0.292,3,12,0.25,0,0,0.0,4,5,9,4,3,0,4,6,17
