GAME_ID,TEAM_ID,TEAM_NAME,TEAM_ABBREVIATION,TEAM_CITY,STARTERS_BENCH,MIN,FGM,FGA,FG_PCT,FG3M,FG3A,FG3_PCT,FTM,FTA,FT_PCT,OREB,DREB,REB,AST,STL,BLK,TO,PF,PTS
0022100181,1610612759,Spurs,SAS,San Antonio,Starters,130.000000:50,24,47,0.511,8,15,0.533,5,7,0.714,2,22,24,17,0,1,7,11,61
0022100181,1610612759,Spurs,SAS,San Antonio,Bench,85.000000:05,13,30,0.433,5,15,0.333,8,10,0.8,0,15,15,8,2,2,5,3,39
0022100181,1610612742,Mavericks,DAL,Dallas,Starters,151.000000:46,34,69,0.493,12,32,0.375,10,16,0.625,7,29,36,22,5,5,3,9,90
0022100181,1610612742,Mavericks,DAL,Dallas,Bench,78.000000:34,12,31,0.387,6,13,0.462,3,3,1.0,3,7,10,7,4,1,2,8,33
