GAME_ID,TEAM_ID,TEAM_NAME,TEAM_ABBREVIATION,TEAM_CITY,STARTERS_BENCH,MIN,FGM,FGA,FG_PCT,FG3M,FG3A,FG3_PCT,FTM,FTA,FT_PCT,OREB,DREB,REB,AST,STL,BLK,TO,PF,PTS
0022100608,1610612762,Jazz,UTA,Utah,Starters,171.000000:23,33,64,0.516,6,20,0.3,12,16,0.75,7,22,29,17,7,3,10,12,84
0022100608,1610612762,Jazz,UTA,Utah,Bench,60.000000:38,11,22,0.5,5,13,0.385,5,6,0.833,3,7,10,6,2,1,5,3,32
0022100608,1610612765,Pistons,DET,Detroit,Starters,144.000000:03,29,53,0.547,12,20,0.6,9,10,0.9,2,21,23,16,5,6,10,10,79
0022100608,1610612765,Pistons,DET,Detroit,Bench,95.000000:57,19,40,0.475,7,17,0.412,2,2,1.0,7,9,16,14,4,1,1,10,47
