GAME_ID,TEAM_ID,TEAM_NAME,TEAM_ABBREVIATION,TEAM_CITY,STARTERS_BENCH,MIN,FGM,FGA,FG_PCT,FG3M,FG3A,FG3_PCT,FTM,FTA,FT_PCT,OREB,DREB,REB,AST,STL,BLK,TO,PF,PTS
0022100945,1610612747,Lakers,LAL,Los Angeles,Starters,137.000000:20,23,51,0.451,6,19,0.316,14,19,0.737,5,16,21,15,2,3,7,9,66
0022100945,1610612747,Lakers,LAL,Los Angeles,Bench,102.000000:40,18,33,0.545,6,16,0.375,3,3,1.0,4,11,15,11,6,1,7,8,45
0022100945,1610612746,Clippers,LAC,LA,Starters,126.000000:51,32,57,0.561,9,14,0.643,11,12,0.917,8,21,29,21,4,2,6,16,84
0022100945,1610612746,Clippers,LAC,LA,Bench,113.000000:09,19,36,0.528,8,13,0.615,2,3,0.667,5,12,17,11,6,1,4,6,48
