GAME_ID,TEAM_ID,TEAM_NAME,TEAM_ABBREVIATION,TEAM_CITY,STARTERS_BENCH,MIN,FGM,FGA,FG_PCT,FG3M,FG3A,FG3_PCT,FTM,FTA,FT_PCT,OREB,DREB,REB,AST,STL,BLK,TO,PF,PTS
2022100370,1612709915,Celtics,MNE,Maine,Starters,144.000000:14,25,53,0.472,9,20,0.45,4,9,0.444,7,32,39,18,6,2,12,7,66
2022100370,1612709915,Celtics,MNE,Maine,Bench,68.000000:11,8,24,0.333,2,14,0.143,2,4,0.5,3,9,12,8,1,0,4,3,21
2022100370,1612709932,Cruise,MCC,Motor City,Starters,158.000000:25,20,60,0.333,8,30,0.267,5,6,0.833,12,23,35,11,5,3,14,15,59
2022100370,1612709932,Cruise,MCC,Motor City,Bench,81.000000:35,10,36,0.278,3,14,0.214,2,2,1.0,5,15,20,9,4,2,4,3,28
