GAME_ID,TEAM_ID,TEAM_NAME,TEAM_ABBREVIATION,TEAM_CITY,STARTERS_BENCH,MIN,FGM,FGA,FG_PCT,FG3M,FG3A,FG3_PCT,FTM,FTA,FT_PCT,OREB,DREB,REB,AST,STL,BLK,TO,PF,PTS
0022100426,1610612757,Trail Blazers,POR,Portland,Starters,175.000000:24,22,59,0.373,11,27,0.407,22,24,0.917,3,29,32,17,6,4,8,10,77
0022100426,1610612757,Trail Blazers,POR,Portland,Bench,64.000000:36,9,23,0.391,4,11,0.364,4,4,1.0,2,4,6,1,3,2,5,11,26
0022100426,1610612763,Grizzlies,MEM,Memphis,Starters,152.000000:26,27,58,0.466,9,24,0.375,13,15,0.867,9,21,30,15,3,2,10,13,76
0022100426,1610612763,Grizzlies,MEM,Memphis,Bench,87.000000:34,12,24,0.5,2,8,0.25,11,15,0.733,2,21,23,7,7,3,5,8,37
