GAME_ID,TEAM_ID,TEAM_NAME,TEAM_ABBREVIATION,TEAM_CITY,STARTERS_BENCH,MIN,FGM,FGA,FG_PCT,FG3M,FG3A,FG3_PCT,FTM,FTA,FT_PCT,OREB,DREB,REB,AST,STL,BLK,TO,PF,PTS
0022100394,1610612748,Heat,MIA,Miami,Starters,148.000000:16,30,52,0.577,13,23,0.565,5,5,1.0,8,23,31,30,8,3,5,11,78
0022100394,1610612748,Heat,MIA,Miami,Bench,91.000000:44,16,41,0.39,6,20,0.3,2,4,0.5,4,15,19,7,0,3,3,10,40
0022100394,1610612741,Bulls,CHI,Chicago,Starters,172.000000:50,25,66,0.379,14,33,0.424,10,14,0.714,3,22,25,18,5,1,12,9,74
0022100394,1610612741,Bulls,CHI,Chicago,Bench,52.000000:37,4,14,0.286,2,5,0.4,2,2,1.0,4,5,9,3,0,2,2,5,12
