GAME_ID,TEAM_ID,TEAM_NAME,TEAM_ABBREVIATION,TEAM_CITY,STARTERS_BENCH,MIN,FGM,FGA,FG_PCT,FG3M,FG3A,FG3_PCT,FTM,FTA,FT_PCT,OREB,DREB,REB,AST,STL,BLK,TO,PF,PTS
0012100046,1610612764,Wizards,WAS,Washington,Starters,132.000000:31,23,51,0.451,13,25,0.52,11,15,0.733,6,27,33,17,3,4,10,9,70
0012100046,1610612764,Wizards,WAS,Washington,Bench,71.000000:08,12,25,0.48,3,10,0.3,3,3,1.0,1,11,12,5,2,3,5,4,30
0012100046,1610612761,Raptors,TOR,Toronto,Starters,102.000000:41,17,44,0.386,5,14,0.357,10,12,0.833,7,17,24,10,6,1,5,8,49
0012100046,1610612761,Raptors,TOR,Toronto,Bench,120.000000:10,20,45,0.444,9,20,0.45,9,13,0.692,6,20,26,15,2,4,4,8,58
