GAME_ID,TEAM_ID,TEAM_NAME,TEAM_ABBREVIATION,TEAM_CITY,STARTERS_BENCH,MIN,FGM,FGA,FG_PCT,FG3M,FG3A,FG3_PCT,FTM,FTA,FT_PCT,OREB,DREB,REB,AST,STL,BLK,TO,PF,PTS
0022100417,1610612745,Rockets,HOU,Houston,Starters,114.000000:30,8,32,0.25,3,17,0.176,6,8,0.75,2,15,17,10,6,0,9,14,25
0022100417,1610612745,Rockets,HOU,Houston,Bench,98.000000:06,17,35,0.486,1,8,0.125,12,17,0.706,8,15,23,6,6,1,3,5,47
0022100417,1610612739,Cavaliers,CLE,Cleveland,Starters,118.000000:24,28,46,0.609,11,19,0.579,8,11,0.727,7,19,26,9,1,2,7,10,75
0022100417,1610612739,Cavaliers,CLE,Cleveland,Bench,121.000000:36,17,34,0.5,7,21,0.333,8,13,0.615,2,16,18,17,5,3,8,15,49
