GAME_ID,TEAM_ID,TEAM_NAME,TEAM_ABBREVIATION,TEAM_CITY,STARTERS_BENCH,MIN,FGM,FGA,FG_PCT,FG3M,FG3A,FG3_PCT,FTM,FTA,FT_PCT,OREB,DREB,REB,AST,STL,BLK,TO,PF,PTS
0022100415,1610612765,Pistons,DET,Detroit,Starters,145.000000:49,19,52,0.365,5,24,0.208,5,8,0.625,9,20,29,15,7,5,14,13,48
0022100415,1610612765,Pistons,DET,Detroit,Bench,94.000000:11,11,37,0.297,1,11,0.091,16,19,0.842,6,6,12,2,2,2,4,7,39
0022100415,1610612741,Bulls,CHI,Chicago,Starters,123.000000:25,29,53,0.547,10,18,0.556,8,10,0.8,6,31,37,23,6,1,7,11,76
0022100415,1610612741,Bulls,CHI,Chicago,Bench,116.000000:35,21,39,0.538,8,16,0.5,7,9,0.778,8,16,24,10,7,3,10,12,57
