GAME_ID,TEAM_ID,TEAM_NAME,TEAM_ABBREVIATION,TEAM_CITY,STARTERS_BENCH,MIN,FGM,FGA,FG_PCT,FG3M,FG3A,FG3_PCT,FTM,FTA,FT_PCT,OREB,DREB,REB,AST,STL,BLK,TO,PF,PTS
2052100090,1612709932,Cruise,MCC,Motor City,Starters,164.000000:36,26,57,0.456,13,30,0.433,11,15,0.733,4,18,22,21,7,3,13,18,82
2052100090,1612709932,Cruise,MCC,Motor City,Bench,85.000000:24,12,24,0.5,4,11,0.364,4,6,0.667,3,13,16,10,5,3,10,13,35
2052100090,1612709911,Wolves,IWA,Iowa,Starters,157.000000:43,26,58,0.448,8,20,0.4,6,12,0.5,6,18,24,18,4,3,14,11,68
2052100090,1612709911,Wolves,IWA,Iowa,Bench,79.000000:22,15,30,0.5,4,9,0.444,7,9,0.778,6,13,19,9,4,0,3,7,45
