GAME_ID,TEAM_ID,TEAM_NAME,TEAM_ABBREVIATION,TEAM_CITY,STARTERS_BENCH,MIN,FGM,FGA,FG_PCT,FG3M,FG3A,FG3_PCT,FTM,FTA,FT_PCT,OREB,DREB,REB,AST,STL,BLK,TO,PF,PTS
0042100103,1610612748,Heat,MIA,Miami,Starters,160.000000:34,26,55,0.473,9,24,0.375,9,11,0.818,9,24,33,23,5,1,6,11,70
0042100103,1610612748,Heat,MIA,Miami,Bench,79.000000:26,15,38,0.395,5,21,0.238,5,6,0.833,2,10,12,7,1,2,8,12,40
0042100103,1610612737,Hawks,ATL,Atlanta,Starters,154.000000:20,24,53,0.453,7,22,0.318,16,19,0.842,0,17,17,16,3,0,9,15,71
0042100103,1610612737,Hawks,ATL,Atlanta,Bench,85.000000:40,17,27,0.63,5,10,0.5,1,2,0.5,5,14,19,7,2,3,2,5,40
