GAME_ID,TEAM_ID,TEAM_NAME,TEAM_ABBREVIATION,TEAM_CITY,STARTERS_BENCH,MIN,FGM,FGA,FG_PCT,FG3M,FG3A,FG3_PCT,FTM,FTA,FT_PCT,OREB,DREB,REB,AST,STL,BLK,TO,PF,PTS
2022100369,1612709925,Magic,LAK,Lakeland,Starters,124.000000:04,25,53,0.472,11,26,0.423,3,3,1.0,3,17,20,16,2,3,7,16,67
2022100369,1612709925,Magic,LAK,Lakeland,Bench,114.000000:00,24,41,0.585,12,20,0.6,6,7,0.857,4,17,21,20,3,2,6,8,72
2022100369,1612709909,Blue Coats,DEL,Delaware,Starters,144.000000:43,29,59,0.492,14,28,0.5,11,14,0.786,8,23,31,13,4,4,11,10,91
2022100369,1612709909,Blue Coats,DEL,Delaware,Bench,95.000000:17,21,37,0.568,8,19,0.421,2,6,0.333,5,11,16,20,5,2,4,7,53
