GAME_ID,TEAM_ID,TEAM_NAME,TEAM_ABBREVIATION,TEAM_CITY,STARTERS_BENCH,MIN,FGM,FGA,FG_PCT,FG3M,FG3A,FG3_PCT,FTM,FTA,FT_PCT,OREB,DREB,REB,AST,STL,BLK,TO,PF,PTS
2052100211,1612709918,Legends,TEX,Texas,Starters,172.000000:48,26,62,0.419,7,29,0.241,5,7,0.714,5,19,24,19,6,6,18,16,66
2052100211,1612709918,Legends,TEX,Texas,Bench,67.000000:12,8,26,0.308,5,13,0.385,1,2,0.5,6,4,10,6,2,2,4,7,23
2052100211,1612709929,Skyhawks,CPS,College Park,Starters,148.000000:34,30,58,0.517,10,18,0.556,6,6,1.0,10,27,37,21,7,2,11,8,81
2052100211,1612709929,Skyhawks,CPS,College Park,Bench,91.000000:26,20,41,0.488,9,15,0.6,6,6,1.0,12,12,24,11,7,1,5,10,60
