GAME_ID,TEAM_ID,TEAM_NAME,TEAM_ABBREVIATION,TEAM_CITY,STARTERS_BENCH,MIN,FGM,FGA,FG_PCT,FG3M,FG3A,FG3_PCT,FTM,FTA,FT_PCT,OREB,DREB,REB,AST,STL,BLK,TO,PF,PTS
0012100060,1610612755,76ers,PHI,Philadelphia,Starters,116.000000:48,19,49,0.388,6,17,0.353,9,12,0.75,5,13,18,9,3,4,8,12,53
0012100060,1610612755,76ers,PHI,Philadelphia,Bench,123.000000:12,20,37,0.541,6,11,0.545,9,12,0.75,2,18,20,11,7,5,4,15,55
0012100060,1610612765,Pistons,DET,Detroit,Starters,156.000000:30,25,50,0.5,6,17,0.353,23,29,0.793,3,29,32,17,5,5,7,11,79
0012100060,1610612765,Pistons,DET,Detroit,Bench,83.000000:30,12,26,0.462,3,10,0.3,6,6,1.0,5,10,15,7,1,1,10,9,33
