GAME_ID,TEAM_ID,TEAM_NAME,TEAM_ABBREVIATION,TEAM_CITY,STARTERS_BENCH,MIN,FGM,FGA,FG_PCT,FG3M,FG3A,FG3_PCT,FTM,FTA,FT_PCT,OREB,DREB,REB,AST,STL,BLK,TO,PF,PTS
0022100793,1610612762,Jazz,UTA,Utah,Starters,125.000000:11,28,47,0.596,12,22,0.545,8,9,0.889,4,27,31,18,3,2,12,7,76
0022100793,1610612762,Jazz,UTA,Utah,Bench,86.000000:24,16,31,0.516,5,14,0.357,4,5,0.8,4,13,17,8,1,3,3,8,41
0022100793,1610612751,Nets,BKN,Brooklyn,Starters,98.000000:36,11,43,0.256,6,18,0.333,0,0,0.0,7,7,14,8,2,0,3,7,28
0022100793,1610612751,Nets,BKN,Brooklyn,Bench,141.000000:24,30,56,0.536,6,16,0.375,8,11,0.727,9,19,28,17,8,2,6,5,74
