GAME_ID,TEAM_ID,TEAM_NAME,TEAM_ABBREVIATION,TEAM_CITY,STARTERS_BENCH,MIN,FGM,FGA,FG_PCT,FG3M,FG3A,FG3_PCT,FTM,FTA,FT_PCT,OREB,DREB,REB,AST,STL,BLK,TO,PF,PTS
0022100071,1610612761,Raptors,TOR,Toronto,Starters,170.000000:11,34,71,0.479,8,27,0.296,7,9,0.778,3,21,24,13,4,2,6,12,83
0022100071,1610612761,Raptors,TOR,Toronto,Bench,69.000000:49,9,15,0.6,1,3,0.333,8,13,0.615,6,10,16,5,7,0,1,6,27
0022100071,1610612753,Magic,ORL,Orlando,Starters,170.000000:14,31,65,0.477,13,25,0.52,11,15,0.733,11,30,41,19,1,4,12,17,86
0022100071,1610612753,Magic,ORL,Orlando,Bench,69.000000:46,10,22,0.455,3,9,0.333,0,1,0.0,1,4,5,5,0,1,5,7,23
