GAME_ID,TEAM_ID,TEAM_NAME,TEAM_ABBREVIATION,TEAM_CITY,STARTERS_BENCH,MIN,FGM,FGA,FG_PCT,FG3M,FG3A,FG3_PCT,FTM,FTA,FT_PCT,OREB,DREB,REB,AST,STL,BLK,TO,PF,PTS
0012100024,1610612748,Heat,MIA,Miami,Starters,85.000000:11,19,37,0.514,6,17,0.353,5,9,0.556,3,11,14,14,6,3,7,13,49
0012100024,1610612748,Heat,MIA,Miami,Bench,154.000000:49,22,48,0.458,6,23,0.261,14,19,0.737,9,24,33,14,6,3,19,21,64
0012100024,1610612745,Rockets,HOU,Houston,Starters,123.000000:41,18,49,0.367,7,23,0.304,12,19,0.632,2,19,21,9,7,0,11,14,55
0012100024,1610612745,Rockets,HOU,Houston,Bench,116.000000:19,18,39,0.462,4,14,0.286,11,14,0.786,11,17,28,13,5,2,11,15,51
