GAME_ID,TEAM_ID,TEAM_NAME,TEAM_ABBREVIATION,TEAM_CITY,STARTERS_BENCH,MIN,FGM,FGA,FG_PCT,FG3M,FG3A,FG3_PCT,FTM,FTA,FT_PCT,OREB,DREB,REB,AST,STL,BLK,TO,PF,PTS
2022100138,1612709905,Lakers,SBL,South Bay,Starters,161.000000:01,36,68,0.529,11,30,0.367,7,8,0.875,10,23,33,24,3,1,12,9,96
2022100138,1612709905,Lakers,SBL,South Bay,Bench,64.000000:25,7,14,0.5,1,5,0.2,4,4,1.0,1,13,14,4,2,0,1,7,23
2022100138,1612709913,Squadron,BIR,Birmingham,Starters,151.000000:36,25,57,0.439,6,22,0.273,7,10,0.7,4,19,23,15,2,1,6,13,69
2022100138,1612709913,Squadron,BIR,Birmingham,Bench,79.000000:28,15,26,0.577,7,14,0.5,2,3,0.667,3,11,14,9,4,5,4,7,40
