GAME_ID,TEAM_ID,TEAM_NAME,TEAM_ABBREVIATION,TEAM_CITY,STARTERS_BENCH,MIN,FGM,FGA,FG_PCT,FG3M,FG3A,FG3_PCT,FTM,FTA,FT_PCT,OREB,DREB,REB,AST,STL,BLK,TO,PF,PTS
2022100201,1612709926,Hustle,MHU,Memphis,Starters,162.000000:31,30,64,0.469,6,26,0.231,7,11,0.636,3,22,25,25,9,4,10,8,76
2022100201,1612709926,Hustle,MHU,Memphis,Bench,65.000000:20,10,20,0.5,2,8,0.25,5,8,0.625,1,7,8,1,3,4,3,6,30
2022100201,1612709911,Wolves,IWA,Iowa,Starters,138.000000:56,25,57,0.439,11,27,0.407,3,4,0.75,6,18,24,15,3,1,9,16,65
2022100201,1612709911,Wolves,IWA,Iowa,Bench,74.000000:41,14,29,0.483,4,11,0.364,2,4,0.5,9,17,26,5,2,1,11,15,34
