GAME_ID,TEAM_ID,TEAM_NAME,TEAM_ABBREVIATION,TEAM_CITY,STARTERS_BENCH,MIN,FGM,FGA,FG_PCT,FG3M,FG3A,FG3_PCT,FTM,FTA,FT_PCT,OREB,DREB,REB,AST,STL,BLK,TO,PF,PTS
0022100040,1610612763,Grizzlies,MEM,Memphis,Starters,157.000000:47,35,71,0.493,12,25,0.48,14,16,0.875,12,20,32,23,9,2,15,16,96
0022100040,1610612763,Grizzlies,MEM,Memphis,Bench,49.000000:57,7,16,0.438,1,7,0.143,1,2,0.5,4,7,11,1,4,0,1,0,16
0022100040,1610612747,Lakers,LAL,Los Angeles,Starters,153.000000:37,27,57,0.474,8,18,0.444,11,17,0.647,7,23,30,21,7,9,17,11,73
0022100040,1610612747,Lakers,LAL,Los Angeles,Bench,65.000000:24,14,20,0.7,6,9,0.667,2,3,0.667,1,3,4,4,2,3,0,3,36
