GAME_ID,TEAM_ID,TEAM_NAME,TEAM_ABBREVIATION,TEAM_CITY,STARTERS_BENCH,MIN,FGM,FGA,FG_PCT,FG3M,FG3A,FG3_PCT,FTM,FTA,FT_PCT,OREB,DREB,REB,AST,STL,BLK,TO,PF,PTS
2022100466,1612709918,Legends,TEX,Texas,Starters,160.000000:51,22,66,0.333,8,24,0.333,6,10,0.6,10,24,34,19,3,3,5,13,62
2022100466,1612709918,Legends,TEX,Texas,Bench,79.000000:09,13,28,0.464,6,14,0.429,2,3,0.667,1,8,9,6,1,0,3,4,35
2022100466,1612709913,Squadron,BIR,Birmingham,Starters,136.000000:38,28,49,0.571,10,19,0.526,8,9,0.889,4,33,37,18,3,5,10,13,81
2022100466,1612709913,Squadron,BIR,Birmingham,Bench,103.000000:22,16,32,0.5,11,21,0.524,2,3,0.667,1,12,13,17,3,0,2,5,46
