GAME_ID,TEAM_ID,TEAM_NAME,TEAM_ABBREVIATION,TEAM_CITY,STARTERS_BENCH,MIN,FGM,FGA,FG_PCT,FG3M,FG3A,FG3_PCT,FTM,FTA,FT_PCT,OREB,DREB,REB,AST,STL,BLK,TO,PF,PTS
2022100225,1612709927,Herd,WIS,Wisconsin,Starters,173.000000:59,28,73,0.384,5,22,0.227,14,18,0.778,7,31,38,16,9,5,11,11,87
2022100225,1612709927,Herd,WIS,Wisconsin,Bench,32.000000:53,5,14,0.357,5,14,0.357,1,1,1.0,1,3,4,2,0,1,2,1,17
2022100225,1612709910,Mad Ants,FWN,Fort Wayne,Starters,183.000000:08,34,81,0.42,13,31,0.419,11,14,0.786,7,34,41,23,3,9,14,18,99
2022100225,1612709910,Mad Ants,FWN,Fort Wayne,Bench,47.000000:13,3,11,0.273,2,7,0.286,1,1,1.0,1,9,10,2,2,3,5,6,10
