GAME_ID,TEAM_ID,TEAM_NAME,TEAM_ABBREVIATION,TEAM_CITY,STARTERS_BENCH,MIN,FGM,FGA,FG_PCT,FG3M,FG3A,FG3_PCT,FTM,FTA,FT_PCT,OREB,DREB,REB,AST,STL,BLK,TO,PF,PTS
0022100531,1610612758,Kings,SAC,Sacramento,Starters,147.000000:25,24,53,0.453,7,17,0.412,9,11,0.818,5,14,19,19,3,4,7,8,64
0022100531,1610612758,Kings,SAC,Sacramento,Bench,92.000000:35,14,38,0.368,3,12,0.25,1,1,1.0,3,11,14,6,4,0,3,8,32
0022100531,1610612742,Mavericks,DAL,Dallas,Starters,155.000000:44,33,58,0.569,8,16,0.5,14,16,0.875,9,20,29,24,4,3,7,7,88
0022100531,1610612742,Mavericks,DAL,Dallas,Bench,59.000000:25,5,14,0.357,1,6,0.167,5,6,0.833,0,10,10,5,0,3,2,4,16
