GAME_ID,TEAM_ID,TEAM_NAME,TEAM_ABBREVIATION,TEAM_CITY,STARTERS_BENCH,MIN,FGM,FGA,FG_PCT,FG3M,FG3A,FG3_PCT,FTM,FTA,FT_PCT,OREB,DREB,REB,AST,STL,BLK,TO,PF,PTS
0022101215,1610612759,Spurs,SAS,San Antonio,Starters,130.000000:39,20,47,0.426,6,15,0.4,9,13,0.692,0,19,19,12,3,3,11,16,55
0022101215,1610612759,Spurs,SAS,San Antonio,Bench,98.000000:47,12,32,0.375,4,16,0.25,10,12,0.833,4,17,21,7,2,0,1,8,38
0022101215,1610612744,Warriors,GSW,Golden State,Starters,136.000000:14,18,54,0.333,3,21,0.143,16,21,0.762,6,24,30,17,3,1,8,11,55
0022101215,1610612744,Warriors,GSW,Golden State,Bench,103.000000:46,15,27,0.556,5,11,0.455,10,12,0.833,7,14,21,6,5,0,4,11,45
