GAME_ID,TEAM_ID,TEAM_NAME,TEAM_ABBREVIATION,TEAM_CITY,STARTERS_BENCH,MIN,FGM,FGA,FG_PCT,FG3M,FG3A,FG3_PCT,FTM,FTA,FT_PCT,OREB,DREB,REB,AST,STL,BLK,TO,PF,PTS
2022100107,1612709918,Legends,TEX,Texas,Starters,153.000000:22,36,71,0.507,10,26,0.385,20,24,0.833,5,19,24,23,7,1,7,8,108
2022100107,1612709918,Legends,TEX,Texas,Bench,96.000000:38,10,20,0.5,4,9,0.444,2,3,0.667,9,12,21,4,1,1,4,6,28
2022100107,1612709902,Warriors,SCW,Santa Cruz,Starters,174.000000:13,43,79,0.544,9,26,0.346,4,6,0.667,9,20,29,33,5,3,9,14,99
2022100107,1612709902,Warriors,SCW,Santa Cruz,Bench,75.000000:47,13,26,0.5,4,9,0.444,2,3,0.667,2,8,10,4,2,1,3,7,33
