GAME_ID,TEAM_ID,TEAM_NAME,TEAM_ABBREVIATION,TEAM_CITY,STARTERS_BENCH,MIN,FGM,FGA,FG_PCT,FG3M,FG3A,FG3_PCT,FTM,FTA,FT_PCT,OREB,DREB,REB,AST,STL,BLK,TO,PF,PTS
2022100163,1612709923,Bulls,WCB,Windy City,Starters,151.000000:15,28,62,0.452,9,23,0.391,8,11,0.727,5,24,29,13,4,3,10,10,76
2022100163,1612709923,Bulls,WCB,Windy City,Bench,58.000000:17,5,11,0.455,1,5,0.2,3,4,0.75,4,16,20,8,3,0,5,7,17
2022100163,1612709925,Magic,LAK,Lakeland,Starters,172.000000:47,20,56,0.357,8,26,0.308,8,9,0.889,3,23,26,19,6,4,10,12,60
2022100163,1612709925,Magic,LAK,Lakeland,Bench,48.000000:19,6,22,0.273,2,12,0.167,1,1,1.0,2,7,9,3,4,1,2,3,16
