GAME_ID,TEAM_ID,TEAM_NAME,TEAM_ABBREVIATION,TEAM_CITY,STARTERS_BENCH,MIN,FGM,FGA,FG_PCT,FG3M,FG3A,FG3_PCT,FTM,FTA,FT_PCT,OREB,DREB,REB,AST,STL,BLK,TO,PF,PTS
0022100165,1610612760,Thunder,OKC,Oklahoma City,Starters,155.000000:16,27,58,0.466,6,21,0.286,21,27,0.778,9,28,37,19,3,2,14,14,81
0022100165,1610612760,Thunder,OKC,Oklahoma City,Bench,84.000000:44,10,29,0.345,4,13,0.308,3,3,1.0,4,15,19,4,3,2,4,9,27
0022100165,1610612740,Pelicans,NOP,New Orleans,Starters,151.000000:35,28,70,0.4,8,24,0.333,19,25,0.76,9,24,33,16,7,2,2,11,83
0022100165,1610612740,Pelicans,NOP,New Orleans,Bench,79.000000:28,4,25,0.16,1,11,0.091,3,5,0.6,8,6,14,8,6,1,5,8,12
