GAME_ID,TEAM_ID,TEAM_NAME,TEAM_ABBREVIATION,TEAM_CITY,STARTERS_BENCH,MIN,FGM,FGA,FG_PCT,FG3M,FG3A,FG3_PCT,FTM,FTA,FT_PCT,OREB,DREB,REB,AST,STL,BLK,TO,PF,PTS
0022100490,1610612756,Suns,PHX,Phoenix,Starters,178.000000:01,29,64,0.453,8,22,0.364,11,11,1.0,7,18,25,15,4,1,6,11,77
0022100490,1610612756,Suns,PHX,Phoenix,Bench,61.000000:59,11,19,0.579,3,8,0.375,5,5,1.0,2,10,12,5,1,1,7,6,30
0022100490,1610612744,Warriors,GSW,Golden State,Starters,159.000000:01,30,63,0.476,12,31,0.387,10,11,0.909,12,24,36,23,8,5,7,10,82
0022100490,1610612744,Warriors,GSW,Golden State,Bench,54.000000:35,9,15,0.6,2,6,0.333,8,10,0.8,0,4,4,2,1,1,2,8,28
