GAME_ID,TEAM_ID,TEAM_NAME,TEAM_ABBREVIATION,TEAM_CITY,STARTERS_BENCH,MIN,FGM,FGA,FG_PCT,FG3M,FG3A,FG3_PCT,FTM,FTA,FT_PCT,OREB,DREB,REB,AST,STL,BLK,TO,PF,PTS
0022100431,1610612752,Knicks,NYK,New York,Starters,125.000000:23,16,43,0.372,7,17,0.412,14,17,0.824,7,15,22,11,1,2,7,13,53
0022100431,1610612752,Knicks,NYK,New York,Bench,114.000000:37,23,40,0.575,10,19,0.526,7,8,0.875,8,10,18,14,7,4,4,13,63
0022100431,1610612745,Rockets,HOU,Houston,Starters,132.000000:46,21,40,0.525,7,21,0.333,18,23,0.783,4,16,20,17,2,2,11,15,67
0022100431,1610612745,Rockets,HOU,Houston,Bench,107.000000:14,13,28,0.464,4,11,0.364,6,7,0.857,1,8,9,12,2,2,6,10,36
