GAME_ID,TEAM_ID,TEAM_NAME,TEAM_ABBREVIATION,TEAM_CITY,STARTERS_BENCH,MIN,FGM,FGA,FG_PCT,FG3M,FG3A,FG3_PCT,FTM,FTA,FT_PCT,OREB,DREB,REB,AST,STL,BLK,TO,PF,PTS
0022100178,1610612756,Suns,PHX,Phoenix,Starters,122.000000:57,28,52,0.538,9,18,0.5,6,6,1.0,3,19,22,20,8,2,8,14,71
0022100178,1610612756,Suns,PHX,Phoenix,Bench,117.000000:03,18,42,0.429,9,19,0.474,3,3,1.0,1,23,24,8,4,4,4,8,48
0022100178,1610612763,Grizzlies,MEM,Memphis,Starters,120.000000:03,24,61,0.393,4,15,0.267,10,17,0.588,8,27,35,10,3,4,12,10,62
0022100178,1610612763,Grizzlies,MEM,Memphis,Bench,82.000000:45,11,28,0.393,3,13,0.231,1,4,0.25,8,12,20,8,1,2,2,3,26
