GAME_ID,TEAM_ID,TEAM_NAME,TEAM_ABBREVIATION,TEAM_CITY,STARTERS_BENCH,MIN,FGM,FGA,FG_PCT,FG3M,FG3A,FG3_PCT,FTM,FTA,FT_PCT,OREB,DREB,REB,AST,STL,BLK,TO,PF,PTS
2022100118,1612709915,Celtics,MNE,Maine,Starters,173.000000:57,29,62,0.468,8,31,0.258,10,12,0.833,8,19,27,24,3,2,6,10,81
2022100118,1612709915,Celtics,MNE,Maine,Bench,66.000000:03,10,21,0.476,5,12,0.417,1,2,0.5,1,12,13,6,4,0,11,10,27
2022100118,1612709921,Nets,LIN,Long Island,Starters,142.000000:37,25,57,0.439,15,28,0.536,4,4,1.0,9,20,29,13,5,1,13,14,74
2022100118,1612709921,Nets,LIN,Long Island,Bench,76.000000:22,14,29,0.483,5,13,0.385,2,4,0.5,1,8,9,8,5,0,4,6,36
