GAME_ID,TEAM_ID,TEAM_NAME,TEAM_ABBREVIATION,TEAM_CITY,STARTERS_BENCH,MIN,FGM,FGA,FG_PCT,FG3M,FG3A,FG3_PCT,FTM,FTA,FT_PCT,OREB,DREB,REB,AST,STL,BLK,TO,PF,PTS
0022100408,1610612749,Bucks,MIL,Milwaukee,Starters,148.000000:31,27,61,0.443,5,19,0.263,8,11,0.727,6,19,25,17,6,2,9,10,67
0022100408,1610612749,Bucks,MIL,Milwaukee,Bench,47.000000:06,8,18,0.444,3,9,0.333,4,4,1.0,3,9,12,2,2,0,3,3,23
0022100408,1610612738,Celtics,BOS,Boston,Starters,153.000000:48,32,59,0.542,12,28,0.429,7,9,0.778,5,21,26,25,6,3,6,9,83
0022100408,1610612738,Celtics,BOS,Boston,Bench,83.000000:12,11,27,0.407,8,19,0.421,4,4,1.0,1,12,13,6,0,2,4,6,34
