GAME_ID,TEAM_ID,TEAM_NAME,TEAM_ABBREVIATION,TEAM_CITY,STARTERS_BENCH,MIN,FGM,FGA,FG_PCT,FG3M,FG3A,FG3_PCT,FTM,FTA,FT_PCT,OREB,DREB,REB,AST,STL,BLK,TO,PF,PTS
0022100695,1610612760,Thunder,OKC,Oklahoma City,Starters,152.000000:12,20,60,0.333,6,28,0.214,7,11,0.636,6,19,25,11,10,1,11,21,53
0022100695,1610612760,Thunder,OKC,Oklahoma City,Bench,87.000000:48,13,25,0.52,6,13,0.462,2,5,0.4,5,11,16,5,4,2,4,7,34
0022100695,1610612739,Cavaliers,CLE,Cleveland,Starters,160.000000:09,27,51,0.529,5,12,0.417,10,18,0.556,12,26,38,17,4,5,18,12,69
0022100695,1610612739,Cavaliers,CLE,Cleveland,Bench,79.000000:51,8,25,0.32,1,15,0.067,8,17,0.471,3,13,16,5,1,1,4,8,25
