GAME_ID,TEAM_ID,TEAM_NAME,TEAM_ABBREVIATION,TEAM_CITY,STARTERS_BENCH,MIN,FGM,FGA,FG_PCT,FG3M,FG3A,FG3_PCT,FTM,FTA,FT_PCT,OREB,DREB,REB,AST,STL,BLK,TO,PF,PTS
2022100484,1612709914,Kings,STO,Stockton,Starters,169.000000:02,27,54,0.5,6,21,0.286,6,7,0.857,8,24,32,25,5,2,8,13,68
2022100484,1612709914,Kings,STO,Stockton,Bench,70.000000:58,16,30,0.533,3,9,0.333,2,2,1.0,0,7,7,2,3,1,5,4,38
2022100484,1612709913,Squadron,BIR,Birmingham,Starters,150.000000:58,30,58,0.517,9,26,0.346,4,5,0.8,8,21,29,24,4,1,8,8,76
2022100484,1612709913,Squadron,BIR,Birmingham,Bench,84.000000:07,14,28,0.5,5,17,0.294,2,3,0.667,0,8,8,4,3,1,4,4,38
