GAME_ID,TEAM_ID,TEAM_NAME,TEAM_ABBREVIATION,TEAM_CITY,STARTERS_BENCH,MIN,FGM,FGA,FG_PCT,FG3M,FG3A,FG3_PCT,FTM,FTA,FT_PCT,OREB,DREB,REB,AST,STL,BLK,TO,PF,PTS
0022101057,1610612758,Kings,SAC,Sacramento,Starters,168.000000:30,29,61,0.475,11,24,0.458,13,18,0.722,8,22,30,15,4,5,11,8,82
0022101057,1610612758,Kings,SAC,Sacramento,Bench,71.000000:30,4,18,0.222,2,12,0.167,5,6,0.833,0,7,7,8,1,1,5,6,15
0022101057,1610612738,Celtics,BOS,Boston,Starters,129.000000:58,31,55,0.564,12,21,0.571,7,11,0.636,4,21,25,15,7,1,7,10,81
0022101057,1610612738,Celtics,BOS,Boston,Bench,110.000000:02,15,27,0.556,10,19,0.526,5,6,0.833,2,16,18,18,4,0,6,13,45
