GAME_ID,TEAM_ID,TEAM_NAME,TEAM_ABBREVIATION,TEAM_CITY,STARTERS_BENCH,MIN,FGM,FGA,FG_PCT,FG3M,FG3A,FG3_PCT,FTM,FTA,FT_PCT,OREB,DREB,REB,AST,STL,BLK,TO,PF,PTS
2022100144,1612709917,Gold,GRG,Grand Rapids,Starters,166.000000:31,29,62,0.468,7,26,0.269,15,19,0.789,8,24,32,14,5,1,12,18,90
2022100144,1612709917,Gold,GRG,Grand Rapids,Bench,41.000000:47,4,8,0.5,1,5,0.2,1,1,1.0,1,12,13,4,1,0,1,5,11
2022100144,1612709910,Mad Ants,FWN,Fort Wayne,Starters,146.000000:17,26,59,0.441,12,30,0.4,10,11,0.909,7,15,22,20,7,2,4,18,83
2022100144,1612709910,Mad Ants,FWN,Fort Wayne,Bench,93.000000:43,14,33,0.424,6,19,0.316,1,4,0.25,1,11,12,7,2,2,4,15,36
