GAME_ID,TEAM_ID,TEAM_NAME,TEAM_ABBREVIATION,TEAM_CITY,STARTERS_BENCH,MIN,FGM,FGA,FG_PCT,FG3M,FG3A,FG3_PCT,FTM,FTA,FT_PCT,OREB,DREB,REB,AST,STL,BLK,TO,PF,PTS
2022100372,1612709904,Skyforce,SXF,Sioux Falls,Starters,175.000000:27,33,72,0.458,9,32,0.281,9,14,0.643,7,24,31,24,11,1,8,13,90
2022100372,1612709904,Skyforce,SXF,Sioux Falls,Bench,53.000000:33,4,17,0.235,2,10,0.2,2,4,0.5,2,5,7,1,0,2,4,9,14
2022100372,1612709890,Spurs,AUS,Austin,Starters,132.000000:32,27,52,0.519,3,10,0.3,15,16,0.938,10,20,30,15,3,5,12,16,79
2022100372,1612709890,Spurs,AUS,Austin,Bench,53.000000:22,11,16,0.688,5,8,0.625,1,2,0.5,0,10,10,0,2,2,3,5,28
