GAME_ID,TEAM_ID,TEAM_NAME,TEAM_ABBREVIATION,TEAM_CITY,STARTERS_BENCH,MIN,FGM,FGA,FG_PCT,FG3M,FG3A,FG3_PCT,FTM,FTA,FT_PCT,OREB,DREB,REB,AST,STL,BLK,TO,PF,PTS
0022100705,1610612763,Grizzlies,MEM,Memphis,Starters,155.000000:21,24,71,0.338,2,17,0.118,11,16,0.688,18,21,39,11,3,1,10,16,61
0022100705,1610612763,Grizzlies,MEM,Memphis,Bench,81.000000:25,13,28,0.464,2,7,0.286,2,3,0.667,3,8,11,9,7,2,5,9,30
0022100705,1610612742,Mavericks,DAL,Dallas,Starters,153.000000:31,27,55,0.491,7,22,0.318,20,27,0.741,7,23,30,20,7,12,10,14,81
0022100705,1610612742,Mavericks,DAL,Dallas,Bench,65.000000:55,7,15,0.467,2,8,0.25,1,2,0.5,0,7,7,2,3,0,4,4,17
