GAME_ID,TEAM_ID,TEAM_NAME,TEAM_ABBREVIATION,TEAM_CITY,STARTERS_BENCH,MIN,FGM,FGA,FG_PCT,FG3M,FG3A,FG3_PCT,FTM,FTA,FT_PCT,OREB,DREB,REB,AST,STL,BLK,TO,PF,PTS
0022100727,1610612752,Knicks,NYK,New York,Starters,118.000000:57,18,42,0.429,7,20,0.35,6,10,0.6,7,14,21,7,3,0,11,14,49
0022100727,1610612752,Knicks,NYK,New York,Bench,121.000000:03,17,41,0.415,8,24,0.333,5,7,0.714,8,15,23,17,5,4,6,9,47
0022100727,1610612748,Heat,MIA,Miami,Starters,141.000000:46,29,45,0.644,13,23,0.565,10,11,0.909,5,14,19,22,6,2,11,18,81
0022100727,1610612748,Heat,MIA,Miami,Bench,98.000000:14,8,29,0.276,3,14,0.214,10,11,0.909,2,17,19,8,2,1,6,5,29
