GAME_ID,TEAM_ID,TEAM_NAME,TEAM_ABBREVIATION,TEAM_CITY,STARTERS_BENCH,MIN,FGM,FGA,FG_PCT,FG3M,FG3A,FG3_PCT,FTM,FTA,FT_PCT,OREB,DREB,REB,AST,STL,BLK,TO,PF,PTS
0022100303,1610612758,Kings,SAC,Sacramento,Starters,88.000000:05,11,38,0.289,4,18,0.222,12,15,0.8,4,17,21,7,0,5,7,6,38
0022100303,1610612758,Kings,SAC,Sacramento,Bench,151.000000:55,22,59,0.373,5,24,0.208,14,22,0.636,8,20,28,10,5,3,1,12,63
0022100303,1610612763,Grizzlies,MEM,Memphis,Starters,114.000000:20,24,54,0.444,6,20,0.3,11,14,0.786,7,28,35,15,3,6,5,15,65
0022100303,1610612763,Grizzlies,MEM,Memphis,Bench,107.000000:40,22,41,0.537,4,13,0.308,1,2,0.5,6,22,28,11,1,5,4,9,49
