GAME_ID,TEAM_ID,TEAM_NAME,TEAM_ABBREVIATION,TEAM_CITY,STARTERS_BENCH,MIN,FGM,FGA,FG_PCT,FG3M,FG3A,FG3_PCT,FTM,FTA,FT_PCT,OREB,DREB,REB,AST,STL,BLK,TO,PF,PTS
0012100066,1610612757,Trail Blazers,POR,Portland,Starters,136.000000:22,27,63,0.429,8,23,0.348,10,11,0.909,6,20,26,14,6,5,7,15,72
0012100066,1610612757,Trail Blazers,POR,Portland,Bench,103.000000:38,10,29,0.345,2,17,0.118,3,4,0.75,3,13,16,7,6,4,12,3,25
0012100066,1610612744,Warriors,GSW,Golden State,Starters,120.000000:11,28,60,0.467,8,24,0.333,13,18,0.722,5,23,28,16,4,3,12,10,77
0012100066,1610612744,Warriors,GSW,Golden State,Bench,119.000000:49,17,41,0.415,8,22,0.364,0,0,0.0,12,17,29,15,5,2,10,8,42
