GAME_ID,TEAM_ID,TEAM_NAME,TEAM_ABBREVIATION,TEAM_CITY,STARTERS_BENCH,MIN,FGM,FGA,FG_PCT,FG3M,FG3A,FG3_PCT,FTM,FTA,FT_PCT,OREB,DREB,REB,AST,STL,BLK,TO,PF,PTS
2052100096,1612709920,905,RAP,Raptors,Starters,184.000000:54,34,81,0.42,13,34,0.382,7,9,0.778,15,30,45,15,7,4,16,16,92
2052100096,1612709920,905,RAP,Raptors,Bench,55.000000:06,5,18,0.278,2,11,0.182,1,1,1.0,2,2,4,6,3,1,5,4,14
2052100096,1612709909,Blue Coats,DEL,Delaware,Starters,143.000000:20,25,55,0.455,6,24,0.25,11,12,0.917,9,19,28,18,11,6,12,11,76
2052100096,1612709909,Blue Coats,DEL,Delaware,Bench,55.000000:26,9,22,0.409,5,10,0.5,0,1,0.0,1,4,5,5,2,0,4,3,23
