GAME_ID,TEAM_ID,TEAM_NAME,TEAM_ABBREVIATION,TEAM_CITY,STARTERS_BENCH,MIN,FGM,FGA,FG_PCT,FG3M,FG3A,FG3_PCT,FTM,FTA,FT_PCT,OREB,DREB,REB,AST,STL,BLK,TO,PF,PTS
0022100834,1610612761,Raptors,TOR,Toronto,Starters,151.000000:06,39,70,0.557,11,30,0.367,11,14,0.786,5,14,19,18,6,1,9,15,100
0022100834,1610612761,Raptors,TOR,Toronto,Bench,88.000000:54,14,27,0.519,4,9,0.444,7,8,0.875,9,9,18,7,6,2,2,13,39
0022100834,1610612745,Rockets,HOU,Houston,Starters,175.000000:08,34,60,0.567,13,30,0.433,15,24,0.625,6,20,26,21,4,3,12,13,96
0022100834,1610612745,Rockets,HOU,Houston,Bench,64.000000:52,9,22,0.409,3,8,0.375,3,6,0.5,7,8,15,4,1,1,9,7,24
