GAME_ID,TEAM_ID,TEAM_NAME,TEAM_ABBREVIATION,TEAM_CITY,STARTERS_BENCH,MIN,FGM,FGA,FG_PCT,FG3M,FG3A,FG3_PCT,FTM,FTA,FT_PCT,OREB,DREB,REB,AST,STL,BLK,TO,PF,PTS
2052100080,1612709914,Kings,STO,Stockton,Starters,167.000000:07,32,77,0.416,8,32,0.25,9,15,0.6,13,18,31,16,8,6,6,11,84
2052100080,1612709914,Kings,STO,Stockton,Bench,62.000000:06,13,27,0.481,4,9,0.444,0,0,0.0,6,6,12,4,4,0,3,3,30
2052100080,1612709903,Stars,SLC,Salt Lake City,Starters,166.000000:53,38,70,0.543,10,23,0.435,8,11,0.727,10,24,34,22,2,4,11,11,96
2052100080,1612709903,Stars,SLC,Salt Lake City,Bench,68.000000:07,8,20,0.4,1,8,0.125,1,1,1.0,1,11,12,4,2,1,7,4,19
