GAME_ID,TEAM_ID,TEAM_NAME,TEAM_ABBREVIATION,TEAM_CITY,STARTERS_BENCH,MIN,FGM,FGA,FG_PCT,FG3M,FG3A,FG3_PCT,FTM,FTA,FT_PCT,OREB,DREB,REB,AST,STL,BLK,TO,PF,PTS
0022100073,1610612748,Heat,MIA,Miami,Starters,157.000000:12,29,64,0.453,3,22,0.136,13,13,1.0,13,31,44,13,5,3,12,13,74
0022100073,1610612748,Heat,MIA,Miami,Bench,82.000000:48,14,27,0.519,6,13,0.462,6,6,1.0,3,13,16,10,1,0,5,7,40
0022100073,1610612766,Hornets,CHA,Charlotte,Starters,159.000000:27,26,63,0.413,10,28,0.357,7,12,0.583,9,19,28,14,5,4,7,11,69
0022100073,1610612766,Hornets,CHA,Charlotte,Bench,80.000000:33,9,27,0.333,3,9,0.333,9,10,0.9,2,7,9,7,3,2,4,6,30
