GAME_ID,TEAM_ID,TEAM_NAME,TEAM_ABBREVIATION,TEAM_CITY,STARTERS_BENCH,MIN,FGM,FGA,FG_PCT,FG3M,FG3A,FG3_PCT,FTM,FTA,FT_PCT,OREB,DREB,REB,AST,STL,BLK,TO,PF,PTS
0022101187,1610612762,Jazz,UTA,Utah,Starters,173.000000:46,22,61,0.361,7,22,0.318,23,34,0.676,10,32,42,17,7,1,14,15,74
0022101187,1610612762,Jazz,UTA,Utah,Bench,72.000000:31,11,25,0.44,5,16,0.313,6,7,0.857,1,8,9,6,1,3,2,3,33
0022101187,1610612763,Grizzlies,MEM,Memphis,Starters,176.000000:40,29,77,0.377,11,26,0.423,18,22,0.818,6,23,29,18,11,4,9,14,87
0022101187,1610612763,Grizzlies,MEM,Memphis,Bench,68.000000:27,8,19,0.421,2,5,0.4,6,7,0.857,4,17,21,8,0,3,3,11,24
