GAME_ID,TEAM_ID,TEAM_NAME,TEAM_ABBREVIATION,TEAM_CITY,STARTERS_BENCH,MIN,FGM,FGA,FG_PCT,FG3M,FG3A,FG3_PCT,FTM,FTA,FT_PCT,OREB,DREB,REB,AST,STL,BLK,TO,PF,PTS
2022100488,1612709927,Herd,WIS,Wisconsin,Starters,180.000000:28,34,72,0.472,8,28,0.286,6,11,0.545,7,28,35,28,9,3,12,13,84
2022100488,1612709927,Herd,WIS,Wisconsin,Bench,59.000000:32,10,29,0.345,6,19,0.316,0,0,0.0,1,4,5,3,1,0,2,5,26
2022100488,1612709909,Blue Coats,DEL,Delaware,Starters,127.000000:38,32,59,0.542,12,27,0.444,3,3,1.0,4,30,34,22,5,1,6,8,80
2022100488,1612709909,Blue Coats,DEL,Delaware,Bench,112.000000:22,22,44,0.5,6,17,0.353,9,12,0.75,11,19,30,16,6,6,8,9,64
