GAME_ID,TEAM_ID,TEAM_NAME,TEAM_ABBREVIATION,TEAM_CITY,STARTERS_BENCH,MIN,FGM,FGA,FG_PCT,FG3M,FG3A,FG3_PCT,FTM,FTA,FT_PCT,OREB,DREB,REB,AST,STL,BLK,TO,PF,PTS
0022100056,1610612764,Wizards,WAS,Washington,Starters,136.000000:05,24,59,0.407,6,20,0.3,11,16,0.688,7,20,27,9,7,3,9,12,65
0022100056,1610612764,Wizards,WAS,Washington,Bench,68.000000:15,13,17,0.765,1,2,0.5,7,9,0.778,4,12,16,4,1,2,3,3,34
0022100056,1610612738,Celtics,BOS,Boston,Starters,165.000000:34,28,65,0.431,5,21,0.238,11,16,0.688,9,26,35,11,5,5,10,14,72
0022100056,1610612738,Celtics,BOS,Boston,Bench,74.000000:26,9,20,0.45,5,8,0.625,12,12,1.0,1,1,2,7,4,0,3,7,35
