GAME_ID,TEAM_ID,TEAM_NAME,TEAM_ABBREVIATION,TEAM_CITY,STARTERS_BENCH,MIN,FGM,FGA,FG_PCT,FG3M,FG3A,FG3_PCT,FTM,FTA,FT_PCT,OREB,DREB,REB,AST,STL,BLK,TO,PF,PTS
0022100326,1610612760,Thunder,OKC,Oklahoma City,Starters,164.000000:59,30,67,0.448,7,25,0.28,18,23,0.783,8,16,24,11,6,3,9,11,85
0022100326,1610612760,Thunder,OKC,Oklahoma City,Bench,67.000000:15,10,18,0.556,1,7,0.143,3,4,0.75,1,7,8,5,2,3,1,9,24
0022100326,1610612745,Rockets,HOU,Houston,Starters,125.000000:54,21,42,0.5,10,22,0.455,12,14,0.857,4,11,15,14,5,6,10,8,64
0022100326,1610612745,Rockets,HOU,Houston,Bench,114.000000:06,19,37,0.514,5,15,0.333,7,8,0.875,4,21,25,11,4,6,8,17,50
