GAME_ID,TEAM_ID,TEAM_NAME,TEAM_ABBREVIATION,TEAM_CITY,STARTERS_BENCH,MIN,FGM,FGA,FG_PCT,FG3M,FG3A,FG3_PCT,FTM,FTA,FT_PCT,OREB,DREB,REB,AST,STL,BLK,TO,PF,PTS
0022100292,1610612755,76ers,PHI,Philadelphia,Starters,209.000000:46,30,71,0.423,6,21,0.286,28,37,0.757,8,27,35,18,6,3,10,18,94
0022100292,1610612755,76ers,PHI,Philadelphia,Bench,80.000000:14,9,22,0.409,6,13,0.462,2,2,1.0,4,5,9,9,7,2,6,7,26
0022100292,1610612750,Timberwolves,MIN,Minnesota,Starters,196.000000:38,36,70,0.514,11,25,0.44,9,13,0.692,7,33,40,20,6,5,15,19,92
0022100292,1610612750,Timberwolves,MIN,Minnesota,Bench,76.000000:21,11,24,0.458,3,11,0.273,1,1,1.0,3,8,11,1,1,1,5,11,26
