GAME_ID,TEAM_ID,TEAM_NAME,TEAM_ABBREVIATION,TEAM_CITY,STARTERS_BENCH,MIN,FGM,FGA,FG_PCT,FG3M,FG3A,FG3_PCT,FTM,FTA,FT_PCT,OREB,DREB,REB,AST,STL,BLK,TO,PF,PTS
0022100054,1610612762,Jazz,UTA,Utah,Starters,157.000000:35,29,56,0.518,6,23,0.261,16,23,0.696,5,20,25,13,4,3,11,11,80
0022100054,1610612762,Jazz,UTA,Utah,Bench,67.000000:39,11,23,0.478,6,16,0.375,4,4,1.0,2,10,12,7,1,2,1,7,32
0022100054,1610612743,Nuggets,DEN,Denver,Starters,159.000000:45,39,69,0.565,10,23,0.435,9,15,0.6,3,23,26,16,5,2,11,13,97
0022100054,1610612743,Nuggets,DEN,Denver,Bench,80.000000:15,3,14,0.214,0,5,0.0,7,9,0.778,2,7,9,3,4,1,2,10,13
