GAME_ID,TEAM_ID,TEAM_NAME,TEAM_ABBREVIATION,TEAM_CITY,STARTERS_BENCH,MIN,FGM,FGA,FG_PCT,FG3M,FG3A,FG3_PCT,FTM,FTA,FT_PCT,OREB,DREB,REB,AST,STL,BLK,TO,PF,PTS
2022100323,1612709919,Knicks,WES,Westchester,Starters,161.000000:33,27,57,0.474,12,27,0.444,5,8,0.625,7,19,26,26,8,5,9,14,75
2022100323,1612709919,Knicks,WES,Westchester,Bench,78.000000:27,14,33,0.424,6,16,0.375,4,6,0.667,1,10,11,8,3,3,0,9,40
2022100323,1612709922,Swarm,GBO,Greensboro,Starters,155.000000:18,30,58,0.517,10,22,0.455,7,8,0.875,3,27,30,26,5,2,14,13,81
2022100323,1612709922,Swarm,GBO,Greensboro,Bench,84.000000:42,10,26,0.385,4,13,0.308,2,3,0.667,3,14,17,6,0,1,3,12,27
