GAME_ID,TEAM_ID,TEAM_NAME,TEAM_ABBREVIATION,TEAM_CITY,STARTERS_BENCH,MIN,FGM,FGA,FG_PCT,FG3M,FG3A,FG3_PCT,FTM,FTA,FT_PCT,OREB,DREB,REB,AST,STL,BLK,TO,PF,PTS
0022100451,1610612759,Spurs,SAS,San Antonio,Starters,153.000000:20,25,56,0.446,3,11,0.273,8,9,0.889,8,21,29,16,5,4,8,8,61
0022100451,1610612759,Spurs,SAS,San Antonio,Bench,65.000000:29,19,33,0.576,8,13,0.615,0,0,0.0,4,6,10,4,1,4,4,3,46
0022100451,1610612758,Kings,SAC,Sacramento,Starters,176.000000:41,32,66,0.485,11,20,0.55,12,14,0.857,7,21,28,20,7,1,8,12,87
0022100451,1610612758,Kings,SAC,Sacramento,Bench,63.000000:19,14,25,0.56,3,5,0.6,3,4,0.75,4,8,12,3,4,2,3,7,34
