GAME_ID,TEAM_ID,TEAM_NAME,TEAM_ABBREVIATION,TEAM_CITY,STARTERS_BENCH,MIN,FGM,FGA,FG_PCT,FG3M,FG3A,FG3_PCT,FTM,FTA,FT_PCT,OREB,DREB,REB,AST,STL,BLK,TO,PF,PTS
0022100703,1610612766,Hornets,CHA,Charlotte,Starters,145.000000:50,22,54,0.407,1,19,0.053,13,18,0.722,5,26,31,15,4,4,9,15,58
0022100703,1610612766,Hornets,CHA,Charlotte,Bench,94.000000:10,12,33,0.364,3,17,0.176,6,9,0.667,6,17,23,8,2,2,7,9,33
0022100703,1610612737,Hawks,ATL,Atlanta,Starters,153.000000:11,25,51,0.49,11,24,0.458,15,19,0.789,2,18,20,12,7,3,7,14,76
0022100703,1610612737,Hawks,ATL,Atlanta,Bench,86.000000:49,15,37,0.405,4,15,0.267,3,5,0.6,5,20,25,13,5,3,3,8,37
