GAME_ID,TEAM_ID,TEAM_NAME,TEAM_ABBREVIATION,TEAM_CITY,STARTERS_BENCH,MIN,FGM,FGA,FG_PCT,FG3M,FG3A,FG3_PCT,FTM,FTA,FT_PCT,OREB,DREB,REB,AST,STL,BLK,TO,PF,PTS
0022100729,1610612740,Pelicans,NOP,New Orleans,Starters,162.000000:50,22,57,0.386,3,20,0.15,21,24,0.875,11,24,35,16,13,3,8,9,68
0022100729,1610612740,Pelicans,NOP,New Orleans,Bench,60.000000:44,12,26,0.462,2,11,0.182,9,9,1.0,2,5,7,6,0,1,5,7,35
0022100729,1610612743,Nuggets,DEN,Denver,Starters,150.000000:15,28,54,0.519,8,22,0.364,12,12,1.0,6,21,27,21,7,2,13,9,76
0022100729,1610612743,Nuggets,DEN,Denver,Bench,89.000000:45,13,28,0.464,4,11,0.364,10,13,0.769,3,13,16,8,2,2,8,13,40
