GAME_ID,TEAM_ID,TEAM_NAME,TEAM_ABBREVIATION,TEAM_CITY,STARTERS_BENCH,MIN,FGM,FGA,FG_PCT,FG3M,FG3A,FG3_PCT,FTM,FTA,FT_PCT,OREB,DREB,REB,AST,STL,BLK,TO,PF,PTS
2022100508,1612709905,Lakers,SBL,South Bay,Starters,132.000000:23,22,44,0.5,4,12,0.333,5,7,0.714,2,19,21,7,4,3,7,10,56
2022100508,1612709905,Lakers,SBL,South Bay,Bench,107.000000:37,19,42,0.452,7,18,0.389,3,6,0.5,6,11,17,16,4,3,10,8,50
2022100508,1612709924,Clippers,ACC,Agua Caliente,Starters,150.000000:33,21,56,0.375,4,16,0.25,6,8,0.75,10,21,31,18,6,6,8,11,55
2022100508,1612709924,Clippers,ACC,Agua Caliente,Bench,54.000000:00,16,27,0.593,5,11,0.455,1,1,1.0,0,6,6,7,5,0,5,4,39
