GAME_ID,TEAM_ID,TEAM_NAME,TEAM_ABBREVIATION,TEAM_CITY,STARTERS_BENCH,MIN,FGM,FGA,FG_PCT,FG3M,FG3A,FG3_PCT,FTM,FTA,FT_PCT,OREB,DREB,REB,AST,STL,BLK,TO,PF,PTS
2022100474,1612709923,Bulls,WCB,Windy City,Starters,158.000000:10,35,73,0.479,7,19,0.368,10,12,0.833,10,17,27,17,3,0,9,12,91
2022100474,1612709923,Bulls,WCB,Windy City,Bench,51.000000:02,3,8,0.375,2,5,0.4,0,1,0.0,0,8,8,1,1,1,2,6,8
2022100474,1612709921,Nets,LIN,Long Island,Starters,154.000000:26,30,56,0.536,9,22,0.409,10,15,0.667,3,26,29,18,5,3,11,13,83
2022100474,1612709921,Nets,LIN,Long Island,Bench,35.000000:46,8,14,0.571,8,12,0.667,1,1,1.0,1,3,4,1,2,0,0,2,26
