GAME_ID,TEAM_ID,TEAM_NAME,TEAM_ABBREVIATION,TEAM_CITY,STARTERS_BENCH,MIN,FGM,FGA,FG_PCT,FG3M,FG3A,FG3_PCT,FTM,FTA,FT_PCT,OREB,DREB,REB,AST,STL,BLK,TO,PF,PTS
0022101136,1610612742,Mavericks,DAL,Dallas,Starters,176.000000:57,40,69,0.58,13,29,0.448,12,15,0.8,5,20,25,26,3,4,7,11,105
0022101136,1610612742,Mavericks,DAL,Dallas,Bench,63.000000:03,6,19,0.316,3,13,0.231,0,0,0.0,4,9,13,2,3,2,4,6,15
0022101136,1610612739,Cavaliers,CLE,Cleveland,Starters,160.000000:49,32,58,0.552,8,16,0.5,12,16,0.75,5,24,29,20,5,3,7,8,84
0022101136,1610612739,Cavaliers,CLE,Cleveland,Bench,65.000000:59,9,20,0.45,2,7,0.286,4,4,1.0,4,6,10,4,2,0,5,6,24
