GAME_ID,TEAM_ID,TEAM_NAME,TEAM_ABBREVIATION,TEAM_CITY,STARTERS_BENCH,MIN,FGM,FGA,FG_PCT,FG3M,FG3A,FG3_PCT,FTM,FTA,FT_PCT,OREB,DREB,REB,AST,STL,BLK,TO,PF,PTS
0022100809,1610612749,Bucks,MIL,Milwaukee,Starters,156.000000:09,39,65,0.6,16,27,0.593,20,23,0.87,3,34,37,24,5,3,5,10,114
0022100809,1610612749,Bucks,MIL,Milwaukee,Bench,47.000000:43,4,14,0.286,2,8,0.25,1,2,0.5,1,5,6,3,1,1,4,2,11
0022100809,1610612746,Clippers,LAC,LA,Starters,114.000000:34,18,48,0.375,9,22,0.409,7,7,1.0,4,17,21,11,1,1,6,10,52
0022100809,1610612746,Clippers,LAC,LA,Bench,125.000000:26,22,48,0.458,9,24,0.375,8,9,0.889,6,17,23,15,5,1,4,10,61
