GAME_ID,TEAM_ID,TEAM_NAME,TEAM_ABBREVIATION,TEAM_CITY,STARTERS_BENCH,MIN,FGM,FGA,FG_PCT,FG3M,FG3A,FG3_PCT,FTM,FTA,FT_PCT,OREB,DREB,REB,AST,STL,BLK,TO,PF,PTS
0022100956,1610612755,76ers,PHI,Philadelphia,Starters,152.000000:34,18,51,0.353,4,21,0.19,17,19,0.895,8,22,30,6,4,3,7,5,57
0022100956,1610612755,76ers,PHI,Philadelphia,Bench,78.000000:35,10,30,0.333,3,19,0.158,0,1,0.0,5,6,11,7,5,1,1,11,23
0022100956,1610612748,Heat,MIA,Miami,Starters,137.000000:15,18,40,0.45,7,13,0.538,8,11,0.727,4,14,18,14,3,2,10,13,51
0022100956,1610612748,Heat,MIA,Miami,Bench,102.000000:45,17,32,0.531,6,15,0.4,8,8,1.0,2,18,20,6,3,1,3,6,48
