GAME_ID,TEAM_ID,TEAM_NAME,TEAM_ABBREVIATION,TEAM_CITY,STARTERS_BENCH,MIN,FGM,FGA,FG_PCT,FG3M,FG3A,FG3_PCT,FTM,FTA,FT_PCT,OREB,DREB,REB,AST,STL,BLK,TO,PF,PTS
2022100286,1612709918,Legends,TEX,Texas,Starters,161.000000:30,29,65,0.446,9,24,0.375,5,7,0.714,5,23,28,18,5,2,7,11,77
2022100286,1612709918,Legends,TEX,Texas,Bench,56.000000:41,12,20,0.6,4,6,0.667,0,0,0.0,1,8,9,12,5,1,1,3,28
2022100286,1612709902,Warriors,SCW,Santa Cruz,Starters,154.000000:20,27,66,0.409,6,28,0.214,8,9,0.889,10,21,31,11,3,6,12,12,73
2022100286,1612709902,Warriors,SCW,Santa Cruz,Bench,49.000000:04,5,13,0.385,3,8,0.375,1,1,1.0,3,5,8,5,1,0,4,1,15
