GAME_ID,TEAM_ID,TEAM_NAME,TEAM_ABBREVIATION,TEAM_CITY,STARTERS_BENCH,MIN,FGM,FGA,FG_PCT,FG3M,FG3A,FG3_PCT,FTM,FTA,FT_PCT,OREB,DREB,REB,AST,STL,BLK,TO,PF,PTS
0022100496,1610612758,Kings,SAC,Sacramento,Starters,126.000000:31,16,44,0.364,5,13,0.385,9,11,0.818,5,17,22,17,4,4,13,12,46
0022100496,1610612758,Kings,SAC,Sacramento,Bench,89.000000:35,18,34,0.529,5,14,0.357,13,14,0.929,4,10,14,4,3,5,4,10,54
0022100496,1610612763,Grizzlies,MEM,Memphis,Starters,142.000000:44,33,71,0.465,6,20,0.3,16,19,0.842,14,26,40,23,7,4,7,10,88
0022100496,1610612763,Grizzlies,MEM,Memphis,Bench,89.000000:20,14,28,0.5,3,10,0.3,8,11,0.727,3,8,11,9,2,2,4,9,39
