GAME_ID,TEAM_ID,TEAM_NAME,TEAM_ABBREVIATION,TEAM_CITY,STARTERS_BENCH,MIN,FGM,FGA,FG_PCT,FG3M,FG3A,FG3_PCT,FTM,FTA,FT_PCT,OREB,DREB,REB,AST,STL,BLK,TO,PF,PTS
0022100941,1610612748,Heat,MIA,Miami,Starters,139.000000:16,21,41,0.512,6,20,0.3,10,14,0.714,2,18,20,16,4,2,10,15,58
0022100941,1610612748,Heat,MIA,Miami,Bench,100.000000:44,19,36,0.528,4,10,0.4,13,14,0.929,3,12,15,11,4,4,3,7,55
0022100941,1610612751,Nets,BKN,Brooklyn,Starters,150.000000:47,29,59,0.492,8,21,0.381,11,12,0.917,3,13,16,18,4,2,9,16,77
0022100941,1610612751,Nets,BKN,Brooklyn,Bench,77.000000:04,9,21,0.429,4,8,0.5,5,6,0.833,4,9,13,5,1,2,3,4,27
