GAME_ID,TEAM_ID,TEAM_NAME,TEAM_ABBREVIATION,TEAM_CITY,STARTERS_BENCH,MIN,FGM,FGA,FG_PCT,FG3M,FG3A,FG3_PCT,FTM,FTA,FT_PCT,OREB,DREB,REB,AST,STL,BLK,TO,PF,PTS
0022100736,1610612753,Magic,ORL,Orlando,Starters,149.000000:10,24,56,0.429,3,12,0.25,18,19,0.947,7,25,32,16,4,3,11,14,69
0022100736,1610612753,Magic,ORL,Orlando,Bench,90.000000:50,17,27,0.63,9,13,0.692,7,7,1.0,1,14,15,12,1,4,4,8,50
0022100736,1610612765,Pistons,DET,Detroit,Starters,128.000000:48,17,53,0.321,6,16,0.375,7,9,0.778,12,13,25,9,3,3,7,12,47
0022100736,1610612765,Pistons,DET,Detroit,Bench,111.000000:12,15,34,0.441,4,13,0.308,22,28,0.786,2,14,16,14,7,6,3,12,56
