GAME_ID,TEAM_ID,TEAM_NAME,TEAM_ABBREVIATION,TEAM_CITY,STARTERS_BENCH,MIN,FGM,FGA,FG_PCT,FG3M,FG3A,FG3_PCT,FTM,FTA,FT_PCT,OREB,DREB,REB,AST,STL,BLK,TO,PF,PTS
0022100260,1610612759,Spurs,SAS,San Antonio,Starters,154.000000:26,31,58,0.534,1,8,0.125,3,11,0.273,9,25,34,18,6,4,8,9,66
0022100260,1610612759,Spurs,SAS,San Antonio,Bench,43.000000:55,10,21,0.476,1,5,0.2,1,1,1.0,1,5,6,3,0,0,4,4,22
0022100260,1610612756,Suns,PHX,Phoenix,Starters,158.000000:45,27,54,0.5,6,14,0.429,7,9,0.778,7,21,28,15,6,0,10,13,67
0022100260,1610612756,Suns,PHX,Phoenix,Bench,81.000000:16,18,34,0.529,6,13,0.462,6,7,0.857,4,12,16,10,4,0,5,5,48
