GAME_ID,TEAM_ID,TEAM_NAME,TEAM_ABBREVIATION,TEAM_CITY,STARTERS_BENCH,MIN,FGM,FGA,FG_PCT,FG3M,FG3A,FG3_PCT,FTM,FTA,FT_PCT,OREB,DREB,REB,AST,STL,BLK,TO,PF,PTS
0022100017,1610612739,Cavaliers,CLE,Cleveland,Starters,156.000000:07,32,57,0.561,7,18,0.389,14,16,0.875,4,16,20,17,6,2,15,11,85
0022100017,1610612739,Cavaliers,CLE,Cleveland,Bench,49.000000:51,8,16,0.5,1,7,0.143,1,2,0.5,2,2,4,5,1,0,2,2,18
0022100017,1610612766,Hornets,CHA,Charlotte,Starters,143.000000:16,31,57,0.544,9,21,0.429,7,8,0.875,6,21,27,18,10,1,14,11,78
0022100017,1610612766,Hornets,CHA,Charlotte,Bench,51.000000:43,7,16,0.438,0,4,0.0,4,4,1.0,4,10,14,5,2,0,4,3,18
