GAME_ID,TEAM_ID,TEAM_NAME,TEAM_ABBREVIATION,TEAM_CITY,STARTERS_BENCH,MIN,FGM,FGA,FG_PCT,FG3M,FG3A,FG3_PCT,FTM,FTA,FT_PCT,OREB,DREB,REB,AST,STL,BLK,TO,PF,PTS
0022100268,1610612747,Lakers,LAL,Los Angeles,Starters,157.000000:13,23,60,0.383,6,18,0.333,19,22,0.864,3,27,30,14,3,4,8,12,71
0022100268,1610612747,Lakers,LAL,Los Angeles,Bench,107.000000:47,19,35,0.543,9,19,0.474,6,7,0.857,6,16,22,6,2,0,3,9,53
0022100268,1610612754,Pacers,IND,Indiana,Starters,179.000000:22,28,68,0.412,10,31,0.323,14,16,0.875,10,24,34,16,3,4,6,17,80
0022100268,1610612754,Pacers,IND,Indiana,Bench,76.000000:15,13,32,0.406,3,12,0.25,5,8,0.625,3,13,16,9,0,1,4,6,34
