GAME_ID,TEAM_ID,TEAM_NAME,TEAM_ABBREVIATION,TEAM_CITY,STARTERS_BENCH,MIN,FGM,FGA,FG_PCT,FG3M,FG3A,FG3_PCT,FTM,FTA,FT_PCT,OREB,DREB,REB,AST,STL,BLK,TO,PF,PTS
2022100265,1612709917,Gold,GRG,Grand Rapids,Starters,155.000000:40,27,58,0.466,11,29,0.379,10,13,0.769,5,26,31,16,7,3,14,16,81
2022100265,1612709917,Gold,GRG,Grand Rapids,Bench,69.000000:51,9,18,0.5,0,5,0.0,1,1,1.0,4,9,13,5,1,0,3,7,20
2022100265,1612709928,Go-Go,CCG,Capital City,Starters,159.000000:28,24,57,0.421,6,19,0.316,11,11,1.0,6,27,33,11,3,1,7,12,71
2022100265,1612709928,Go-Go,CCG,Capital City,Bench,65.000000:40,10,25,0.4,3,9,0.333,3,4,0.75,1,4,5,10,4,2,4,4,27
