GAME_ID,TEAM_ID,TEAM_NAME,TEAM_ABBREVIATION,TEAM_CITY,STARTERS_BENCH,MIN,FGM,FGA,FG_PCT,FG3M,FG3A,FG3_PCT,FTM,FTA,FT_PCT,OREB,DREB,REB,AST,STL,BLK,TO,PF,PTS
0022100397,1610612759,Spurs,SAS,San Antonio,Starters,96.000000:58,13,32,0.406,3,10,0.3,7,11,0.636,2,12,14,12,3,2,10,9,36
0022100397,1610612759,Spurs,SAS,San Antonio,Bench,143.000000:02,28,57,0.491,7,17,0.412,13,18,0.722,12,19,31,16,1,2,7,9,76
0022100397,1610612743,Nuggets,DEN,Denver,Starters,138.000000:16,32,54,0.593,9,17,0.529,7,7,1.0,6,26,32,21,6,5,10,10,80
0022100397,1610612743,Nuggets,DEN,Denver,Bench,101.000000:44,15,39,0.385,11,26,0.423,6,7,0.857,4,5,9,12,3,3,1,15,47
