GAME_ID,TEAM_ID,TEAM_NAME,TEAM_ABBREVIATION,TEAM_CITY,STARTERS_BENCH,MIN,FGM,FGA,FG_PCT,FG3M,FG3A,FG3_PCT,FTM,FTA,FT_PCT,OREB,DREB,REB,AST,STL,BLK,TO,PF,PTS
0022100098,1610612741,Bulls,CHI,Chicago,Starters,160.000000:50,36,67,0.537,9,24,0.375,11,12,0.917,6,27,33,22,4,3,8,11,92
0022100098,1610612741,Bulls,CHI,Chicago,Bench,79.000000:10,13,19,0.684,4,7,0.571,6,6,1.0,4,13,17,8,3,5,6,8,36
0022100098,1610612738,Celtics,BOS,Boston,Starters,160.000000:10,34,72,0.472,12,24,0.5,10,14,0.714,7,20,27,10,8,1,7,11,90
0022100098,1610612738,Celtics,BOS,Boston,Bench,79.000000:50,8,24,0.333,3,9,0.333,5,6,0.833,6,5,11,10,2,0,2,4,24
