GAME_ID,TEAM_ID,TEAM_NAME,TEAM_ABBREVIATION,TEAM_CITY,STARTERS_BENCH,MIN,FGM,FGA,FG_PCT,FG3M,FG3A,FG3_PCT,FTM,FTA,FT_PCT,OREB,DREB,REB,AST,STL,BLK,TO,PF,PTS
0042100123,1610612749,Bucks,MIL,Milwaukee,Starters,134.000000:36,26,52,0.5,7,21,0.333,5,7,0.714,6,28,34,17,2,4,8,9,64
0042100123,1610612749,Bucks,MIL,Milwaukee,Bench,105.000000:24,17,39,0.436,8,20,0.4,5,7,0.714,3,18,21,10,6,2,1,6,47
0042100123,1610612741,Bulls,CHI,Chicago,Starters,149.000000:35,21,55,0.382,8,22,0.364,5,8,0.625,1,21,22,14,4,2,6,9,55
0042100123,1610612741,Bulls,CHI,Chicago,Bench,76.000000:15,11,27,0.407,1,11,0.091,1,2,0.5,3,16,19,7,1,0,6,5,24
