GAME_ID,TEAM_ID,TEAM_NAME,TEAM_ABBREVIATION,TEAM_CITY,STARTERS_BENCH,MIN,FGM,FGA,FG_PCT,FG3M,FG3A,FG3_PCT,FTM,FTA,FT_PCT,OREB,DREB,REB,AST,STL,BLK,TO,PF,PTS
0022100650,1610612753,Magic,ORL,Orlando,Starters,120.000000:47,19,39,0.487,5,14,0.357,4,6,0.667,1,13,14,8,3,1,6,11,47
0022100650,1610612753,Magic,ORL,Orlando,Bench,119.000000:13,18,38,0.474,2,12,0.167,7,10,0.7,4,19,23,8,4,2,9,15,45
0022100650,1610612742,Mavericks,DAL,Dallas,Starters,129.000000:13,21,47,0.447,5,16,0.313,19,23,0.826,5,22,27,9,4,3,4,7,66
0022100650,1610612742,Mavericks,DAL,Dallas,Bench,97.000000:20,10,30,0.333,7,18,0.389,9,11,0.818,5,10,15,6,2,0,5,8,36
