GAME_ID,TEAM_ID,TEAM_NAME,TEAM_ABBREVIATION,TEAM_CITY,STARTERS_BENCH,MIN,FGM,FGA,FG_PCT,FG3M,FG3A,FG3_PCT,FTM,FTA,FT_PCT,OREB,DREB,REB,AST,STL,BLK,TO,PF,PTS
0022101020,1610612746,Clippers,LAC,LA,Starters,194.000000:19,31,76,0.408,9,30,0.3,10,13,0.769,9,24,33,20,4,6,7,18,81
0022101020,1610612746,Clippers,LAC,LA,Bench,70.000000:41,12,22,0.545,3,6,0.5,3,4,0.75,3,7,10,9,1,2,3,6,30
0022101020,1610612739,Cavaliers,CLE,Cleveland,Starters,183.000000:50,32,63,0.508,11,20,0.55,21,27,0.778,5,21,26,21,5,3,7,13,96
0022101020,1610612739,Cavaliers,CLE,Cleveland,Bench,81.000000:10,9,23,0.391,4,10,0.4,2,5,0.4,7,16,23,7,2,1,4,6,24
