GAME_ID,TEAM_ID,TEAM_NAME,TEAM_ABBREVIATION,TEAM_CITY,STARTERS_BENCH,MIN,FGM,FGA,FG_PCT,FG3M,FG3A,FG3_PCT,FTM,FTA,FT_PCT,OREB,DREB,REB,AST,STL,BLK,TO,PF,PTS
0022100077,1610612747,Lakers,LAL,Los Angeles,Starters,146.000000:01,29,59,0.492,3,15,0.2,7,8,0.875,8,19,27,19,9,5,13,9,68
0022100077,1610612747,Lakers,LAL,Los Angeles,Bench,88.000000:35,17,25,0.68,9,12,0.75,2,2,1.0,3,12,15,5,0,1,5,9,45
0022100077,1610612739,Cavaliers,CLE,Cleveland,Starters,163.000000:20,27,56,0.482,7,21,0.333,12,19,0.632,9,13,22,21,6,1,11,7,73
0022100077,1610612739,Cavaliers,CLE,Cleveland,Bench,60.000000:40,8,24,0.333,5,10,0.5,3,3,1.0,7,4,11,5,4,0,3,5,24
