GAME_ID,TEAM_ID,TEAM_NAME,TEAM_ABBREVIATION,TEAM_CITY,STARTERS_BENCH,MIN,FGM,FGA,FG_PCT,FG3M,FG3A,FG3_PCT,FTM,FTA,FT_PCT,OREB,DREB,REB,AST,STL,BLK,TO,PF,PTS
2052100019,1612709915,Celtics,MNE,Maine,Starters,173.000000:53,29,60,0.483,13,27,0.481,11,14,0.786,9,34,43,19,8,2,10,11,86
2052100019,1612709915,Celtics,MNE,Maine,Bench,66.000000:07,11,28,0.393,3,13,0.231,1,4,0.25,0,7,7,5,0,4,1,6,27
2052100019,1612709929,Skyhawks,CPS,College Park,Starters,147.000000:54,24,61,0.393,8,20,0.4,5,5,1.0,5,24,29,12,5,3,13,12,62
2052100019,1612709929,Skyhawks,CPS,College Park,Bench,92.000000:06,13,30,0.433,6,15,0.4,3,3,1.0,4,15,19,7,1,0,4,12,36
