GAME_ID,TEAM_ID,TEAM_NAME,TEAM_ABBREVIATION,TEAM_CITY,STARTERS_BENCH,MIN,FGM,FGA,FG_PCT,FG3M,FG3A,FG3_PCT,FTM,FTA,FT_PCT,OREB,DREB,REB,AST,STL,BLK,TO,PF,PTS
0022100057,1610612748,Heat,MIA,Miami,Starters,165.000000:00,24,60,0.4,6,17,0.353,17,20,0.85,9,32,41,19,4,2,9,14,71
0022100057,1610612748,Heat,MIA,Miami,Bench,74.000000:60,14,36,0.389,2,12,0.167,5,6,0.833,8,13,21,2,2,0,5,5,35
0022100057,1610612751,Nets,BKN,Brooklyn,Starters,159.000000:36,25,59,0.424,13,30,0.433,9,10,0.9,1,29,30,12,6,4,11,15,72
0022100057,1610612751,Nets,BKN,Brooklyn,Bench,68.000000:42,5,21,0.238,1,12,0.083,4,4,1.0,2,7,9,9,1,2,3,7,15
