GAME_ID,TEAM_ID,TEAM_NAME,TEAM_ABBREVIATION,TEAM_CITY,STARTERS_BENCH,MIN,FGM,FGA,FG_PCT,FG3M,FG3A,FG3_PCT,FTM,FTA,FT_PCT,OREB,DREB,REB,AST,STL,BLK,TO,PF,PTS
2012100006,1612709904,Skyforce,SXF,Sioux Falls,Starters,120.000000:55,22,47,0.468,5,17,0.294,5,5,1.0,5,11,16,12,8,1,8,9,61
2012100006,1612709904,Skyforce,SXF,Sioux Falls,Bench,99.000000:54,15,35,0.429,6,16,0.375,2,3,0.667,5,12,17,5,5,1,4,13,38
2012100006,1612709930,Ignite,GLI,G League,Starters,124.000000:15,14,31,0.452,0,4,0.0,9,11,0.818,3,18,21,7,5,5,14,8,45
2012100006,1612709930,Ignite,GLI,G League,Bench,115.000000:45,15,29,0.517,8,17,0.471,4,7,0.571,4,20,24,16,3,0,13,9,45
