GAME_ID,TEAM_ID,TEAM_NAME,TEAM_ABBREVIATION,TEAM_CITY,STARTERS_BENCH,MIN,FGM,FGA,FG_PCT,FG3M,FG3A,FG3_PCT,FTM,FTA,FT_PCT,OREB,DREB,REB,AST,STL,BLK,TO,PF,PTS
2022100355,1612709918,Legends,TEX,Texas,Starters,160.000000:40,28,53,0.528,9,22,0.409,8,10,0.8,5,20,25,21,5,1,11,9,82
2022100355,1612709918,Legends,TEX,Texas,Bench,14.000000:00,0,3,0.0,0,1,0.0,0,0,0.0,1,2,3,7,0,0,3,0,0
2022100355,1612709913,Squadron,BIR,Birmingham,Starters,155.000000:46,32,58,0.552,5,14,0.357,8,10,0.8,11,21,32,21,7,2,11,12,83
2022100355,1612709913,Squadron,BIR,Birmingham,Bench,84.000000:14,14,30,0.467,9,21,0.429,2,2,1.0,5,6,11,9,2,1,0,6,40
