GAME_ID,TEAM_ID,TEAM_NAME,TEAM_ABBREVIATION,TEAM_CITY,STARTERS_BENCH,MIN,FGM,FGA,FG_PCT,FG3M,FG3A,FG3_PCT,FTM,FTA,FT_PCT,OREB,DREB,REB,AST,STL,BLK,TO,PF,PTS
0022100666,1610612752,Knicks,NYK,New York,Starters,163.000000:28,32,66,0.485,11,29,0.379,17,24,0.708,6,21,27,19,4,5,13,19,92
0022100666,1610612752,Knicks,NYK,New York,Bench,76.000000:32,5,14,0.357,1,9,0.111,7,9,0.778,5,12,17,2,2,2,5,11,18
0022100666,1610612750,Timberwolves,MIN,Minnesota,Starters,164.000000:45,22,50,0.44,9,25,0.36,16,22,0.727,5,17,22,16,7,2,10,20,69
0022100666,1610612750,Timberwolves,MIN,Minnesota,Bench,58.000000:05,9,23,0.391,2,12,0.167,13,16,0.813,3,10,13,5,3,4,2,5,33
