GAME_ID,TEAM_ID,TEAM_NAME,TEAM_ABBREVIATION,TEAM_CITY,STARTERS_BENCH,MIN,FGM,FGA,FG_PCT,FG3M,FG3A,FG3_PCT,FTM,FTA,FT_PCT,OREB,DREB,REB,AST,STL,BLK,TO,PF,PTS
0022100074,1610612758,Kings,SAC,Sacramento,Starters,160.000000:49,28,52,0.538,4,13,0.308,19,20,0.95,3,29,32,17,0,3,8,11,79
0022100074,1610612758,Kings,SAC,Sacramento,Bench,62.000000:60,10,23,0.435,5,14,0.357,5,5,1.0,0,9,9,2,4,0,3,6,30
0022100074,1610612740,Pelicans,NOP,New Orleans,Starters,154.000000:17,33,76,0.434,8,26,0.308,11,17,0.647,6,21,27,11,7,4,8,16,85
0022100074,1610612740,Pelicans,NOP,New Orleans,Bench,48.000000:55,7,16,0.438,0,4,0.0,5,8,0.625,7,8,15,5,2,2,1,2,19
