GAME_ID,TEAM_ID,TEAM_NAME,TEAM_ABBREVIATION,TEAM_CITY,STARTERS_BENCH,MIN,FGM,FGA,FG_PCT,FG3M,FG3A,FG3_PCT,FTM,FTA,FT_PCT,OREB,DREB,REB,AST,STL,BLK,TO,PF,PTS
0022100066,1610612764,Wizards,WAS,Washington,Starters,165.000000:51,39,75,0.52,9,21,0.429,14,18,0.778,10,27,37,19,5,3,3,9,101
0022100066,1610612764,Wizards,WAS,Washington,Bench,9.000000:05,0,2,0.0,0,1,0.0,0,0,0.0,2,1,3,1,0,1,0,1,0
0022100066,1610612737,Hawks,ATL,Atlanta,Starters,160.000000:46,35,60,0.583,4,12,0.333,4,6,0.667,3,26,29,22,3,2,7,14,78
0022100066,1610612737,Hawks,ATL,Atlanta,Bench,79.000000:14,13,28,0.464,2,9,0.222,5,8,0.625,3,11,14,4,1,1,6,2,33
