GAME_ID,TEAM_ID,TEAM_NAME,TEAM_ABBREVIATION,TEAM_CITY,STARTERS_BENCH,MIN,FGM,FGA,FG_PCT,FG3M,FG3A,FG3_PCT,FTM,FTA,FT_PCT,OREB,DREB,REB,AST,STL,BLK,TO,PF,PTS
0022100916,1610612746,Clippers,LAC,LA,Starters,152.000000:14,22,48,0.458,6,16,0.375,17,22,0.773,4,36,40,13,4,8,13,15,67
0022100916,1610612746,Clippers,LAC,LA,Bench,83.000000:23,12,27,0.444,5,17,0.294,3,6,0.5,5,13,18,5,0,4,5,7,32
0022100916,1610612745,Rockets,HOU,Houston,Starters,169.000000:41,22,65,0.338,9,28,0.321,3,6,0.5,5,23,28,20,6,0,3,16,56
0022100916,1610612745,Rockets,HOU,Houston,Bench,70.000000:19,13,27,0.481,8,14,0.571,8,12,0.667,1,8,9,6,2,0,3,5,42
