GAME_ID,TEAM_ID,TEAM_NAME,TEAM_ABBREVIATION,TEAM_CITY,STARTERS_BENCH,MIN,FGM,FGA,FG_PCT,FG3M,FG3A,FG3_PCT,FTM,FTA,FT_PCT,OREB,DREB,REB,AST,STL,BLK,TO,PF,PTS
2052100148,1612709911,Wolves,IWA,Iowa,Starters,155.000000:13,20,52,0.385,4,17,0.235,12,15,0.8,9,21,30,10,3,0,10,13,64
2052100148,1612709911,Wolves,IWA,Iowa,Bench,62.000000:47,13,22,0.591,4,7,0.571,2,4,0.5,1,13,14,9,1,1,3,6,33
2052100148,1612709910,Mad Ants,FWN,Fort Wayne,Starters,146.000000:34,20,59,0.339,5,26,0.192,4,6,0.667,10,21,31,16,2,3,7,20,53
2052100148,1612709910,Mad Ants,FWN,Fort Wayne,Bench,74.000000:53,18,38,0.474,8,18,0.444,4,4,1.0,9,11,20,7,2,1,4,7,50
