GAME_ID,TEAM_ID,TEAM_NAME,TEAM_ABBREVIATION,TEAM_CITY,STARTERS_BENCH,MIN,FGM,FGA,FG_PCT,FG3M,FG3A,FG3_PCT,FTM,FTA,FT_PCT,OREB,DREB,REB,AST,STL,BLK,TO,PF,PTS
0042100113,1610612738,Celtics,BOS,Boston,Starters,165.000000:44,33,68,0.485,9,31,0.29,13,14,0.929,9,12,21,22,10,2,12,13,88
0042100113,1610612738,Celtics,BOS,Boston,Bench,74.000000:16,9,16,0.563,3,8,0.375,0,0,0.0,4,9,13,4,3,1,2,6,21
0042100113,1610612751,Nets,BKN,Brooklyn,Starters,179.000000:11,27,58,0.466,6,21,0.286,10,12,0.833,7,16,23,23,7,2,14,20,70
0042100113,1610612751,Nets,BKN,Brooklyn,Bench,39.000000:57,6,10,0.6,6,8,0.75,2,2,1.0,2,1,3,1,0,2,3,2,20
