GAME_ID,TEAM_ID,TEAM_NAME,TEAM_ABBREVIATION,TEAM_CITY,STARTERS_BENCH,MIN,FGM,FGA,FG_PCT,FG3M,FG3A,FG3_PCT,FTM,FTA,FT_PCT,OREB,DREB,REB,AST,STL,BLK,TO,PF,PTS
0022100192,1610612759,Spurs,SAS,San Antonio,Starters,156.000000:52,25,58,0.431,12,26,0.462,4,6,0.667,6,20,26,23,5,1,10,10,66
0022100192,1610612759,Spurs,SAS,San Antonio,Bench,56.000000:50,7,18,0.389,4,10,0.4,5,6,0.833,1,7,8,3,3,1,4,4,23
0022100192,1610612747,Lakers,LAL,Los Angeles,Starters,153.000000:39,31,59,0.525,8,18,0.444,10,13,0.769,6,31,37,15,5,3,11,11,80
0022100192,1610612747,Lakers,LAL,Los Angeles,Bench,66.000000:08,12,22,0.545,7,11,0.636,3,4,0.75,3,5,8,6,1,1,2,4,34
