GAME_ID,TEAM_ID,TEAM_NAME,TEAM_ABBREVIATION,TEAM_CITY,STARTERS_BENCH,MIN,FGM,FGA,FG_PCT,FG3M,FG3A,FG3_PCT,FTM,FTA,FT_PCT,OREB,DREB,REB,AST,STL,BLK,TO,PF,PTS
0022100525,1610612755,76ers,PHI,Philadelphia,Starters,175.000000:51,34,73,0.466,10,22,0.455,13,17,0.765,8,19,27,18,8,3,4,11,91
0022100525,1610612755,76ers,PHI,Philadelphia,Bench,64.000000:09,8,27,0.296,3,10,0.3,0,3,0.0,6,10,16,4,2,1,3,9,19
0022100525,1610612751,Nets,BKN,Brooklyn,Starters,172.000000:27,33,73,0.452,6,24,0.25,21,27,0.778,11,29,40,17,3,6,14,15,93
0022100525,1610612751,Nets,BKN,Brooklyn,Bench,41.000000:38,3,5,0.6,0,1,0.0,0,0,0.0,0,8,8,1,0,2,3,3,6
