GAME_ID,TEAM_ID,TEAM_NAME,TEAM_ABBREVIATION,TEAM_CITY,STARTERS_BENCH,MIN,FGM,FGA,FG_PCT,FG3M,FG3A,FG3_PCT,FTM,FTA,FT_PCT,OREB,DREB,REB,AST,STL,BLK,TO,PF,PTS
2022100328,1612709920,905,RAP,Raptors,Starters,129.000000:43,29,64,0.453,9,24,0.375,8,8,1.0,10,25,35,13,3,2,6,11,82
2022100328,1612709920,905,RAP,Raptors,Bench,110.000000:17,18,40,0.45,4,12,0.333,3,3,1.0,12,21,33,20,4,3,9,9,46
2022100328,1612709929,Skyhawks,CPS,College Park,Starters,140.000000:31,23,53,0.434,6,12,0.5,6,11,0.545,4,17,21,19,5,1,6,12,60
2022100328,1612709929,Skyhawks,CPS,College Park,Bench,99.000000:29,16,43,0.372,10,20,0.5,1,1,1.0,5,14,19,7,5,4,3,4,44
