GAME_ID,TEAM_ID,TEAM_NAME,TEAM_ABBREVIATION,TEAM_CITY,STARTERS_BENCH,MIN,FGM,FGA,FG_PCT,FG3M,FG3A,FG3_PCT,FTM,FTA,FT_PCT,OREB,DREB,REB,AST,STL,BLK,TO,PF,PTS
0022100316,1610612756,Suns,PHX,Phoenix,Starters,158.000000:46,28,56,0.5,5,14,0.357,4,8,0.5,7,20,27,18,11,3,6,8,65
0022100316,1610612756,Suns,PHX,Phoenix,Bench,65.000000:42,13,26,0.5,5,14,0.357,2,3,0.667,1,6,7,6,1,1,4,3,33
0022100316,1610612744,Warriors,GSW,Golden State,Starters,154.000000:03,23,62,0.371,9,27,0.333,8,11,0.727,9,19,28,13,4,5,14,8,63
0022100316,1610612744,Warriors,GSW,Golden State,Bench,85.000000:48,13,24,0.542,5,13,0.385,2,3,0.667,6,17,23,12,3,0,8,5,33
