GAME_ID,TEAM_ID,TEAM_NAME,TEAM_ABBREVIATION,TEAM_CITY,STARTERS_BENCH,MIN,FGM,FGA,FG_PCT,FG3M,FG3A,FG3_PCT,FTM,FTA,FT_PCT,OREB,DREB,REB,AST,STL,BLK,TO,PF,PTS
2052100097,1612709904,Skyforce,SXF,Sioux Falls,Starters,168.000000:07,31,80,0.388,6,26,0.231,4,6,0.667,10,19,29,15,6,3,5,14,73
2052100097,1612709904,Skyforce,SXF,Sioux Falls,Bench,81.000000:26,14,27,0.519,8,16,0.5,1,3,0.333,5,12,17,11,1,1,2,7,37
2052100097,1612709893,Charge,CLC,Cleveland,Starters,164.000000:15,23,60,0.383,9,28,0.321,14,16,0.875,9,31,40,16,4,5,6,8,76
2052100097,1612709893,Charge,CLC,Cleveland,Bench,77.000000:35,13,32,0.406,3,12,0.25,1,2,0.5,3,9,12,4,1,2,7,3,31
