GAME_ID,TEAM_ID,TEAM_NAME,TEAM_ABBREVIATION,TEAM_CITY,STARTERS_BENCH,MIN,FGM,FGA,FG_PCT,FG3M,FG3A,FG3_PCT,FTM,FTA,FT_PCT,OREB,DREB,REB,AST,STL,BLK,TO,PF,PTS
2022100183,1612709921,Nets,LIN,Long Island,Starters,139.000000:60,25,47,0.532,13,29,0.448,9,12,0.75,5,21,26,13,3,0,9,12,74
2022100183,1612709921,Nets,LIN,Long Island,Bench,89.000000:55,19,38,0.5,6,14,0.429,4,4,1.0,2,11,13,9,4,0,1,6,48
2022100183,1612709925,Magic,LAK,Lakeland,Starters,154.000000:23,28,61,0.459,14,29,0.483,4,9,0.444,4,17,21,27,6,1,8,14,76
2022100183,1612709925,Magic,LAK,Lakeland,Bench,61.000000:12,16,22,0.727,6,11,0.545,1,2,0.5,1,11,12,1,1,2,2,3,39
