GAME_ID,TEAM_ID,TEAM_NAME,TEAM_ABBREVIATION,TEAM_CITY,STARTERS_BENCH,MIN,FGM,FGA,FG_PCT,FG3M,FG3A,FG3_PCT,FTM,FTA,FT_PCT,OREB,DREB,REB,AST,STL,BLK,TO,PF,PTS
0022100802,1610612755,76ers,PHI,Philadelphia,Starters,174.000000:09,38,67,0.567,9,17,0.529,14,17,0.824,3,22,25,19,5,3,7,10,99
0022100802,1610612755,76ers,PHI,Philadelphia,Bench,65.000000:42,7,17,0.412,3,7,0.429,3,4,0.75,1,12,13,10,0,2,2,6,20
0022100802,1610612741,Bulls,CHI,Chicago,Starters,167.000000:58,36,67,0.537,5,16,0.313,21,24,0.875,5,20,25,20,3,2,8,15,98
0022100802,1610612741,Bulls,CHI,Chicago,Bench,68.000000:39,3,13,0.231,2,9,0.222,2,2,1.0,1,11,12,1,0,2,0,3,10
