GAME_ID,TEAM_ID,TEAM_NAME,TEAM_ABBREVIATION,TEAM_CITY,STARTERS_BENCH,MIN,FGM,FGA,FG_PCT,FG3M,FG3A,FG3_PCT,FTM,FTA,FT_PCT,OREB,DREB,REB,AST,STL,BLK,TO,PF,PTS
0022101068,1610612743,Nuggets,DEN,Denver,Starters,127.000000:26,19,50,0.38,6,16,0.375,13,16,0.813,8,14,22,10,2,1,5,6,57
0022101068,1610612743,Nuggets,DEN,Denver,Bench,112.000000:34,16,37,0.432,8,23,0.348,7,9,0.778,5,14,19,12,2,2,5,9,47
0022101068,1610612738,Celtics,BOS,Boston,Starters,145.000000:52,32,54,0.593,12,25,0.48,5,5,1.0,2,25,27,21,3,3,7,11,81
0022101068,1610612738,Celtics,BOS,Boston,Bench,94.000000:08,15,28,0.536,7,15,0.467,6,6,1.0,3,8,11,8,1,3,1,7,43
