GAME_ID,TEAM_ID,TEAM_NAME,TEAM_ABBREVIATION,TEAM_CITY,STARTERS_BENCH,MIN,FGM,FGA,FG_PCT,FG3M,FG3A,FG3_PCT,FTM,FTA,FT_PCT,OREB,DREB,REB,AST,STL,BLK,TO,PF,PTS
0022100921,1610612753,Magic,ORL,Orlando,Starters,141.000000:30,28,58,0.483,6,19,0.316,14,19,0.737,7,23,30,17,5,1,7,17,76
0022100921,1610612753,Magic,ORL,Orlando,Bench,98.000000:30,17,38,0.447,6,18,0.333,3,3,1.0,3,6,9,12,5,1,3,2,43
0022100921,1610612754,Pacers,IND,Indiana,Starters,141.000000:43,21,43,0.488,10,24,0.417,15,19,0.789,2,23,25,15,2,3,12,9,67
0022100921,1610612754,Pacers,IND,Indiana,Bench,77.000000:19,10,24,0.417,3,9,0.333,2,4,0.5,2,9,11,5,2,1,8,6,25
