GAME_ID,TEAM_ID,TEAM_NAME,TEAM_ABBREVIATION,TEAM_CITY,STARTERS_BENCH,MIN,FGM,FGA,FG_PCT,FG3M,FG3A,FG3_PCT,FTM,FTA,FT_PCT,OREB,DREB,REB,AST,STL,BLK,TO,PF,PTS
2072100012,1612709902,Warriors,SCW,Santa Cruz,Starters,126.000000:16,29,57,0.509,8,20,0.4,7,11,0.636,5,27,32,15,3,4,12,10,75
2072100012,1612709902,Warriors,SCW,Santa Cruz,Bench,108.000000:33,14,28,0.5,1,9,0.111,2,3,0.667,5,18,23,12,4,2,7,7,33
2072100012,1612709930,Ignite,GLI,G League,Starters,171.000000:29,27,69,0.391,9,23,0.391,5,6,0.833,9,24,33,15,8,5,5,13,71
2072100012,1612709930,Ignite,GLI,G League,Bench,78.000000:31,13,30,0.433,3,11,0.273,3,4,0.75,2,12,14,8,4,0,4,6,36
