GAME_ID,TEAM_ID,TEAM_NAME,TEAM_ABBREVIATION,TEAM_CITY,STARTERS_BENCH,MIN,FGM,FGA,FG_PCT,FG3M,FG3A,FG3_PCT,FTM,FTA,FT_PCT,OREB,DREB,REB,AST,STL,BLK,TO,PF,PTS
0042100307,1610612748,Heat,MIA,Miami,Starters,185.000000:18,32,70,0.457,4,19,0.211,15,23,0.652,7,32,39,11,4,4,7,14,83
0042100307,1610612748,Heat,MIA,Miami,Bench,54.000000:42,5,18,0.278,2,11,0.182,1,1,1.0,0,5,5,5,0,1,1,4,13
0042100307,1610612738,Celtics,BOS,Boston,Starters,188.000000:41,27,69,0.391,9,28,0.321,18,21,0.857,6,36,42,21,4,4,8,19,81
0042100307,1610612738,Celtics,BOS,Boston,Bench,51.000000:19,8,16,0.5,2,4,0.5,1,3,0.333,4,5,9,1,0,2,5,7,19
