GAME_ID,TEAM_ID,TEAM_NAME,TEAM_ABBREVIATION,TEAM_CITY,STARTERS_BENCH,MIN,FGM,FGA,FG_PCT,FG3M,FG3A,FG3_PCT,FTM,FTA,FT_PCT,OREB,DREB,REB,AST,STL,BLK,TO,PF,PTS
0022100343,1610612741,Bulls,CHI,Chicago,Starters,158.000000:21,32,71,0.451,8,25,0.32,13,17,0.765,3,27,30,18,4,4,5,6,85
0022100343,1610612741,Bulls,CHI,Chicago,Bench,81.000000:39,9,15,0.6,2,6,0.333,6,10,0.6,4,13,17,4,0,6,4,6,26
0022100343,1610612751,Nets,BKN,Brooklyn,Starters,167.000000:40,35,80,0.438,7,21,0.333,5,6,0.833,5,27,32,21,5,5,4,10,82
0022100343,1610612751,Nets,BKN,Brooklyn,Bench,72.000000:20,11,31,0.355,1,4,0.25,2,3,0.667,10,13,23,7,3,1,1,9,25
