GAME_ID,TEAM_ID,TEAM_NAME,TEAM_ABBREVIATION,TEAM_CITY,STARTERS_BENCH,MIN,FGM,FGA,FG_PCT,FG3M,FG3A,FG3_PCT,FTM,FTA,FT_PCT,OREB,DREB,REB,AST,STL,BLK,TO,PF,PTS
2022100227,1612709911,Wolves,IWA,Iowa,Starters,144.000000:36,23,50,0.46,5,18,0.278,10,11,0.909,8,26,34,14,2,4,13,10,65
2022100227,1612709911,Wolves,IWA,Iowa,Bench,95.000000:24,23,41,0.561,3,10,0.3,4,5,0.8,7,15,22,6,2,1,8,9,56
2022100227,1612709890,Spurs,AUS,Austin,Starters,157.000000:25,31,76,0.408,8,26,0.308,6,7,0.857,5,15,20,21,8,8,7,15,80
2022100227,1612709890,Spurs,AUS,Austin,Bench,58.000000:30,9,17,0.529,2,3,0.667,2,4,0.5,3,4,7,9,1,2,2,3,24
