GAME_ID,TEAM_ID,TEAM_NAME,TEAM_ABBREVIATION,TEAM_CITY,STARTERS_BENCH,MIN,FGM,FGA,FG_PCT,FG3M,FG3A,FG3_PCT,FTM,FTA,FT_PCT,OREB,DREB,REB,AST,STL,BLK,TO,PF,PTS
2022100304,1612709920,905,RAP,Raptors,Starters,172.000000:39,37,61,0.607,13,27,0.481,10,13,0.769,5,19,24,26,7,1,6,14,103
2022100304,1612709920,905,RAP,Raptors,Bench,67.000000:22,8,17,0.471,5,7,0.714,3,5,0.6,1,9,10,6,3,1,6,10,27
2022100304,1612709922,Swarm,GBO,Greensboro,Starters,150.000000:32,22,47,0.468,7,15,0.467,9,11,0.818,4,21,25,9,5,4,13,14,68
2022100304,1612709922,Swarm,GBO,Greensboro,Bench,43.000000:03,5,8,0.625,2,4,0.5,4,5,0.8,1,0,1,2,0,2,0,4,19
