GAME_ID,TEAM_ID,TEAM_NAME,TEAM_ABBREVIATION,TEAM_CITY,STARTERS_BENCH,MIN,FGM,FGA,FG_PCT,FG3M,FG3A,FG3_PCT,FTM,FTA,FT_PCT,OREB,DREB,REB,AST,STL,BLK,TO,PF,PTS
0022101061,1610612764,Wizards,WAS,Washington,Starters,134.000000:17,25,50,0.5,8,19,0.421,15,19,0.789,3,15,18,14,5,0,6,8,73
0022101061,1610612764,Wizards,WAS,Washington,Bench,105.000000:43,19,35,0.543,5,12,0.417,11,12,0.917,4,14,18,16,5,1,1,5,54
0022101061,1610612747,Lakers,LAL,Los Angeles,Starters,152.000000:50,40,68,0.588,10,24,0.417,8,9,0.889,5,23,28,22,3,1,9,13,98
0022101061,1610612747,Lakers,LAL,Los Angeles,Bench,70.000000:28,8,18,0.444,3,9,0.333,2,2,1.0,4,6,10,0,0,0,1,8,21
