GAME_ID,TEAM_ID,TEAM_NAME,TEAM_ABBREVIATION,TEAM_CITY,STARTERS_BENCH,MIN,FGM,FGA,FG_PCT,FG3M,FG3A,FG3_PCT,FTM,FTA,FT_PCT,OREB,DREB,REB,AST,STL,BLK,TO,PF,PTS
0022100123,1610612760,Thunder,OKC,Oklahoma City,Starters,158.000000:11,26,57,0.456,9,23,0.391,13,16,0.813,10,21,31,18,5,2,13,8,74
0022100123,1610612760,Thunder,OKC,Oklahoma City,Bench,71.000000:51,11,30,0.367,6,18,0.333,5,10,0.5,2,17,19,5,2,0,2,7,33
0022100123,1610612747,Lakers,LAL,Los Angeles,Starters,141.000000:04,25,56,0.446,4,11,0.364,14,17,0.824,11,21,32,13,2,3,9,12,68
0022100123,1610612747,Lakers,LAL,Los Angeles,Bench,83.000000:54,14,34,0.412,8,21,0.381,0,0,0.0,4,11,15,5,5,2,1,7,36
