GAME_ID,TEAM_ID,TEAM_NAME,TEAM_ABBREVIATION,TEAM_CITY,STARTERS_BENCH,MIN,FGM,FGA,FG_PCT,FG3M,FG3A,FG3_PCT,FTM,FTA,FT_PCT,OREB,DREB,REB,AST,STL,BLK,TO,PF,PTS
0022101019,1610612756,Suns,PHX,Phoenix,Starters,140.000000:18,39,72,0.542,9,24,0.375,4,4,1.0,10,23,33,27,8,2,3,8,91
0022101019,1610612756,Suns,PHX,Phoenix,Bench,99.000000:43,19,30,0.633,3,9,0.333,8,10,0.8,4,14,18,9,4,3,6,16,49
0022101019,1610612747,Lakers,LAL,Los Angeles,Starters,122.000000:07,22,46,0.478,8,20,0.4,17,20,0.85,3,17,20,13,2,1,12,4,69
0022101019,1610612747,Lakers,LAL,Los Angeles,Bench,105.000000:45,13,32,0.406,8,20,0.4,3,6,0.5,2,12,14,9,2,1,6,9,37
