GAME_ID,TEAM_ID,TEAM_NAME,TEAM_ABBREVIATION,TEAM_CITY,STARTERS_BENCH,MIN,FGM,FGA,FG_PCT,FG3M,FG3A,FG3_PCT,FTM,FTA,FT_PCT,OREB,DREB,REB,AST,STL,BLK,TO,PF,PTS
0022100021,1610612755,76ers,PHI,Philadelphia,Starters,160.000000:45,34,70,0.486,12,24,0.5,6,8,0.75,2,20,22,10,5,6,4,14,86
0022100021,1610612755,76ers,PHI,Philadelphia,Bench,79.000000:15,9,21,0.429,2,12,0.167,3,3,1.0,3,10,13,7,3,3,4,7,23
0022100021,1610612751,Nets,BKN,Brooklyn,Starters,144.000000:13,23,61,0.377,7,28,0.25,17,21,0.81,6,27,33,22,5,3,12,5,70
0022100021,1610612751,Nets,BKN,Brooklyn,Bench,95.000000:47,18,27,0.667,5,10,0.5,3,3,1.0,5,9,14,4,1,3,0,11,44
