GAME_ID,TEAM_ID,TEAM_NAME,TEAM_ABBREVIATION,TEAM_CITY,STARTERS_BENCH,MIN,FGM,FGA,FG_PCT,FG3M,FG3A,FG3_PCT,FTM,FTA,FT_PCT,OREB,DREB,REB,AST,STL,BLK,TO,PF,PTS
0022100384,1610612751,Nets,BKN,Brooklyn,Starters,145.000000:11,32,62,0.516,2,15,0.133,13,14,0.929,0,15,15,20,5,7,13,11,79
0022100384,1610612751,Nets,BKN,Brooklyn,Bench,74.000000:24,8,22,0.364,3,6,0.5,0,0,0.0,5,16,21,5,3,0,0,7,19
0022100384,1610612737,Hawks,ATL,Atlanta,Starters,173.000000:16,30,69,0.435,8,23,0.348,16,20,0.8,15,21,36,18,9,2,12,13,84
0022100384,1610612737,Hawks,ATL,Atlanta,Bench,66.000000:44,7,25,0.28,3,11,0.273,4,4,1.0,1,12,13,3,1,1,2,6,21
