GAME_ID,TEAM_ID,TEAM_NAME,TEAM_ABBREVIATION,TEAM_CITY,STARTERS_BENCH,MIN,FGM,FGA,FG_PCT,FG3M,FG3A,FG3_PCT,FTM,FTA,FT_PCT,OREB,DREB,REB,AST,STL,BLK,TO,PF,PTS
0042100165,1610612744,Warriors,GSW,Golden State,Starters,162.000000:50,26,64,0.406,9,24,0.375,15,19,0.789,2,20,22,20,8,5,9,14,76
0042100165,1610612744,Warriors,GSW,Golden State,Bench,55.000000:35,9,16,0.563,4,7,0.571,0,0,0.0,2,6,8,5,2,1,0,4,22
0042100165,1610612743,Nuggets,DEN,Denver,Starters,177.000000:04,28,59,0.475,4,19,0.211,15,23,0.652,12,30,42,19,4,5,12,15,75
0042100165,1610612743,Nuggets,DEN,Denver,Bench,58.000000:23,8,21,0.381,2,9,0.222,5,6,0.833,2,6,8,7,1,0,2,5,23
