GAME_ID,TEAM_ID,TEAM_NAME,TEAM_ABBREVIATION,TEAM_CITY,STARTERS_BENCH,MIN,FGM,FGA,FG_PCT,FG3M,FG3A,FG3_PCT,FTM,FTA,FT_PCT,OREB,DREB,REB,AST,STL,BLK,TO,PF,PTS
0022100058,1610612761,Raptors,TOR,Toronto,Starters,169.000000:17,35,79,0.443,11,24,0.458,10,15,0.667,11,19,30,18,12,4,6,13,91
0022100058,1610612761,Raptors,TOR,Toronto,Bench,70.000000:43,11,21,0.524,3,6,0.5,2,4,0.5,5,6,11,4,6,2,4,7,27
0022100058,1610612754,Pacers,IND,Indiana,Starters,138.000000:26,20,47,0.426,5,18,0.278,9,11,0.818,6,19,25,10,4,5,10,7,54
0022100058,1610612754,Pacers,IND,Indiana,Bench,60.000000:01,11,19,0.579,5,8,0.625,5,6,0.833,3,8,11,6,2,2,5,8,32
