GAME_ID,TEAM_ID,TEAM_NAME,TEAM_ABBREVIATION,TEAM_CITY,STARTERS_BENCH,MIN,FGM,FGA,FG_PCT,FG3M,FG3A,FG3_PCT,FTM,FTA,FT_PCT,OREB,DREB,REB,AST,STL,BLK,TO,PF,PTS
0022100717,1610612758,Kings,SAC,Sacramento,Starters,110.000000:44,12,39,0.308,1,14,0.071,8,10,0.8,6,20,26,10,2,2,3,3,33
0022100717,1610612758,Kings,SAC,Sacramento,Bench,129.000000:16,17,56,0.304,5,19,0.263,3,5,0.6,9,10,19,5,5,6,7,11,42
0022100717,1610612738,Celtics,BOS,Boston,Starters,128.000000:43,32,62,0.516,13,29,0.448,5,6,0.833,12,30,42,22,4,4,5,5,82
0022100717,1610612738,Celtics,BOS,Boston,Bench,111.000000:17,19,41,0.463,7,16,0.438,1,1,1.0,5,20,25,10,2,2,6,7,46
