GAME_ID,TEAM_ID,TEAM_NAME,TEAM_ABBREVIATION,TEAM_CITY,STARTERS_BENCH,MIN,FGM,FGA,FG_PCT,FG3M,FG3A,FG3_PCT,FTM,FTA,FT_PCT,OREB,DREB,REB,AST,STL,BLK,TO,PF,PTS
0022100992,1610612764,Wizards,WAS,Washington,Starters,140.000000:37,26,54,0.481,9,22,0.409,12,13,0.923,2,15,17,15,4,1,8,8,73
0022100992,1610612764,Wizards,WAS,Washington,Bench,58.000000:22,8,17,0.471,1,4,0.25,5,6,0.833,2,7,9,10,5,0,2,3,22
0022100992,1610612746,Clippers,LAC,LA,Starters,160.000000:30,32,65,0.492,11,24,0.458,8,8,1.0,4,25,29,16,4,4,8,11,83
0022100992,1610612746,Clippers,LAC,LA,Bench,79.000000:30,11,21,0.524,5,8,0.625,5,5,1.0,3,9,12,5,2,6,4,4,32
