GAME_ID,TEAM_ID,TEAM_NAME,TEAM_ABBREVIATION,TEAM_CITY,STARTERS_BENCH,MIN,FGM,FGA,FG_PCT,FG3M,FG3A,FG3_PCT,FTM,FTA,FT_PCT,OREB,DREB,REB,AST,STL,BLK,TO,PF,PTS
2052100108,1612709919,Knicks,WES,Westchester,Starters,165.000000:47,39,71,0.549,17,35,0.486,5,7,0.714,9,28,37,24,7,2,10,16,104
2052100108,1612709919,Knicks,WES,Westchester,Bench,54.000000:30,4,12,0.333,1,4,0.25,1,2,0.5,1,8,9,5,1,0,2,5,11
2052100108,1612709929,Skyhawks,CPS,College Park,Starters,134.000000:51,20,52,0.385,2,11,0.182,6,7,0.857,7,19,26,9,1,5,9,11,54
2052100108,1612709929,Skyhawks,CPS,College Park,Bench,83.000000:38,15,38,0.395,7,23,0.304,3,7,0.429,3,9,12,14,4,2,3,5,40
