GAME_ID,TEAM_ID,TEAM_NAME,TEAM_ABBREVIATION,TEAM_CITY,STARTERS_BENCH,MIN,FGM,FGA,FG_PCT,FG3M,FG3A,FG3_PCT,FTM,FTA,FT_PCT,OREB,DREB,REB,AST,STL,BLK,TO,PF,PTS
2022100352,1612709923,Bulls,WCB,Windy City,Starters,157.000000:08,30,62,0.484,3,14,0.214,7,11,0.636,5,26,31,18,5,3,10,10,75
2022100352,1612709923,Bulls,WCB,Windy City,Bench,53.000000:51,10,18,0.556,7,14,0.5,0,0,0.0,1,4,5,5,3,0,6,7,27
2022100352,1612709910,Mad Ants,FWN,Fort Wayne,Starters,179.000000:60,27,64,0.422,10,32,0.313,11,13,0.846,9,27,36,22,10,5,15,8,81
2022100352,1612709910,Mad Ants,FWN,Fort Wayne,Bench,51.000000:54,11,20,0.55,9,13,0.692,0,1,0.0,3,3,6,6,3,0,1,8,31
