GAME_ID,TEAM_ID,TEAM_NAME,TEAM_ABBREVIATION,TEAM_CITY,STARTERS_BENCH,MIN,FGM,FGA,FG_PCT,FG3M,FG3A,FG3_PCT,FTM,FTA,FT_PCT,OREB,DREB,REB,AST,STL,BLK,TO,PF,PTS
0022100687,1610612748,Heat,MIA,Miami,Starters,146.000000:16,24,50,0.48,10,22,0.455,11,12,0.917,4,16,20,25,4,1,11,15,69
0022100687,1610612748,Heat,MIA,Miami,Bench,93.000000:44,17,35,0.486,5,18,0.278,0,0,0.0,7,6,13,5,4,0,4,7,39
0022100687,1610612737,Hawks,ATL,Atlanta,Starters,157.000000:00,27,50,0.54,11,27,0.407,18,22,0.818,5,21,26,17,2,1,15,12,83
0022100687,1610612737,Hawks,ATL,Atlanta,Bench,82.000000:60,11,18,0.611,3,6,0.5,2,2,1.0,1,9,10,9,1,0,1,5,27
