GAME_ID,TEAM_ID,TEAM_NAME,TEAM_ABBREVIATION,TEAM_CITY,STARTERS_BENCH,MIN,FGM,FGA,FG_PCT,FG3M,FG3A,FG3_PCT,FTM,FTA,FT_PCT,OREB,DREB,REB,AST,STL,BLK,TO,PF,PTS
0022101193,1610612741,Bulls,CHI,Chicago,Starters,134.000000:03,18,49,0.367,3,12,0.25,9,12,0.75,2,16,18,13,4,1,12,13,48
0022101193,1610612741,Bulls,CHI,Chicago,Bench,105.000000:57,17,31,0.548,4,11,0.364,8,11,0.727,5,17,22,6,3,3,5,9,46
0022101193,1610612738,Celtics,BOS,Boston,Starters,150.000000:22,31,65,0.477,10,25,0.4,10,15,0.667,8,27,35,21,9,4,6,12,82
0022101193,1610612738,Celtics,BOS,Boston,Bench,89.000000:38,12,23,0.522,7,12,0.583,4,7,0.571,0,7,7,8,2,2,5,6,35
