GAME_ID,TEAM_ID,TEAM_NAME,TEAM_ABBREVIATION,TEAM_CITY,STARTERS_BENCH,MIN,FGM,FGA,FG_PCT,FG3M,FG3A,FG3_PCT,FTM,FTA,FT_PCT,OREB,DREB,REB,AST,STL,BLK,TO,PF,PTS
0042100133,1610612761,Raptors,TOR,Toronto,Starters,199.000000:17,27,70,0.386,10,31,0.323,12,16,0.75,5,14,19,20,8,3,5,17,76
0042100133,1610612761,Raptors,TOR,Toronto,Bench,65.000000:43,11,16,0.688,3,4,0.75,0,2,0.0,4,9,13,3,1,1,5,4,25
0042100133,1610612755,76ers,PHI,Philadelphia,Starters,222.000000:52,34,68,0.5,10,27,0.37,13,18,0.722,8,34,42,16,4,2,19,17,91
0042100133,1610612755,76ers,PHI,Philadelphia,Bench,31.000000:13,4,6,0.667,3,4,0.75,0,0,0.0,1,2,3,1,1,1,3,3,11
