GAME_ID,TEAM_ID,TEAM_NAME,TEAM_ABBREVIATION,TEAM_CITY,STARTERS_BENCH,MIN,FGM,FGA,FG_PCT,FG3M,FG3A,FG3_PCT,FTM,FTA,FT_PCT,OREB,DREB,REB,AST,STL,BLK,TO,PF,PTS
2022100481,1612709915,Celtics,MNE,Maine,Starters,163.000000:18,30,59,0.508,12,33,0.364,9,11,0.818,7,29,36,26,4,2,9,6,82
2022100481,1612709915,Celtics,MNE,Maine,Bench,76.000000:42,13,28,0.464,4,10,0.4,5,5,1.0,1,11,12,5,4,0,4,9,40
2022100481,1612709922,Swarm,GBO,Greensboro,Starters,155.000000:00,28,58,0.483,8,24,0.333,6,8,0.75,3,23,26,21,3,4,6,10,73
2022100481,1612709922,Swarm,GBO,Greensboro,Bench,85.000000:00,17,33,0.515,7,15,0.467,2,4,0.5,4,9,13,6,6,2,6,9,44
