GAME_ID,TEAM_ID,TEAM_NAME,TEAM_ABBREVIATION,TEAM_CITY,STARTERS_BENCH,MIN,FGM,FGA,FG_PCT,FG3M,FG3A,FG3_PCT,FTM,FTA,FT_PCT,OREB,DREB,REB,AST,STL,BLK,TO,PF,PTS
0022100445,1610612752,Knicks,NYK,New York,Starters,187.000000:05,34,74,0.459,13,34,0.382,23,27,0.852,4,30,34,18,5,5,13,16,104
0022100445,1610612752,Knicks,NYK,New York,Bench,43.000000:26,1,4,0.25,0,1,0.0,1,3,0.333,4,4,8,0,3,1,1,4,3
0022100445,1610612738,Celtics,BOS,Boston,Starters,158.000000:18,25,61,0.41,8,31,0.258,9,12,0.75,8,21,29,15,3,1,9,14,67
0022100445,1610612738,Celtics,BOS,Boston,Bench,81.000000:42,17,28,0.607,9,14,0.643,4,5,0.8,4,12,16,8,3,2,3,6,47
