GAME_ID,TEAM_ID,TEAM_NAME,TEAM_ABBREVIATION,TEAM_CITY,STARTERS_BENCH,MIN,FGM,FGA,FG_PCT,FG3M,FG3A,FG3_PCT,FTM,FTA,FT_PCT,OREB,DREB,REB,AST,STL,BLK,TO,PF,PTS
2022100167,1612709919,Knicks,WES,Westchester,Starters,185.000000:50,30,65,0.462,11,33,0.333,12,13,0.923,8,21,29,19,5,1,11,15,86
2022100167,1612709919,Knicks,WES,Westchester,Bench,40.000000:34,6,18,0.333,1,10,0.1,2,2,1.0,2,6,8,3,4,0,3,2,17
2022100167,1612709928,Go-Go,CCG,Capital City,Starters,160.000000:33,30,57,0.526,2,19,0.105,3,3,1.0,8,16,24,16,5,3,14,14,66
2022100167,1612709928,Go-Go,CCG,Capital City,Bench,89.000000:27,19,31,0.613,4,9,0.444,2,3,0.667,2,19,21,12,4,3,7,11,46
