GAME_ID,TEAM_ID,TEAM_NAME,TEAM_ABBREVIATION,TEAM_CITY,STARTERS_BENCH,MIN,FGM,FGA,FG_PCT,FG3M,FG3A,FG3_PCT,FTM,FTA,FT_PCT,OREB,DREB,REB,AST,STL,BLK,TO,PF,PTS
0022100239,1610612752,Knicks,NYK,New York,Starters,128.000000:36,21,52,0.404,10,25,0.4,9,12,0.75,3,17,20,16,6,2,4,10,61
0022100239,1610612752,Knicks,NYK,New York,Bench,111.000000:24,12,26,0.462,8,16,0.5,13,14,0.929,1,16,17,9,6,5,8,13,45
0022100239,1610612745,Rockets,HOU,Houston,Starters,163.000000:56,24,57,0.421,6,26,0.231,8,14,0.571,7,25,32,14,1,7,18,14,62
0022100239,1610612745,Rockets,HOU,Houston,Bench,76.000000:04,14,27,0.519,4,13,0.308,5,8,0.625,6,10,16,7,4,1,4,7,37
