GAME_ID,TEAM_ID,TEAM_NAME,TEAM_ABBREVIATION,TEAM_CITY,STARTERS_BENCH,MIN,FGM,FGA,FG_PCT,FG3M,FG3A,FG3_PCT,FTM,FTA,FT_PCT,OREB,DREB,REB,AST,STL,BLK,TO,PF,PTS
2052100047,1612709931,Capitanes,MXC,Ciudad de Mexico,Starters,179.000000:29,37,75,0.493,14,36,0.389,2,5,0.4,5,30,35,26,7,4,10,7,92
2052100047,1612709931,Capitanes,MXC,Ciudad de Mexico,Bench,60.000000:31,8,14,0.571,2,5,0.4,0,0,0.0,3,3,6,6,4,0,8,8,18
2052100047,1612709890,Spurs,AUS,Austin,Starters,168.000000:48,30,59,0.508,11,24,0.458,5,7,0.714,3,19,22,18,4,3,9,8,80
2052100047,1612709890,Spurs,AUS,Austin,Bench,65.000000:25,10,19,0.526,3,8,0.375,3,4,0.75,3,11,14,10,4,3,7,3,29
