GAME_ID,TEAM_ID,TEAM_NAME,TEAM_ABBREVIATION,TEAM_CITY,STARTERS_BENCH,MIN,FGM,FGA,FG_PCT,FG3M,FG3A,FG3_PCT,FTM,FTA,FT_PCT,OREB,DREB,REB,AST,STL,BLK,TO,PF,PTS
0022100555,1610612753,Magic,ORL,Orlando,Starters,137.000000:40,24,51,0.471,8,18,0.444,9,10,0.9,2,24,26,13,4,1,8,9,65
0022100555,1610612753,Magic,ORL,Orlando,Bench,102.000000:20,12,34,0.353,2,9,0.222,7,8,0.875,3,15,18,11,1,1,5,8,33
0022100555,1610612741,Bulls,CHI,Chicago,Starters,158.000000:59,28,68,0.412,7,22,0.318,16,22,0.727,7,28,35,10,8,2,10,13,79
0022100555,1610612741,Bulls,CHI,Chicago,Bench,81.000000:01,9,18,0.5,4,9,0.444,1,1,1.0,3,11,14,7,2,2,3,3,23
