GAME_ID,TEAM_ID,TEAM_NAME,TEAM_ABBREVIATION,TEAM_CITY,STARTERS_BENCH,MIN,FGM,FGA,FG_PCT,FG3M,FG3A,FG3_PCT,FTM,FTA,FT_PCT,OREB,DREB,REB,AST,STL,BLK,TO,PF,PTS
0022100016,1610612746,Clippers,LAC,LA,Starters,147.000000:56,33,72,0.458,11,29,0.379,9,15,0.6,4,19,23,16,8,2,5,16,86
0022100016,1610612746,Clippers,LAC,LA,Bench,92.000000:04,9,24,0.375,3,11,0.273,6,6,1.0,4,12,16,8,1,0,2,9,27
0022100016,1610612744,Warriors,GSW,Golden State,Starters,141.000000:19,32,62,0.516,12,25,0.48,11,18,0.611,8,25,33,16,4,3,16,14,87
0022100016,1610612744,Warriors,GSW,Golden State,Bench,98.000000:41,11,21,0.524,3,6,0.5,3,4,0.75,2,18,20,11,1,1,5,6,28
