GAME_ID,TEAM_ID,TEAM_NAME,TEAM_ABBREVIATION,TEAM_CITY,STARTERS_BENCH,MIN,FGM,FGA,FG_PCT,FG3M,FG3A,FG3_PCT,FTM,FTA,FT_PCT,OREB,DREB,REB,AST,STL,BLK,TO,PF,PTS
2022100384,1612709920,905,RAP,Raptors,Starters,124.000000:15,21,43,0.488,2,15,0.133,9,10,0.9,9,17,26,10,4,1,10,12,60
2022100384,1612709920,905,RAP,Raptors,Bench,115.000000:45,19,48,0.396,6,16,0.375,6,6,1.0,11,17,28,9,6,1,9,10,52
2022100384,1612709925,Magic,LAK,Lakeland,Starters,141.000000:25,24,49,0.49,13,25,0.52,3,4,0.75,5,19,24,12,4,7,11,9,66
2022100384,1612709925,Magic,LAK,Lakeland,Bench,98.000000:35,16,36,0.444,7,18,0.389,2,3,0.667,2,9,11,13,4,0,7,13,43
