GAME_ID,TEAM_ID,TEAM_NAME,TEAM_ABBREVIATION,TEAM_CITY,STARTERS_BENCH,MIN,FGM,FGA,FG_PCT,FG3M,FG3A,FG3_PCT,FTM,FTA,FT_PCT,OREB,DREB,REB,AST,STL,BLK,TO,PF,PTS
0022100874,1610612753,Magic,ORL,Orlando,Starters,143.000000:18,29,61,0.475,6,19,0.316,11,12,0.917,6,27,33,18,1,4,8,13,75
0022100874,1610612753,Magic,ORL,Orlando,Bench,96.000000:42,13,37,0.351,7,22,0.318,1,1,1.0,6,6,12,5,2,1,5,6,34
0022100874,1610612737,Hawks,ATL,Atlanta,Starters,126.000000:17,22,46,0.478,10,17,0.588,16,19,0.842,5,17,22,10,3,3,4,10,70
0022100874,1610612737,Hawks,ATL,Atlanta,Bench,113.000000:43,23,44,0.523,8,16,0.5,6,9,0.667,8,17,25,13,4,3,7,10,60
