GAME_ID,TEAM_ID,TEAM_NAME,TEAM_ABBREVIATION,TEAM_CITY,STARTERS_BENCH,MIN,FGM,FGA,FG_PCT,FG3M,FG3A,FG3_PCT,FTM,FTA,FT_PCT,OREB,DREB,REB,AST,STL,BLK,TO,PF,PTS
0022100052,1610612745,Rockets,HOU,Houston,Starters,159.000000:42,22,62,0.355,9,27,0.333,7,10,0.7,10,30,40,14,2,2,15,18,60
0022100052,1610612745,Rockets,HOU,Houston,Bench,80.000000:18,14,24,0.583,7,12,0.583,11,16,0.688,1,8,9,10,5,1,2,3,46
0022100052,1610612742,Mavericks,DAL,Dallas,Starters,140.000000:29,23,59,0.39,4,23,0.174,14,19,0.737,8,21,29,10,6,5,7,11,64
0022100052,1610612742,Mavericks,DAL,Dallas,Bench,99.000000:31,20,34,0.588,8,20,0.4,4,6,0.667,6,15,21,15,3,2,7,11,52
