GAME_ID,TEAM_ID,TEAM_NAME,TEAM_ABBREVIATION,TEAM_CITY,STARTERS_BENCH,MIN,FGM,FGA,FG_PCT,FG3M,FG3A,FG3_PCT,FTM,FTA,FT_PCT,OREB,DREB,REB,AST,STL,BLK,TO,PF,PTS
2022100505,1612709903,Stars,SLC,Salt Lake City,Starters,184.000000:52,28,67,0.418,9,31,0.29,9,9,1.0,4,29,33,19,6,5,16,12,79
2022100505,1612709903,Stars,SLC,Salt Lake City,Bench,55.000000:08,13,20,0.65,3,4,0.75,5,7,0.714,9,7,16,2,2,1,3,2,36
2022100505,1612709905,Lakers,SBL,South Bay,Starters,154.000000:31,28,65,0.431,7,22,0.318,6,9,0.667,4,18,22,20,8,1,10,10,73
2022100505,1612709905,Lakers,SBL,South Bay,Bench,63.000000:08,12,21,0.571,5,12,0.417,1,2,0.5,3,11,14,8,2,0,3,4,31
