GAME_ID,TEAM_ID,TEAM_NAME,TEAM_ABBREVIATION,TEAM_CITY,STARTERS_BENCH,MIN,FGM,FGA,FG_PCT,FG3M,FG3A,FG3_PCT,FTM,FTA,FT_PCT,OREB,DREB,REB,AST,STL,BLK,TO,PF,PTS
2022100141,1612709903,Stars,SLC,Salt Lake City,Starters,134.000000:26,17,43,0.395,5,15,0.333,6,9,0.667,11,14,25,14,2,6,16,11,48
2022100141,1612709903,Stars,SLC,Salt Lake City,Bench,96.000000:28,17,45,0.378,5,20,0.25,3,5,0.6,3,12,15,8,4,1,10,11,43
2022100141,1612709908,Vipers,RGV,Rio Grande Valley,Starters,148.000000:02,32,55,0.582,9,22,0.409,11,12,0.917,6,27,33,23,12,6,12,17,91
2022100141,1612709908,Vipers,RGV,Rio Grande Valley,Bench,47.000000:03,8,18,0.444,4,11,0.364,1,2,0.5,4,9,13,2,1,0,5,4,21
