GAME_ID,TEAM_ID,TEAM_NAME,TEAM_ABBREVIATION,TEAM_CITY,STARTERS_BENCH,MIN,FGM,FGA,FG_PCT,FG3M,FG3A,FG3_PCT,FTM,FTA,FT_PCT,OREB,DREB,REB,AST,STL,BLK,TO,PF,PTS
0022101089,1610612763,Grizzlies,MEM,Memphis,Starters,160.000000:30,26,65,0.4,11,24,0.458,17,19,0.895,9,14,23,24,4,6,7,13,80
0022101089,1610612763,Grizzlies,MEM,Memphis,Bench,64.000000:30,17,27,0.63,7,12,0.583,1,2,0.5,5,15,20,2,2,0,5,6,42
0022101089,1610612751,Nets,BKN,Brooklyn,Starters,167.000000:38,41,76,0.539,9,20,0.45,18,19,0.947,9,22,31,18,5,8,10,15,109
0022101089,1610612751,Nets,BKN,Brooklyn,Bench,72.000000:23,2,11,0.182,0,5,0.0,7,8,0.875,1,7,8,0,1,2,4,5,11
