GAME_ID,TEAM_ID,TEAM_NAME,TEAM_ABBREVIATION,TEAM_CITY,STARTERS_BENCH,MIN,FGM,FGA,FG_PCT,FG3M,FG3A,FG3_PCT,FTM,FTA,FT_PCT,OREB,DREB,REB,AST,STL,BLK,TO,PF,PTS
0022100760,1610612746,Clippers,LAC,LA,Starters,139.000000:14,30,60,0.5,9,25,0.36,8,8,1.0,8,21,29,15,3,3,5,8,77
0022100760,1610612746,Clippers,LAC,LA,Bench,100.000000:46,15,36,0.417,6,19,0.316,3,5,0.6,2,10,12,10,4,2,4,7,39
0022100760,1610612754,Pacers,IND,Indiana,Starters,155.000000:35,29,60,0.483,7,16,0.438,7,10,0.7,6,23,29,19,3,5,8,6,72
0022100760,1610612754,Pacers,IND,Indiana,Bench,84.000000:25,21,35,0.6,7,13,0.538,1,2,0.5,5,16,21,12,0,0,3,6,50
