GAME_ID,TEAM_ID,TEAM_NAME,TEAM_ABBREVIATION,TEAM_CITY,STARTERS_BENCH,MIN,FGM,FGA,FG_PCT,FG3M,FG3A,FG3_PCT,FTM,FTA,FT_PCT,OREB,DREB,REB,AST,STL,BLK,TO,PF,PTS
0022100051,1610612760,Thunder,OKC,Oklahoma City,Starters,142.000000:42,26,57,0.456,8,20,0.4,7,9,0.778,8,16,24,13,4,2,9,12,67
0022100051,1610612760,Thunder,OKC,Oklahoma City,Bench,95.000000:01,10,29,0.345,4,14,0.286,7,8,0.875,1,17,18,6,3,1,4,6,31
0022100051,1610612744,Warriors,GSW,Golden State,Starters,142.000000:25,25,54,0.463,5,22,0.227,12,16,0.75,5,24,29,23,7,5,11,9,67
0022100051,1610612744,Warriors,GSW,Golden State,Bench,92.000000:40,13,28,0.464,8,17,0.471,2,2,1.0,2,14,16,6,2,3,2,9,36
