GAME_ID,TEAM_ID,TEAM_NAME,TEAM_ABBREVIATION,TEAM_CITY,STARTERS_BENCH,MIN,FGM,FGA,FG_PCT,FG3M,FG3A,FG3_PCT,FTM,FTA,FT_PCT,OREB,DREB,REB,AST,STL,BLK,TO,PF,PTS
0022101114,1610612757,Trail Blazers,POR,Portland,Starters,160.000000:05,26,61,0.426,7,24,0.292,7,12,0.583,16,21,37,17,8,4,15,13,66
0022101114,1610612757,Trail Blazers,POR,Portland,Bench,73.000000:58,9,29,0.31,5,15,0.333,5,5,1.0,4,9,13,4,5,0,6,6,28
0022101114,1610612745,Rockets,HOU,Houston,Starters,124.000000:45,22,47,0.468,11,26,0.423,5,7,0.714,3,16,19,16,6,3,11,10,60
0022101114,1610612745,Rockets,HOU,Houston,Bench,115.000000:15,22,37,0.595,4,9,0.444,7,11,0.636,5,14,19,18,6,5,9,4,55
