GAME_ID,TEAM_ID,TEAM_NAME,TEAM_ABBREVIATION,TEAM_CITY,STARTERS_BENCH,MIN,FGM,FGA,FG_PCT,FG3M,FG3A,FG3_PCT,FTM,FTA,FT_PCT,OREB,DREB,REB,AST,STL,BLK,TO,PF,PTS
0022100805,1610612754,Pacers,IND,Indiana,Starters,150.000000:19,19,46,0.413,6,20,0.3,9,11,0.818,6,24,30,10,4,2,11,14,53
0022100805,1610612754,Pacers,IND,Indiana,Bench,89.000000:41,12,37,0.324,2,11,0.182,6,6,1.0,7,10,17,7,1,0,8,12,32
0022100805,1610612739,Cavaliers,CLE,Cleveland,Starters,123.000000:15,13,37,0.351,2,9,0.222,8,13,0.615,10,22,32,3,3,5,6,14,36
0022100805,1610612739,Cavaliers,CLE,Cleveland,Bench,116.000000:45,21,47,0.447,9,23,0.391,11,15,0.733,6,12,18,22,6,0,4,8,62
