GAME_ID,TEAM_ID,TEAM_NAME,TEAM_ABBREVIATION,TEAM_CITY,STARTERS_BENCH,MIN,FGM,FGA,FG_PCT,FG3M,FG3A,FG3_PCT,FTM,FTA,FT_PCT,OREB,DREB,REB,AST,STL,BLK,TO,PF,PTS
0022100159,1610612753,Magic,ORL,Orlando,Starters,135.000000:46,18,49,0.367,3,19,0.158,11,14,0.786,10,24,34,10,10,1,12,9,50
0022100159,1610612753,Magic,ORL,Orlando,Bench,84.000000:07,10,29,0.345,1,14,0.071,2,4,0.5,2,10,12,8,0,1,4,8,23
0022100159,1610612751,Nets,BKN,Brooklyn,Starters,125.000000:03,24,44,0.545,6,16,0.375,10,12,0.833,1,23,24,17,5,1,12,8,64
0022100159,1610612751,Nets,BKN,Brooklyn,Bench,114.000000:57,22,47,0.468,10,21,0.476,5,5,1.0,7,18,25,12,3,4,3,10,59
