GAME_ID,TEAM_ID,TEAM_NAME,TEAM_ABBREVIATION,TEAM_CITY,STARTERS_BENCH,MIN,FGM,FGA,FG_PCT,FG3M,FG3A,FG3_PCT,FTM,FTA,FT_PCT,OREB,DREB,REB,AST,STL,BLK,TO,PF,PTS
0022100910,1610612749,Bucks,MIL,Milwaukee,Starters,169.000000:43,36,64,0.563,14,30,0.467,24,37,0.649,3,32,35,21,3,0,14,14,110
0022100910,1610612749,Bucks,MIL,Milwaukee,Bench,19.000000:40,0,1,0.0,0,0,0.0,0,0,0.0,0,1,1,2,0,0,0,7,0
0022100910,1610612751,Nets,BKN,Brooklyn,Starters,163.000000:59,34,62,0.548,10,23,0.435,18,24,0.75,7,24,31,17,6,5,6,18,96
0022100910,1610612751,Nets,BKN,Brooklyn,Bench,62.000000:20,6,21,0.286,2,8,0.25,7,9,0.778,5,3,8,5,0,0,1,5,21
