GAME_ID,TEAM_ID,TEAM_NAME,TEAM_ABBREVIATION,TEAM_CITY,STARTERS_BENCH,MIN,FGM,FGA,FG_PCT,FG3M,FG3A,FG3_PCT,FTM,FTA,FT_PCT,OREB,DREB,REB,AST,STL,BLK,TO,PF,PTS
0022101108,1610612758,Kings,SAC,Sacramento,Starters,180.000000:10,28,67,0.418,8,24,0.333,13,16,0.813,9,32,41,20,3,4,9,5,77
0022101108,1610612758,Kings,SAC,Sacramento,Bench,84.000000:50,14,31,0.452,3,12,0.25,6,8,0.75,9,9,18,4,1,0,5,7,37
0022101108,1610612753,Magic,ORL,Orlando,Starters,168.000000:38,26,66,0.394,9,24,0.375,3,3,1.0,7,31,38,15,4,3,8,14,64
0022101108,1610612753,Magic,ORL,Orlando,Bench,96.000000:22,19,40,0.475,4,12,0.333,4,4,1.0,8,11,19,12,5,0,4,6,46
