GAME_ID,TEAM_ID,TEAM_NAME,TEAM_ABBREVIATION,TEAM_CITY,STARTERS_BENCH,MIN,FGM,FGA,FG_PCT,FG3M,FG3A,FG3_PCT,FTM,FTA,FT_PCT,OREB,DREB,REB,AST,STL,BLK,TO,PF,PTS
2022100154,1612709923,Bulls,WCB,Windy City,Starters,147.000000:12,24,53,0.453,1,9,0.111,14,24,0.583,12,20,32,13,9,6,9,14,69
2022100154,1612709923,Bulls,WCB,Windy City,Bench,92.000000:48,11,31,0.355,8,17,0.471,2,3,0.667,2,11,13,6,5,2,3,9,34
2022100154,1612709928,Go-Go,CCG,Capital City,Starters,162.000000:40,25,53,0.472,8,19,0.421,9,13,0.692,6,28,34,14,4,5,10,13,72
2022100154,1612709928,Go-Go,CCG,Capital City,Bench,77.000000:20,12,24,0.5,2,5,0.4,2,2,1.0,1,9,10,12,2,0,11,14,29
