GAME_ID,TEAM_ID,TEAM_NAME,TEAM_ABBREVIATION,TEAM_CITY,STARTERS_BENCH,MIN,FGM,FGA,FG_PCT,FG3M,FG3A,FG3_PCT,FTM,FTA,FT_PCT,OREB,DREB,REB,AST,STL,BLK,TO,PF,PTS
0022100093,1610612747,Lakers,LAL,Los Angeles,Starters,159.000000:21,26,70,0.371,4,18,0.222,6,9,0.667,8,25,33,20,12,3,9,12,62
0022100093,1610612747,Lakers,LAL,Los Angeles,Bench,62.000000:06,13,20,0.65,5,9,0.556,2,4,0.5,1,7,8,2,3,6,3,8,33
0022100093,1610612745,Rockets,HOU,Houston,Starters,142.000000:07,19,48,0.396,2,19,0.105,5,16,0.313,7,30,37,12,3,2,16,11,45
0022100093,1610612745,Rockets,HOU,Houston,Bench,97.000000:53,13,28,0.464,4,9,0.444,10,13,0.769,3,15,18,6,5,1,9,7,40
