GAME_ID,TEAM_ID,TEAM_NAME,TEAM_ABBREVIATION,TEAM_CITY,STARTERS_BENCH,MIN,FGM,FGA,FG_PCT,FG3M,FG3A,FG3_PCT,FTM,FTA,FT_PCT,OREB,DREB,REB,AST,STL,BLK,TO,PF,PTS
0022101160,1610612740,Pelicans,NOP,New Orleans,Starters,173.000000:40,34,63,0.54,6,18,0.333,22,24,0.917,3,26,29,18,6,4,12,16,96
0022101160,1610612740,Pelicans,NOP,New Orleans,Bench,66.000000:20,7,16,0.438,1,8,0.125,3,5,0.6,1,7,8,5,2,0,1,5,18
0022101160,1610612747,Lakers,LAL,Los Angeles,Starters,162.000000:53,32,63,0.508,8,16,0.5,17,23,0.739,2,28,30,16,6,1,10,16,89
0022101160,1610612747,Lakers,LAL,Los Angeles,Bench,77.000000:07,7,19,0.368,3,11,0.273,5,8,0.625,5,5,10,8,4,0,5,8,22
