GAME_ID,TEAM_ID,TEAM_NAME,TEAM_ABBREVIATION,TEAM_CITY,STARTERS_BENCH,MIN,FGM,FGA,FG_PCT,FG3M,FG3A,FG3_PCT,FTM,FTA,FT_PCT,OREB,DREB,REB,AST,STL,BLK,TO,PF,PTS
0022100899,1610612764,Wizards,WAS,Washington,Starters,184.000000:44,41,72,0.569,13,27,0.481,16,18,0.889,5,16,21,25,6,3,6,18,111
0022100899,1610612764,Wizards,WAS,Washington,Bench,90.000000:01,15,27,0.556,3,8,0.375,3,6,0.5,5,10,15,9,4,1,8,10,36
0022100899,1610612759,Spurs,SAS,San Antonio,Starters,200.000000:27,43,77,0.558,7,22,0.318,22,26,0.846,11,29,40,30,2,2,8,13,115
0022100899,1610612759,Spurs,SAS,San Antonio,Bench,59.000000:57,10,20,0.5,2,5,0.4,10,15,0.667,1,4,5,4,1,0,5,5,32
