GAME_ID,TEAM_ID,TEAM_NAME,TEAM_ABBREVIATION,TEAM_CITY,STARTERS_BENCH,MIN,FGM,FGA,FG_PCT,FG3M,FG3A,FG3_PCT,FTM,FTA,FT_PCT,OREB,DREB,REB,AST,STL,BLK,TO,PF,PTS
0022100587,1610612760,Thunder,OKC,Oklahoma City,Starters,135.000000:56,17,44,0.386,4,18,0.222,15,17,0.882,8,18,26,17,5,3,11,10,53
0022100587,1610612760,Thunder,OKC,Oklahoma City,Bench,104.000000:05,19,45,0.422,11,26,0.423,3,6,0.5,5,14,19,9,5,1,8,13,52
0022100587,1610612750,Timberwolves,MIN,Minnesota,Starters,134.000000:19,36,57,0.632,11,20,0.55,7,10,0.7,5,27,32,27,7,4,10,11,90
0022100587,1610612750,Timberwolves,MIN,Minnesota,Bench,85.000000:27,12,28,0.429,5,18,0.278,8,12,0.667,3,8,11,12,5,4,5,6,37
