GAME_ID,TEAM_ID,TEAM_NAME,TEAM_ABBREVIATION,TEAM_CITY,STARTERS_BENCH,MIN,FGM,FGA,FG_PCT,FG3M,FG3A,FG3_PCT,FTM,FTA,FT_PCT,OREB,DREB,REB,AST,STL,BLK,TO,PF,PTS
2022100497,1612709932,Cruise,MCC,Motor City,Starters,170.000000:20,32,62,0.516,13,24,0.542,3,4,0.75,4,28,32,25,5,4,7,12,83
2022100497,1612709932,Cruise,MCC,Motor City,Bench,56.000000:47,11,24,0.458,2,8,0.25,3,4,0.75,5,10,15,3,2,0,2,7,29
2022100497,1612709893,Charge,CLC,Cleveland,Starters,176.000000:20,31,65,0.477,10,28,0.357,5,10,0.5,6,26,32,15,5,7,10,11,80
2022100497,1612709893,Charge,CLC,Cleveland,Bench,63.000000:40,11,28,0.393,4,11,0.364,0,0,0.0,2,7,9,5,1,1,3,2,26
