GAME_ID,TEAM_ID,TEAM_NAME,TEAM_ABBREVIATION,TEAM_CITY,STARTERS_BENCH,MIN,FGM,FGA,FG_PCT,FG3M,FG3A,FG3_PCT,FTM,FTA,FT_PCT,OREB,DREB,REB,AST,STL,BLK,TO,PF,PTS
2022100445,1612709932,Cruise,MCC,Motor City,Starters,151.000000:04,27,56,0.482,8,19,0.421,10,13,0.769,3,27,30,15,9,2,14,15,78
2022100445,1612709932,Cruise,MCC,Motor City,Bench,88.000000:56,13,36,0.361,6,15,0.4,1,1,1.0,8,9,17,8,3,1,4,8,34
2022100445,1612709910,Mad Ants,FWN,Fort Wayne,Starters,178.000000:34,31,73,0.425,11,32,0.344,9,11,0.818,9,25,34,22,6,5,13,11,90
2022100445,1612709910,Mad Ants,FWN,Fort Wayne,Bench,61.000000:26,10,16,0.625,5,7,0.714,0,3,0.0,3,13,16,2,2,0,4,7,25
