GAME_ID,TEAM_ID,TEAM_NAME,TEAM_ABBREVIATION,TEAM_CITY,STARTERS_BENCH,MIN,FGM,FGA,FG_PCT,FG3M,FG3A,FG3_PCT,FTM,FTA,FT_PCT,OREB,DREB,REB,AST,STL,BLK,TO,PF,PTS
0022100253,1610612739,Cavaliers,CLE,Cleveland,Starters,176.000000:26,29,72,0.403,9,30,0.3,21,24,0.875,11,23,34,18,5,3,8,9,88
0022100253,1610612739,Cavaliers,CLE,Cleveland,Bench,55.000000:00,7,21,0.333,5,14,0.357,5,5,1.0,3,16,19,6,0,2,4,7,24
0022100253,1610612751,Nets,BKN,Brooklyn,Starters,144.000000:03,24,51,0.471,6,19,0.316,14,14,1.0,3,15,18,26,3,4,8,11,68
0022100253,1610612751,Nets,BKN,Brooklyn,Bench,87.000000:36,19,38,0.5,3,10,0.3,2,4,0.5,5,17,22,5,3,2,0,10,43
