GAME_ID,TEAM_ID,TEAM_NAME,TEAM_ABBREVIATION,TEAM_CITY,STARTERS_BENCH,MIN,FGM,FGA,FG_PCT,FG3M,FG3A,FG3_PCT,FTM,FTA,FT_PCT,OREB,DREB,REB,AST,STL,BLK,TO,PF,PTS
0022100844,1610612762,Jazz,UTA,Utah,Starters,147.000000:15,22,53,0.415,10,30,0.333,11,13,0.846,4,20,24,14,8,3,14,12,65
0022100844,1610612762,Jazz,UTA,Utah,Bench,92.000000:46,18,36,0.5,3,11,0.273,10,11,0.909,7,19,26,8,7,2,1,2,49
0022100844,1610612753,Magic,ORL,Orlando,Starters,160.000000:45,28,61,0.459,7,20,0.35,11,15,0.733,6,22,28,19,6,4,14,10,74
0022100844,1610612753,Magic,ORL,Orlando,Bench,79.000000:15,9,23,0.391,6,15,0.4,1,1,1.0,3,9,12,4,6,1,4,5,25
