GAME_ID,TEAM_ID,TEAM_NAME,TEAM_ABBREVIATION,TEAM_CITY,STARTERS_BENCH,MIN,FGM,FGA,FG_PCT,FG3M,FG3A,FG3_PCT,FTM,FTA,FT_PCT,OREB,DREB,REB,AST,STL,BLK,TO,PF,PTS
0042100111,1610612738,Celtics,BOS,Boston,Starters,182.000000:38,35,73,0.479,10,24,0.417,18,22,0.818,14,23,37,19,9,4,12,19,98
0042100111,1610612738,Celtics,BOS,Boston,Bench,57.000000:22,7,16,0.438,2,9,0.222,1,2,0.5,0,6,6,5,3,1,2,5,17
0042100111,1610612751,Nets,BKN,Brooklyn,Starters,166.000000:38,29,58,0.5,9,20,0.45,17,18,0.944,2,14,16,17,9,3,13,20,84
0042100111,1610612751,Nets,BKN,Brooklyn,Bench,57.000000:06,12,19,0.632,1,3,0.333,2,6,0.333,3,10,13,2,2,3,2,3,27
