GAME_ID,TEAM_ID,TEAM_NAME,TEAM_ABBREVIATION,TEAM_CITY,STARTERS_BENCH,MIN,FGM,FGA,FG_PCT,FG3M,FG3A,FG3_PCT,FTM,FTA,FT_PCT,OREB,DREB,REB,AST,STL,BLK,TO,PF,PTS
0022101133,1610612765,Pistons,DET,Detroit,Starters,138.000000:43,30,63,0.476,11,25,0.44,9,10,0.9,11,14,25,16,4,2,10,14,80
0022101133,1610612765,Pistons,DET,Detroit,Bench,101.000000:17,18,36,0.5,5,13,0.385,2,3,0.667,5,9,14,12,7,2,2,11,43
0022101133,1610612751,Nets,BKN,Brooklyn,Starters,160.000000:05,32,60,0.533,13,23,0.565,28,30,0.933,4,26,30,18,5,4,12,11,105
0022101133,1610612751,Nets,BKN,Brooklyn,Bench,76.000000:17,10,15,0.667,2,4,0.5,3,4,0.75,4,7,11,5,2,2,6,8,25
