GAME_ID,TEAM_ID,TEAM_NAME,TEAM_ABBREVIATION,TEAM_CITY,STARTERS_BENCH,MIN,FGM,FGA,FG_PCT,FG3M,FG3A,FG3_PCT,FTM,FTA,FT_PCT,OREB,DREB,REB,AST,STL,BLK,TO,PF,PTS
2052100125,1612709920,905,RAP,Raptors,Starters,152.000000:19,28,57,0.491,9,26,0.346,5,5,1.0,7,19,26,19,7,3,5,11,73
2052100125,1612709920,905,RAP,Raptors,Bench,87.000000:41,15,30,0.5,2,12,0.167,9,10,0.9,0,7,7,12,9,0,5,8,47
2052100125,1612709928,Go-Go,CCG,Capital City,Starters,172.000000:20,32,59,0.542,16,28,0.571,6,7,0.857,3,22,25,23,3,2,11,10,91
2052100125,1612709928,Go-Go,CCG,Capital City,Bench,62.000000:17,7,15,0.467,0,3,0.0,3,5,0.6,3,9,12,6,1,1,10,8,20
