GAME_ID,TEAM_ID,TEAM_NAME,TEAM_ABBREVIATION,TEAM_CITY,STARTERS_BENCH,MIN,FGM,FGA,FG_PCT,FG3M,FG3A,FG3_PCT,FTM,FTA,FT_PCT,OREB,DREB,REB,AST,STL,BLK,TO,PF,PTS
0022100519,1610612741,Bulls,CHI,Chicago,Starters,158.000000:31,36,64,0.563,8,19,0.421,12,16,0.75,4,27,31,29,5,4,9,8,92
0022100519,1610612741,Bulls,CHI,Chicago,Bench,81.000000:29,16,20,0.8,2,3,0.667,5,6,0.833,2,8,10,9,4,2,4,10,39
0022100519,1610612737,Hawks,ATL,Atlanta,Starters,156.000000:40,30,71,0.423,7,20,0.35,14,16,0.875,6,19,25,22,2,1,11,9,81
0022100519,1610612737,Hawks,ATL,Atlanta,Bench,83.000000:20,14,21,0.667,4,6,0.667,4,10,0.4,4,8,12,4,4,2,0,8,36
