GAME_ID,TEAM_ID,TEAM_NAME,TEAM_ABBREVIATION,TEAM_CITY,STARTERS_BENCH,MIN,FGM,FGA,FG_PCT,FG3M,FG3A,FG3_PCT,FTM,FTA,FT_PCT,OREB,DREB,REB,AST,STL,BLK,TO,PF,PTS
0022100095,1610612759,Spurs,SAS,San Antonio,Starters,124.000000:32,23,51,0.451,9,18,0.5,4,6,0.667,6,13,19,20,2,1,7,5,59
0022100095,1610612759,Spurs,SAS,San Antonio,Bench,110.000000:08,23,36,0.639,5,10,0.5,5,7,0.714,2,13,15,14,3,2,8,3,56
0022100095,1610612754,Pacers,IND,Indiana,Starters,138.000000:12,35,62,0.565,8,19,0.421,9,11,0.818,7,22,29,25,7,4,8,11,87
0022100095,1610612754,Pacers,IND,Indiana,Bench,101.000000:48,17,29,0.586,10,19,0.526,0,1,0.0,3,7,10,12,4,0,6,8,44
