GAME_ID,TEAM_ID,TEAM_NAME,TEAM_ABBREVIATION,TEAM_CITY,STARTERS_BENCH,MIN,FGM,FGA,FG_PCT,FG3M,FG3A,FG3_PCT,FTM,FTA,FT_PCT,OREB,DREB,REB,AST,STL,BLK,TO,PF,PTS
0022100952,1610612745,Rockets,HOU,Houston,Starters,148.000000:01,26,55,0.473,7,23,0.304,11,14,0.786,4,23,27,18,2,2,11,14,70
0022100952,1610612745,Rockets,HOU,Houston,Bench,91.000000:59,12,28,0.429,3,13,0.231,4,8,0.5,5,12,17,7,2,1,3,7,31
0022100952,1610612743,Nuggets,DEN,Denver,Starters,136.000000:20,26,49,0.531,8,16,0.5,18,22,0.818,7,18,25,15,4,3,6,10,78
0022100952,1610612743,Nuggets,DEN,Denver,Bench,103.000000:40,13,37,0.351,5,17,0.294,7,9,0.778,3,13,16,12,6,1,4,11,38
