GAME_ID,TEAM_ID,TEAM_NAME,TEAM_ABBREVIATION,TEAM_CITY,STARTERS_BENCH,MIN,FGM,FGA,FG_PCT,FG3M,FG3A,FG3_PCT,FTM,FTA,FT_PCT,OREB,DREB,REB,AST,STL,BLK,TO,PF,PTS
0022101008,1610612749,Bucks,MIL,Milwaukee,Starters,152.000000:40,26,68,0.382,11,31,0.355,15,22,0.682,5,17,22,22,6,1,4,10,78
0022101008,1610612749,Bucks,MIL,Milwaukee,Bench,64.000000:01,12,19,0.632,6,9,0.667,1,1,1.0,2,12,14,4,2,1,0,5,31
0022101008,1610612744,Warriors,GSW,Golden State,Starters,161.000000:01,36,65,0.554,18,36,0.5,9,9,1.0,5,28,33,26,3,6,9,12,99
0022101008,1610612744,Warriors,GSW,Golden State,Bench,61.000000:00,9,25,0.36,0,6,0.0,5,6,0.833,6,11,17,7,0,1,1,7,23
