GAME_ID,TEAM_ID,TEAM_NAME,TEAM_ABBREVIATION,TEAM_CITY,STARTERS_BENCH,MIN,FGM,FGA,FG_PCT,FG3M,FG3A,FG3_PCT,FTM,FTA,FT_PCT,OREB,DREB,REB,AST,STL,BLK,TO,PF,PTS
0022100994,1610612744,Warriors,GSW,Golden State,Starters,150.000000:47,27,59,0.458,8,28,0.286,12,16,0.75,5,20,25,16,7,3,4,14,74
0022100994,1610612744,Warriors,GSW,Golden State,Bench,82.000000:31,15,27,0.556,6,14,0.429,3,4,0.75,3,7,10,10,2,1,3,11,39
0022100994,1610612743,Nuggets,DEN,Denver,Starters,153.000000:44,23,57,0.404,4,20,0.2,15,17,0.882,8,27,35,13,3,3,8,10,65
0022100994,1610612743,Nuggets,DEN,Denver,Bench,86.000000:16,12,27,0.444,3,11,0.273,10,15,0.667,4,10,14,6,2,3,3,10,37
