GAME_ID,TEAM_ID,TEAM_NAME,TEAM_ABBREVIATION,TEAM_CITY,STARTERS_BENCH,MIN,FGM,FGA,FG_PCT,FG3M,FG3A,FG3_PCT,FTM,FTA,FT_PCT,OREB,DREB,REB,AST,STL,BLK,TO,PF,PTS
2022100299,1612709915,Celtics,MNE,Maine,Starters,172.000000:24,32,64,0.5,11,32,0.344,10,12,0.833,1,23,24,19,4,7,11,17,91
2022100299,1612709915,Celtics,MNE,Maine,Bench,67.000000:36,8,22,0.364,5,13,0.385,3,3,1.0,2,6,8,3,1,2,2,8,27
2022100299,1612709917,Gold,GRG,Grand Rapids,Starters,183.000000:10,37,79,0.468,13,33,0.394,13,19,0.684,12,30,42,19,3,1,9,12,106
2022100299,1612709917,Gold,GRG,Grand Rapids,Bench,14.000000:30,2,5,0.4,1,2,0.5,0,0,0.0,0,2,2,3,0,0,0,2,5
