GAME_ID,TEAM_ID,TEAM_NAME,TEAM_ABBREVIATION,TEAM_CITY,STARTERS_BENCH,MIN,FGM,FGA,FG_PCT,FG3M,FG3A,FG3_PCT,FTM,FTA,FT_PCT,OREB,DREB,REB,AST,STL,BLK,TO,PF,PTS
0042100314,1610612744,Warriors,GSW,Golden State,Starters,136.000000:54,22,48,0.458,5,16,0.313,9,16,0.563,4,19,23,17,3,3,4,8,58
0042100314,1610612744,Warriors,GSW,Golden State,Bench,103.000000:06,19,36,0.528,5,12,0.417,8,10,0.8,2,17,19,9,2,1,4,10,51
0042100314,1610612742,Mavericks,DAL,Dallas,Starters,161.000000:02,30,61,0.492,14,30,0.467,12,17,0.706,1,27,28,18,2,3,5,9,86
0042100314,1610612742,Mavericks,DAL,Dallas,Bench,56.000000:51,6,15,0.4,4,10,0.4,4,4,1.0,1,8,9,10,2,0,3,5,20
