GAME_ID,TEAM_ID,TEAM_NAME,TEAM_ABBREVIATION,TEAM_CITY,STARTERS_BENCH,MIN,FGM,FGA,FG_PCT,FG3M,FG3A,FG3_PCT,FTM,FTA,FT_PCT,OREB,DREB,REB,AST,STL,BLK,TO,PF,PTS
0022100926,1610612764,Wizards,WAS,Washington,Starters,145.000000:57,25,51,0.49,8,18,0.444,14,19,0.737,8,16,24,17,3,6,9,13,72
0022100926,1610612764,Wizards,WAS,Washington,Bench,84.000000:48,16,29,0.552,5,7,0.714,5,5,1.0,3,11,14,10,2,2,5,8,42
0022100926,1610612765,Pistons,DET,Detroit,Starters,140.000000:55,31,61,0.508,6,14,0.429,15,17,0.882,9,20,29,12,4,2,6,12,83
0022100926,1610612765,Pistons,DET,Detroit,Bench,99.000000:05,12,29,0.414,2,13,0.154,4,6,0.667,5,9,14,11,5,1,6,9,30
