GAME_ID,TEAM_ID,TEAM_NAME,TEAM_ABBREVIATION,TEAM_CITY,STARTERS_BENCH,MIN,FGM,FGA,FG_PCT,FG3M,FG3A,FG3_PCT,FTM,FTA,FT_PCT,OREB,DREB,REB,AST,STL,BLK,TO,PF,PTS
0012100061,1610612754,Pacers,IND,Indiana,Starters,83.000000:12,14,33,0.424,4,15,0.267,2,2,1.0,6,11,17,11,6,0,4,8,34
0012100061,1610612754,Pacers,IND,Indiana,Bench,156.000000:48,20,50,0.4,10,29,0.345,10,17,0.588,2,19,21,15,5,4,13,12,60
0012100061,1610612739,Cavaliers,CLE,Cleveland,Starters,44.000000:25,7,15,0.467,2,2,1.0,2,6,0.333,1,7,8,7,4,0,3,1,18
0012100061,1610612739,Cavaliers,CLE,Cleveland,Bench,195.000000:35,35,65,0.538,11,30,0.367,11,17,0.647,9,33,42,17,8,2,15,13,92
