GAME_ID,TEAM_ID,TEAM_NAME,TEAM_ABBREVIATION,TEAM_CITY,STARTERS_BENCH,MIN,FGM,FGA,FG_PCT,FG3M,FG3A,FG3_PCT,FTM,FTA,FT_PCT,OREB,DREB,REB,AST,STL,BLK,TO,PF,PTS
0022100492,1610612762,Jazz,UTA,Utah,Starters,153.000000:56,31,62,0.5,9,26,0.346,22,26,0.846,9,20,29,13,7,2,10,16,93
0022100492,1610612762,Jazz,UTA,Utah,Bench,71.000000:46,6,23,0.261,3,10,0.3,3,5,0.6,1,12,13,11,2,1,4,5,18
0022100492,1610612742,Mavericks,DAL,Dallas,Starters,159.000000:40,28,65,0.431,7,20,0.35,22,27,0.815,7,18,25,14,5,2,7,18,85
0022100492,1610612742,Mavericks,DAL,Dallas,Bench,40.000000:24,3,10,0.3,2,5,0.4,6,6,1.0,1,9,10,3,0,1,5,8,14
