GAME_ID,TEAM_ID,TEAM_NAME,TEAM_ABBREVIATION,TEAM_CITY,STARTERS_BENCH,MIN,FGM,FGA,FG_PCT,FG3M,FG3A,FG3_PCT,FTM,FTA,FT_PCT,OREB,DREB,REB,AST,STL,BLK,TO,PF,PTS
2022100345,1612709903,Stars,SLC,Salt Lake City,Starters,196.000000:45,34,68,0.5,9,25,0.36,10,12,0.833,7,36,43,20,4,3,17,9,94
2022100345,1612709903,Stars,SLC,Salt Lake City,Bench,43.000000:15,2,7,0.286,0,1,0.0,2,2,1.0,0,4,4,0,2,0,2,9,6
2022100345,1612709890,Spurs,AUS,Austin,Starters,147.000000:58,26,68,0.382,12,33,0.364,4,6,0.667,11,16,27,18,7,0,6,11,72
2022100345,1612709890,Spurs,AUS,Austin,Bench,76.000000:12,16,28,0.571,4,8,0.5,1,3,0.333,4,12,16,9,5,4,4,6,38
