GAME_ID,TEAM_ID,TEAM_NAME,TEAM_ABBREVIATION,TEAM_CITY,STARTERS_BENCH,MIN,FGM,FGA,FG_PCT,FG3M,FG3A,FG3_PCT,FTM,FTA,FT_PCT,OREB,DREB,REB,AST,STL,BLK,TO,PF,PTS
2022100262,1612709919,Knicks,WES,Westchester,Starters,149.000000:33,35,55,0.636,15,25,0.6,7,9,0.778,7,18,25,26,4,6,7,8,96
2022100262,1612709919,Knicks,WES,Westchester,Bench,90.000000:27,17,33,0.515,9,19,0.474,1,1,1.0,3,14,17,7,3,0,5,8,45
2022100262,1612709893,Charge,CLC,Cleveland,Starters,174.000000:35,31,74,0.419,14,39,0.359,7,8,0.875,10,19,29,12,5,0,12,9,87
2022100262,1612709893,Charge,CLC,Cleveland,Bench,65.000000:25,6,15,0.4,1,2,0.5,0,2,0.0,5,6,11,4,1,1,5,7,13
