GAME_ID,TEAM_ID,TEAM_NAME,TEAM_ABBREVIATION,TEAM_CITY,STARTERS_BENCH,MIN,FGM,FGA,FG_PCT,FG3M,FG3A,FG3_PCT,FTM,FTA,FT_PCT,OREB,DREB,REB,AST,STL,BLK,TO,PF,PTS
0022100311,1610612764,Wizards,WAS,Washington,Starters,145.000000:29,31,58,0.534,7,18,0.389,6,10,0.6,5,19,24,18,2,2,5,11,75
0022100311,1610612764,Wizards,WAS,Washington,Bench,78.000000:28,9,28,0.321,2,10,0.2,0,0,0.0,5,8,13,7,2,1,1,4,20
0022100311,1610612759,Spurs,SAS,San Antonio,Starters,145.000000:17,33,63,0.524,4,11,0.364,9,15,0.6,13,19,32,18,2,3,2,6,79
0022100311,1610612759,Spurs,SAS,San Antonio,Bench,85.000000:47,15,26,0.577,4,7,0.571,1,1,1.0,2,15,17,9,2,1,5,8,35
