GAME_ID,TEAM_ID,TEAM_NAME,TEAM_ABBREVIATION,TEAM_CITY,STARTERS_BENCH,MIN,FGM,FGA,FG_PCT,FG3M,FG3A,FG3_PCT,FTM,FTA,FT_PCT,OREB,DREB,REB,AST,STL,BLK,TO,PF,PTS
2022100447,1612709925,Magic,LAK,Lakeland,Starters,142.000000:58,20,55,0.364,10,32,0.313,3,4,0.75,6,14,20,17,6,1,6,9,54
2022100447,1612709925,Magic,LAK,Lakeland,Bench,97.000000:02,6,40,0.15,4,24,0.167,7,10,0.7,5,10,15,3,1,1,4,14,28
2022100447,1612709928,Go-Go,CCG,Capital City,Starters,125.000000:30,27,43,0.628,9,18,0.5,2,3,0.667,2,18,20,15,7,1,8,12,66
2022100447,1612709928,Go-Go,CCG,Capital City,Bench,114.000000:30,19,39,0.487,1,10,0.1,9,10,0.9,6,30,36,15,1,2,9,13,54
