GAME_ID,TEAM_ID,TEAM_NAME,TEAM_ABBREVIATION,TEAM_CITY,STARTERS_BENCH,MIN,FGM,FGA,FG_PCT,FG3M,FG3A,FG3_PCT,FTM,FTA,FT_PCT,OREB,DREB,REB,AST,STL,BLK,TO,PF,PTS
0022100572,1610612744,Warriors,GSW,Golden State,Starters,146.000000:04,21,52,0.404,4,16,0.25,4,8,0.5,6,26,32,14,6,5,12,9,50
0022100572,1610612744,Warriors,GSW,Golden State,Bench,93.000000:56,12,29,0.414,1,12,0.083,7,8,0.875,2,12,14,6,4,0,4,11,32
0022100572,1610612742,Mavericks,DAL,Dallas,Starters,160.000000:37,22,60,0.367,6,25,0.24,18,23,0.783,8,26,34,15,4,3,10,7,68
0022100572,1610612742,Mavericks,DAL,Dallas,Bench,75.000000:17,10,24,0.417,5,14,0.357,3,3,1.0,1,9,10,6,2,2,2,6,28
