GAME_ID,TEAM_ID,TEAM_NAME,TEAM_ABBREVIATION,TEAM_CITY,STARTERS_BENCH,MIN,FGM,FGA,FG_PCT,FG3M,FG3A,FG3_PCT,FTM,FTA,FT_PCT,OREB,DREB,REB,AST,STL,BLK,TO,PF,PTS
2022100197,1612709902,Warriors,SCW,Santa Cruz,Starters,140.000000:37,22,45,0.489,8,24,0.333,3,3,1.0,7,16,23,17,7,0,12,18,58
2022100197,1612709902,Warriors,SCW,Santa Cruz,Bench,99.000000:23,17,36,0.472,4,13,0.308,8,9,0.889,4,8,12,10,5,1,10,9,52
2022100197,1612709913,Squadron,BIR,Birmingham,Starters,168.000000:60,36,62,0.581,8,21,0.381,12,16,0.75,7,21,28,22,12,4,9,10,96
2022100197,1612709913,Squadron,BIR,Birmingham,Bench,71.000000:00,10,20,0.5,4,11,0.364,1,1,1.0,2,10,12,10,4,1,12,7,26
