GAME_ID,TEAM_ID,TEAM_NAME,TEAM_ABBREVIATION,TEAM_CITY,STARTERS_BENCH,MIN,FGM,FGA,FG_PCT,FG3M,FG3A,FG3_PCT,FTM,FTA,FT_PCT,OREB,DREB,REB,AST,STL,BLK,TO,PF,PTS
2022100417,1612709932,Cruise,MCC,Motor City,Starters,151.000000:45,23,51,0.451,11,26,0.423,7,8,0.875,7,16,23,16,7,2,8,11,69
2022100417,1612709932,Cruise,MCC,Motor City,Bench,88.000000:15,21,38,0.553,6,18,0.333,10,10,1.0,4,12,16,13,1,3,9,9,64
2022100417,1612709928,Go-Go,CCG,Capital City,Starters,142.000000:01,36,65,0.554,9,19,0.474,4,4,1.0,8,16,24,25,5,1,7,11,87
2022100417,1612709928,Go-Go,CCG,Capital City,Bench,97.000000:59,19,32,0.594,7,15,0.467,5,5,1.0,0,12,12,15,6,1,4,10,53
