GAME_ID,TEAM_ID,TEAM_NAME,TEAM_ABBREVIATION,TEAM_CITY,STARTERS_BENCH,MIN,FGM,FGA,FG_PCT,FG3M,FG3A,FG3_PCT,FTM,FTA,FT_PCT,OREB,DREB,REB,AST,STL,BLK,TO,PF,PTS
0022100790,1610612761,Raptors,TOR,Toronto,Starters,187.000000:24,38,70,0.543,14,24,0.583,12,14,0.857,5,28,33,24,5,2,12,10,102
0022100790,1610612761,Raptors,TOR,Toronto,Bench,52.000000:36,8,11,0.727,3,3,1.0,4,4,1.0,3,9,12,5,2,2,2,8,23
0022100790,1610612737,Hawks,ATL,Atlanta,Starters,150.000000:44,33,72,0.458,5,18,0.278,12,14,0.857,7,20,27,19,3,2,3,13,83
0022100790,1610612737,Hawks,ATL,Atlanta,Bench,89.000000:16,10,21,0.476,4,11,0.364,7,7,1.0,6,7,13,8,9,2,6,3,31
