GAME_ID,TEAM_ID,TEAM_NAME,TEAM_ABBREVIATION,TEAM_CITY,STARTERS_BENCH,MIN,FGM,FGA,FG_PCT,FG3M,FG3A,FG3_PCT,FTM,FTA,FT_PCT,OREB,DREB,REB,AST,STL,BLK,TO,PF,PTS
0022100090,1610612757,Trail Blazers,POR,Portland,Starters,163.000000:40,28,74,0.378,10,42,0.238,6,7,0.857,8,19,27,26,3,3,8,11,72
0022100090,1610612757,Trail Blazers,POR,Portland,Bench,57.000000:52,13,20,0.65,5,9,0.556,2,2,1.0,4,10,14,4,1,2,3,6,33
0022100090,1610612766,Hornets,CHA,Charlotte,Starters,156.000000:38,27,57,0.474,13,28,0.464,9,13,0.692,5,23,28,22,2,2,7,12,76
0022100090,1610612766,Hornets,CHA,Charlotte,Bench,67.000000:53,17,26,0.654,7,13,0.538,4,8,0.5,3,7,10,13,2,2,1,6,45
