GAME_ID,TEAM_ID,TEAM_NAME,TEAM_ABBREVIATION,TEAM_CITY,STARTERS_BENCH,MIN,FGM,FGA,FG_PCT,FG3M,FG3A,FG3_PCT,FTM,FTA,FT_PCT,OREB,DREB,REB,AST,STL,BLK,TO,PF,PTS
2022100478,1612709910,Mad Ants,FWN,Fort Wayne,Starters,188.000000:03,37,76,0.487,12,29,0.414,20,22,0.909,8,24,32,17,11,5,16,11,113
2022100478,1612709910,Mad Ants,FWN,Fort Wayne,Bench,51.000000:57,7,15,0.467,1,7,0.143,2,3,0.667,1,10,11,10,0,3,1,7,17
2022100478,1612709928,Go-Go,CCG,Capital City,Starters,155.000000:51,37,73,0.507,5,16,0.313,9,11,0.818,13,23,36,23,6,1,13,17,91
2022100478,1612709928,Go-Go,CCG,Capital City,Bench,84.000000:09,13,32,0.406,1,8,0.125,2,4,0.5,5,12,17,15,4,6,6,7,30
