GAME_ID,TEAM_ID,TEAM_NAME,TEAM_ABBREVIATION,TEAM_CITY,STARTERS_BENCH,MIN,FGM,FGA,FG_PCT,FG3M,FG3A,FG3_PCT,FTM,FTA,FT_PCT,OREB,DREB,REB,AST,STL,BLK,TO,PF,PTS
2052100117,1612709920,905,RAP,Raptors,Starters,166.000000:17,38,79,0.481,7,28,0.25,9,16,0.563,17,27,44,12,6,2,13,13,99
2052100117,1612709920,905,RAP,Raptors,Bench,73.000000:43,3,10,0.3,0,4,0.0,2,6,0.333,2,3,5,9,6,1,8,9,10
2052100117,1612709928,Go-Go,CCG,Capital City,Starters,145.000000:08,33,56,0.589,11,21,0.524,7,10,0.7,6,20,26,21,4,4,8,16,87
2052100117,1612709928,Go-Go,CCG,Capital City,Bench,94.000000:52,17,32,0.531,3,9,0.333,2,6,0.333,4,16,20,8,8,4,10,10,41
