GAME_ID,TEAM_ID,TEAM_NAME,TEAM_ABBREVIATION,TEAM_CITY,STARTERS_BENCH,MIN,FGM,FGA,FG_PCT,FG3M,FG3A,FG3_PCT,FTM,FTA,FT_PCT,OREB,DREB,REB,AST,STL,BLK,TO,PF,PTS
2072100007,1612709930,Ignite,GLI,G League,Starters,152.000000:45,33,52,0.635,6,11,0.545,3,9,0.333,3,16,19,21,4,2,14,13,76
2072100007,1612709930,Ignite,GLI,G League,Bench,87.000000:15,13,25,0.52,5,13,0.385,4,4,1.0,2,7,9,10,7,1,5,7,39
2072100007,1612709928,Go-Go,CCG,Capital City,Starters,159.000000:05,30,53,0.566,4,16,0.25,7,9,0.778,7,19,26,21,8,2,9,10,76
2072100007,1612709928,Go-Go,CCG,Capital City,Bench,80.000000:55,17,28,0.607,7,8,0.875,4,4,1.0,3,8,11,12,3,0,10,10,47
