GAME_ID,TEAM_ID,TEAM_NAME,TEAM_ABBREVIATION,TEAM_CITY,STARTERS_BENCH,MIN,FGM,FGA,FG_PCT,FG3M,FG3A,FG3_PCT,FTM,FTA,FT_PCT,OREB,DREB,REB,AST,STL,BLK,TO,PF,PTS
2022100257,1612709915,Celtics,MNE,Maine,Starters,189.000000:51,33,71,0.465,9,29,0.31,4,5,0.8,8,28,36,26,5,2,11,9,80
2022100257,1612709915,Celtics,MNE,Maine,Bench,46.000000:40,9,18,0.5,3,10,0.3,2,3,0.667,4,7,11,2,3,3,0,3,23
2022100257,1612709922,Swarm,GBO,Greensboro,Starters,153.000000:50,26,56,0.464,12,34,0.353,3,3,1.0,3,24,27,19,4,1,7,7,68
2022100257,1612709922,Swarm,GBO,Greensboro,Bench,64.000000:42,8,21,0.381,3,10,0.3,2,4,0.5,2,9,11,5,2,1,4,4,23
