GAME_ID,TEAM_ID,TEAM_NAME,TEAM_ABBREVIATION,TEAM_CITY,STARTERS_BENCH,MIN,FGM,FGA,FG_PCT,FG3M,FG3A,FG3_PCT,FTM,FTA,FT_PCT,OREB,DREB,REB,AST,STL,BLK,TO,PF,PTS
2022100449,1612709919,Knicks,WES,Westchester,Starters,168.000000:49,27,69,0.391,7,23,0.304,10,13,0.769,8,21,29,13,12,3,14,14,76
2022100449,1612709919,Knicks,WES,Westchester,Bench,59.000000:16,7,18,0.389,2,6,0.333,5,5,1.0,6,11,17,8,2,0,2,3,24
2022100449,1612709922,Swarm,GBO,Greensboro,Starters,154.000000:19,25,51,0.49,7,19,0.368,11,13,0.846,3,30,33,21,9,4,15,14,73
2022100449,1612709922,Swarm,GBO,Greensboro,Bench,85.000000:41,14,28,0.5,7,16,0.438,3,4,0.75,5,13,18,7,3,2,8,7,39
