GAME_ID,TEAM_ID,TEAM_NAME,TEAM_ABBREVIATION,TEAM_CITY,STARTERS_BENCH,MIN,FGM,FGA,FG_PCT,FG3M,FG3A,FG3_PCT,FTM,FTA,FT_PCT,OREB,DREB,REB,AST,STL,BLK,TO,PF,PTS
0022100780,1610612758,Kings,SAC,Sacramento,Starters,158.000000:36,26,61,0.426,8,26,0.308,8,9,0.889,9,18,27,21,7,3,8,10,68
0022100780,1610612758,Kings,SAC,Sacramento,Bench,81.000000:24,15,32,0.469,6,16,0.375,8,9,0.889,6,15,21,2,1,4,3,5,44
0022100780,1610612751,Nets,BKN,Brooklyn,Starters,153.000000:23,24,56,0.429,7,21,0.333,7,9,0.778,7,21,28,17,5,8,13,9,62
0022100780,1610612751,Nets,BKN,Brooklyn,Bench,58.000000:04,12,18,0.667,1,2,0.5,3,4,0.75,0,7,7,1,1,4,0,4,28
