GAME_ID,TEAM_ID,TEAM_NAME,TEAM_ABBREVIATION,TEAM_CITY,STARTERS_BENCH,MIN,FGM,FGA,FG_PCT,FG3M,FG3A,FG3_PCT,FTM,FTA,FT_PCT,OREB,DREB,REB,AST,STL,BLK,TO,PF,PTS
2052100049,1612709914,Kings,STO,Stockton,Starters,127.000000:34,21,49,0.429,7,18,0.389,3,5,0.6,5,19,24,12,4,3,11,8,55
2052100049,1612709914,Kings,STO,Stockton,Bench,112.000000:26,18,38,0.474,7,17,0.412,3,5,0.6,5,13,18,7,11,2,6,13,47
2052100049,1612709924,Clippers,ACC,Agua Caliente,Starters,158.000000:04,20,54,0.37,6,22,0.273,4,7,0.571,8,24,32,10,11,2,20,12,53
2052100049,1612709924,Clippers,ACC,Agua Caliente,Bench,20.000000:18,2,8,0.25,0,4,0.0,1,2,0.5,0,0,0,4,1,0,3,3,5
