GAME_ID,TEAM_ID,TEAM_NAME,TEAM_ABBREVIATION,TEAM_CITY,STARTERS_BENCH,MIN,FGM,FGA,FG_PCT,FG3M,FG3A,FG3_PCT,FTM,FTA,FT_PCT,OREB,DREB,REB,AST,STL,BLK,TO,PF,PTS
2022100084,1612709902,Warriors,SCW,Santa Cruz,Starters,149.000000:35,34,64,0.531,9,23,0.391,14,15,0.933,4,24,28,19,5,4,15,12,99
2022100084,1612709902,Warriors,SCW,Santa Cruz,Bench,80.000000:28,13,26,0.5,4,11,0.364,1,1,1.0,6,12,18,10,1,2,2,11,31
2022100084,1612709926,Hustle,MHU,Memphis,Starters,183.000000:30,33,74,0.446,17,41,0.415,9,13,0.692,6,19,25,21,12,2,8,14,95
2022100084,1612709926,Hustle,MHU,Memphis,Bench,54.000000:35,7,14,0.5,5,8,0.625,3,3,1.0,3,8,11,3,1,0,4,5,25
