GAME_ID,TEAM_ID,TEAM_NAME,TEAM_ABBREVIATION,TEAM_CITY,STARTERS_BENCH,MIN,FGM,FGA,FG_PCT,FG3M,FG3A,FG3_PCT,FTM,FTA,FT_PCT,OREB,DREB,REB,AST,STL,BLK,TO,PF,PTS
0022100361,1610612753,Magic,ORL,Orlando,Starters,133.000000:06,21,46,0.457,6,21,0.286,9,11,0.818,4,19,23,13,5,2,11,8,57
0022100361,1610612753,Magic,ORL,Orlando,Bench,106.000000:54,12,30,0.4,5,17,0.294,9,11,0.818,1,14,15,5,5,2,11,12,38
0022100361,1610612744,Warriors,GSW,Golden State,Starters,134.000000:20,26,55,0.473,17,29,0.586,16,20,0.8,5,20,25,22,7,1,8,10,85
0022100361,1610612744,Warriors,GSW,Golden State,Bench,105.000000:40,17,32,0.531,3,11,0.273,4,9,0.444,2,16,18,6,8,1,7,9,41
