GAME_ID,TEAM_ID,TEAM_NAME,TEAM_ABBREVIATION,TEAM_CITY,STARTERS_BENCH,MIN,FGM,FGA,FG_PCT,FG3M,FG3A,FG3_PCT,FTM,FTA,FT_PCT,OREB,DREB,REB,AST,STL,BLK,TO,PF,PTS
0022101196,1610612753,Magic,ORL,Orlando,Starters,106.000000:24,23,44,0.523,7,22,0.318,3,4,0.75,2,19,21,18,5,2,7,10,56
0022101196,1610612753,Magic,ORL,Orlando,Bench,133.000000:36,15,51,0.294,8,26,0.308,7,9,0.778,6,16,22,9,1,2,9,12,45
0022101196,1610612766,Hornets,CHA,Charlotte,Starters,133.000000:46,28,59,0.475,8,24,0.333,11,14,0.786,6,28,34,17,7,5,10,7,75
0022101196,1610612766,Hornets,CHA,Charlotte,Bench,84.000000:31,17,30,0.567,3,9,0.333,9,13,0.692,4,14,18,11,2,5,1,10,46
