GAME_ID,TEAM_ID,TEAM_NAME,TEAM_ABBREVIATION,TEAM_CITY,STARTERS_BENCH,MIN,FGM,FGA,FG_PCT,FG3M,FG3A,FG3_PCT,FTM,FTA,FT_PCT,OREB,DREB,REB,AST,STL,BLK,TO,PF,PTS
0042100226,1610612756,Suns,PHX,Phoenix,Starters,164.000000:28,24,51,0.471,5,11,0.455,16,19,0.842,6,22,28,15,3,2,18,18,69
0042100226,1610612756,Suns,PHX,Phoenix,Bench,75.000000:32,7,27,0.259,1,7,0.143,2,2,1.0,7,10,17,3,0,0,4,9,17
0042100226,1610612742,Mavericks,DAL,Dallas,Starters,152.000000:57,27,61,0.443,8,25,0.32,20,28,0.714,6,21,27,11,10,2,1,14,82
0042100226,1610612742,Mavericks,DAL,Dallas,Bench,40.000000:18,5,9,0.556,5,8,0.625,7,8,0.875,0,7,7,3,2,1,2,1,22
