GAME_ID,TEAM_ID,TEAM_NAME,TEAM_ABBREVIATION,TEAM_CITY,STARTERS_BENCH,MIN,FGM,FGA,FG_PCT,FG3M,FG3A,FG3_PCT,FTM,FTA,FT_PCT,OREB,DREB,REB,AST,STL,BLK,TO,PF,PTS
0022100929,1610612746,Clippers,LAC,LA,Starters,131.000000:34,26,60,0.433,8,15,0.533,12,13,0.923,13,16,29,16,4,2,6,10,72
0022100929,1610612746,Clippers,LAC,LA,Bench,108.000000:27,16,36,0.444,5,16,0.313,4,4,1.0,4,22,26,8,3,6,9,9,41
0022100929,1610612745,Rockets,HOU,Houston,Starters,141.000000:19,24,56,0.429,8,23,0.348,10,14,0.714,9,16,25,12,2,4,9,10,66
0022100929,1610612745,Rockets,HOU,Houston,Bench,98.000000:41,14,40,0.35,5,16,0.313,1,3,0.333,5,15,20,9,6,2,4,8,34
