GAME_ID,TEAM_ID,TEAM_NAME,TEAM_ABBREVIATION,TEAM_CITY,STARTERS_BENCH,MIN,FGM,FGA,FG_PCT,FG3M,FG3A,FG3_PCT,FTM,FTA,FT_PCT,OREB,DREB,REB,AST,STL,BLK,TO,PF,PTS
0022100369,1610612752,Knicks,NYK,New York,Starters,136.000000:11,18,48,0.375,6,17,0.353,17,19,0.895,6,14,20,6,3,3,11,13,59
0022100369,1610612752,Knicks,NYK,New York,Bench,103.000000:49,18,38,0.474,3,13,0.231,4,4,1.0,5,11,16,11,3,5,2,7,43
0022100369,1610612754,Pacers,IND,Indiana,Starters,156.000000:10,35,55,0.636,9,16,0.563,18,23,0.783,5,20,25,22,7,3,7,11,97
0022100369,1610612754,Pacers,IND,Indiana,Bench,79.000000:25,11,29,0.379,1,9,0.111,2,2,1.0,4,11,15,4,1,1,2,8,25
