GAME_ID,TEAM_ID,TEAM_NAME,TEAM_ABBREVIATION,TEAM_CITY,STARTERS_BENCH,MIN,FGM,FGA,FG_PCT,FG3M,FG3A,FG3_PCT,FTM,FTA,FT_PCT,OREB,DREB,REB,AST,STL,BLK,TO,PF,PTS
2022100067,1612709903,Stars,SLC,Salt Lake City,Starters,154.000000:14,30,63,0.476,9,26,0.346,7,7,1.0,8,28,36,13,3,2,4,11,83
2022100067,1612709903,Stars,SLC,Salt Lake City,Bench,70.000000:41,12,30,0.4,6,12,0.5,1,2,0.5,7,6,13,13,4,2,4,7,32
2022100067,1612709926,Hustle,MHU,Memphis,Starters,144.000000:12,23,59,0.39,6,23,0.261,3,7,0.429,7,21,28,19,7,1,11,10,58
2022100067,1612709926,Hustle,MHU,Memphis,Bench,95.000000:48,16,30,0.533,2,10,0.2,4,7,0.571,5,17,22,5,0,2,4,7,40
