GAME_ID,TEAM_ID,TEAM_NAME,TEAM_ABBREVIATION,TEAM_CITY,STARTERS_BENCH,MIN,FGM,FGA,FG_PCT,FG3M,FG3A,FG3_PCT,FTM,FTA,FT_PCT,OREB,DREB,REB,AST,STL,BLK,TO,PF,PTS
2022100254,1612709910,Mad Ants,FWN,Fort Wayne,Starters,155.000000:45,30,58,0.517,4,20,0.2,11,13,0.846,3,26,29,21,11,5,9,11,84
2022100254,1612709910,Mad Ants,FWN,Fort Wayne,Bench,73.000000:23,8,23,0.348,3,12,0.25,2,2,1.0,1,5,6,5,0,0,6,8,23
2022100254,1612709929,Skyhawks,CPS,College Park,Starters,186.000000:17,26,69,0.377,3,21,0.143,6,9,0.667,15,23,38,16,5,5,19,17,66
2022100254,1612709929,Skyhawks,CPS,College Park,Bench,53.000000:43,7,19,0.368,4,11,0.364,6,7,0.857,1,11,12,4,0,0,4,5,31
