GAME_ID,TEAM_ID,TEAM_NAME,TEAM_ABBREVIATION,TEAM_CITY,STARTERS_BENCH,MIN,FGM,FGA,FG_PCT,FG3M,FG3A,FG3_PCT,FTM,FTA,FT_PCT,OREB,DREB,REB,AST,STL,BLK,TO,PF,PTS
2022100379,1612709908,Vipers,RGV,Rio Grande Valley,Starters,165.000000:58,32,57,0.561,14,30,0.467,5,11,0.455,13,19,32,26,7,8,14,13,87
2022100379,1612709908,Vipers,RGV,Rio Grande Valley,Bench,65.000000:12,14,23,0.609,7,11,0.636,0,0,0.0,1,9,10,6,3,1,7,6,35
2022100379,1612709911,Wolves,IWA,Iowa,Starters,172.000000:10,29,65,0.446,9,24,0.375,7,9,0.778,7,16,23,16,8,5,12,11,80
2022100379,1612709911,Wolves,IWA,Iowa,Bench,55.000000:51,11,23,0.478,2,4,0.5,1,2,0.5,6,3,9,8,4,1,5,3,26
