GAME_ID,TEAM_ID,TEAM_NAME,TEAM_ABBREVIATION,TEAM_CITY,STARTERS_BENCH,MIN,FGM,FGA,FG_PCT,FG3M,FG3A,FG3_PCT,FTM,FTA,FT_PCT,OREB,DREB,REB,AST,STL,BLK,TO,PF,PTS
2022100436,1612709918,Legends,TEX,Texas,Starters,176.000000:08,34,65,0.523,9,23,0.391,9,10,0.9,6,14,20,24,7,3,14,9,90
2022100436,1612709918,Legends,TEX,Texas,Bench,63.000000:52,9,18,0.5,3,10,0.3,1,3,0.333,3,10,13,4,3,1,5,3,23
2022100436,1612709905,Lakers,SBL,South Bay,Starters,157.000000:15,33,63,0.524,6,15,0.4,4,6,0.667,14,19,33,19,5,3,11,10,79
2022100436,1612709905,Lakers,SBL,South Bay,Bench,74.000000:01,14,31,0.452,5,12,0.417,0,2,0.0,5,9,14,7,6,2,7,6,33
