GAME_ID,TEAM_ID,TEAM_NAME,TEAM_ABBREVIATION,TEAM_CITY,STARTERS_BENCH,MIN,FGM,FGA,FG_PCT,FG3M,FG3A,FG3_PCT,FTM,FTA,FT_PCT,OREB,DREB,REB,AST,STL,BLK,TO,PF,PTS
2052100004,1612709918,Legends,TEX,Texas,Starters,143.000000:19,29,58,0.5,8,18,0.444,9,11,0.818,10,26,36,14,6,1,9,20,81
2052100004,1612709918,Legends,TEX,Texas,Bench,96.000000:41,9,32,0.281,5,20,0.25,5,5,1.0,2,16,18,5,5,0,3,7,33
2052100004,1612709925,Magic,LAK,Lakeland,Starters,173.000000:04,31,64,0.484,7,28,0.25,6,8,0.75,1,32,33,18,5,5,12,19,79
2052100004,1612709925,Magic,LAK,Lakeland,Bench,59.000000:47,4,14,0.286,1,5,0.2,2,4,0.5,2,7,9,5,2,1,4,3,13
