GAME_ID,TEAM_ID,TEAM_NAME,TEAM_ABBREVIATION,TEAM_CITY,STARTERS_BENCH,MIN,FGM,FGA,FG_PCT,FG3M,FG3A,FG3_PCT,FTM,FTA,FT_PCT,OREB,DREB,REB,AST,STL,BLK,TO,PF,PTS
0022100008,1610612750,Timberwolves,MIN,Minnesota,Starters,131.000000:57,31,60,0.517,13,26,0.5,16,19,0.842,9,19,28,13,10,7,11,12,91
0022100008,1610612750,Timberwolves,MIN,Minnesota,Bench,108.000000:03,11,27,0.407,3,12,0.25,8,12,0.667,4,14,18,13,8,5,7,10,33
0022100008,1610612745,Rockets,HOU,Houston,Starters,130.000000:42,19,51,0.373,6,21,0.286,5,8,0.625,6,18,24,12,2,1,13,12,49
0022100008,1610612745,Rockets,HOU,Houston,Bench,75.000000:37,17,26,0.654,5,8,0.625,9,10,0.9,6,7,13,5,8,2,7,6,48
