GAME_ID,TEAM_ID,TEAM_NAME,TEAM_ABBREVIATION,TEAM_CITY,STARTERS_BENCH,MIN,FGM,FGA,FG_PCT,FG3M,FG3A,FG3_PCT,FTM,FTA,FT_PCT,OREB,DREB,REB,AST,STL,BLK,TO,PF,PTS
0022100206,1610612756,Suns,PHX,Phoenix,Starters,162.000000:26,25,61,0.41,4,18,0.222,27,34,0.794,11,19,30,16,5,0,10,17,81
0022100206,1610612756,Suns,PHX,Phoenix,Bench,51.000000:46,6,18,0.333,3,11,0.273,1,2,0.5,1,11,12,2,3,0,3,3,16
0022100206,1610612750,Timberwolves,MIN,Minnesota,Starters,171.000000:46,25,63,0.397,9,30,0.3,21,25,0.84,10,31,41,13,5,3,16,23,80
0022100206,1610612750,Timberwolves,MIN,Minnesota,Bench,68.000000:14,6,22,0.273,4,14,0.286,0,2,0.0,3,10,13,5,3,0,2,5,16
