GAME_ID,TEAM_ID,TEAM_NAME,TEAM_ABBREVIATION,TEAM_CITY,STARTERS_BENCH,MIN,FGM,FGA,FG_PCT,FG3M,FG3A,FG3_PCT,FTM,FTA,FT_PCT,OREB,DREB,REB,AST,STL,BLK,TO,PF,PTS
0022100360,1610612759,Spurs,SAS,San Antonio,Starters,148.000000:47,27,54,0.5,7,18,0.389,9,14,0.643,6,22,28,22,3,2,10,10,70
0022100360,1610612759,Spurs,SAS,San Antonio,Bench,83.000000:20,12,35,0.343,4,10,0.4,4,5,0.8,3,9,12,7,8,4,4,6,32
0022100360,1610612756,Suns,PHX,Phoenix,Starters,163.000000:29,28,60,0.467,7,18,0.389,8,12,0.667,8,22,30,20,3,3,12,11,71
0022100360,1610612756,Suns,PHX,Phoenix,Bench,76.000000:31,15,34,0.441,3,11,0.273,4,6,0.667,7,12,19,7,3,1,5,9,37
