GAME_ID,TEAM_ID,TEAM_NAME,TEAM_ABBREVIATION,TEAM_CITY,STARTERS_BENCH,MIN,FGM,FGA,FG_PCT,FG3M,FG3A,FG3_PCT,FTM,FTA,FT_PCT,OREB,DREB,REB,AST,STL,BLK,TO,PF,PTS
0022101088,1610612748,Heat,MIA,Miami,Starters,181.000000:02,32,63,0.508,12,24,0.5,15,19,0.789,7,19,26,26,6,1,6,11,91
0022101088,1610612748,Heat,MIA,Miami,Bench,54.000000:34,5,20,0.25,2,12,0.167,1,2,0.5,1,6,7,0,2,0,3,8,13
0022101088,1610612744,Warriors,GSW,Golden State,Starters,152.000000:22,28,57,0.491,10,25,0.4,10,14,0.714,5,23,28,13,3,2,7,13,76
0022101088,1610612744,Warriors,GSW,Golden State,Bench,87.000000:38,12,20,0.6,5,11,0.455,13,13,1.0,2,15,17,10,2,0,4,11,42
