GAME_ID,TEAM_ID,TEAM_NAME,TEAM_ABBREVIATION,TEAM_CITY,STARTERS_BENCH,MIN,FGM,FGA,FG_PCT,FG3M,FG3A,FG3_PCT,FTM,FTA,FT_PCT,OREB,DREB,REB,AST,STL,BLK,TO,PF,PTS
2052100032,1612709904,Skyforce,SXF,Sioux Falls,Starters,178.000000:44,32,70,0.457,9,24,0.375,4,7,0.571,10,27,37,21,9,4,7,19,79
2052100032,1612709904,Skyforce,SXF,Sioux Falls,Bench,61.000000:16,8,22,0.364,2,10,0.2,1,1,1.0,3,10,13,3,1,0,4,10,20
2052100032,1612709917,Gold,GRG,Grand Rapids,Starters,195.000000:17,27,72,0.375,8,30,0.267,16,22,0.727,18,38,56,11,5,1,10,12,90
2052100032,1612709917,Gold,GRG,Grand Rapids,Bench,39.000000:03,4,16,0.25,1,8,0.125,1,1,1.0,2,3,5,3,1,0,4,0,11
