GAME_ID,TEAM_ID,TEAM_NAME,TEAM_ABBREVIATION,TEAM_CITY,STARTERS_BENCH,MIN,FGM,FGA,FG_PCT,FG3M,FG3A,FG3_PCT,FTM,FTA,FT_PCT,OREB,DREB,REB,AST,STL,BLK,TO,PF,PTS
0022100609,1610612754,Pacers,IND,Indiana,Starters,146.000000:20,16,51,0.314,3,21,0.143,13,14,0.929,9,23,32,18,8,3,12,11,48
0022100609,1610612754,Pacers,IND,Indiana,Bench,118.000000:40,20,43,0.465,8,16,0.5,2,3,0.667,1,14,15,4,2,3,5,10,50
0022100609,1610612738,Celtics,BOS,Boston,Starters,173.000000:14,27,66,0.409,6,19,0.316,18,20,0.9,10,39,49,10,6,4,17,12,78
0022100609,1610612738,Celtics,BOS,Boston,Bench,91.000000:46,8,22,0.364,2,9,0.222,5,8,0.625,2,2,4,7,4,2,3,7,23
