GAME_ID,TEAM_ID,TEAM_NAME,TEAM_ABBREVIATION,TEAM_CITY,STARTERS_BENCH,MIN,FGM,FGA,FG_PCT,FG3M,FG3A,FG3_PCT,FTM,FTA,FT_PCT,OREB,DREB,REB,AST,STL,BLK,TO,PF,PTS
2022100145,1612709922,Swarm,GBO,Greensboro,Starters,149.000000:12,28,60,0.467,7,19,0.368,10,12,0.833,12,23,35,15,7,2,16,11,82
2022100145,1612709922,Swarm,GBO,Greensboro,Bench,62.000000:49,6,11,0.545,3,7,0.429,1,1,1.0,1,2,3,5,2,0,3,2,16
2022100145,1612709909,Blue Coats,DEL,Delaware,Starters,167.000000:55,34,73,0.466,6,26,0.231,8,9,0.889,10,22,32,24,15,6,13,14,86
2022100145,1612709909,Blue Coats,DEL,Delaware,Bench,31.000000:18,1,3,0.333,0,1,0.0,0,0,0.0,2,3,5,3,0,0,1,4,2
