GAME_ID,TEAM_ID,TEAM_NAME,TEAM_ABBREVIATION,TEAM_CITY,STARTERS_BENCH,MIN,FGM,FGA,FG_PCT,FG3M,FG3A,FG3_PCT,FTM,FTA,FT_PCT,OREB,DREB,REB,AST,STL,BLK,TO,PF,PTS
0022100763,1610612758,Kings,SAC,Sacramento,Starters,148.000000:18,24,49,0.49,6,18,0.333,10,20,0.5,4,13,17,16,2,2,9,14,64
0022100763,1610612758,Kings,SAC,Sacramento,Bench,91.000000:42,13,37,0.351,5,20,0.25,1,2,0.5,5,14,19,8,4,3,7,9,32
0022100763,1610612752,Knicks,NYK,New York,Starters,122.000000:12,21,44,0.477,6,18,0.333,7,11,0.636,7,22,29,9,5,2,11,11,55
0022100763,1610612752,Knicks,NYK,New York,Bench,117.000000:48,19,36,0.528,7,17,0.412,16,18,0.889,1,17,18,16,7,3,6,9,61
