GAME_ID,TEAM_ID,TEAM_NAME,TEAM_ABBREVIATION,TEAM_CITY,STARTERS_BENCH,MIN,FGM,FGA,FG_PCT,FG3M,FG3A,FG3_PCT,FTM,FTA,FT_PCT,OREB,DREB,REB,AST,STL,BLK,TO,PF,PTS
2052100132,1612709904,Skyforce,SXF,Sioux Falls,Starters,130.000000:18,19,59,0.322,4,14,0.286,6,8,0.75,5,18,23,11,6,1,4,14,52
2052100132,1612709904,Skyforce,SXF,Sioux Falls,Bench,102.000000:40,15,37,0.405,10,19,0.526,4,6,0.667,2,10,12,11,2,0,3,11,46
2052100132,1612709932,Cruise,MCC,Motor City,Starters,139.000000:16,21,44,0.477,7,15,0.467,13,17,0.765,1,26,27,18,4,1,13,17,70
2052100132,1612709932,Cruise,MCC,Motor City,Bench,100.000000:44,12,25,0.48,4,16,0.25,3,6,0.5,4,27,31,3,1,6,7,7,33
