GAME_ID,TEAM_ID,TEAM_NAME,TEAM_ABBREVIATION,TEAM_CITY,STARTERS_BENCH,MIN,FGM,FGA,FG_PCT,FG3M,FG3A,FG3_PCT,FTM,FTA,FT_PCT,OREB,DREB,REB,AST,STL,BLK,TO,PF,PTS
2022100157,1612709889,Blue,OKL,Oklahoma City,Starters,139.000000:28,31,57,0.544,9,21,0.429,10,14,0.714,3,25,28,13,10,2,11,7,83
2022100157,1612709889,Blue,OKL,Oklahoma City,Bench,85.000000:38,9,23,0.391,6,14,0.429,4,5,0.8,2,8,10,13,3,1,2,8,32
2022100157,1612709913,Squadron,BIR,Birmingham,Starters,170.000000:15,31,62,0.5,13,31,0.419,9,11,0.818,5,26,31,17,5,1,12,12,90
2022100157,1612709913,Squadron,BIR,Birmingham,Bench,69.000000:45,8,19,0.421,5,10,0.5,3,4,0.75,2,9,11,8,4,1,6,6,27
