GAME_ID,TEAM_ID,TEAM_NAME,TEAM_ABBREVIATION,TEAM_CITY,STARTERS_BENCH,MIN,FGM,FGA,FG_PCT,FG3M,FG3A,FG3_PCT,FTM,FTA,FT_PCT,OREB,DREB,REB,AST,STL,BLK,TO,PF,PTS
0022100948,1610612764,Wizards,WAS,Washington,Starters,136.000000:10,28,56,0.5,8,19,0.421,6,7,0.857,5,17,22,27,0,4,7,17,70
0022100948,1610612764,Wizards,WAS,Washington,Bench,103.000000:50,18,29,0.621,6,10,0.6,2,2,1.0,2,17,19,10,2,3,7,12,44
0022100948,1610612737,Hawks,ATL,Atlanta,Starters,141.000000:29,24,59,0.407,9,23,0.391,21,24,0.875,10,13,23,11,1,3,3,12,78
0022100948,1610612737,Hawks,ATL,Atlanta,Bench,98.000000:31,14,32,0.438,4,13,0.308,7,10,0.7,3,13,16,7,5,2,1,4,39
