GAME_ID,TEAM_ID,TEAM_NAME,TEAM_ABBREVIATION,TEAM_CITY,STARTERS_BENCH,MIN,FGM,FGA,FG_PCT,FG3M,FG3A,FG3_PCT,FTM,FTA,FT_PCT,OREB,DREB,REB,AST,STL,BLK,TO,PF,PTS
0022100259,1610612740,Pelicans,NOP,New Orleans,Starters,114.000000:48,16,45,0.356,3,17,0.176,10,10,1.0,10,12,22,11,4,5,15,13,45
0022100259,1610612740,Pelicans,NOP,New Orleans,Bench,125.000000:12,21,43,0.488,3,15,0.2,6,8,0.75,5,21,26,13,2,1,6,10,51
0022100259,1610612750,Timberwolves,MIN,Minnesota,Starters,149.000000:36,28,70,0.4,7,29,0.241,20,28,0.714,17,18,35,16,9,5,8,13,83
0022100259,1610612750,Timberwolves,MIN,Minnesota,Bench,90.000000:24,12,30,0.4,3,15,0.2,0,0,0.0,4,10,14,5,5,4,3,7,27
