GAME_ID,TEAM_ID,TEAM_NAME,TEAM_ABBREVIATION,TEAM_CITY,STARTERS_BENCH,MIN,FGM,FGA,FG_PCT,FG3M,FG3A,FG3_PCT,FTM,FTA,FT_PCT,OREB,DREB,REB,AST,STL,BLK,TO,PF,PTS
0022101060,1610612765,Pistons,DET,Detroit,Starters,160.000000:48,34,65,0.523,10,19,0.526,11,15,0.733,9,19,28,17,6,4,10,13,89
0022101060,1610612765,Pistons,DET,Detroit,Bench,79.000000:12,7,20,0.35,3,11,0.273,3,4,0.75,1,9,10,6,4,2,5,9,20
0022101060,1610612739,Cavaliers,CLE,Cleveland,Starters,157.000000:49,28,53,0.528,4,13,0.308,10,15,0.667,4,18,22,22,5,2,10,10,70
0022101060,1610612739,Cavaliers,CLE,Cleveland,Bench,75.000000:18,17,30,0.567,6,13,0.462,2,4,0.5,3,14,17,6,1,1,4,6,42
