GAME_ID,TEAM_ID,TEAM_NAME,TEAM_ABBREVIATION,TEAM_CITY,STARTERS_BENCH,MIN,FGM,FGA,FG_PCT,FG3M,FG3A,FG3_PCT,FTM,FTA,FT_PCT,OREB,DREB,REB,AST,STL,BLK,TO,PF,PTS
0042100105,1610612748,Heat,MIA,Miami,Starters,171.000000:13,26,53,0.491,7,18,0.389,12,14,0.857,5,21,26,15,9,1,8,18,71
0042100105,1610612748,Heat,MIA,Miami,Bench,68.000000:47,11,29,0.379,0,13,0.0,4,7,0.571,2,5,7,4,3,1,6,7,26
0042100105,1610612737,Hawks,ATL,Atlanta,Starters,162.000000:28,22,52,0.423,5,20,0.25,18,21,0.857,6,24,30,11,6,2,16,15,67
0042100105,1610612737,Hawks,ATL,Atlanta,Bench,77.000000:32,9,22,0.409,3,5,0.6,6,7,0.857,6,6,12,4,2,0,3,7,27
