GAME_ID,TEAM_ID,TEAM_NAME,TEAM_ABBREVIATION,TEAM_CITY,STARTERS_BENCH,MIN,FGM,FGA,FG_PCT,FG3M,FG3A,FG3_PCT,FTM,FTA,FT_PCT,OREB,DREB,REB,AST,STL,BLK,TO,PF,PTS
0022101219,1610612759,Spurs,SAS,San Antonio,Starters,144.000000:08,25,58,0.431,5,20,0.25,17,17,1.0,5,18,23,14,9,2,5,10,72
0022101219,1610612759,Spurs,SAS,San Antonio,Bench,75.000000:01,13,22,0.591,4,7,0.571,6,6,1.0,2,9,11,6,4,1,3,5,36
0022101219,1610612742,Mavericks,DAL,Dallas,Starters,132.000000:23,27,50,0.54,10,20,0.5,12,17,0.706,5,22,27,19,3,2,9,6,76
0022101219,1610612742,Mavericks,DAL,Dallas,Bench,107.000000:37,19,35,0.543,10,16,0.625,6,6,1.0,5,11,16,15,2,1,7,10,54
