GAME_ID,TEAM_ID,TEAM_NAME,TEAM_ABBREVIATION,TEAM_CITY,STARTERS_BENCH,MIN,FGM,FGA,FG_PCT,FG3M,FG3A,FG3_PCT,FTM,FTA,FT_PCT,OREB,DREB,REB,AST,STL,BLK,TO,PF,PTS
0022100449,1610612748,Heat,MIA,Miami,Starters,154.000000:45,16,47,0.34,8,31,0.258,13,21,0.619,5,15,20,22,2,0,10,13,53
0022100449,1610612748,Heat,MIA,Miami,Bench,70.000000:27,11,23,0.478,5,12,0.417,8,12,0.667,2,15,17,1,1,3,2,10,35
0022100449,1610612765,Pistons,DET,Detroit,Starters,147.000000:26,21,39,0.538,5,13,0.385,16,22,0.727,3,27,30,16,3,0,10,18,63
0022100449,1610612765,Pistons,DET,Detroit,Bench,92.000000:34,14,36,0.389,3,19,0.158,6,8,0.75,3,14,17,8,1,2,3,10,37
