GAME_ID,TEAM_ID,TEAM_NAME,TEAM_ABBREVIATION,TEAM_CITY,STARTERS_BENCH,MIN,FGM,FGA,FG_PCT,FG3M,FG3A,FG3_PCT,FTM,FTA,FT_PCT,OREB,DREB,REB,AST,STL,BLK,TO,PF,PTS
2022100339,1612709918,Legends,TEX,Texas,Starters,150.000000:22,21,49,0.429,4,20,0.2,5,7,0.714,5,20,25,12,6,3,8,11,55
2022100339,1612709918,Legends,TEX,Texas,Bench,73.000000:11,14,29,0.483,3,9,0.333,2,3,0.667,6,7,13,6,4,2,2,7,35
2022100339,1612709904,Skyforce,SXF,Sioux Falls,Starters,181.000000:12,35,69,0.507,14,28,0.5,2,3,0.667,6,28,34,26,7,3,13,9,86
2022100339,1612709904,Skyforce,SXF,Sioux Falls,Bench,58.000000:48,9,19,0.474,2,7,0.286,2,5,0.4,5,6,11,8,3,1,4,5,24
