GAME_ID,TEAM_ID,TEAM_NAME,TEAM_ABBREVIATION,TEAM_CITY,STARTERS_BENCH,MIN,FGM,FGA,FG_PCT,FG3M,FG3A,FG3_PCT,FTM,FTA,FT_PCT,OREB,DREB,REB,AST,STL,BLK,TO,PF,PTS
0022100681,1610612752,Knicks,NYK,New York,Starters,133.000000:49,16,42,0.381,2,16,0.125,15,27,0.556,11,22,33,11,2,3,7,8,49
0022100681,1610612752,Knicks,NYK,New York,Bench,106.000000:11,13,35,0.371,7,22,0.318,9,9,1.0,3,12,15,10,4,2,8,13,42
0022100681,1610612740,Pelicans,NOP,New Orleans,Starters,160.000000:19,27,54,0.5,9,22,0.409,13,20,0.65,3,26,29,17,6,2,9,15,76
0022100681,1610612740,Pelicans,NOP,New Orleans,Bench,63.000000:13,8,18,0.444,2,6,0.333,2,2,1.0,0,4,4,9,4,0,2,6,20
