GAME_ID,TEAM_ID,TEAM_NAME,TEAM_ABBREVIATION,TEAM_CITY,STARTERS_BENCH,MIN,FGM,FGA,FG_PCT,FG3M,FG3A,FG3_PCT,FTM,FTA,FT_PCT,OREB,DREB,REB,AST,STL,BLK,TO,PF,PTS
2022100373,1612709918,Legends,TEX,Texas,Starters,154.000000:51,33,62,0.532,16,37,0.432,5,7,0.714,6,21,27,25,7,2,13,14,90
2022100373,1612709918,Legends,TEX,Texas,Bench,64.000000:40,7,22,0.318,4,14,0.286,2,2,1.0,5,10,15,6,2,1,2,6,21
2022100373,1612709903,Stars,SLC,Salt Lake City,Starters,152.000000:48,28,61,0.459,9,27,0.333,7,8,0.875,10,19,29,11,9,5,11,10,78
2022100373,1612709903,Stars,SLC,Salt Lake City,Bench,87.000000:12,9,26,0.346,1,10,0.1,3,4,0.75,1,12,13,5,1,2,7,6,23
