GAME_ID,TEAM_ID,TEAM_NAME,TEAM_ABBREVIATION,TEAM_CITY,STARTERS_BENCH,MIN,FGM,FGA,FG_PCT,FG3M,FG3A,FG3_PCT,FTM,FTA,FT_PCT,OREB,DREB,REB,AST,STL,BLK,TO,PF,PTS
0022100015,1610612749,Bucks,MIL,Milwaukee,Starters,123.000000:34,19,49,0.388,6,24,0.25,9,13,0.692,1,20,21,13,6,0,9,12,53
0022100015,1610612749,Bucks,MIL,Milwaukee,Bench,45.000000:06,7,14,0.5,3,6,0.5,3,6,0.5,3,4,7,1,0,0,3,4,20
0022100015,1610612748,Heat,MIA,Miami,Starters,122.000000:08,22,45,0.489,5,17,0.294,13,19,0.684,6,24,30,17,5,1,5,13,62
0022100015,1610612748,Heat,MIA,Miami,Bench,117.000000:52,29,51,0.569,10,18,0.556,7,12,0.583,5,23,28,11,3,1,6,13,75
