GAME_ID,TEAM_ID,TEAM_NAME,TEAM_ABBREVIATION,TEAM_CITY,STARTERS_BENCH,MIN,FGM,FGA,FG_PCT,FG3M,FG3A,FG3_PCT,FTM,FTA,FT_PCT,OREB,DREB,REB,AST,STL,BLK,TO,PF,PTS
2022100309,1612709904,Skyforce,SXF,Sioux Falls,Starters,161.000000:53,25,52,0.481,3,11,0.273,16,18,0.889,3,30,33,11,9,5,13,14,76
2022100309,1612709904,Skyforce,SXF,Sioux Falls,Bench,78.000000:07,8,25,0.32,4,12,0.333,4,5,0.8,2,12,14,8,1,1,4,9,25
2022100309,1612709926,Hustle,MHU,Memphis,Starters,158.000000:38,26,59,0.441,6,21,0.286,7,8,0.875,8,24,32,18,6,4,10,14,69
2022100309,1612709926,Hustle,MHU,Memphis,Bench,72.000000:02,10,29,0.345,3,12,0.25,0,4,0.0,3,13,16,5,1,0,4,4,23
