GAME_ID,TEAM_ID,TEAM_NAME,TEAM_ABBREVIATION,TEAM_CITY,STARTERS_BENCH,MIN,FGM,FGA,FG_PCT,FG3M,FG3A,FG3_PCT,FTM,FTA,FT_PCT,OREB,DREB,REB,AST,STL,BLK,TO,PF,PTS
0022101178,1610612755,76ers,PHI,Philadelphia,Starters,173.000000:52,36,68,0.529,17,29,0.586,14,18,0.778,2,23,25,29,7,2,12,7,103
0022101178,1610612755,76ers,PHI,Philadelphia,Bench,66.000000:08,11,19,0.579,6,11,0.545,0,0,0.0,3,8,11,5,1,1,2,7,28
0022101178,1610612754,Pacers,IND,Indiana,Starters,158.000000:33,30,61,0.492,6,26,0.231,13,13,1.0,12,21,33,17,6,6,12,11,79
0022101178,1610612754,Pacers,IND,Indiana,Bench,81.000000:27,15,34,0.441,6,14,0.429,7,8,0.875,4,11,15,12,2,4,3,7,43
