GAME_ID,TEAM_ID,TEAM_NAME,TEAM_ABBREVIATION,TEAM_CITY,STARTERS_BENCH,MIN,FGM,FGA,FG_PCT,FG3M,FG3A,FG3_PCT,FTM,FTA,FT_PCT,OREB,DREB,REB,AST,STL,BLK,TO,PF,PTS
0022100724,1610612753,Magic,ORL,Orlando,Starters,158.000000:17,28,53,0.528,6,18,0.333,13,18,0.722,6,24,30,26,4,2,10,18,75
0022100724,1610612753,Magic,ORL,Orlando,Bench,81.000000:44,10,31,0.323,3,17,0.176,4,4,1.0,2,7,9,3,5,1,3,5,27
0022100724,1610612746,Clippers,LAC,LA,Starters,123.000000:56,21,47,0.447,10,17,0.588,10,10,1.0,3,21,24,11,4,0,8,12,62
0022100724,1610612746,Clippers,LAC,LA,Bench,116.000000:04,15,34,0.441,5,12,0.417,14,17,0.824,5,20,25,9,3,1,7,10,49
