GAME_ID,TEAM_ID,TEAM_NAME,TEAM_ABBREVIATION,TEAM_CITY,STARTERS_BENCH,MIN,FGM,FGA,FG_PCT,FG3M,FG3A,FG3_PCT,FTM,FTA,FT_PCT,OREB,DREB,REB,AST,STL,BLK,TO,PF,PTS
0022101174,1610612756,Suns,PHX,Phoenix,Starters,146.000000:28,23,59,0.39,5,29,0.172,10,11,0.909,3,17,20,13,7,1,6,12,61
0022101174,1610612756,Suns,PHX,Phoenix,Bench,93.000000:32,14,30,0.467,2,9,0.222,5,6,0.833,3,10,13,9,7,3,5,5,35
0022101174,1610612760,Thunder,OKC,Oklahoma City,Starters,155.000000:57,24,54,0.444,7,21,0.333,10,13,0.769,4,30,34,31,4,2,10,13,65
0022101174,1610612760,Thunder,OKC,Oklahoma City,Bench,84.000000:03,19,33,0.576,10,20,0.5,4,5,0.8,8,12,20,2,3,2,6,5,52
