GAME_ID,TEAM_ID,TEAM_NAME,TEAM_ABBREVIATION,TEAM_CITY,STARTERS_BENCH,MIN,FGM,FGA,FG_PCT,FG3M,FG3A,FG3_PCT,FTM,FTA,FT_PCT,OREB,DREB,REB,AST,STL,BLK,TO,PF,PTS
0022101059,1610612742,Mavericks,DAL,Dallas,Starters,127.000000:38,22,46,0.478,11,23,0.478,11,13,0.846,3,15,18,8,4,1,6,9,66
0022101059,1610612742,Mavericks,DAL,Dallas,Bench,112.000000:22,17,43,0.395,3,15,0.2,5,7,0.714,9,17,26,10,0,3,7,17,42
0022101059,1610612766,Hornets,CHA,Charlotte,Starters,134.000000:21,28,49,0.571,17,29,0.586,7,8,0.875,2,20,22,21,5,4,6,10,80
0022101059,1610612766,Hornets,CHA,Charlotte,Bench,105.000000:39,16,39,0.41,3,13,0.231,14,19,0.737,8,16,24,12,3,4,3,8,49
