GAME_ID,TEAM_ID,TEAM_NAME,TEAM_ABBREVIATION,TEAM_CITY,STARTERS_BENCH,MIN,FGM,FGA,FG_PCT,FG3M,FG3A,FG3_PCT,FTM,FTA,FT_PCT,OREB,DREB,REB,AST,STL,BLK,TO,PF,PTS
2052100044,1612709902,Warriors,SCW,Santa Cruz,Starters,142.000000:42,18,59,0.305,3,20,0.15,6,8,0.75,8,25,33,8,7,0,16,9,51
2052100044,1612709902,Warriors,SCW,Santa Cruz,Bench,71.000000:38,6,20,0.3,4,10,0.4,1,1,1.0,2,14,16,6,0,1,1,3,18
2052100044,1612709889,Blue,OKL,Oklahoma City,Starters,148.000000:51,23,61,0.377,8,27,0.296,2,4,0.5,5,37,42,14,4,2,11,5,57
2052100044,1612709889,Blue,OKL,Oklahoma City,Bench,87.000000:39,12,29,0.414,1,11,0.091,2,3,0.667,3,13,16,9,6,1,6,8,28
