GAME_ID,TEAM_ID,TEAM_NAME,TEAM_ABBREVIATION,TEAM_CITY,STARTERS_BENCH,MIN,FGM,FGA,FG_PCT,FG3M,FG3A,FG3_PCT,FTM,FTA,FT_PCT,OREB,DREB,REB,AST,STL,BLK,TO,PF,PTS
2052100164,1612709926,Hustle,MHU,Memphis,Starters,181.000000:27,36,79,0.456,9,26,0.346,3,5,0.6,11,27,38,20,8,3,9,13,85
2052100164,1612709926,Hustle,MHU,Memphis,Bench,58.000000:33,8,17,0.471,1,5,0.2,4,4,1.0,2,8,10,5,4,1,9,5,24
2052100164,1612709913,Squadron,BIR,Birmingham,Starters,173.000000:07,31,66,0.47,15,33,0.455,11,14,0.786,8,30,38,21,9,7,15,12,94
2052100164,1612709913,Squadron,BIR,Birmingham,Bench,66.000000:53,6,20,0.3,3,13,0.231,2,3,0.667,4,5,9,5,3,0,3,7,19
