GAME_ID,TEAM_ID,TEAM_NAME,TEAM_ABBREVIATION,TEAM_CITY,STARTERS_BENCH,MIN,FGM,FGA,FG_PCT,FG3M,FG3A,FG3_PCT,FTM,FTA,FT_PCT,OREB,DREB,REB,AST,STL,BLK,TO,PF,PTS
2052100045,1612709915,Celtics,MNE,Maine,Starters,158.000000:56,34,54,0.63,12,24,0.5,9,12,0.75,2,21,23,26,4,4,10,15,90
2052100045,1612709915,Celtics,MNE,Maine,Bench,81.000000:04,10,19,0.526,3,7,0.429,0,0,0.0,0,7,7,6,6,1,11,4,23
2052100045,1612709909,Blue Coats,DEL,Delaware,Starters,154.000000:31,27,54,0.5,12,24,0.5,4,5,0.8,3,15,18,18,10,4,13,10,74
2052100045,1612709909,Blue Coats,DEL,Delaware,Bench,42.000000:20,6,13,0.462,1,6,0.167,2,3,0.667,0,7,7,5,1,0,4,5,16
