GAME_ID,TEAM_ID,TEAM_NAME,TEAM_ABBREVIATION,TEAM_CITY,STARTERS_BENCH,MIN,FGM,FGA,FG_PCT,FG3M,FG3A,FG3_PCT,FTM,FTA,FT_PCT,OREB,DREB,REB,AST,STL,BLK,TO,PF,PTS
0022100444,1610612760,Thunder,OKC,Oklahoma City,Starters,140.000000:14,29,59,0.492,7,18,0.389,2,3,0.667,7,26,33,19,4,1,10,13,67
0022100444,1610612760,Thunder,OKC,Oklahoma City,Bench,85.000000:31,13,30,0.433,5,11,0.455,4,7,0.571,10,9,19,3,0,3,4,5,35
0022100444,1610612746,Clippers,LAC,LA,Starters,163.000000:34,26,58,0.448,11,26,0.423,11,17,0.647,5,26,31,19,7,1,6,9,74
0022100444,1610612746,Clippers,LAC,LA,Bench,76.000000:26,11,25,0.44,5,13,0.385,2,2,1.0,2,6,8,7,4,2,6,7,29
