GAME_ID,TEAM_ID,TEAM_NAME,TEAM_ABBREVIATION,TEAM_CITY,STARTERS_BENCH,MIN,FGM,FGA,FG_PCT,FG3M,FG3A,FG3_PCT,FTM,FTA,FT_PCT,OREB,DREB,REB,AST,STL,BLK,TO,PF,PTS
0022100843,1610612750,Timberwolves,MIN,Minnesota,Starters,157.000000:47,36,67,0.537,8,24,0.333,12,15,0.8,5,14,19,26,5,3,8,10,92
0022100843,1610612750,Timberwolves,MIN,Minnesota,Bench,82.000000:14,12,29,0.414,5,16,0.313,1,1,1.0,2,11,13,6,2,1,1,2,30
0022100843,1610612741,Bulls,CHI,Chicago,Starters,183.000000:17,46,70,0.657,8,18,0.444,10,12,0.833,1,25,26,30,4,1,9,11,110
0022100843,1610612741,Bulls,CHI,Chicago,Bench,41.000000:35,9,13,0.692,6,10,0.6,0,1,0.0,3,7,10,2,2,2,3,3,24
