GAME_ID,TEAM_ID,TEAM_NAME,TEAM_ABBREVIATION,TEAM_CITY,STARTERS_BENCH,MIN,FGM,FGA,FG_PCT,FG3M,FG3A,FG3_PCT,FTM,FTA,FT_PCT,OREB,DREB,REB,AST,STL,BLK,TO,PF,PTS
0022100053,1610612759,Spurs,SAS,San Antonio,Starters,150.000000:16,29,69,0.42,3,17,0.176,9,17,0.529,12,26,38,22,4,6,9,13,70
0022100053,1610612759,Spurs,SAS,San Antonio,Bench,114.000000:45,19,39,0.487,10,19,0.526,3,5,0.6,4,17,21,11,6,0,6,9,51
0022100053,1610612747,Lakers,LAL,Los Angeles,Starters,167.000000:24,41,83,0.494,6,21,0.286,9,14,0.643,9,31,40,16,6,7,6,13,97
0022100053,1610612747,Lakers,LAL,Los Angeles,Bench,78.000000:04,5,13,0.385,2,8,0.25,8,8,1.0,0,14,14,1,1,3,5,7,20
