GAME_ID,TEAM_ID,TEAM_NAME,TEAM_ABBREVIATION,TEAM_CITY,STARTERS_BENCH,MIN,FGM,FGA,FG_PCT,FG3M,FG3A,FG3_PCT,FTM,FTA,FT_PCT,OREB,DREB,REB,AST,STL,BLK,TO,PF,PTS
2072100011,1612709914,Kings,STO,Stockton,Starters,133.000000:39,24,55,0.436,4,14,0.286,7,10,0.7,5,19,24,19,6,4,6,9,61
2072100011,1612709914,Kings,STO,Stockton,Bench,106.000000:21,17,30,0.567,6,12,0.5,5,7,0.714,3,15,18,7,1,1,6,8,47
2072100011,1612709930,Ignite,GLI,G League,Starters,181.000000:20,30,69,0.435,8,24,0.333,6,7,0.857,9,29,38,26,6,3,9,9,79
2072100011,1612709930,Ignite,GLI,G League,Bench,58.000000:40,9,20,0.45,3,11,0.273,2,2,1.0,1,3,4,4,0,0,3,11,25
