GAME_ID,TEAM_ID,TEAM_NAME,TEAM_ABBREVIATION,TEAM_CITY,STARTERS_BENCH,MIN,FGM,FGA,FG_PCT,FG3M,FG3A,FG3_PCT,FTM,FTA,FT_PCT,OREB,DREB,REB,AST,STL,BLK,TO,PF,PTS
0022100267,1610612756,Suns,PHX,Phoenix,Starters,161.000000:17,32,55,0.582,5,11,0.455,17,19,0.895,7,20,27,21,3,1,10,17,86
0022100267,1610612756,Suns,PHX,Phoenix,Bench,78.000000:43,13,31,0.419,3,11,0.273,5,9,0.556,3,17,20,5,1,1,5,6,34
0022100267,1610612739,Cavaliers,CLE,Cleveland,Starters,154.000000:30,24,52,0.462,3,19,0.158,12,17,0.706,11,17,28,13,3,0,6,14,63
0022100267,1610612739,Cavaliers,CLE,Cleveland,Bench,79.000000:59,19,44,0.432,9,20,0.45,5,8,0.625,2,14,16,8,2,0,4,9,52
