GAME_ID,TEAM_ID,TEAM_NAME,TEAM_ABBREVIATION,TEAM_CITY,STARTERS_BENCH,MIN,FGM,FGA,FG_PCT,FG3M,FG3A,FG3_PCT,FTM,FTA,FT_PCT,OREB,DREB,REB,AST,STL,BLK,TO,PF,PTS
2052100178,1612709914,Kings,STO,Stockton,Starters,134.000000:07,20,50,0.4,6,15,0.4,3,6,0.5,3,17,20,14,6,2,9,10,52
2052100178,1612709914,Kings,STO,Stockton,Bench,105.000000:53,17,41,0.415,3,19,0.158,2,3,0.667,4,8,12,9,5,3,6,5,40
2052100178,1612709889,Blue,OKL,Oklahoma City,Starters,115.000000:08,24,43,0.558,7,17,0.412,4,5,0.8,2,22,24,16,5,1,6,5,62
2052100178,1612709889,Blue,OKL,Oklahoma City,Bench,124.000000:52,21,45,0.467,6,17,0.353,5,6,0.833,10,22,32,14,5,3,13,14,59
