GAME_ID,TEAM_ID,TEAM_NAME,TEAM_ABBREVIATION,TEAM_CITY,STARTERS_BENCH,MIN,FGM,FGA,FG_PCT,FG3M,FG3A,FG3_PCT,FTM,FTA,FT_PCT,OREB,DREB,REB,AST,STL,BLK,TO,PF,PTS
0022100633,1610612761,Raptors,TOR,Toronto,Starters,156.000000:24,23,66,0.348,10,27,0.37,15,21,0.714,10,17,27,18,3,1,7,11,71
0022100633,1610612761,Raptors,TOR,Toronto,Bench,83.000000:36,5,21,0.238,1,11,0.091,5,5,1.0,6,13,19,0,2,3,4,13,16
0022100633,1610612765,Pistons,DET,Detroit,Starters,132.000000:34,24,47,0.511,4,13,0.308,5,7,0.714,5,19,24,13,5,4,7,16,57
0022100633,1610612765,Pistons,DET,Detroit,Bench,107.000000:26,14,34,0.412,4,14,0.286,14,16,0.875,4,15,19,9,2,2,1,9,46
