GAME_ID,TEAM_ID,TEAM_NAME,TEAM_ABBREVIATION,TEAM_CITY,STARTERS_BENCH,MIN,FGM,FGA,FG_PCT,FG3M,FG3A,FG3_PCT,FTM,FTA,FT_PCT,OREB,DREB,REB,AST,STL,BLK,TO,PF,PTS
0022100314,1610612752,Knicks,NYK,New York,Starters,134.000000:51,31,63,0.492,7,20,0.35,5,6,0.833,5,20,25,15,4,2,7,14,74
0022100314,1610612752,Knicks,NYK,New York,Bench,105.000000:10,13,28,0.464,4,12,0.333,6,6,1.0,5,12,17,12,1,0,3,7,36
0022100314,1610612751,Nets,BKN,Brooklyn,Starters,169.000000:58,31,68,0.456,5,23,0.217,18,21,0.857,5,21,26,23,5,5,6,7,85
0022100314,1610612751,Nets,BKN,Brooklyn,Bench,49.000000:05,5,8,0.625,1,1,1.0,4,4,1.0,4,7,11,2,1,2,3,6,15
