GAME_ID,TEAM_ID,TEAM_NAME,TEAM_ABBREVIATION,TEAM_CITY,STARTERS_BENCH,MIN,FGM,FGA,FG_PCT,FG3M,FG3A,FG3_PCT,FTM,FTA,FT_PCT,OREB,DREB,REB,AST,STL,BLK,TO,PF,PTS
0042100122,1610612749,Bucks,MIL,Milwaukee,Starters,180.000000:13,36,69,0.522,13,26,0.5,17,27,0.63,6,30,36,25,3,6,13,14,102
0042100122,1610612749,Bucks,MIL,Milwaukee,Bench,53.000000:57,2,11,0.182,1,9,0.111,1,2,0.5,2,4,6,2,1,0,1,3,6
0042100122,1610612741,Bulls,CHI,Chicago,Starters,193.000000:52,41,79,0.519,10,23,0.435,12,13,0.923,5,27,32,22,6,5,10,14,104
0042100122,1610612741,Bulls,CHI,Chicago,Bench,38.000000:53,3,9,0.333,2,2,1.0,2,2,1.0,1,7,8,3,0,0,2,5,10
