GAME_ID,TEAM_ID,TEAM_NAME,TEAM_ABBREVIATION,TEAM_CITY,STARTERS_BENCH,MIN,FGM,FGA,FG_PCT,FG3M,FG3A,FG3_PCT,FTM,FTA,FT_PCT,OREB,DREB,REB,AST,STL,BLK,TO,PF,PTS
2072100009,1612709927,Herd,WIS,Wisconsin,Starters,161.000000:59,27,61,0.443,4,17,0.235,10,13,0.769,9,23,32,14,5,4,15,12,73
2072100009,1612709927,Herd,WIS,Wisconsin,Bench,58.000000:29,7,21,0.333,4,13,0.308,1,1,1.0,1,11,12,7,2,2,2,2,20
2072100009,1612709930,Ignite,GLI,G League,Starters,145.000000:23,27,61,0.443,4,13,0.308,1,3,0.333,8,25,33,15,4,6,8,14,60
2072100009,1612709930,Ignite,GLI,G League,Bench,52.000000:17,2,15,0.133,1,8,0.125,1,3,0.333,2,5,7,0,1,1,3,2,7
