GAME_ID,TEAM_ID,TEAM_NAME,TEAM_ABBREVIATION,TEAM_CITY,STARTERS_BENCH,MIN,FGM,FGA,FG_PCT,FG3M,FG3A,FG3_PCT,FTM,FTA,FT_PCT,OREB,DREB,REB,AST,STL,BLK,TO,PF,PTS
0022100867,1610612739,Cavaliers,CLE,Cleveland,Starters,152.000000:31,32,53,0.604,8,17,0.471,8,10,0.8,11,16,27,23,7,3,10,16,80
0022100867,1610612739,Cavaliers,CLE,Cleveland,Bench,87.000000:29,13,35,0.371,8,24,0.333,2,2,1.0,3,9,12,7,1,0,3,7,36
0022100867,1610612737,Hawks,ATL,Atlanta,Starters,164.000000:42,34,64,0.531,12,25,0.48,22,25,0.88,3,14,17,16,4,3,7,12,102
0022100867,1610612737,Hawks,ATL,Atlanta,Bench,75.000000:18,9,16,0.563,2,8,0.25,2,2,1.0,4,14,18,9,5,1,4,6,22
