GAME_ID,TEAM_ID,TEAM_NAME,TEAM_ABBREVIATION,TEAM_CITY,STARTERS_BENCH,MIN,FGM,FGA,FG_PCT,FG3M,FG3A,FG3_PCT,FTM,FTA,FT_PCT,OREB,DREB,REB,AST,STL,BLK,TO,PF,PTS
2052100157,1612709926,Hustle,MHU,Memphis,Starters,172.000000:59,25,60,0.417,6,22,0.273,4,6,0.667,8,23,31,18,9,1,16,12,64
2052100157,1612709926,Hustle,MHU,Memphis,Bench,67.000000:01,14,29,0.483,3,10,0.3,1,2,0.5,3,6,9,5,1,0,4,3,33
2052100157,1612709913,Squadron,BIR,Birmingham,Starters,156.000000:10,30,67,0.448,11,26,0.423,5,6,0.833,13,25,38,18,8,6,10,14,80
2052100157,1612709913,Squadron,BIR,Birmingham,Bench,83.000000:50,18,31,0.581,3,11,0.273,0,0,0.0,5,11,16,9,5,2,7,6,39
