GAME_ID,TEAM_ID,TEAM_NAME,TEAM_ABBREVIATION,TEAM_CITY,STARTERS_BENCH,MIN,FGM,FGA,FG_PCT,FG3M,FG3A,FG3_PCT,FTM,FTA,FT_PCT,OREB,DREB,REB,AST,STL,BLK,TO,PF,PTS
0022100593,1610612753,Magic,ORL,Orlando,Starters,140.000000:49,20,55,0.364,11,32,0.344,12,15,0.8,6,20,26,14,3,6,7,8,63
0022100593,1610612753,Magic,ORL,Orlando,Bench,99.000000:11,9,31,0.29,3,14,0.214,8,8,1.0,2,16,18,11,3,3,5,12,29
0022100593,1610612765,Pistons,DET,Detroit,Starters,140.000000:37,23,56,0.411,4,17,0.235,6,9,0.667,4,20,24,12,5,3,6,12,56
0022100593,1610612765,Pistons,DET,Detroit,Bench,99.000000:23,15,31,0.484,6,16,0.375,5,7,0.714,3,22,25,11,2,3,6,9,41
