GAME_ID,TEAM_ID,TEAM_NAME,TEAM_ABBREVIATION,TEAM_CITY,STARTERS_BENCH,MIN,FGM,FGA,FG_PCT,FG3M,FG3A,FG3_PCT,FTM,FTA,FT_PCT,OREB,DREB,REB,AST,STL,BLK,TO,PF,PTS
0022101213,1610612740,Pelicans,NOP,New Orleans,Starters,95.000000:42,19,42,0.452,3,15,0.2,9,16,0.563,1,7,8,9,4,2,6,13,50
0022101213,1610612740,Pelicans,NOP,New Orleans,Bench,144.000000:18,22,49,0.449,3,15,0.2,17,19,0.895,8,13,21,14,6,1,10,9,64
0022101213,1610612763,Grizzlies,MEM,Memphis,Starters,114.000000:12,26,44,0.591,10,15,0.667,16,18,0.889,6,22,28,19,0,6,10,14,78
0022101213,1610612763,Grizzlies,MEM,Memphis,Bench,125.000000:48,27,46,0.587,8,20,0.4,1,5,0.2,7,13,20,22,6,3,8,10,63
