GAME_ID,TEAM_ID,TEAM_NAME,TEAM_ABBREVIATION,TEAM_CITY,STARTERS_BENCH,MIN,FGM,FGA,FG_PCT,FG3M,FG3A,FG3_PCT,FTM,FTA,FT_PCT,OREB,DREB,REB,AST,STL,BLK,TO,PF,PTS
0022100611,1610612758,Kings,SAC,Sacramento,Starters,140.000000:20,21,58,0.362,5,14,0.357,12,16,0.75,13,16,29,15,6,2,6,8,59
0022100611,1610612758,Kings,SAC,Sacramento,Bench,75.000000:35,14,26,0.538,9,16,0.563,1,2,0.5,1,8,9,4,3,1,3,4,38
0022100611,1610612739,Cavaliers,CLE,Cleveland,Starters,159.000000:49,31,60,0.517,5,17,0.294,4,4,1.0,12,25,37,20,4,6,9,11,71
0022100611,1610612739,Cavaliers,CLE,Cleveland,Bench,80.000000:11,12,27,0.444,5,17,0.294,9,11,0.818,2,9,11,9,2,2,7,7,38
