GAME_ID,TEAM_ID,TEAM_NAME,TEAM_ABBREVIATION,TEAM_CITY,STARTERS_BENCH,MIN,FGM,FGA,FG_PCT,FG3M,FG3A,FG3_PCT,FTM,FTA,FT_PCT,OREB,DREB,REB,AST,STL,BLK,TO,PF,PTS
0022100368,1610612764,Wizards,WAS,Washington,Starters,178.000000:56,28,63,0.444,9,25,0.36,18,23,0.783,11,21,32,18,5,6,11,11,83
0022100368,1610612764,Wizards,WAS,Washington,Bench,86.000000:04,14,25,0.56,3,7,0.429,5,5,1.0,2,11,13,9,1,2,6,10,36
0022100368,1610612765,Pistons,DET,Detroit,Starters,149.000000:24,23,52,0.442,5,10,0.5,21,25,0.84,6,18,24,12,6,2,12,14,72
0022100368,1610612765,Pistons,DET,Detroit,Bench,115.000000:36,14,27,0.519,8,14,0.571,8,10,0.8,1,12,13,10,3,2,3,12,44
