GAME_ID,TEAM_ID,TEAM_NAME,TEAM_ABBREVIATION,TEAM_CITY,STARTERS_BENCH,MIN,FGM,FGA,FG_PCT,FG3M,FG3A,FG3_PCT,FTM,FTA,FT_PCT,OREB,DREB,REB,AST,STL,BLK,TO,PF,PTS
0022100649,1610612747,Lakers,LAL,Los Angeles,Starters,122.000000:18,25,53,0.472,4,14,0.286,10,13,0.769,6,16,22,13,2,2,5,7,64
0022100649,1610612747,Lakers,LAL,Los Angeles,Bench,117.000000:42,11,29,0.379,6,16,0.375,4,6,0.667,2,17,19,8,2,1,5,8,32
0022100649,1610612743,Nuggets,DEN,Denver,Starters,124.000000:22,28,48,0.583,12,16,0.75,8,8,1.0,3,18,21,23,4,0,4,7,76
0022100649,1610612743,Nuggets,DEN,Denver,Bench,115.000000:38,19,43,0.442,11,24,0.458,8,9,0.889,6,24,30,12,5,2,2,10,57
