GAME_ID,TEAM_ID,TEAM_NAME,TEAM_ABBREVIATION,TEAM_CITY,STARTERS_BENCH,MIN,FGM,FGA,FG_PCT,FG3M,FG3A,FG3_PCT,FTM,FTA,FT_PCT,OREB,DREB,REB,AST,STL,BLK,TO,PF,PTS
0022100411,1610612764,Wizards,WAS,Washington,Starters,130.000000:56,21,56,0.375,5,21,0.238,4,8,0.5,4,15,19,17,4,4,9,17,51
0022100411,1610612764,Wizards,WAS,Washington,Bench,92.000000:53,19,31,0.613,7,12,0.583,6,10,0.6,2,18,20,6,3,1,0,9,51
0022100411,1610612743,Nuggets,DEN,Denver,Starters,152.000000:55,27,52,0.519,6,17,0.353,21,25,0.84,4,36,40,18,5,1,8,7,81
0022100411,1610612743,Nuggets,DEN,Denver,Bench,87.000000:06,10,27,0.37,4,15,0.267,8,8,1.0,0,9,9,8,3,1,5,12,32
