GAME_ID,TEAM_ID,TEAM_NAME,TEAM_ABBREVIATION,TEAM_CITY,STARTERS_BENCH,MIN,FGM,FGA,FG_PCT,FG3M,FG3A,FG3_PCT,FTM,FTA,FT_PCT,OREB,DREB,REB,AST,STL,BLK,TO,PF,PTS
0022100927,1610612738,Celtics,BOS,Boston,Starters,148.000000:43,25,50,0.5,7,20,0.35,11,12,0.917,7,25,32,18,2,7,10,13,68
0022100927,1610612738,Celtics,BOS,Boston,Bench,91.000000:18,14,33,0.424,4,15,0.267,7,7,1.0,4,11,15,9,2,1,2,7,39
0022100927,1610612737,Hawks,ATL,Atlanta,Starters,170.000000:25,22,59,0.373,4,19,0.211,13,18,0.722,5,24,29,11,5,3,5,13,61
0022100927,1610612737,Hawks,ATL,Atlanta,Bench,69.000000:35,14,24,0.583,3,12,0.25,6,6,1.0,0,8,8,4,3,1,4,7,37
