GAME_ID,TEAM_ID,TEAM_NAME,TEAM_ABBREVIATION,TEAM_CITY,STARTERS_BENCH,MIN,FGM,FGA,FG_PCT,FG3M,FG3A,FG3_PCT,FTM,FTA,FT_PCT,OREB,DREB,REB,AST,STL,BLK,TO,PF,PTS
0022100158,1610612764,Wizards,WAS,Washington,Starters,152.000000:59,19,57,0.333,8,24,0.333,11,11,1.0,4,25,29,16,5,2,9,10,57
0022100158,1610612764,Wizards,WAS,Washington,Bench,69.000000:14,13,22,0.591,1,3,0.333,6,6,1.0,7,12,19,6,3,0,0,7,33
0022100158,1610612739,Cavaliers,CLE,Cleveland,Starters,155.000000:24,23,47,0.489,5,17,0.294,5,9,0.556,6,20,26,14,3,3,11,13,56
0022100158,1610612739,Cavaliers,CLE,Cleveland,Bench,84.000000:36,12,29,0.414,4,14,0.286,10,12,0.833,0,14,14,7,4,1,3,5,38
