GAME_ID,TEAM_ID,TEAM_NAME,TEAM_ABBREVIATION,TEAM_CITY,STARTERS_BENCH,MIN,FGM,FGA,FG_PCT,FG3M,FG3A,FG3_PCT,FTM,FTA,FT_PCT,OREB,DREB,REB,AST,STL,BLK,TO,PF,PTS
0022101123,1610612753,Magic,ORL,Orlando,Starters,113.000000:49,21,38,0.553,6,16,0.375,5,10,0.5,3,18,21,16,2,0,6,12,53
0022101123,1610612753,Magic,ORL,Orlando,Bench,126.000000:11,21,49,0.429,4,21,0.19,2,3,0.667,5,19,24,15,4,1,11,12,48
0022101123,1610612739,Cavaliers,CLE,Cleveland,Starters,151.000000:33,24,56,0.429,8,23,0.348,14,16,0.875,3,18,21,20,8,2,9,8,70
0022101123,1610612739,Cavaliers,CLE,Cleveland,Bench,79.000000:00,12,25,0.48,4,16,0.25,6,7,0.857,3,17,20,5,3,2,3,4,34
