GAME_ID,TEAM_ID,TEAM_NAME,TEAM_ABBREVIATION,TEAM_CITY,STARTERS_BENCH,MIN,FGM,FGA,FG_PCT,FG3M,FG3A,FG3_PCT,FTM,FTA,FT_PCT,OREB,DREB,REB,AST,STL,BLK,TO,PF,PTS
2022100023,1612709908,Vipers,RGV,Rio Grande Valley,Starters,179.000000:11,33,63,0.524,17,32,0.531,7,8,0.875,6,21,27,19,3,6,18,20,95
2022100023,1612709908,Vipers,RGV,Rio Grande Valley,Bench,50.000000:03,11,25,0.44,7,16,0.438,1,1,1.0,3,8,11,10,3,1,3,6,31
2022100023,1612709926,Hustle,MHU,Memphis,Starters,163.000000:37,44,72,0.611,8,20,0.4,8,12,0.667,8,17,25,20,8,0,6,13,108
2022100023,1612709926,Hustle,MHU,Memphis,Bench,86.000000:23,9,18,0.5,1,4,0.25,1,4,0.25,3,12,15,4,2,5,6,5,20
