GAME_ID,TEAM_ID,TEAM_NAME,TEAM_ABBREVIATION,TEAM_CITY,STARTERS_BENCH,MIN,FGM,FGA,FG_PCT,FG3M,FG3A,FG3_PCT,FTM,FTA,FT_PCT,OREB,DREB,REB,AST,STL,BLK,TO,PF,PTS
2022100358,1612709925,Magic,LAK,Lakeland,Starters,146.000000:27,29,60,0.483,11,25,0.44,5,5,1.0,9,14,23,14,8,2,16,13,77
2022100358,1612709925,Magic,LAK,Lakeland,Bench,80.000000:08,15,32,0.469,4,12,0.333,1,2,0.5,5,19,24,10,2,1,8,3,35
2022100358,1612709909,Blue Coats,DEL,Delaware,Starters,141.000000:46,22,49,0.449,3,16,0.188,10,13,0.769,3,21,24,17,7,8,10,11,60
2022100358,1612709909,Blue Coats,DEL,Delaware,Bench,73.000000:35,16,30,0.533,6,16,0.375,3,3,1.0,3,10,13,12,7,0,4,3,42
