GAME_ID,TEAM_ID,TEAM_NAME,TEAM_ABBREVIATION,TEAM_CITY,STARTERS_BENCH,MIN,FGM,FGA,FG_PCT,FG3M,FG3A,FG3_PCT,FTM,FTA,FT_PCT,OREB,DREB,REB,AST,STL,BLK,TO,PF,PTS
0022100689,1610612764,Wizards,WAS,Washington,Starters,149.000000:35,27,50,0.54,9,20,0.45,6,7,0.857,7,18,25,26,3,0,15,7,69
0022100689,1610612764,Wizards,WAS,Washington,Bench,90.000000:25,16,35,0.457,2,13,0.154,2,3,0.667,4,16,20,3,0,3,2,9,36
0022100689,1610612761,Raptors,TOR,Toronto,Starters,190.000000:40,36,78,0.462,8,25,0.32,14,17,0.824,10,16,26,19,9,4,8,12,94
0022100689,1610612761,Raptors,TOR,Toronto,Bench,49.000000:20,6,12,0.5,3,5,0.6,0,0,0.0,1,13,14,1,1,0,0,3,15
