GAME_ID,TEAM_ID,TEAM_NAME,TEAM_ABBREVIATION,TEAM_CITY,STARTERS_BENCH,MIN,FGM,FGA,FG_PCT,FG3M,FG3A,FG3_PCT,FTM,FTA,FT_PCT,OREB,DREB,REB,AST,STL,BLK,TO,PF,PTS
0022101176,1610612758,Kings,SAC,Sacramento,Starters,155.000000:01,20,51,0.392,4,18,0.222,13,15,0.867,5,18,23,14,2,0,8,9,57
0022101176,1610612758,Kings,SAC,Sacramento,Bench,84.000000:59,11,30,0.367,3,15,0.2,8,9,0.889,1,11,12,5,3,1,4,6,33
0022101176,1610612744,Warriors,GSW,Golden State,Starters,127.000000:33,20,41,0.488,10,19,0.526,5,6,0.833,3,19,22,16,5,3,10,19,55
0022101176,1610612744,Warriors,GSW,Golden State,Bench,112.000000:27,21,38,0.553,6,15,0.4,6,9,0.667,4,21,25,13,3,5,5,9,54
