GAME_ID,TEAM_ID,TEAM_NAME,TEAM_ABBREVIATION,TEAM_CITY,STARTERS_BENCH,MIN,FGM,FGA,FG_PCT,FG3M,FG3A,FG3_PCT,FTM,FTA,FT_PCT,OREB,DREB,REB,AST,STL,BLK,TO,PF,PTS
0022101072,1610612747,Lakers,LAL,Los Angeles,Starters,148.000000:46,34,65,0.523,3,15,0.2,11,14,0.786,8,23,31,29,4,2,5,9,82
0022101072,1610612747,Lakers,LAL,Los Angeles,Bench,91.000000:14,19,29,0.655,9,17,0.529,2,2,1.0,1,9,10,5,3,1,3,10,49
0022101072,1610612739,Cavaliers,CLE,Cleveland,Starters,168.000000:35,34,62,0.548,10,23,0.435,10,11,0.909,5,18,23,22,2,2,7,12,88
0022101072,1610612739,Cavaliers,CLE,Cleveland,Bench,71.000000:25,11,24,0.458,4,16,0.25,6,8,0.75,3,12,15,7,1,0,5,7,32
