GAME_ID,TEAM_ID,TEAM_NAME,TEAM_ABBREVIATION,TEAM_CITY,STARTERS_BENCH,MIN,FGM,FGA,FG_PCT,FG3M,FG3A,FG3_PCT,FTM,FTA,FT_PCT,OREB,DREB,REB,AST,STL,BLK,TO,PF,PTS
0022100099,1610612761,Raptors,TOR,Toronto,Starters,172.000000:42,36,81,0.444,13,36,0.361,11,12,0.917,5,26,31,18,10,0,5,12,96
0022100099,1610612761,Raptors,TOR,Toronto,Bench,67.000000:18,7,18,0.389,1,6,0.167,2,2,1.0,8,9,17,6,2,4,3,8,17
0022100099,1610612752,Knicks,NYK,New York,Starters,156.000000:45,28,54,0.519,14,28,0.5,12,16,0.75,7,26,33,13,1,3,12,8,82
0022100099,1610612752,Knicks,NYK,New York,Bench,83.000000:15,7,22,0.318,2,10,0.2,6,8,0.75,0,8,8,7,2,1,4,5,22
