GAME_ID,TEAM_ID,TEAM_NAME,TEAM_ABBREVIATION,TEAM_CITY,STARTERS_BENCH,MIN,FGM,FGA,FG_PCT,FG3M,FG3A,FG3_PCT,FTM,FTA,FT_PCT,OREB,DREB,REB,AST,STL,BLK,TO,PF,PTS
0022100374,1610612762,Jazz,UTA,Utah,Starters,145.000000:07,33,52,0.635,13,27,0.481,10,13,0.769,5,23,28,14,4,3,7,14,89
0022100374,1610612762,Jazz,UTA,Utah,Bench,72.000000:20,14,25,0.56,11,20,0.55,1,2,0.5,0,14,14,12,0,1,4,3,40
0022100374,1610612750,Timberwolves,MIN,Minnesota,Starters,137.000000:14,27,51,0.529,9,20,0.45,6,11,0.545,4,16,20,14,4,1,8,11,69
0022100374,1610612750,Timberwolves,MIN,Minnesota,Bench,102.000000:46,11,44,0.25,8,27,0.296,5,6,0.833,5,12,17,5,5,2,7,6,35
