GAME_ID,TEAM_ID,TEAM_NAME,TEAM_ABBREVIATION,TEAM_CITY,STARTERS_BENCH,MIN,FGM,FGA,FG_PCT,FG3M,FG3A,FG3_PCT,FTM,FTA,FT_PCT,OREB,DREB,REB,AST,STL,BLK,TO,PF,PTS
0022100642,1610612764,Wizards,WAS,Washington,Starters,137.000000:19,23,57,0.404,7,23,0.304,13,13,1.0,6,19,25,13,1,2,11,14,66
0022100642,1610612764,Wizards,WAS,Washington,Bench,58.000000:10,6,18,0.333,4,10,0.4,5,6,0.833,3,10,13,4,1,0,2,7,21
0022100642,1610612757,Trail Blazers,POR,Portland,Starters,168.000000:07,34,66,0.515,13,32,0.406,16,26,0.615,5,21,26,16,8,2,8,18,97
0022100642,1610612757,Trail Blazers,POR,Portland,Bench,51.000000:48,4,15,0.267,0,4,0.0,8,9,0.889,2,6,8,2,5,0,2,7,16
