GAME_ID,TEAM_ID,TEAM_NAME,TEAM_ABBREVIATION,TEAM_CITY,STARTERS_BENCH,MIN,FGM,FGA,FG_PCT,FG3M,FG3A,FG3_PCT,FTM,FTA,FT_PCT,OREB,DREB,REB,AST,STL,BLK,TO,PF,PTS
0022100290,1610612757,Trail Blazers,POR,Portland,Starters,157.000000:04,27,62,0.435,7,23,0.304,12,16,0.75,5,14,19,17,4,1,7,10,73
0022100290,1610612757,Trail Blazers,POR,Portland,Bench,82.000000:56,9,24,0.375,6,15,0.4,6,7,0.857,2,16,18,6,3,1,3,3,30
0022100290,1610612744,Warriors,GSW,Golden State,Starters,160.000000:60,38,68,0.559,11,27,0.407,8,10,0.8,7,22,29,27,4,3,11,14,95
0022100290,1610612744,Warriors,GSW,Golden State,Bench,79.000000:00,9,19,0.474,1,10,0.1,4,6,0.667,4,15,19,4,4,2,4,5,23
