GAME_ID,TEAM_ID,TEAM_NAME,TEAM_ABBREVIATION,TEAM_CITY,STARTERS_BENCH,MIN,FGM,FGA,FG_PCT,FG3M,FG3A,FG3_PCT,FTM,FTA,FT_PCT,OREB,DREB,REB,AST,STL,BLK,TO,PF,PTS
2052100172,1612709925,Magic,LAK,Lakeland,Starters,162.000000:39,23,59,0.39,9,24,0.375,9,14,0.643,1,19,20,16,4,5,8,13,70
2052100172,1612709925,Magic,LAK,Lakeland,Bench,77.000000:21,12,22,0.545,1,5,0.2,3,5,0.6,4,9,13,6,4,3,2,4,31
2052100172,1612709890,Spurs,AUS,Austin,Starters,163.000000:18,33,66,0.5,7,19,0.368,5,5,1.0,7,31,38,17,4,3,11,14,80
2052100172,1612709890,Spurs,AUS,Austin,Bench,68.000000:33,12,23,0.522,5,8,0.625,0,2,0.0,6,8,14,5,2,1,2,9,29
