GAME_ID,TEAM_ID,TEAM_NAME,TEAM_ABBREVIATION,TEAM_CITY,STARTERS_BENCH,MIN,FGM,FGA,FG_PCT,FG3M,FG3A,FG3_PCT,FTM,FTA,FT_PCT,OREB,DREB,REB,AST,STL,BLK,TO,PF,PTS
0022101132,1610612764,Wizards,WAS,Washington,Starters,152.000000:09,27,53,0.509,4,17,0.235,10,13,0.769,2,19,21,16,3,4,9,9,68
0022101132,1610612764,Wizards,WAS,Washington,Bench,87.000000:51,11,26,0.423,2,9,0.222,2,4,0.5,5,11,16,9,3,3,5,8,26
0022101132,1610612741,Bulls,CHI,Chicago,Starters,156.000000:12,31,64,0.484,5,14,0.357,12,14,0.857,1,19,20,19,6,0,6,9,79
0022101132,1610612741,Bulls,CHI,Chicago,Bench,83.000000:48,12,21,0.571,1,4,0.25,3,4,0.75,5,11,16,7,3,1,2,5,28
