GAME_ID,TEAM_ID,TEAM_NAME,TEAM_ABBREVIATION,TEAM_CITY,STARTERS_BENCH,MIN,FGM,FGA,FG_PCT,FG3M,FG3A,FG3_PCT,FTM,FTA,FT_PCT,OREB,DREB,REB,AST,STL,BLK,TO,PF,PTS
0022100701,1610612753,Magic,ORL,Orlando,Starters,136.000000:54,23,49,0.469,3,9,0.333,14,19,0.737,2,19,21,18,4,6,8,14,63
0022100701,1610612753,Magic,ORL,Orlando,Bench,103.000000:06,19,31,0.613,9,17,0.529,4,4,1.0,1,13,14,13,3,2,4,11,51
0022100701,1610612741,Bulls,CHI,Chicago,Starters,171.000000:10,30,67,0.448,3,16,0.188,22,30,0.733,10,26,36,6,3,3,15,17,85
0022100701,1610612741,Bulls,CHI,Chicago,Bench,54.000000:42,2,6,0.333,2,4,0.5,2,2,1.0,1,6,7,3,0,0,3,3,8
