GAME_ID,TEAM_ID,TEAM_NAME,TEAM_ABBREVIATION,TEAM_CITY,STARTERS_BENCH,MIN,FGM,FGA,FG_PCT,FG3M,FG3A,FG3_PCT,FTM,FTA,FT_PCT,OREB,DREB,REB,AST,STL,BLK,TO,PF,PTS
0042100153,1610612750,Timberwolves,MIN,Minnesota,Starters,177.000000:11,25,59,0.424,8,23,0.348,15,21,0.714,7,25,32,18,8,7,12,20,73
0042100153,1610612750,Timberwolves,MIN,Minnesota,Bench,62.000000:49,8,26,0.308,4,12,0.333,2,2,1.0,2,7,9,3,3,4,4,8,22
0042100153,1610612763,Grizzlies,MEM,Memphis,Starters,165.000000:26,21,60,0.35,10,28,0.357,11,19,0.579,6,24,30,17,6,8,12,16,63
0042100153,1610612763,Grizzlies,MEM,Memphis,Bench,66.000000:25,12,19,0.632,3,6,0.5,9,12,0.75,7,11,18,5,1,1,6,2,36
