GAME_ID,TEAM_ID,TEAM_NAME,TEAM_ABBREVIATION,TEAM_CITY,STARTERS_BENCH,MIN,FGM,FGA,FG_PCT,FG3M,FG3A,FG3_PCT,FTM,FTA,FT_PCT,OREB,DREB,REB,AST,STL,BLK,TO,PF,PTS
0042100236,1610612763,Grizzlies,MEM,Memphis,Starters,185.000000:29,28,78,0.359,13,32,0.406,9,15,0.6,5,29,34,14,5,6,4,10,78
0042100236,1610612763,Grizzlies,MEM,Memphis,Bench,54.000000:31,6,18,0.333,2,4,0.5,4,5,0.8,5,5,10,7,3,0,2,2,18
0042100236,1610612744,Warriors,GSW,Golden State,Starters,197.000000:34,36,86,0.419,17,39,0.436,6,8,0.75,21,42,63,20,3,9,14,15,95
0042100236,1610612744,Warriors,GSW,Golden State,Bench,42.000000:26,5,18,0.278,3,14,0.214,2,3,0.667,4,3,7,4,0,1,3,2,15
