GAME_ID,TEAM_ID,TEAM_NAME,TEAM_ABBREVIATION,TEAM_CITY,STARTERS_BENCH,MIN,FGM,FGA,FG_PCT,FG3M,FG3A,FG3_PCT,FTM,FTA,FT_PCT,OREB,DREB,REB,AST,STL,BLK,TO,PF,PTS
0022101014,1610612742,Mavericks,DAL,Dallas,Starters,173.000000:40,27,56,0.482,13,28,0.464,14,19,0.737,2,22,24,19,6,2,14,8,81
0022101014,1610612742,Mavericks,DAL,Dallas,Bench,55.000000:18,5,14,0.357,2,8,0.25,0,0,0.0,2,16,18,0,1,3,3,8,12
0022101014,1610612738,Celtics,BOS,Boston,Starters,178.000000:39,27,65,0.415,7,24,0.292,16,17,0.941,10,26,36,15,7,3,8,6,77
0022101014,1610612738,Celtics,BOS,Boston,Bench,61.000000:21,6,23,0.261,2,13,0.154,1,2,0.5,1,8,9,1,1,0,3,6,15
