GAME_ID,TEAM_ID,TEAM_NAME,TEAM_ABBREVIATION,TEAM_CITY,STARTERS_BENCH,MIN,FGM,FGA,FG_PCT,FG3M,FG3A,FG3_PCT,FTM,FTA,FT_PCT,OREB,DREB,REB,AST,STL,BLK,TO,PF,PTS
2022100164,1612709902,Warriors,SCW,Santa Cruz,Starters,136.000000:41,25,55,0.455,4,13,0.308,3,5,0.6,8,24,32,19,4,5,13,13,60
2022100164,1612709902,Warriors,SCW,Santa Cruz,Bench,67.000000:51,10,30,0.333,6,19,0.316,5,5,1.0,7,8,15,6,3,1,7,8,33
2022100164,1612709908,Vipers,RGV,Rio Grande Valley,Starters,164.000000:10,29,68,0.426,6,32,0.188,9,12,0.75,10,26,36,26,15,7,13,14,76
2022100164,1612709908,Vipers,RGV,Rio Grande Valley,Bench,75.000000:50,20,35,0.571,9,17,0.529,6,9,0.667,3,11,14,8,3,1,1,6,58
