GAME_ID,TEAM_ID,TEAM_NAME,TEAM_ABBREVIATION,TEAM_CITY,STARTERS_BENCH,MIN,FGM,FGA,FG_PCT,FG3M,FG3A,FG3_PCT,FTM,FTA,FT_PCT,OREB,DREB,REB,AST,STL,BLK,TO,PF,PTS
0042100151,1610612750,Timberwolves,MIN,Minnesota,Starters,158.000000:21,30,63,0.476,9,24,0.375,18,18,1.0,6,24,30,25,3,4,10,18,87
0042100151,1610612750,Timberwolves,MIN,Minnesota,Bench,81.000000:40,15,27,0.556,7,17,0.412,6,9,0.667,5,11,16,7,2,3,8,14,43
0042100151,1610612763,Grizzlies,MEM,Memphis,Starters,152.000000:04,25,60,0.417,6,19,0.316,29,37,0.784,2,13,15,14,2,8,11,16,85
0042100151,1610612763,Grizzlies,MEM,Memphis,Bench,73.000000:39,13,22,0.591,1,5,0.2,3,6,0.5,6,13,19,10,4,0,1,6,30
