GAME_ID,TEAM_ID,TEAM_NAME,TEAM_ABBREVIATION,TEAM_CITY,STARTERS_BENCH,MIN,FGM,FGA,FG_PCT,FG3M,FG3A,FG3_PCT,FTM,FTA,FT_PCT,OREB,DREB,REB,AST,STL,BLK,TO,PF,PTS
2022100194,1612709922,Swarm,GBO,Greensboro,Starters,158.000000:05,21,56,0.375,9,28,0.321,12,15,0.8,7,18,25,10,9,4,14,13,74
2022100194,1612709922,Swarm,GBO,Greensboro,Bench,45.000000:27,6,18,0.333,4,13,0.308,0,1,0.0,0,2,2,4,0,0,3,3,16
2022100194,1612709893,Charge,CLC,Cleveland,Starters,159.000000:45,28,54,0.519,5,15,0.333,7,9,0.778,6,32,38,12,7,2,17,19,74
2022100194,1612709893,Charge,CLC,Cleveland,Bench,23.000000:46,2,4,0.5,0,0,0.0,1,1,1.0,0,5,5,3,0,0,3,1,6
