GAME_ID,TEAM_ID,TEAM_NAME,TEAM_ABBREVIATION,TEAM_CITY,STARTERS_BENCH,MIN,FGM,FGA,FG_PCT,FG3M,FG3A,FG3_PCT,FTM,FTA,FT_PCT,OREB,DREB,REB,AST,STL,BLK,TO,PF,PTS
0022100825,1610612759,Spurs,SAS,San Antonio,Starters,155.000000:49,25,66,0.379,5,18,0.278,7,9,0.778,12,20,32,15,5,4,9,9,62
0022100825,1610612759,Spurs,SAS,San Antonio,Bench,66.000000:14,11,27,0.407,3,14,0.214,0,0,0.0,0,7,7,6,2,0,2,4,25
0022100825,1610612739,Cavaliers,CLE,Cleveland,Starters,138.000000:35,29,49,0.592,5,9,0.556,11,12,0.917,8,28,36,11,5,2,9,4,74
0022100825,1610612739,Cavaliers,CLE,Cleveland,Bench,101.000000:25,10,33,0.303,4,12,0.333,7,12,0.583,2,13,15,7,3,0,4,8,31
