GAME_ID,TEAM_ID,TEAM_NAME,TEAM_ABBREVIATION,TEAM_CITY,STARTERS_BENCH,MIN,FGM,FGA,FG_PCT,FG3M,FG3A,FG3_PCT,FTM,FTA,FT_PCT,OREB,DREB,REB,AST,STL,BLK,TO,PF,PTS
0042100211,1610612749,Bucks,MIL,Milwaukee,Starters,162.000000:43,28,71,0.394,6,22,0.273,13,19,0.684,9,36,45,20,6,5,9,14,75
0042100211,1610612749,Bucks,MIL,Milwaukee,Bench,77.000000:17,9,19,0.474,6,12,0.5,2,2,1.0,1,8,9,2,5,0,4,7,26
0042100211,1610612738,Celtics,BOS,Boston,Starters,169.000000:20,20,59,0.339,12,34,0.353,9,14,0.643,7,27,34,19,8,5,15,18,61
0042100211,1610612738,Celtics,BOS,Boston,Bench,70.000000:40,8,25,0.32,6,16,0.375,6,6,1.0,3,11,14,2,0,2,3,7,28
