GAME_ID,TEAM_ID,TEAM_NAME,TEAM_ABBREVIATION,TEAM_CITY,STARTERS_BENCH,MIN,FGM,FGA,FG_PCT,FG3M,FG3A,FG3_PCT,FTM,FTA,FT_PCT,OREB,DREB,REB,AST,STL,BLK,TO,PF,PTS
0022100604,1610612744,Warriors,GSW,Golden State,Starters,120.000000:01,23,54,0.426,7,22,0.318,8,9,0.889,13,15,28,10,6,2,10,11,61
0022100604,1610612744,Warriors,GSW,Golden State,Bench,95.000000:33,10,31,0.323,1,14,0.071,0,1,0.0,9,15,24,12,10,2,3,8,21
0022100604,1610612739,Cavaliers,CLE,Cleveland,Starters,161.000000:14,23,48,0.479,3,11,0.273,9,14,0.643,5,20,25,10,6,3,13,8,58
0022100604,1610612739,Cavaliers,CLE,Cleveland,Bench,78.000000:46,9,27,0.333,4,13,0.308,2,4,0.5,3,14,17,11,3,0,5,2,24
