GAME_ID,TEAM_ID,TEAM_NAME,TEAM_ABBREVIATION,TEAM_CITY,STARTERS_BENCH,MIN,FGM,FGA,FG_PCT,FG3M,FG3A,FG3_PCT,FTM,FTA,FT_PCT,OREB,DREB,REB,AST,STL,BLK,TO,PF,PTS
2022100234,1612709920,905,RAP,Raptors,Starters,167.000000:38,24,61,0.393,12,34,0.353,5,12,0.417,7,29,36,18,4,3,8,14,69
2022100234,1612709920,905,RAP,Raptors,Bench,72.000000:22,16,32,0.5,2,10,0.2,5,6,0.833,7,10,17,8,5,1,4,8,41
2022100234,1612709893,Charge,CLC,Cleveland,Starters,128.000000:03,19,50,0.38,5,21,0.238,5,7,0.714,5,27,32,11,3,6,9,10,52
2022100234,1612709893,Charge,CLC,Cleveland,Bench,111.000000:57,16,40,0.4,6,20,0.3,6,9,0.667,7,10,17,8,4,1,5,11,47
