GAME_ID,TEAM_ID,TEAM_NAME,TEAM_ABBREVIATION,TEAM_CITY,STARTERS_BENCH,MIN,FGM,FGA,FG_PCT,FG3M,FG3A,FG3_PCT,FTM,FTA,FT_PCT,OREB,DREB,REB,AST,STL,BLK,TO,PF,PTS
0022100876,1610612764,Wizards,WAS,Washington,Starters,159.000000:44,27,63,0.429,14,29,0.483,8,8,1.0,9,22,31,17,6,2,9,10,76
0022100876,1610612764,Wizards,WAS,Washington,Bench,80.000000:16,12,28,0.429,3,8,0.375,5,8,0.625,3,10,13,8,1,1,3,10,32
0022100876,1610612754,Pacers,IND,Indiana,Starters,166.000000:35,30,59,0.508,3,17,0.176,16,23,0.696,6,22,28,24,5,4,8,6,79
0022100876,1610612754,Pacers,IND,Indiana,Bench,73.000000:25,15,24,0.625,1,3,0.333,3,6,0.5,1,11,12,6,4,2,3,8,34
