GAME_ID,TEAM_ID,TEAM_NAME,TEAM_ABBREVIATION,TEAM_CITY,STARTERS_BENCH,MIN,FGM,FGA,FG_PCT,FG3M,FG3A,FG3_PCT,FTM,FTA,FT_PCT,OREB,DREB,REB,AST,STL,BLK,TO,PF,PTS
2022100170,1612709927,Herd,WIS,Wisconsin,Starters,122.000000:00,23,56,0.411,8,26,0.308,10,13,0.769,6,22,28,19,4,7,7,12,69
2022100170,1612709927,Herd,WIS,Wisconsin,Bench,51.000000:24,10,17,0.588,1,1,1.0,1,1,1.0,8,9,17,7,1,3,4,5,22
2022100170,1612709893,Charge,CLC,Cleveland,Starters,122.000000:44,23,57,0.404,7,24,0.292,6,7,0.857,17,20,37,10,1,7,6,7,63
2022100170,1612709893,Charge,CLC,Cleveland,Bench,72.000000:36,4,26,0.154,2,11,0.182,1,3,0.333,3,6,9,8,3,0,4,7,12
