GAME_ID,TEAM_ID,TEAM_NAME,TEAM_ABBREVIATION,TEAM_CITY,STARTERS_BENCH,MIN,FGM,FGA,FG_PCT,FG3M,FG3A,FG3_PCT,FTM,FTA,FT_PCT,OREB,DREB,REB,AST,STL,BLK,TO,PF,PTS
2022100491,1612709902,Warriors,SCW,Santa Cruz,Starters,137.000000:11,21,39,0.538,3,8,0.375,8,10,0.8,9,28,37,20,3,7,12,11,55
2022100491,1612709902,Warriors,SCW,Santa Cruz,Bench,110.000000:16,19,53,0.358,4,17,0.235,15,16,0.938,7,10,17,2,7,2,4,7,63
2022100491,1612709890,Spurs,AUS,Austin,Starters,151.000000:18,25,59,0.424,9,23,0.391,5,6,0.833,7,17,24,16,6,3,10,16,68
2022100491,1612709890,Spurs,AUS,Austin,Bench,71.000000:24,12,31,0.387,4,15,0.267,1,3,0.333,5,16,21,2,3,3,3,9,30
