GAME_ID,TEAM_ID,TEAM_NAME,TEAM_ABBREVIATION,TEAM_CITY,STARTERS_BENCH,MIN,FGM,FGA,FG_PCT,FG3M,FG3A,FG3_PCT,FTM,FTA,FT_PCT,OREB,DREB,REB,AST,STL,BLK,TO,PF,PTS
0022101126,1610612752,Knicks,NYK,New York,Starters,172.000000:14,30,71,0.423,8,25,0.32,13,19,0.684,12,26,38,15,4,4,6,16,81
0022101126,1610612752,Knicks,NYK,New York,Bench,67.000000:46,8,18,0.444,4,10,0.4,8,16,0.5,1,7,8,4,0,0,0,6,28
0022101126,1610612741,Bulls,CHI,Chicago,Starters,177.000000:32,31,66,0.47,6,18,0.333,25,27,0.926,3,27,30,16,4,2,8,20,93
0022101126,1610612741,Bulls,CHI,Chicago,Bench,62.000000:28,3,13,0.231,0,5,0.0,5,6,0.833,3,14,17,0,2,1,4,4,11
