GAME_ID,TEAM_ID,TEAM_NAME,TEAM_ABBREVIATION,TEAM_CITY,STARTERS_BENCH,MIN,FGM,FGA,FG_PCT,FG3M,FG3A,FG3_PCT,FTM,FTA,FT_PCT,OREB,DREB,REB,AST,STL,BLK,TO,PF,PTS
0022100959,1610612747,Lakers,LAL,Los Angeles,Starters,162.000000:09,37,72,0.514,14,31,0.452,14,16,0.875,9,22,31,18,8,5,13,11,102
0022100959,1610612747,Lakers,LAL,Los Angeles,Bench,77.000000:51,7,17,0.412,4,10,0.4,4,5,0.8,3,13,16,7,2,1,4,7,22
0022100959,1610612744,Warriors,GSW,Golden State,Starters,136.000000:03,25,60,0.417,7,20,0.35,4,6,0.667,6,23,29,12,6,4,9,13,61
0022100959,1610612744,Warriors,GSW,Golden State,Bench,103.000000:57,21,32,0.656,8,14,0.571,5,13,0.385,4,8,12,10,5,0,7,7,55
