GAME_ID,TEAM_ID,TEAM_NAME,TEAM_ABBREVIATION,TEAM_CITY,STARTERS_BENCH,MIN,FGM,FGA,FG_PCT,FG3M,FG3A,FG3_PCT,FTM,FTA,FT_PCT,OREB,DREB,REB,AST,STL,BLK,TO,PF,PTS
0022100190,1610612739,Cavaliers,CLE,Cleveland,Starters,143.000000:15,22,44,0.5,4,16,0.25,11,12,0.917,4,21,25,8,6,3,8,8,59
0022100190,1610612739,Cavaliers,CLE,Cleveland,Bench,96.000000:45,9,37,0.243,6,22,0.273,8,10,0.8,5,9,14,9,4,1,3,11,32
0022100190,1610612738,Celtics,BOS,Boston,Starters,165.000000:30,28,58,0.483,6,17,0.353,12,13,0.923,6,27,33,16,6,3,14,7,74
0022100190,1610612738,Celtics,BOS,Boston,Bench,74.000000:30,5,20,0.25,0,6,0.0,5,5,1.0,4,10,14,4,1,0,5,9,15
