GAME_ID,TEAM_ID,TEAM_NAME,TEAM_ABBREVIATION,TEAM_CITY,STARTERS_BENCH,MIN,FGM,FGA,FG_PCT,FG3M,FG3A,FG3_PCT,FTM,FTA,FT_PCT,OREB,DREB,REB,AST,STL,BLK,TO,PF,PTS
0022100138,1610612757,Trail Blazers,POR,Portland,Starters,136.000000:40,26,59,0.441,12,35,0.343,8,13,0.615,4,27,31,16,8,4,7,11,72
0022100138,1610612757,Trail Blazers,POR,Portland,Bench,103.000000:20,10,36,0.278,3,20,0.15,10,11,0.909,8,13,21,6,6,3,4,10,33
0022100138,1610612747,Lakers,LAL,Los Angeles,Starters,98.000000:38,8,31,0.258,1,5,0.2,7,10,0.7,7,20,27,10,3,1,8,8,24
0022100138,1610612747,Lakers,LAL,Los Angeles,Bench,128.000000:47,22,53,0.415,8,25,0.32,12,14,0.857,4,25,29,8,4,4,10,8,64
