GAME_ID,TEAM_ID,TEAM_NAME,TEAM_ABBREVIATION,TEAM_CITY,STARTERS_BENCH,MIN,FGM,FGA,FG_PCT,FG3M,FG3A,FG3_PCT,FTM,FTA,FT_PCT,OREB,DREB,REB,AST,STL,BLK,TO,PF,PTS
0022100617,1610612756,Suns,PHX,Phoenix,Starters,117.000000:28,25,45,0.556,6,15,0.4,9,12,0.75,3,21,24,19,4,1,8,8,65
0022100617,1610612756,Suns,PHX,Phoenix,Bench,122.000000:32,26,42,0.619,5,12,0.417,13,18,0.722,8,19,27,11,0,6,6,18,70
0022100617,1610612765,Pistons,DET,Detroit,Starters,132.000000:09,21,46,0.457,4,12,0.333,7,9,0.778,4,12,16,12,2,2,6,10,53
0022100617,1610612765,Pistons,DET,Detroit,Bench,107.000000:51,17,36,0.472,5,13,0.385,16,25,0.64,1,15,16,13,4,0,3,10,55
