GAME_ID,TEAM_ID,TEAM_NAME,TEAM_ABBREVIATION,TEAM_CITY,STARTERS_BENCH,MIN,FGM,FGA,FG_PCT,FG3M,FG3A,FG3_PCT,FTM,FTA,FT_PCT,OREB,DREB,REB,AST,STL,BLK,TO,PF,PTS
0022101052,1610612760,Thunder,OKC,Oklahoma City,Starters,139.000000:31,24,49,0.49,2,13,0.154,18,22,0.818,7,20,27,10,3,3,7,8,68
0022101052,1610612760,Thunder,OKC,Oklahoma City,Bench,100.000000:29,16,35,0.457,8,21,0.381,0,1,0.0,4,16,20,9,1,2,3,2,40
0022101052,1610612748,Heat,MIA,Miami,Starters,119.000000:33,22,43,0.512,9,24,0.375,3,4,0.75,3,19,22,14,5,0,3,9,56
0022101052,1610612748,Heat,MIA,Miami,Bench,120.000000:27,24,52,0.462,9,27,0.333,7,8,0.875,8,16,24,11,0,0,3,10,64
