GAME_ID,TEAM_ID,TEAM_NAME,TEAM_ABBREVIATION,TEAM_CITY,STARTERS_BENCH,MIN,FGM,FGA,FG_PCT,FG3M,FG3A,FG3_PCT,FTM,FTA,FT_PCT,OREB,DREB,REB,AST,STL,BLK,TO,PF,PTS
0022101161,1610612755,76ers,PHI,Philadelphia,Starters,148.000000:41,36,58,0.621,13,27,0.481,10,12,0.833,7,25,32,29,7,0,14,10,95
0022101161,1610612755,76ers,PHI,Philadelphia,Bench,91.000000:19,17,29,0.586,8,16,0.5,7,9,0.778,3,12,15,9,3,5,5,8,49
0022101161,1610612766,Hornets,CHA,Charlotte,Starters,131.000000:40,24,49,0.49,7,19,0.368,13,18,0.722,3,14,17,19,10,0,12,8,68
0022101161,1610612766,Hornets,CHA,Charlotte,Bench,67.000000:42,12,26,0.462,3,8,0.375,6,6,1.0,3,5,8,6,1,1,4,9,33
