GAME_ID,TEAM_ID,TEAM_NAME,TEAM_ABBREVIATION,TEAM_CITY,STARTERS_BENCH,MIN,FGM,FGA,FG_PCT,FG3M,FG3A,FG3_PCT,FTM,FTA,FT_PCT,OREB,DREB,REB,AST,STL,BLK,TO,PF,PTS
0022100894,1610612757,Trail Blazers,POR,Portland,Starters,120.000000:34,19,43,0.442,6,18,0.333,13,16,0.813,5,15,20,11,2,0,8,16,57
0022100894,1610612757,Trail Blazers,POR,Portland,Bench,119.000000:26,12,36,0.333,3,17,0.176,11,13,0.846,1,10,11,5,3,4,10,13,38
0022100894,1610612744,Warriors,GSW,Golden State,Starters,112.000000:32,24,48,0.5,10,24,0.417,8,10,0.8,4,15,19,19,5,3,3,12,66
0022100894,1610612744,Warriors,GSW,Golden State,Bench,127.000000:28,21,40,0.525,5,17,0.294,19,22,0.864,6,21,27,17,5,4,9,11,66
