GAME_ID,TEAM_ID,TEAM_NAME,TEAM_ABBREVIATION,TEAM_CITY,STARTERS_BENCH,MIN,FGM,FGA,FG_PCT,FG3M,FG3A,FG3_PCT,FTM,FTA,FT_PCT,OREB,DREB,REB,AST,STL,BLK,TO,PF,PTS
0022100469,1610612756,Suns,PHX,Phoenix,Starters,147.000000:57,28,56,0.5,7,22,0.318,8,9,0.889,2,26,28,21,5,3,10,10,71
0022100469,1610612756,Suns,PHX,Phoenix,Bench,92.000000:03,13,37,0.351,5,19,0.263,6,6,1.0,6,19,25,8,6,1,6,8,37
0022100469,1610612747,Lakers,LAL,Los Angeles,Starters,144.000000:57,25,57,0.439,3,19,0.158,10,14,0.714,3,26,29,8,7,0,9,6,63
0022100469,1610612747,Lakers,LAL,Los Angeles,Bench,95.000000:03,9,30,0.3,4,16,0.25,5,9,0.556,3,15,18,6,2,3,5,12,27
