GAME_ID,TEAM_ID,TEAM_NAME,TEAM_ABBREVIATION,TEAM_CITY,STARTERS_BENCH,MIN,FGM,FGA,FG_PCT,FG3M,FG3A,FG3_PCT,FTM,FTA,FT_PCT,OREB,DREB,REB,AST,STL,BLK,TO,PF,PTS
0022100962,1610612761,Raptors,TOR,Toronto,Starters,183.000000:16,33,74,0.446,6,19,0.316,16,26,0.615,11,23,34,15,11,3,5,16,88
0022100962,1610612761,Raptors,TOR,Toronto,Bench,56.000000:44,4,20,0.2,0,5,0.0,0,0,0.0,3,8,11,2,2,0,2,4,8
0022100962,1610612739,Cavaliers,CLE,Cleveland,Starters,140.000000:03,26,56,0.464,5,21,0.238,10,15,0.667,10,28,38,15,2,7,14,10,67
0022100962,1610612739,Cavaliers,CLE,Cleveland,Bench,99.000000:57,13,29,0.448,6,15,0.4,5,8,0.625,5,15,20,9,3,0,3,12,37
