GAME_ID,TEAM_ID,TEAM_NAME,TEAM_ABBREVIATION,TEAM_CITY,STARTERS_BENCH,MIN,FGM,FGA,FG_PCT,FG3M,FG3A,FG3_PCT,FTM,FTA,FT_PCT,OREB,DREB,REB,AST,STL,BLK,TO,PF,PTS
2022100228,1612709919,Knicks,WES,Westchester,Starters,177.000000:16,30,69,0.435,8,22,0.364,20,23,0.87,14,23,37,14,3,4,12,12,97
2022100228,1612709919,Knicks,WES,Westchester,Bench,62.000000:44,8,21,0.381,2,12,0.167,1,2,0.5,3,6,9,10,5,0,4,9,20
2022100228,1612709923,Bulls,WCB,Windy City,Starters,177.000000:39,30,62,0.484,10,28,0.357,9,10,0.9,5,23,28,17,6,2,10,17,86
2022100228,1612709923,Bulls,WCB,Windy City,Bench,28.000000:20,5,9,0.556,0,1,0.0,2,2,1.0,1,2,3,2,1,2,5,3,13
