GAME_ID,TEAM_ID,TEAM_NAME,TEAM_ABBREVIATION,TEAM_CITY,STARTERS_BENCH,MIN,FGM,FGA,FG_PCT,FG3M,FG3A,FG3_PCT,FTM,FTA,FT_PCT,OREB,DREB,REB,AST,STL,BLK,TO,PF,PTS
2052100085,1612709908,Vipers,RGV,Rio Grande Valley,Starters,147.000000:23,29,69,0.42,4,23,0.174,10,14,0.714,14,20,34,12,5,3,9,11,74
2052100085,1612709908,Vipers,RGV,Rio Grande Valley,Bench,73.000000:52,10,23,0.435,2,7,0.286,1,3,0.333,5,10,15,8,4,1,2,5,23
2052100085,1612709913,Squadron,BIR,Birmingham,Starters,173.000000:38,29,70,0.414,11,27,0.407,12,16,0.75,12,29,41,21,8,3,10,17,89
2052100085,1612709913,Squadron,BIR,Birmingham,Bench,66.000000:22,7,15,0.467,2,7,0.286,0,0,0.0,0,4,4,3,1,0,5,3,16
