GAME_ID,TEAM_ID,TEAM_NAME,TEAM_ABBREVIATION,TEAM_CITY,STARTERS_BENCH,MIN,FGM,FGA,FG_PCT,FG3M,FG3A,FG3_PCT,FTM,FTA,FT_PCT,OREB,DREB,REB,AST,STL,BLK,TO,PF,PTS
2022100220,1612709932,Cruise,MCC,Motor City,Starters,141.000000:46,27,62,0.435,13,33,0.394,13,13,1.0,7,19,26,14,4,3,11,7,86
2022100220,1612709932,Cruise,MCC,Motor City,Bench,98.000000:14,11,23,0.478,4,11,0.364,2,3,0.667,4,22,26,10,3,2,10,8,31
2022100220,1612709921,Nets,LIN,Long Island,Starters,177.000000:48,36,81,0.444,5,24,0.208,10,12,0.833,3,23,26,23,7,2,11,13,91
2022100220,1612709921,Nets,LIN,Long Island,Bench,20.000000:49,4,10,0.4,0,5,0.0,0,0,0.0,2,1,3,1,1,0,0,4,8
