GAME_ID,TEAM_ID,TEAM_NAME,TEAM_ABBREVIATION,TEAM_CITY,STARTERS_BENCH,MIN,FGM,FGA,FG_PCT,FG3M,FG3A,FG3_PCT,FTM,FTA,FT_PCT,OREB,DREB,REB,AST,STL,BLK,TO,PF,PTS
2022100168,1612709889,Blue,OKL,Oklahoma City,Starters,146.000000:00,28,61,0.459,7,23,0.304,3,4,0.75,7,18,25,17,9,3,10,4,68
2022100168,1612709889,Blue,OKL,Oklahoma City,Bench,94.000000:00,12,31,0.387,2,8,0.25,2,3,0.667,5,13,18,10,6,3,6,5,29
2022100168,1612709913,Squadron,BIR,Birmingham,Starters,165.000000:15,30,70,0.429,9,25,0.36,2,3,0.667,7,21,28,23,10,4,10,6,72
2022100168,1612709913,Squadron,BIR,Birmingham,Bench,74.000000:45,12,22,0.545,1,6,0.167,2,3,0.667,4,16,20,4,3,4,8,7,28
