GAME_ID,TEAM_ID,TEAM_NAME,TEAM_ABBREVIATION,TEAM_CITY,STARTERS_BENCH,MIN,FGM,FGA,FG_PCT,FG3M,FG3A,FG3_PCT,FTM,FTA,FT_PCT,OREB,DREB,REB,AST,STL,BLK,TO,PF,PTS
0012100018,1610612762,Jazz,UTA,Utah,Starters,125.000000:08,17,50,0.34,6,30,0.2,5,7,0.714,5,16,21,12,5,4,5,9,45
0012100018,1610612762,Jazz,UTA,Utah,Bench,84.000000:25,13,26,0.5,7,15,0.467,1,2,0.5,2,16,18,10,3,0,5,9,34
0012100018,1610612742,Mavericks,DAL,Dallas,Starters,81.000000:31,14,31,0.452,4,10,0.4,5,9,0.556,2,18,20,12,1,2,5,4,37
0012100018,1610612742,Mavericks,DAL,Dallas,Bench,158.000000:29,29,60,0.483,7,20,0.35,9,11,0.818,7,27,34,13,4,3,9,12,74
