GAME_ID,TEAM_ID,TEAM_NAME,TEAM_ABBREVIATION,TEAM_CITY,STARTERS_BENCH,MIN,FGM,FGA,FG_PCT,FG3M,FG3A,FG3_PCT,FTM,FTA,FT_PCT,OREB,DREB,REB,AST,STL,BLK,TO,PF,PTS
0022100473,1610612749,Bucks,MIL,Milwaukee,Starters,144.000000:25,34,78,0.436,11,34,0.324,13,15,0.867,10,18,28,21,8,1,3,12,92
0022100473,1610612749,Bucks,MIL,Milwaukee,Bench,47.000000:49,7,12,0.583,4,7,0.571,2,2,1.0,0,4,4,4,0,1,0,4,20
0022100473,1610612745,Rockets,HOU,Houston,Starters,119.000000:37,17,46,0.37,7,28,0.25,14,19,0.737,6,22,28,7,0,4,8,14,55
0022100473,1610612745,Rockets,HOU,Houston,Bench,120.000000:23,19,40,0.475,6,17,0.353,7,12,0.583,7,17,24,16,0,3,7,7,51
