GAME_ID,TEAM_ID,TEAM_NAME,TEAM_ABBREVIATION,TEAM_CITY,STARTERS_BENCH,MIN,FGM,FGA,FG_PCT,FG3M,FG3A,FG3_PCT,FTM,FTA,FT_PCT,OREB,DREB,REB,AST,STL,BLK,TO,PF,PTS
0022101148,1610612749,Bucks,MIL,Milwaukee,Starters,168.000000:49,30,67,0.448,8,28,0.286,27,33,0.818,7,29,36,14,9,3,20,11,95
0022101148,1610612749,Bucks,MIL,Milwaukee,Bench,75.000000:39,6,14,0.429,2,7,0.286,0,0,0.0,3,13,16,2,3,0,2,3,14
0022101148,1610612751,Nets,BKN,Brooklyn,Starters,187.000000:35,35,77,0.455,14,28,0.5,10,12,0.833,4,24,28,23,6,5,12,16,94
0022101148,1610612751,Nets,BKN,Brooklyn,Bench,61.000000:19,9,17,0.529,3,7,0.429,1,4,0.25,1,11,12,6,5,2,4,9,22
