GAME_ID,TEAM_ID,TEAM_NAME,TEAM_ABBREVIATION,TEAM_CITY,STARTERS_BENCH,MIN,FGM,FGA,FG_PCT,FG3M,FG3A,FG3_PCT,FTM,FTA,FT_PCT,OREB,DREB,REB,AST,STL,BLK,TO,PF,PTS
0022101026,1610612758,Kings,SAC,Sacramento,Starters,175.000000:13,28,61,0.459,6,18,0.333,24,26,0.923,7,30,37,21,4,2,11,10,86
0022101026,1610612758,Kings,SAC,Sacramento,Bench,54.000000:33,11,21,0.524,4,7,0.571,0,0,0.0,0,7,7,4,6,0,4,8,26
0022101026,1610612741,Bulls,CHI,Chicago,Starters,156.000000:08,30,70,0.429,6,20,0.3,16,16,1.0,7,21,28,16,1,1,6,10,82
0022101026,1610612741,Bulls,CHI,Chicago,Bench,83.000000:52,6,18,0.333,4,14,0.286,5,6,0.833,2,10,12,6,4,4,7,10,21
