GAME_ID,TEAM_ID,TEAM_NAME,TEAM_ABBREVIATION,TEAM_CITY,STARTERS_BENCH,MIN,FGM,FGA,FG_PCT,FG3M,FG3A,FG3_PCT,FTM,FTA,FT_PCT,OREB,DREB,REB,AST,STL,BLK,TO,PF,PTS
0042100227,1610612756,Suns,PHX,Phoenix,Starters,146.000000:13,14,47,0.298,2,16,0.125,7,12,0.583,2,12,14,9,4,0,8,10,37
0042100227,1610612756,Suns,PHX,Phoenix,Bench,82.000000:08,19,40,0.475,10,18,0.556,4,4,1.0,11,12,23,11,3,3,4,6,52
0042100227,1610612742,Mavericks,DAL,Dallas,Starters,141.000000:58,28,49,0.571,10,22,0.455,9,9,1.0,5,24,29,10,6,1,7,13,75
0042100227,1610612742,Mavericks,DAL,Dallas,Bench,98.000000:02,18,32,0.563,9,17,0.529,3,3,1.0,1,13,14,4,3,5,4,4,48
