GAME_ID,TEAM_ID,TEAM_NAME,TEAM_ABBREVIATION,TEAM_CITY,STARTERS_BENCH,MIN,FGM,FGA,FG_PCT,FG3M,FG3A,FG3_PCT,FTM,FTA,FT_PCT,OREB,DREB,REB,AST,STL,BLK,TO,PF,PTS
2022100496,1612709915,Celtics,MNE,Maine,Starters,175.000000:18,25,57,0.439,12,30,0.4,7,8,0.875,5,24,29,25,5,1,9,9,76
2022100496,1612709915,Celtics,MNE,Maine,Bench,74.000000:43,14,31,0.452,8,18,0.444,3,3,1.0,4,11,15,5,4,4,7,8,42
2022100496,1612709925,Magic,LAK,Lakeland,Starters,158.000000:39,33,63,0.524,13,29,0.448,5,7,0.714,1,22,23,16,5,3,4,5,86
2022100496,1612709925,Magic,LAK,Lakeland,Bench,72.000000:10,9,19,0.474,4,9,0.444,3,3,1.0,0,7,7,12,4,1,5,4,29
