GAME_ID,TEAM_ID,TEAM_NAME,TEAM_ABBREVIATION,TEAM_CITY,STARTERS_BENCH,MIN,FGM,FGA,FG_PCT,FG3M,FG3A,FG3_PCT,FTM,FTA,FT_PCT,OREB,DREB,REB,AST,STL,BLK,TO,PF,PTS
0042100217,1610612749,Bucks,MIL,Milwaukee,Starters,164.000000:34,26,70,0.371,2,23,0.087,11,16,0.688,9,31,40,17,4,4,9,13,65
0042100217,1610612749,Bucks,MIL,Milwaukee,Bench,64.000000:11,7,20,0.35,2,10,0.2,0,0,0.0,2,12,14,3,1,1,3,4,16
0042100217,1610612738,Celtics,BOS,Boston,Starters,189.000000:20,29,68,0.426,15,40,0.375,13,18,0.722,5,32,37,24,3,5,12,19,86
0042100217,1610612738,Celtics,BOS,Boston,Bench,32.000000:27,7,10,0.7,6,9,0.667,0,0,0.0,3,6,9,4,1,2,0,0,20
