GAME_ID,TEAM_ID,TEAM_NAME,TEAM_ABBREVIATION,TEAM_CITY,STARTERS_BENCH,MIN,FGM,FGA,FG_PCT,FG3M,FG3A,FG3_PCT,FTM,FTA,FT_PCT,OREB,DREB,REB,AST,STL,BLK,TO,PF,PTS
0022100110,1610612753,Magic,ORL,Orlando,Starters,157.000000:39,18,60,0.3,7,31,0.226,7,10,0.7,7,27,34,11,6,1,7,15,50
0022100110,1610612753,Magic,ORL,Orlando,Bench,63.000000:51,8,20,0.4,2,10,0.2,5,6,0.833,0,8,8,4,0,0,7,3,23
0022100110,1610612738,Celtics,BOS,Boston,Starters,155.000000:03,26,58,0.448,8,25,0.32,14,21,0.667,5,28,33,17,5,7,8,11,74
0022100110,1610612738,Celtics,BOS,Boston,Bench,77.000000:46,7,20,0.35,2,11,0.182,1,2,0.5,4,12,16,7,2,2,3,9,17
