GAME_ID,TEAM_ID,TEAM_NAME,TEAM_ABBREVIATION,TEAM_CITY,STARTERS_BENCH,MIN,FGM,FGA,FG_PCT,FG3M,FG3A,FG3_PCT,FTM,FTA,FT_PCT,OREB,DREB,REB,AST,STL,BLK,TO,PF,PTS
0022101170,1610612755,76ers,PHI,Philadelphia,Starters,168.000000:38,26,68,0.382,7,23,0.304,32,38,0.842,9,25,34,22,4,8,11,14,91
0022101170,1610612755,76ers,PHI,Philadelphia,Bench,56.000000:26,6,11,0.545,3,7,0.429,2,2,1.0,3,12,15,1,3,0,2,3,17
0022101170,1610612739,Cavaliers,CLE,Cleveland,Starters,165.000000:15,22,54,0.407,9,18,0.5,16,22,0.727,7,23,30,14,6,0,6,16,69
0022101170,1610612739,Cavaliers,CLE,Cleveland,Bench,74.000000:46,13,24,0.542,6,15,0.4,7,9,0.778,0,11,11,10,4,3,3,12,39
