GAME_ID,TEAM_ID,TEAM_NAME,TEAM_ABBREVIATION,TEAM_CITY,STARTERS_BENCH,MIN,FGM,FGA,FG_PCT,FG3M,FG3A,FG3_PCT,FTM,FTA,FT_PCT,OREB,DREB,REB,AST,STL,BLK,TO,PF,PTS
2022100082,1612709919,Knicks,WES,Westchester,Starters,148.000000:05,21,57,0.368,5,18,0.278,7,10,0.7,3,18,21,14,4,2,6,10,58
2022100082,1612709919,Knicks,WES,Westchester,Bench,82.000000:07,15,30,0.5,5,13,0.385,3,4,0.75,5,12,17,8,5,3,4,8,40
2022100082,1612709932,Cruise,MCC,Motor City,Starters,150.000000:59,24,49,0.49,3,19,0.158,7,7,1.0,3,28,31,21,5,2,11,14,61
2022100082,1612709932,Cruise,MCC,Motor City,Bench,89.000000:01,15,31,0.484,10,15,0.667,3,6,0.5,7,12,19,9,3,1,7,5,46
