GAME_ID,TEAM_ID,TEAM_NAME,TEAM_ABBREVIATION,TEAM_CITY,STARTERS_BENCH,MIN,FGM,FGA,FG_PCT,FG3M,FG3A,FG3_PCT,FTM,FTA,FT_PCT,OREB,DREB,REB,AST,STL,BLK,TO,PF,PTS
0022100323,1610612748,Heat,MIA,Miami,Starters,138.000000:34,18,58,0.31,6,24,0.25,3,3,1.0,6,14,20,13,5,2,6,8,45
0022100323,1610612748,Heat,MIA,Miami,Bench,101.000000:26,14,27,0.519,6,13,0.462,6,10,0.6,3,5,8,8,3,2,5,9,40
0022100323,1610612739,Cavaliers,CLE,Cleveland,Starters,155.000000:18,24,44,0.545,7,16,0.438,13,14,0.929,4,25,29,14,3,10,14,8,68
0022100323,1610612739,Cavaliers,CLE,Cleveland,Bench,84.000000:42,13,24,0.542,9,15,0.6,8,9,0.889,2,15,17,13,5,4,6,7,43
