GAME_ID,TEAM_ID,TEAM_NAME,TEAM_ABBREVIATION,TEAM_CITY,STARTERS_BENCH,MIN,FGM,FGA,FG_PCT,FG3M,FG3A,FG3_PCT,FTM,FTA,FT_PCT,OREB,DREB,REB,AST,STL,BLK,TO,PF,PTS
0022100266,1610612746,Clippers,LAC,LA,Starters,171.000000:50,27,65,0.415,6,22,0.273,19,23,0.826,6,29,35,11,4,3,14,12,79
0022100266,1610612746,Clippers,LAC,LA,Bench,93.000000:10,8,20,0.4,4,10,0.4,5,6,0.833,6,6,12,6,1,0,4,12,25
0022100266,1610612742,Mavericks,DAL,Dallas,Starters,188.000000:27,31,72,0.431,10,34,0.294,16,18,0.889,8,18,26,14,7,4,12,15,88
0022100266,1610612742,Mavericks,DAL,Dallas,Bench,67.000000:38,8,17,0.471,2,5,0.4,6,7,0.857,4,11,15,8,4,1,2,6,24
