GAME_ID,TEAM_ID,TEAM_NAME,TEAM_ABBREVIATION,TEAM_CITY,STARTERS_BENCH,MIN,FGM,FGA,FG_PCT,FG3M,FG3A,FG3_PCT,FTM,FTA,FT_PCT,OREB,DREB,REB,AST,STL,BLK,TO,PF,PTS
0022101112,1610612749,Bucks,MIL,Milwaukee,Starters,132.000000:52,25,57,0.439,5,17,0.294,13,15,0.867,4,22,26,13,2,5,10,14,68
0022101112,1610612749,Bucks,MIL,Milwaukee,Bench,85.000000:09,9,29,0.31,2,11,0.182,5,7,0.714,9,7,16,5,2,2,2,6,25
0022101112,1610612763,Grizzlies,MEM,Memphis,Starters,133.000000:09,29,66,0.439,4,18,0.222,10,12,0.833,10,17,27,21,5,4,4,12,72
0022101112,1610612763,Grizzlies,MEM,Memphis,Bench,64.000000:58,9,19,0.474,2,8,0.25,2,5,0.4,5,15,20,7,1,3,2,4,22
