GAME_ID,TEAM_ID,TEAM_NAME,TEAM_ABBREVIATION,TEAM_CITY,STARTERS_BENCH,MIN,FGM,FGA,FG_PCT,FG3M,FG3A,FG3_PCT,FTM,FTA,FT_PCT,OREB,DREB,REB,AST,STL,BLK,TO,PF,PTS
0022100702,1610612761,Raptors,TOR,Toronto,Starters,179.000000:26,30,83,0.361,12,45,0.267,8,12,0.667,9,18,27,25,11,5,11,17,80
0022100702,1610612761,Raptors,TOR,Toronto,Bench,60.000000:35,9,15,0.6,6,9,0.667,1,2,0.5,6,10,16,3,4,3,4,1,25
0022100702,1610612757,Trail Blazers,POR,Portland,Starters,175.000000:32,30,60,0.5,12,24,0.5,5,11,0.455,7,29,36,21,7,5,21,10,77
0022100702,1610612757,Trail Blazers,POR,Portland,Bench,64.000000:28,15,25,0.6,6,8,0.75,1,2,0.5,3,8,11,10,1,2,1,7,37
