GAME_ID,TEAM_ID,TEAM_NAME,TEAM_ABBREVIATION,TEAM_CITY,STARTERS_BENCH,MIN,FGM,FGA,FG_PCT,FG3M,FG3A,FG3_PCT,FTM,FTA,FT_PCT,OREB,DREB,REB,AST,STL,BLK,TO,PF,PTS
0022101201,1610612763,Grizzlies,MEM,Memphis,Starters,118.000000:39,18,44,0.409,4,11,0.364,3,6,0.5,3,10,13,14,5,2,6,14,43
0022101201,1610612763,Grizzlies,MEM,Memphis,Bench,121.000000:21,24,45,0.533,7,17,0.412,11,13,0.846,7,14,21,16,3,1,6,7,66
0022101201,1610612743,Nuggets,DEN,Denver,Starters,150.000000:15,33,58,0.569,8,18,0.444,14,15,0.933,6,27,33,18,5,1,14,11,88
0022101201,1610612743,Nuggets,DEN,Denver,Bench,85.000000:57,11,21,0.524,4,11,0.364,7,8,0.875,2,8,10,9,2,1,3,11,33
