GAME_ID,TEAM_ID,TEAM_NAME,TEAM_ABBREVIATION,TEAM_CITY,STARTERS_BENCH,MIN,FGM,FGA,FG_PCT,FG3M,FG3A,FG3_PCT,FTM,FTA,FT_PCT,OREB,DREB,REB,AST,STL,BLK,TO,PF,PTS
2052100167,1612709917,Gold,GRG,Grand Rapids,Starters,196.000000:06,43,82,0.524,6,27,0.222,13,15,0.867,6,36,42,28,5,2,15,13,114
2052100167,1612709917,Gold,GRG,Grand Rapids,Bench,35.000000:25,3,7,0.429,3,6,0.5,0,0,0.0,0,3,3,0,0,0,1,5,9
2052100167,1612709910,Mad Ants,FWN,Fort Wayne,Starters,153.000000:17,34,74,0.459,12,35,0.343,8,11,0.727,10,30,40,22,8,2,6,9,91
2052100167,1612709910,Mad Ants,FWN,Fort Wayne,Bench,86.000000:43,12,29,0.414,7,20,0.35,5,6,0.833,1,6,7,7,5,1,4,10,40
