GAME_ID,TEAM_ID,TEAM_NAME,TEAM_ABBREVIATION,TEAM_CITY,STARTERS_BENCH,MIN,FGM,FGA,FG_PCT,FG3M,FG3A,FG3_PCT,FTM,FTA,FT_PCT,OREB,DREB,REB,AST,STL,BLK,TO,PF,PTS
2042100211,1612709932,Cruise,MCC,Motor City,Starters,139.000000:26,21,51,0.412,7,27,0.259,5,8,0.625,4,22,26,18,1,7,13,12,57
2042100211,1612709932,Cruise,MCC,Motor City,Bench,100.000000:34,21,44,0.477,4,13,0.308,7,8,0.875,8,15,23,10,4,4,5,14,59
2042100211,1612709909,Blue Coats,DEL,Delaware,Starters,158.000000:41,33,70,0.471,1,15,0.067,14,15,0.933,8,25,33,15,7,4,5,15,88
2042100211,1612709909,Blue Coats,DEL,Delaware,Bench,77.000000:12,12,29,0.414,7,14,0.5,2,3,0.667,5,9,14,9,1,1,5,5,34
