GAME_ID,TEAM_ID,TEAM_NAME,TEAM_ABBREVIATION,TEAM_CITY,STARTERS_BENCH,MIN,FGM,FGA,FG_PCT,FG3M,FG3A,FG3_PCT,FTM,FTA,FT_PCT,OREB,DREB,REB,AST,STL,BLK,TO,PF,PTS
0022101103,1610612752,Knicks,NYK,New York,Starters,141.000000:48,19,49,0.388,9,30,0.3,11,14,0.786,11,17,28,13,3,1,8,11,58
0022101103,1610612752,Knicks,NYK,New York,Bench,98.000000:12,17,33,0.515,8,20,0.4,11,14,0.786,6,8,14,10,5,1,3,13,53
0022101103,1610612748,Heat,MIA,Miami,Starters,156.000000:31,25,48,0.521,6,20,0.3,18,21,0.857,6,19,25,13,6,3,8,12,74
0022101103,1610612748,Heat,MIA,Miami,Bench,83.000000:30,10,22,0.455,6,13,0.462,3,4,0.75,2,8,10,5,0,0,7,13,29
