GAME_ID,TEAM_ID,TEAM_NAME,TEAM_ABBREVIATION,TEAM_CITY,STARTERS_BENCH,MIN,FGM,FGA,FG_PCT,FG3M,FG3A,FG3_PCT,FTM,FTA,FT_PCT,OREB,DREB,REB,AST,STL,BLK,TO,PF,PTS
0022100005,1610612752,Knicks,NYK,New York,Starters,207.000000:28,39,76,0.513,15,32,0.469,14,20,0.7,5,39,44,20,5,8,13,19,107
0022100005,1610612752,Knicks,NYK,New York,Bench,82.000000:32,12,29,0.414,2,13,0.154,5,7,0.714,2,9,11,7,4,2,4,3,31
0022100005,1610612738,Celtics,BOS,Boston,Starters,212.000000:48,39,88,0.443,18,45,0.4,16,21,0.762,7,36,43,23,10,8,13,16,112
0022100005,1610612738,Celtics,BOS,Boston,Bench,65.000000:54,9,25,0.36,3,9,0.333,1,2,0.5,7,4,11,10,3,1,5,6,22
