GAME_ID,TEAM_ID,TEAM_NAME,TEAM_ABBREVIATION,TEAM_CITY,STARTERS_BENCH,MIN,FGM,FGA,FG_PCT,FG3M,FG3A,FG3_PCT,FTM,FTA,FT_PCT,OREB,DREB,REB,AST,STL,BLK,TO,PF,PTS
0022100409,1610612755,76ers,PHI,Philadelphia,Starters,129.000000:05,23,50,0.46,3,12,0.25,6,8,0.75,3,15,18,15,3,5,8,7,55
0022100409,1610612755,76ers,PHI,Philadelphia,Bench,110.000000:55,14,33,0.424,1,10,0.1,7,11,0.636,2,18,20,7,2,5,7,12,36
0022100409,1610612763,Grizzlies,MEM,Memphis,Starters,118.000000:24,28,51,0.549,4,15,0.267,9,12,0.75,6,20,26,15,5,3,4,7,69
0022100409,1610612763,Grizzlies,MEM,Memphis,Bench,83.000000:16,12,23,0.522,7,12,0.583,2,4,0.5,5,15,20,7,1,2,3,11,33
