GAME_ID,TEAM_ID,TEAM_NAME,TEAM_ABBREVIATION,TEAM_CITY,STARTERS_BENCH,MIN,FGM,FGA,FG_PCT,FG3M,FG3A,FG3_PCT,FTM,FTA,FT_PCT,OREB,DREB,REB,AST,STL,BLK,TO,PF,PTS
0012100052,1610612760,Thunder,OKC,Oklahoma City,Starters,126.000000:32,23,40,0.575,7,15,0.467,10,17,0.588,2,23,25,11,3,2,8,11,63
0012100052,1610612760,Thunder,OKC,Oklahoma City,Bench,113.000000:28,16,40,0.4,6,19,0.316,7,8,0.875,4,20,24,8,5,3,6,10,45
0012100052,1610612743,Nuggets,DEN,Denver,Starters,134.000000:26,24,58,0.414,5,22,0.227,7,8,0.875,9,20,29,12,4,1,7,9,60
0012100052,1610612743,Nuggets,DEN,Denver,Bench,105.000000:34,12,32,0.375,6,22,0.273,9,13,0.692,1,12,13,11,4,1,8,11,39
