GAME_ID,TEAM_ID,TEAM_NAME,TEAM_ABBREVIATION,TEAM_CITY,STARTERS_BENCH,MIN,FGM,FGA,FG_PCT,FG3M,FG3A,FG3_PCT,FTM,FTA,FT_PCT,OREB,DREB,REB,AST,STL,BLK,TO,PF,PTS
0022100623,1610612759,Spurs,SAS,San Antonio,Starters,141.000000:54,25,54,0.463,8,20,0.4,13,18,0.722,7,19,26,23,7,3,6,18,71
0022100623,1610612759,Spurs,SAS,San Antonio,Bench,51.000000:42,8,22,0.364,6,16,0.375,1,1,1.0,1,6,7,3,3,1,3,2,23
0022100623,1610612745,Rockets,HOU,Houston,Starters,152.000000:53,34,57,0.596,11,22,0.5,20,28,0.714,2,30,32,15,4,4,11,12,99
0022100623,1610612745,Rockets,HOU,Houston,Bench,67.000000:17,8,18,0.444,2,8,0.25,2,4,0.5,2,11,13,5,1,3,3,11,20
