GAME_ID,TEAM_ID,TEAM_NAME,TEAM_ABBREVIATION,TEAM_CITY,STARTERS_BENCH,MIN,FGM,FGA,FG_PCT,FG3M,FG3A,FG3_PCT,FTM,FTA,FT_PCT,OREB,DREB,REB,AST,STL,BLK,TO,PF,PTS
2052100040,1612709918,Legends,TEX,Texas,Starters,166.000000:43,28,64,0.438,5,24,0.208,16,19,0.842,9,29,38,16,4,2,14,13,83
2052100040,1612709918,Legends,TEX,Texas,Bench,70.000000:24,10,20,0.5,2,9,0.222,2,2,1.0,3,8,11,2,6,1,4,11,25
2052100040,1612709913,Squadron,BIR,Birmingham,Starters,161.000000:50,28,67,0.418,6,20,0.3,10,13,0.769,9,18,27,16,3,2,9,21,79
2052100040,1612709913,Squadron,BIR,Birmingham,Bench,78.000000:10,6,19,0.316,2,10,0.2,3,5,0.6,3,14,17,5,3,2,7,5,21
