GAME_ID,TEAM_ID,TEAM_NAME,TEAM_ABBREVIATION,TEAM_CITY,STARTERS_BENCH,MIN,FGM,FGA,FG_PCT,FG3M,FG3A,FG3_PCT,FTM,FTA,FT_PCT,OREB,DREB,REB,AST,STL,BLK,TO,PF,PTS
0022100622,1610612752,Knicks,NYK,New York,Starters,171.000000:45,35,67,0.522,9,17,0.529,12,15,0.8,7,35,42,19,3,2,8,10,91
0022100622,1610612752,Knicks,NYK,New York,Bench,68.000000:15,7,23,0.304,3,10,0.3,0,0,0.0,4,8,12,5,2,2,1,11,17
0022100622,1610612742,Mavericks,DAL,Dallas,Starters,161.000000:22,21,55,0.382,5,24,0.208,8,12,0.667,4,24,28,11,3,2,12,11,55
0022100622,1610612742,Mavericks,DAL,Dallas,Bench,78.000000:38,11,23,0.478,3,13,0.231,5,7,0.714,1,10,11,5,3,0,1,7,30
