GAME_ID,TEAM_ID,TEAM_NAME,TEAM_ABBREVIATION,TEAM_CITY,STARTERS_BENCH,MIN,FGM,FGA,FG_PCT,FG3M,FG3A,FG3_PCT,FTM,FTA,FT_PCT,OREB,DREB,REB,AST,STL,BLK,TO,PF,PTS
0022100257,1610612754,Pacers,IND,Indiana,Starters,126.000000:08,28,50,0.56,8,18,0.444,11,12,0.917,5,26,31,16,4,7,7,8,75
0022100257,1610612754,Pacers,IND,Indiana,Bench,113.000000:52,12,40,0.3,5,13,0.385,5,6,0.833,6,22,28,11,3,5,4,7,34
0022100257,1610612741,Bulls,CHI,Chicago,Starters,119.000000:59,20,55,0.364,3,15,0.2,2,3,0.667,1,17,18,10,1,1,8,8,45
0022100257,1610612741,Bulls,CHI,Chicago,Bench,120.000000:01,11,30,0.367,3,13,0.231,7,12,0.583,4,16,20,3,5,1,1,8,32
