GAME_ID,TEAM_ID,TEAM_NAME,TEAM_ABBREVIATION,TEAM_CITY,STARTERS_BENCH,MIN,FGM,FGA,FG_PCT,FG3M,FG3A,FG3_PCT,FTM,FTA,FT_PCT,OREB,DREB,REB,AST,STL,BLK,TO,PF,PTS
0022100659,1610612746,Clippers,LAC,LA,Starters,168.000000:27,34,56,0.607,14,28,0.5,23,24,0.958,4,22,26,20,4,5,7,11,105
0022100659,1610612746,Clippers,LAC,LA,Bench,71.000000:33,11,26,0.423,4,8,0.5,8,12,0.667,4,7,11,12,3,2,4,7,34
0022100659,1610612754,Pacers,IND,Indiana,Starters,142.000000:22,28,57,0.491,9,21,0.429,12,15,0.8,7,16,23,16,4,2,7,15,77
0022100659,1610612754,Pacers,IND,Indiana,Bench,94.000000:57,22,40,0.55,4,12,0.333,8,8,1.0,8,10,18,14,4,2,4,7,56
