GAME_ID,TEAM_ID,TEAM_NAME,TEAM_ABBREVIATION,TEAM_CITY,STARTERS_BENCH,MIN,FGM,FGA,FG_PCT,FG3M,FG3A,FG3_PCT,FTM,FTA,FT_PCT,OREB,DREB,REB,AST,STL,BLK,TO,PF,PTS
0022100542,1610612746,Clippers,LAC,LA,Starters,151.000000:04,29,55,0.527,13,27,0.481,12,17,0.706,3,18,21,15,5,4,6,6,83
0022100542,1610612746,Clippers,LAC,LA,Bench,88.000000:56,13,31,0.419,1,9,0.111,10,14,0.714,4,15,19,8,2,2,4,13,37
0022100542,1610612751,Nets,BKN,Brooklyn,Starters,154.000000:16,32,74,0.432,10,28,0.357,17,20,0.85,9,27,36,18,5,1,12,15,91
0022100542,1610612751,Nets,BKN,Brooklyn,Bench,85.000000:44,10,23,0.435,1,5,0.2,4,5,0.8,8,13,21,8,4,1,2,5,25
