GAME_ID,TEAM_ID,TEAM_NAME,TEAM_ABBREVIATION,TEAM_CITY,STARTERS_BENCH,MIN,FGM,FGA,FG_PCT,FG3M,FG3A,FG3_PCT,FTM,FTA,FT_PCT,OREB,DREB,REB,AST,STL,BLK,TO,PF,PTS
2052100034,1612709902,Warriors,SCW,Santa Cruz,Starters,160.000000:29,26,61,0.426,7,20,0.35,11,12,0.917,9,35,44,13,5,5,15,7,76
2052100034,1612709902,Warriors,SCW,Santa Cruz,Bench,63.000000:01,2,15,0.133,0,7,0.0,1,1,1.0,3,9,12,2,0,3,3,4,6
2052100034,1612709889,Blue,OKL,Oklahoma City,Starters,138.000000:15,15,51,0.294,4,26,0.154,2,5,0.4,3,19,22,10,8,5,12,10,38
2052100034,1612709889,Blue,OKL,Oklahoma City,Bench,101.000000:45,17,37,0.459,3,13,0.231,0,2,0.0,5,20,25,13,4,0,5,9,37
