GAME_ID,TEAM_ID,TEAM_NAME,TEAM_ABBREVIATION,TEAM_CITY,STARTERS_BENCH,MIN,FGM,FGA,FG_PCT,FG3M,FG3A,FG3_PCT,FTM,FTA,FT_PCT,OREB,DREB,REB,AST,STL,BLK,TO,PF,PTS
0022100173,1610612748,Heat,MIA,Miami,Starters,170.000000:41,36,76,0.474,6,27,0.222,12,15,0.8,14,26,40,11,5,4,11,16,90
0022100173,1610612748,Heat,MIA,Miami,Bench,69.000000:19,7,21,0.333,3,14,0.214,2,2,1.0,4,6,10,7,4,0,4,5,19
0022100173,1610612746,Clippers,LAC,LA,Starters,175.000000:00,36,72,0.5,9,27,0.333,13,15,0.867,6,21,27,14,5,8,8,8,94
0022100173,1610612746,Clippers,LAC,LA,Bench,62.000000:07,7,19,0.368,2,10,0.2,2,2,1.0,3,11,14,6,3,1,3,6,18
