GAME_ID,TEAM_ID,TEAM_NAME,TEAM_ABBREVIATION,TEAM_CITY,STARTERS_BENCH,MIN,FGM,FGA,FG_PCT,FG3M,FG3A,FG3_PCT,FTM,FTA,FT_PCT,OREB,DREB,REB,AST,STL,BLK,TO,PF,PTS
0052100111,1610612766,Hornets,CHA,Charlotte,Starters,154.000000:21,28,69,0.406,9,31,0.29,14,17,0.824,7,16,23,19,2,3,11,16,79
0052100111,1610612766,Hornets,CHA,Charlotte,Bench,63.000000:48,6,18,0.333,4,9,0.444,6,8,0.75,3,9,12,2,0,1,2,5,22
0052100111,1610612737,Hawks,ATL,Atlanta,Starters,152.000000:59,35,70,0.5,8,19,0.421,14,19,0.737,8,27,35,22,4,4,6,13,92
0052100111,1610612737,Hawks,ATL,Atlanta,Bench,87.000000:01,14,24,0.583,8,13,0.615,4,6,0.667,4,15,19,9,1,2,4,12,40
