GAME_ID,TEAM_ID,TEAM_NAME,TEAM_ABBREVIATION,TEAM_CITY,STARTERS_BENCH,MIN,FGM,FGA,FG_PCT,FG3M,FG3A,FG3_PCT,FTM,FTA,FT_PCT,OREB,DREB,REB,AST,STL,BLK,TO,PF,PTS
2052100017,1612709914,Kings,STO,Stockton,Starters,139.000000:41,21,64,0.328,7,20,0.35,6,9,0.667,11,19,30,12,8,0,7,12,59
2052100017,1612709914,Kings,STO,Stockton,Bench,100.000000:19,19,39,0.487,5,13,0.385,1,2,0.5,7,15,22,6,6,2,6,12,45
2052100017,1612709902,Warriors,SCW,Santa Cruz,Starters,170.000000:46,23,52,0.442,7,20,0.35,9,12,0.75,7,27,34,24,5,2,18,11,69
2052100017,1612709902,Warriors,SCW,Santa Cruz,Bench,53.000000:42,5,14,0.357,2,8,0.25,2,3,0.667,0,8,8,3,1,2,5,1,16
