GAME_ID,TEAM_ID,TEAM_NAME,TEAM_ABBREVIATION,TEAM_CITY,STARTERS_BENCH,MIN,FGM,FGA,FG_PCT,FG3M,FG3A,FG3_PCT,FTM,FTA,FT_PCT,OREB,DREB,REB,AST,STL,BLK,TO,PF,PTS
0052100121,1610612750,Timberwolves,MIN,Minnesota,Starters,158.000000:55,26,60,0.433,9,23,0.391,19,26,0.731,9,27,36,15,7,1,9,18,80
0052100121,1610612750,Timberwolves,MIN,Minnesota,Bench,81.000000:05,10,23,0.435,5,12,0.417,4,11,0.364,3,10,13,4,3,1,2,8,29
0052100121,1610612746,Clippers,LAC,LA,Starters,172.000000:40,26,61,0.426,12,27,0.444,13,19,0.684,4,23,27,14,4,3,13,22,77
0052100121,1610612746,Clippers,LAC,LA,Bench,67.000000:20,8,17,0.471,4,8,0.5,7,8,0.875,3,9,12,5,1,2,4,6,27
