GAME_ID,TEAM_ID,TEAM_NAME,TEAM_ABBREVIATION,TEAM_CITY,STARTERS_BENCH,MIN,FGM,FGA,FG_PCT,FG3M,FG3A,FG3_PCT,FTM,FTA,FT_PCT,OREB,DREB,REB,AST,STL,BLK,TO,PF,PTS
2052100150,1612709925,Magic,LAK,Lakeland,Starters,155.000000:23,21,65,0.323,6,26,0.231,8,10,0.8,9,29,38,10,4,2,10,16,61
2052100150,1612709925,Magic,LAK,Lakeland,Bench,84.000000:37,7,29,0.241,2,12,0.167,6,7,0.857,6,11,17,4,6,1,2,7,27
2052100150,1612709913,Squadron,BIR,Birmingham,Starters,173.000000:05,24,64,0.375,8,18,0.444,12,16,0.75,7,41,48,14,8,4,11,16,74
2052100150,1612709913,Squadron,BIR,Birmingham,Bench,66.000000:55,8,16,0.5,3,8,0.375,2,2,1.0,0,4,4,7,0,1,6,6,23
