GAME_ID,TEAM_ID,TEAM_NAME,TEAM_ABBREVIATION,TEAM_CITY,STARTERS_BENCH,MIN,FGM,FGA,FG_PCT,FG3M,FG3A,FG3_PCT,FTM,FTA,FT_PCT,OREB,DREB,REB,AST,STL,BLK,TO,PF,PTS
2022100122,1612709932,Cruise,MCC,Motor City,Starters,151.000000:06,33,53,0.623,8,17,0.471,8,12,0.667,10,22,32,21,4,6,11,15,86
2022100122,1612709932,Cruise,MCC,Motor City,Bench,67.000000:01,10,24,0.417,0,6,0.0,5,6,0.833,1,10,11,7,0,5,8,6,27
2022100122,1612709929,Skyhawks,CPS,College Park,Starters,183.000000:06,38,75,0.507,5,14,0.357,11,14,0.786,5,19,24,23,13,3,8,21,98
2022100122,1612709929,Skyhawks,CPS,College Park,Bench,43.000000:11,6,13,0.462,1,3,0.333,1,1,1.0,2,6,8,0,1,0,3,4,15
