GAME_ID,TEAM_ID,TEAM_NAME,TEAM_ABBREVIATION,TEAM_CITY,STARTERS_BENCH,MIN,FGM,FGA,FG_PCT,FG3M,FG3A,FG3_PCT,FTM,FTA,FT_PCT,OREB,DREB,REB,AST,STL,BLK,TO,PF,PTS
2022100314,1612709902,Warriors,SCW,Santa Cruz,Starters,140.000000:05,29,52,0.558,8,19,0.421,10,10,1.0,6,20,26,16,5,2,7,10,84
2022100314,1612709902,Warriors,SCW,Santa Cruz,Bench,37.000000:40,5,9,0.556,3,7,0.429,2,2,1.0,2,5,7,5,0,0,2,2,15
2022100314,1612709913,Squadron,BIR,Birmingham,Starters,150.000000:06,20,52,0.385,7,23,0.304,6,7,0.857,7,12,19,17,2,1,8,12,59
2022100314,1612709913,Squadron,BIR,Birmingham,Bench,89.000000:54,13,29,0.448,5,17,0.294,3,6,0.5,4,11,15,2,1,2,5,4,35
