GAME_ID,TEAM_ID,TEAM_NAME,TEAM_ABBREVIATION,TEAM_CITY,STARTERS_BENCH,MIN,FGM,FGA,FG_PCT,FG3M,FG3A,FG3_PCT,FTM,FTA,FT_PCT,OREB,DREB,REB,AST,STL,BLK,TO,PF,PTS
0022100937,1610612758,Kings,SAC,Sacramento,Starters,144.000000:33,23,54,0.426,6,20,0.3,16,21,0.762,9,18,27,11,3,2,8,9,68
0022100937,1610612758,Kings,SAC,Sacramento,Bench,95.000000:27,12,35,0.343,2,15,0.133,1,4,0.25,3,8,11,9,6,2,3,10,27
0022100937,1610612740,Pelicans,NOP,New Orleans,Starters,155.000000:48,39,61,0.639,7,15,0.467,9,10,0.9,5,33,38,21,3,5,11,16,94
0022100937,1610612740,Pelicans,NOP,New Orleans,Bench,69.000000:21,11,24,0.458,4,13,0.308,1,2,0.5,2,8,10,6,2,0,1,6,27
