GAME_ID,TEAM_ID,TEAM_NAME,TEAM_ABBREVIATION,TEAM_CITY,STARTERS_BENCH,MIN,FGM,FGA,FG_PCT,FG3M,FG3A,FG3_PCT,FTM,FTA,FT_PCT,OREB,DREB,REB,AST,STL,BLK,TO,PF,PTS
0022101070,1610612759,Spurs,SAS,San Antonio,Starters,160.000000:55,23,68,0.338,8,27,0.296,9,14,0.643,13,23,36,18,4,2,4,13,63
0022101070,1610612759,Spurs,SAS,San Antonio,Bench,79.000000:05,15,30,0.5,7,13,0.538,10,11,0.909,4,4,8,7,3,0,6,5,47
0022101070,1610612744,Warriors,GSW,Golden State,Starters,143.000000:16,27,61,0.443,10,25,0.4,10,15,0.667,6,19,25,13,3,0,7,14,74
0022101070,1610612744,Warriors,GSW,Golden State,Bench,96.000000:45,14,29,0.483,1,8,0.125,5,6,0.833,14,18,32,13,2,1,8,6,34
