GAME_ID,TEAM_ID,TEAM_NAME,TEAM_ABBREVIATION,TEAM_CITY,STARTERS_BENCH,MIN,FGM,FGA,FG_PCT,FG3M,FG3A,FG3_PCT,FTM,FTA,FT_PCT,OREB,DREB,REB,AST,STL,BLK,TO,PF,PTS
0022100990,1610612762,Jazz,UTA,Utah,Starters,115.000000:37,24,41,0.585,13,26,0.5,7,11,0.636,3,26,29,17,2,1,4,9,68
0022100990,1610612762,Jazz,UTA,Utah,Bench,124.000000:23,18,40,0.45,4,20,0.2,15,16,0.938,3,18,21,14,1,4,5,14,55
0022100990,1610612757,Trail Blazers,POR,Portland,Starters,115.000000:48,10,41,0.244,2,13,0.154,6,9,0.667,7,21,28,8,3,1,7,9,28
0022100990,1610612757,Trail Blazers,POR,Portland,Bench,124.000000:12,19,48,0.396,7,23,0.304,12,13,0.923,2,6,8,11,1,1,2,14,57
