GAME_ID,TEAM_ID,TEAM_NAME,TEAM_ABBREVIATION,TEAM_CITY,STARTERS_BENCH,MIN,FGM,FGA,FG_PCT,FG3M,FG3A,FG3_PCT,FTM,FTA,FT_PCT,OREB,DREB,REB,AST,STL,BLK,TO,PF,PTS
0022100831,1610612763,Grizzlies,MEM,Memphis,Starters,130.000000:25,25,50,0.5,9,17,0.529,22,30,0.733,8,23,31,17,1,1,9,12,81
0022100831,1610612763,Grizzlies,MEM,Memphis,Bench,60.000000:47,8,19,0.421,2,4,0.5,6,10,0.6,6,8,14,9,3,2,1,6,24
0022100831,1610612765,Pistons,DET,Detroit,Starters,144.000000:51,28,57,0.491,4,18,0.222,8,10,0.8,5,20,25,20,2,6,3,16,68
0022100831,1610612765,Pistons,DET,Detroit,Bench,95.000000:09,13,37,0.351,3,17,0.176,10,11,0.909,5,10,15,7,2,1,6,13,39
