GAME_ID,TEAM_ID,TEAM_NAME,TEAM_ABBREVIATION,TEAM_CITY,STARTERS_BENCH,MIN,FGM,FGA,FG_PCT,FG3M,FG3A,FG3_PCT,FTM,FTA,FT_PCT,OREB,DREB,REB,AST,STL,BLK,TO,PF,PTS
0022100049,1610612757,Trail Blazers,POR,Portland,Starters,139.000000:12,17,47,0.362,6,25,0.24,6,6,1.0,3,24,27,10,7,3,18,10,46
0022100049,1610612757,Trail Blazers,POR,Portland,Bench,87.000000:45,13,34,0.382,2,12,0.167,4,6,0.667,4,13,17,5,3,1,11,7,32
0022100049,1610612746,Clippers,LAC,LA,Starters,122.000000:50,20,52,0.385,5,28,0.179,6,8,0.75,1,23,24,21,13,1,11,8,51
0022100049,1610612746,Clippers,LAC,LA,Bench,117.000000:10,24,41,0.585,9,15,0.6,8,11,0.727,4,15,19,16,8,5,6,15,65
