GAME_ID,TEAM_ID,TEAM_NAME,TEAM_ABBREVIATION,TEAM_CITY,STARTERS_BENCH,MIN,FGM,FGA,FG_PCT,FG3M,FG3A,FG3_PCT,FTM,FTA,FT_PCT,OREB,DREB,REB,AST,STL,BLK,TO,PF,PTS
0022100607,1610612749,Bucks,MIL,Milwaukee,Starters,164.000000:40,34,61,0.557,11,25,0.44,10,14,0.714,7,31,38,24,7,1,16,13,89
0022100607,1610612749,Bucks,MIL,Milwaukee,Bench,13.000000:15,2,3,0.667,2,3,0.667,0,0,0.0,0,2,2,1,0,0,0,0,6
0022100607,1610612766,Hornets,CHA,Charlotte,Starters,174.000000:04,32,74,0.432,10,32,0.313,13,15,0.867,12,24,36,15,5,2,8,10,87
0022100607,1610612766,Hornets,CHA,Charlotte,Bench,65.000000:56,6,22,0.273,3,12,0.25,1,1,1.0,1,11,12,8,7,1,6,6,16
