GAME_ID,TEAM_ID,TEAM_NAME,TEAM_ABBREVIATION,TEAM_CITY,STARTERS_BENCH,MIN,FGM,FGA,FG_PCT,FG3M,FG3A,FG3_PCT,FTM,FTA,FT_PCT,OREB,DREB,REB,AST,STL,BLK,TO,PF,PTS
0022100907,1610612764,Wizards,WAS,Washington,Starters,155.000000:48,27,55,0.491,8,17,0.471,5,6,0.833,7,21,28,13,6,5,9,13,67
0022100907,1610612764,Wizards,WAS,Washington,Bench,68.000000:28,6,22,0.273,3,6,0.5,0,0,0.0,0,11,11,6,2,1,6,9,15
0022100907,1610612739,Cavaliers,CLE,Cleveland,Starters,181.000000:02,24,58,0.414,6,13,0.462,15,17,0.882,12,28,40,13,6,3,8,7,69
0022100907,1610612739,Cavaliers,CLE,Cleveland,Bench,58.000000:58,8,25,0.32,2,12,0.167,5,7,0.714,1,8,9,9,3,2,5,3,23
