GAME_ID,TEAM_ID,TEAM_NAME,TEAM_ABBREVIATION,TEAM_CITY,STARTERS_BENCH,MIN,FGM,FGA,FG_PCT,FG3M,FG3A,FG3_PCT,FTM,FTA,FT_PCT,OREB,DREB,REB,AST,STL,BLK,TO,PF,PTS
0022100308,1610612760,Thunder,OKC,Oklahoma City,Starters,124.000000:26,14,50,0.28,3,24,0.125,6,10,0.6,1,21,22,13,6,4,6,6,37
0022100308,1610612760,Thunder,OKC,Oklahoma City,Bench,115.000000:34,17,37,0.459,4,19,0.211,14,16,0.875,3,20,23,3,4,6,6,8,52
0022100308,1610612745,Rockets,HOU,Houston,Starters,153.000000:32,31,70,0.443,11,32,0.344,7,10,0.7,6,33,39,22,5,4,9,11,80
0022100308,1610612745,Rockets,HOU,Houston,Bench,86.000000:28,9,26,0.346,4,14,0.286,0,1,0.0,3,18,21,9,2,1,4,8,22
