GAME_ID,TEAM_ID,TEAM_NAME,TEAM_ABBREVIATION,TEAM_CITY,STARTERS_BENCH,MIN,FGM,FGA,FG_PCT,FG3M,FG3A,FG3_PCT,FTM,FTA,FT_PCT,OREB,DREB,REB,AST,STL,BLK,TO,PF,PTS
0022100985,1610612747,Lakers,LAL,Los Angeles,Starters,182.000000:28,34,70,0.486,10,27,0.37,17,22,0.773,6,28,34,22,7,6,11,11,95
0022100985,1610612747,Lakers,LAL,Los Angeles,Bench,82.000000:32,13,31,0.419,8,20,0.4,1,4,0.25,6,8,14,3,3,1,5,10,35
0022100985,1610612745,Rockets,HOU,Houston,Starters,192.000000:34,38,75,0.507,11,27,0.407,8,8,1.0,8,30,38,18,5,4,13,15,95
0022100985,1610612745,Rockets,HOU,Houston,Bench,72.000000:26,14,27,0.519,6,13,0.462,10,11,0.909,2,10,12,7,2,0,3,6,44
