GAME_ID,TEAM_ID,TEAM_NAME,TEAM_ABBREVIATION,TEAM_CITY,STARTERS_BENCH,MIN,FGM,FGA,FG_PCT,FG3M,FG3A,FG3_PCT,FTM,FTA,FT_PCT,OREB,DREB,REB,AST,STL,BLK,TO,PF,PTS
0022100197,1610612757,Trail Blazers,POR,Portland,Starters,126.000000:57,21,48,0.438,8,24,0.333,7,7,1.0,3,16,19,9,3,1,8,7,57
0022100197,1610612757,Trail Blazers,POR,Portland,Bench,105.000000:03,11,29,0.379,5,15,0.333,5,6,0.833,4,11,15,12,5,3,4,6,32
0022100197,1610612743,Nuggets,DEN,Denver,Starters,126.000000:25,26,51,0.51,4,13,0.308,5,6,0.833,6,21,27,15,4,1,4,5,61
0022100197,1610612743,Nuggets,DEN,Denver,Bench,113.000000:35,21,39,0.538,15,27,0.556,6,8,0.75,8,14,22,14,5,0,5,9,63
