GAME_ID,TEAM_ID,TEAM_NAME,TEAM_ABBREVIATION,TEAM_CITY,STARTERS_BENCH,MIN,FGM,FGA,FG_PCT,FG3M,FG3A,FG3_PCT,FTM,FTA,FT_PCT,OREB,DREB,REB,AST,STL,BLK,TO,PF,PTS
0022100094,1610612739,Cavaliers,CLE,Cleveland,Starters,180.000000:42,33,77,0.429,4,21,0.19,23,32,0.719,17,27,44,11,10,6,12,9,93
0022100094,1610612739,Cavaliers,CLE,Cleveland,Bench,59.000000:18,6,13,0.462,5,7,0.714,3,6,0.5,0,5,5,10,2,1,4,5,20
0022100094,1610612766,Hornets,CHA,Charlotte,Starters,159.000000:24,28,71,0.394,12,32,0.375,6,7,0.857,10,22,32,21,9,9,12,12,74
0022100094,1610612766,Hornets,CHA,Charlotte,Bench,69.000000:13,12,26,0.462,3,7,0.429,5,8,0.625,10,3,13,5,3,3,5,10,32
