GAME_ID,TEAM_ID,TEAM_NAME,TEAM_ABBREVIATION,TEAM_CITY,STARTERS_BENCH,MIN,FGM,FGA,FG_PCT,FG3M,FG3A,FG3_PCT,FTM,FTA,FT_PCT,OREB,DREB,REB,AST,STL,BLK,TO,PF,PTS
0022100232,1610612747,Lakers,LAL,Los Angeles,Starters,153.000000:12,29,60,0.483,6,17,0.353,10,16,0.625,3,19,22,13,4,3,10,15,74
0022100232,1610612747,Lakers,LAL,Los Angeles,Bench,76.000000:16,10,22,0.455,6,12,0.5,8,8,1.0,4,7,11,5,0,3,1,11,34
0022100232,1610612738,Celtics,BOS,Boston,Starters,157.000000:11,37,66,0.561,8,21,0.381,21,26,0.808,9,23,32,20,5,2,7,14,103
0022100232,1610612738,Celtics,BOS,Boston,Bench,74.000000:16,6,19,0.316,2,7,0.286,8,10,0.8,3,16,19,1,2,0,4,5,22
