GAME_ID,TEAM_ID,TEAM_NAME,TEAM_ABBREVIATION,TEAM_CITY,STARTERS_BENCH,MIN,FGM,FGA,FG_PCT,FG3M,FG3A,FG3_PCT,FTM,FTA,FT_PCT,OREB,DREB,REB,AST,STL,BLK,TO,PF,PTS
0022100932,1610612739,Cavaliers,CLE,Cleveland,Starters,155.000000:22,29,56,0.518,7,19,0.368,11,15,0.733,2,23,25,9,6,1,9,11,76
0022100932,1610612739,Cavaliers,CLE,Cleveland,Bench,73.000000:40,8,22,0.364,3,12,0.25,3,6,0.5,2,9,11,9,0,0,4,7,22
0022100932,1610612766,Hornets,CHA,Charlotte,Starters,134.000000:12,23,42,0.548,8,16,0.5,11,14,0.786,3,22,25,21,6,3,4,11,65
0022100932,1610612766,Hornets,CHA,Charlotte,Bench,105.000000:48,20,43,0.465,9,22,0.409,5,8,0.625,6,14,20,11,4,2,6,10,54
