GAME_ID,TEAM_ID,TEAM_NAME,TEAM_ABBREVIATION,TEAM_CITY,STARTERS_BENCH,MIN,FGM,FGA,FG_PCT,FG3M,FG3A,FG3_PCT,FTM,FTA,FT_PCT,OREB,DREB,REB,AST,STL,BLK,TO,PF,PTS
0022100652,1610612750,Timberwolves,MIN,Minnesota,Starters,129.000000:52,24,49,0.49,5,20,0.25,9,13,0.692,5,20,25,20,4,5,9,8,62
0022100652,1610612750,Timberwolves,MIN,Minnesota,Bench,110.000000:08,21,42,0.5,11,23,0.478,4,7,0.571,1,21,22,10,4,4,6,13,57
0022100652,1610612744,Warriors,GSW,Golden State,Starters,135.000000:05,21,52,0.404,10,26,0.385,9,11,0.818,5,26,31,15,4,2,7,12,61
0022100652,1610612744,Warriors,GSW,Golden State,Bench,104.000000:55,11,30,0.367,3,16,0.188,13,18,0.722,2,14,16,5,2,1,8,5,38
