GAME_ID,TEAM_ID,TEAM_NAME,TEAM_ABBREVIATION,TEAM_CITY,STARTERS_BENCH,MIN,FGM,FGA,FG_PCT,FG3M,FG3A,FG3_PCT,FTM,FTA,FT_PCT,OREB,DREB,REB,AST,STL,BLK,TO,PF,PTS
2022100395,1612709918,Legends,TEX,Texas,Starters,160.000000:47,29,61,0.475,8,27,0.296,10,11,0.909,9,19,28,25,6,5,11,11,82
2022100395,1612709918,Legends,TEX,Texas,Bench,79.000000:13,11,23,0.478,4,12,0.333,4,6,0.667,3,14,17,5,3,0,2,7,33
2022100395,1612709911,Wolves,IWA,Iowa,Starters,171.000000:03,33,70,0.471,9,22,0.409,6,8,0.75,11,22,33,17,5,2,10,14,83
2022100395,1612709911,Wolves,IWA,Iowa,Bench,21.000000:36,1,6,0.167,0,0,0.0,1,2,0.5,5,2,7,0,0,1,2,5,4
