GAME_ID,TEAM_ID,TEAM_NAME,TEAM_ABBREVIATION,TEAM_CITY,STARTERS_BENCH,MIN,FGM,FGA,FG_PCT,FG3M,FG3A,FG3_PCT,FTM,FTA,FT_PCT,OREB,DREB,REB,AST,STL,BLK,TO,PF,PTS
0022100180,1610612758,Kings,SAC,Sacramento,Starters,161.000000:44,27,62,0.435,8,23,0.348,13,17,0.765,7,27,34,13,2,6,9,7,75
0022100180,1610612758,Kings,SAC,Sacramento,Bench,37.000000:27,3,14,0.214,2,9,0.222,0,0,0.0,0,4,4,2,2,1,1,0,8
0022100180,1610612760,Thunder,OKC,Oklahoma City,Starters,154.000000:48,28,67,0.418,7,21,0.333,5,7,0.714,9,25,34,10,6,3,7,10,68
0022100180,1610612760,Thunder,OKC,Oklahoma City,Bench,85.000000:12,14,32,0.438,3,9,0.333,6,8,0.75,7,11,18,3,2,3,3,8,37
