GAME_ID,TEAM_ID,TEAM_NAME,TEAM_ABBREVIATION,TEAM_CITY,STARTERS_BENCH,MIN,FGM,FGA,FG_PCT,FG3M,FG3A,FG3_PCT,FTM,FTA,FT_PCT,OREB,DREB,REB,AST,STL,BLK,TO,PF,PTS
0022100970,1610612748,Heat,MIA,Miami,Starters,143.000000:28,25,50,0.5,4,14,0.286,9,11,0.818,8,25,33,14,1,2,8,9,63
0022100970,1610612748,Heat,MIA,Miami,Bench,96.000000:32,24,41,0.585,10,17,0.588,2,3,0.667,5,12,17,12,2,2,7,8,60
0022100970,1610612745,Rockets,HOU,Houston,Starters,135.000000:31,23,55,0.418,9,30,0.3,6,11,0.545,6,14,20,11,3,2,4,14,61
0022100970,1610612745,Rockets,HOU,Houston,Bench,104.000000:29,16,33,0.485,4,13,0.308,9,11,0.818,3,10,13,11,5,5,6,10,45
