GAME_ID,TEAM_ID,TEAM_NAME,TEAM_ABBREVIATION,TEAM_CITY,STARTERS_BENCH,MIN,FGM,FGA,FG_PCT,FG3M,FG3A,FG3_PCT,FTM,FTA,FT_PCT,OREB,DREB,REB,AST,STL,BLK,TO,PF,PTS
0022100993,1610612755,76ers,PHI,Philadelphia,Starters,141.000000:29,16,56,0.286,9,19,0.474,21,25,0.84,9,16,25,11,3,3,13,10,62
0022100993,1610612755,76ers,PHI,Philadelphia,Bench,98.000000:31,14,37,0.378,5,17,0.294,5,5,1.0,8,17,25,8,2,2,5,9,38
0022100993,1610612751,Nets,BKN,Brooklyn,Starters,139.000000:44,35,61,0.574,12,26,0.462,7,13,0.538,5,23,28,16,9,7,9,14,89
0022100993,1610612751,Nets,BKN,Brooklyn,Bench,100.000000:16,16,30,0.533,6,14,0.429,2,4,0.5,5,12,17,13,4,8,2,8,40
