GAME_ID,TEAM_ID,TEAM_NAME,TEAM_ABBREVIATION,TEAM_CITY,STARTERS_BENCH,MIN,FGM,FGA,FG_PCT,FG3M,FG3A,FG3_PCT,FTM,FTA,FT_PCT,OREB,DREB,REB,AST,STL,BLK,TO,PF,PTS
0022100694,1610612745,Rockets,HOU,Houston,Starters,148.000000:32,22,56,0.393,5,20,0.25,10,12,0.833,3,19,22,19,7,2,7,8,59
0022100694,1610612745,Rockets,HOU,Houston,Bench,91.000000:28,16,33,0.485,5,15,0.333,7,8,0.875,5,12,17,6,3,1,5,7,44
0022100694,1610612744,Warriors,GSW,Golden State,Starters,164.000000:06,28,63,0.444,9,27,0.333,15,20,0.75,4,24,28,20,2,7,11,8,80
0022100694,1610612744,Warriors,GSW,Golden State,Bench,75.000000:54,11,18,0.611,1,3,0.333,2,2,1.0,3,10,13,5,2,2,6,10,25
