GAME_ID,TEAM_ID,TEAM_NAME,TEAM_ABBREVIATION,TEAM_CITY,STARTERS_BENCH,MIN,FGM,FGA,FG_PCT,FG3M,FG3A,FG3_PCT,FTM,FTA,FT_PCT,OREB,DREB,REB,AST,STL,BLK,TO,PF,PTS
2022100274,1612709918,Legends,TEX,Texas,Starters,168.000000:44,29,55,0.527,11,23,0.478,10,10,1.0,1,29,30,21,7,6,13,12,82
2022100274,1612709918,Legends,TEX,Texas,Bench,71.000000:16,12,20,0.6,3,6,0.5,2,2,1.0,3,8,11,3,1,1,7,3,31
2022100274,1612709914,Kings,STO,Stockton,Starters,160.000000:08,31,67,0.463,11,22,0.5,5,8,0.625,7,16,23,14,6,2,9,13,82
2022100274,1612709914,Kings,STO,Stockton,Bench,79.000000:52,11,24,0.458,2,11,0.182,1,1,1.0,2,10,12,12,4,2,2,5,25
