GAME_ID,TEAM_ID,TEAM_NAME,TEAM_ABBREVIATION,TEAM_CITY,STARTERS_BENCH,MIN,FGM,FGA,FG_PCT,FG3M,FG3A,FG3_PCT,FTM,FTA,FT_PCT,OREB,DREB,REB,AST,STL,BLK,TO,PF,PTS
0022100122,1610612756,Suns,PHX,Phoenix,Starters,151.000000:13,27,59,0.458,8,20,0.4,9,10,0.9,6,25,31,19,7,6,6,15,71
0022100122,1610612756,Suns,PHX,Phoenix,Bench,75.000000:10,14,30,0.467,6,11,0.545,12,13,0.923,5,5,10,4,4,2,4,6,46
0022100122,1610612745,Rockets,HOU,Houston,Starters,161.000000:18,25,64,0.391,6,22,0.273,22,26,0.846,4,29,33,20,2,3,12,16,78
0022100122,1610612745,Rockets,HOU,Houston,Bench,78.000000:42,13,24,0.542,5,10,0.5,2,2,1.0,3,7,10,5,2,1,6,5,33
