GAME_ID,TEAM_ID,TEAM_NAME,TEAM_ABBREVIATION,TEAM_CITY,STARTERS_BENCH,MIN,FGM,FGA,FG_PCT,FG3M,FG3A,FG3_PCT,FTM,FTA,FT_PCT,OREB,DREB,REB,AST,STL,BLK,TO,PF,PTS
2022100087,1612709917,Gold,GRG,Grand Rapids,Starters,125.000000:54,23,52,0.442,4,19,0.211,10,15,0.667,8,22,30,10,2,2,7,7,68
2022100087,1612709917,Gold,GRG,Grand Rapids,Bench,95.000000:56,7,22,0.318,2,11,0.182,3,6,0.5,5,13,18,7,3,4,11,7,20
2022100087,1612709929,Skyhawks,CPS,College Park,Starters,140.000000:40,36,67,0.537,5,17,0.294,4,6,0.667,5,22,27,22,6,0,4,13,84
2022100087,1612709929,Skyhawks,CPS,College Park,Bench,77.000000:30,13,24,0.542,5,10,0.5,1,1,1.0,2,11,13,5,3,3,5,9,32
