GAME_ID,TEAM_ID,TEAM_NAME,TEAM_ABBREVIATION,TEAM_CITY,STARTERS_BENCH,MIN,FGM,FGA,FG_PCT,FG3M,FG3A,FG3_PCT,FTM,FTA,FT_PCT,OREB,DREB,REB,AST,STL,BLK,TO,PF,PTS
0022100678,1610612746,Clippers,LAC,LA,Starters,159.000000:40,36,59,0.61,7,22,0.318,3,4,0.75,10,21,31,24,4,2,7,15,82
0022100678,1610612746,Clippers,LAC,LA,Bench,105.000000:20,16,38,0.421,8,17,0.471,6,8,0.75,2,14,16,11,2,1,5,9,46
0022100678,1610612743,Nuggets,DEN,Denver,Starters,204.000000:08,42,78,0.538,10,26,0.385,21,25,0.84,10,25,35,29,9,2,11,7,115
0022100678,1610612743,Nuggets,DEN,Denver,Bench,60.000000:52,6,20,0.3,3,12,0.25,0,0,0.0,3,6,9,3,0,1,1,8,15
