GAME_ID,TEAM_ID,TEAM_NAME,TEAM_ABBREVIATION,TEAM_CITY,STARTERS_BENCH,MIN,FGM,FGA,FG_PCT,FG3M,FG3A,FG3_PCT,FTM,FTA,FT_PCT,OREB,DREB,REB,AST,STL,BLK,TO,PF,PTS
2022100100,1612709903,Stars,SLC,Salt Lake City,Starters,168.000000:00,41,77,0.532,13,25,0.52,4,6,0.667,9,19,28,22,6,2,8,9,100
2022100100,1612709903,Stars,SLC,Salt Lake City,Bench,39.000000:56,7,13,0.538,2,4,0.5,3,4,0.75,0,10,10,5,2,0,1,5,20
2022100100,1612709905,Lakers,SBL,South Bay,Starters,165.000000:58,38,72,0.528,6,19,0.316,13,15,0.867,8,29,37,18,7,1,8,11,100
2022100100,1612709905,Lakers,SBL,South Bay,Bench,58.000000:55,8,19,0.421,4,10,0.4,1,1,1.0,5,2,7,12,0,2,5,4,22
