GAME_ID,TEAM_ID,TEAM_NAME,TEAM_ABBREVIATION,TEAM_CITY,STARTERS_BENCH,MIN,FGM,FGA,FG_PCT,FG3M,FG3A,FG3_PCT,FTM,FTA,FT_PCT,OREB,DREB,REB,AST,STL,BLK,TO,PF,PTS
0022100651,1610612758,Kings,SAC,Sacramento,Starters,137.000000:03,22,49,0.449,5,23,0.217,12,14,0.857,1,17,18,13,8,0,7,14,61
0022100651,1610612758,Kings,SAC,Sacramento,Bench,89.000000:17,18,35,0.514,7,14,0.5,6,10,0.6,5,10,15,12,8,2,5,8,49
0022100651,1610612745,Rockets,HOU,Houston,Starters,156.000000:55,31,54,0.574,11,25,0.44,13,16,0.813,3,31,34,18,5,1,19,13,86
0022100651,1610612745,Rockets,HOU,Houston,Bench,83.000000:06,10,22,0.455,5,15,0.333,7,8,0.875,1,12,13,4,1,2,3,7,32
