GAME_ID,TEAM_ID,TEAM_NAME,TEAM_ABBREVIATION,TEAM_CITY,STARTERS_BENCH,MIN,FGM,FGA,FG_PCT,FG3M,FG3A,FG3_PCT,FTM,FTA,FT_PCT,OREB,DREB,REB,AST,STL,BLK,TO,PF,PTS
2022100499,1612709926,Hustle,MHU,Memphis,Starters,157.000000:17,28,65,0.431,6,23,0.261,7,10,0.7,4,23,27,15,5,5,4,12,73
2022100499,1612709926,Hustle,MHU,Memphis,Bench,63.000000:14,10,24,0.417,2,11,0.182,8,8,1.0,8,8,16,3,1,0,1,3,35
2022100499,1612709913,Squadron,BIR,Birmingham,Starters,160.000000:01,37,64,0.578,10,21,0.476,6,9,0.667,6,35,41,28,3,2,6,15,94
2022100499,1612709913,Squadron,BIR,Birmingham,Bench,79.000000:59,11,24,0.458,8,14,0.571,2,3,0.667,0,7,7,7,3,1,3,11,32
