GAME_ID,TEAM_ID,TEAM_NAME,TEAM_ABBREVIATION,TEAM_CITY,STARTERS_BENCH,MIN,FGM,FGA,FG_PCT,FG3M,FG3A,FG3_PCT,FTM,FTA,FT_PCT,OREB,DREB,REB,AST,STL,BLK,TO,PF,PTS
0022100064,1610612746,Clippers,LAC,LA,Starters,151.000000:39,24,62,0.387,6,28,0.214,7,11,0.636,7,18,25,10,9,1,10,14,61
0022100064,1610612746,Clippers,LAC,LA,Bench,72.000000:34,6,21,0.286,3,13,0.231,1,2,0.5,2,5,7,7,2,0,4,7,16
0022100064,1610612739,Cavaliers,CLE,Cleveland,Starters,159.000000:23,24,52,0.462,2,12,0.167,15,18,0.833,8,30,38,8,7,3,15,8,65
0022100064,1610612739,Cavaliers,CLE,Cleveland,Bench,80.000000:37,9,29,0.31,1,8,0.125,8,9,0.889,6,13,19,4,2,0,5,6,27
