GAME_ID,TEAM_ID,TEAM_NAME,TEAM_ABBREVIATION,TEAM_CITY,STARTERS_BENCH,MIN,FGM,FGA,FG_PCT,FG3M,FG3A,FG3_PCT,FTM,FTA,FT_PCT,OREB,DREB,REB,AST,STL,BLK,TO,PF,PTS
0022100339,1610612762,Jazz,UTA,Utah,Starters,162.000000:44,35,54,0.648,19,30,0.633,20,23,0.87,7,23,30,20,2,3,11,15,109
0022100339,1610612762,Jazz,UTA,Utah,Bench,64.000000:39,9,26,0.346,8,21,0.381,0,0,0.0,1,10,11,5,1,0,7,9,26
0022100339,1610612738,Celtics,BOS,Boston,Starters,163.000000:47,38,75,0.507,11,32,0.344,20,20,1.0,5,16,21,19,6,3,3,12,107
0022100339,1610612738,Celtics,BOS,Boston,Bench,72.000000:54,9,15,0.6,3,7,0.429,2,2,1.0,0,8,8,4,3,0,3,10,23
