GAME_ID,TEAM_ID,TEAM_NAME,TEAM_ABBREVIATION,TEAM_CITY,STARTERS_BENCH,MIN,FGM,FGA,FG_PCT,FG3M,FG3A,FG3_PCT,FTM,FTA,FT_PCT,OREB,DREB,REB,AST,STL,BLK,TO,PF,PTS
2052100082,1612709932,Cruise,MCC,Motor City,Starters,153.000000:55,24,46,0.522,9,18,0.5,6,7,0.857,11,23,34,17,3,1,12,10,68
2052100082,1612709932,Cruise,MCC,Motor City,Bench,82.000000:41,21,38,0.553,4,12,0.333,3,3,1.0,2,12,14,8,2,3,4,5,52
2052100082,1612709917,Gold,GRG,Grand Rapids,Starters,158.000000:42,29,57,0.509,8,18,0.444,4,6,0.667,3,16,19,18,7,4,9,11,74
2052100082,1612709917,Gold,GRG,Grand Rapids,Bench,32.000000:48,1,8,0.125,1,4,0.25,0,0,0.0,1,4,5,3,0,1,2,5,3
