GAME_ID,TEAM_ID,TEAM_NAME,TEAM_ABBREVIATION,TEAM_CITY,STARTERS_BENCH,MIN,FGM,FGA,FG_PCT,FG3M,FG3A,FG3_PCT,FTM,FTA,FT_PCT,OREB,DREB,REB,AST,STL,BLK,TO,PF,PTS
0022100428,1610612754,Pacers,IND,Indiana,Starters,148.000000:13,31,58,0.534,3,18,0.167,17,19,0.895,3,19,22,15,4,6,6,14,82
0022100428,1610612754,Pacers,IND,Indiana,Bench,71.000000:38,10,27,0.37,3,11,0.273,8,9,0.889,4,11,15,10,1,1,2,4,31
0022100428,1610612765,Pistons,DET,Detroit,Starters,150.000000:30,25,49,0.51,4,13,0.308,16,18,0.889,5,22,27,10,1,3,8,15,70
0022100428,1610612765,Pistons,DET,Detroit,Bench,89.000000:30,15,32,0.469,3,12,0.25,10,12,0.833,1,9,10,10,5,1,4,8,43
