GAME_ID,TEAM_ID,TEAM_NAME,TEAM_ABBREVIATION,TEAM_CITY,STARTERS_BENCH,MIN,FGM,FGA,FG_PCT,FG3M,FG3A,FG3_PCT,FTM,FTA,FT_PCT,OREB,DREB,REB,AST,STL,BLK,TO,PF,PTS
0022100848,1610612759,Spurs,SAS,San Antonio,Starters,150.000000:31,31,64,0.484,11,26,0.423,10,11,0.909,5,21,26,19,7,5,3,10,83
0022100848,1610612759,Spurs,SAS,San Antonio,Bench,80.000000:22,16,29,0.552,3,11,0.273,6,8,0.75,2,5,7,7,1,0,2,7,41
0022100848,1610612740,Pelicans,NOP,New Orleans,Starters,162.000000:28,34,65,0.523,7,21,0.333,13,14,0.929,7,24,31,17,2,2,12,13,88
0022100848,1610612740,Pelicans,NOP,New Orleans,Bench,47.000000:20,6,13,0.462,4,10,0.4,0,0,0.0,1,3,4,0,0,2,1,4,16
