GAME_ID,TEAM_ID,TEAM_NAME,TEAM_ABBREVIATION,TEAM_CITY,STARTERS_BENCH,MIN,FGM,FGA,FG_PCT,FG3M,FG3A,FG3_PCT,FTM,FTA,FT_PCT,OREB,DREB,REB,AST,STL,BLK,TO,PF,PTS
0022100483,1610612756,Suns,PHX,Phoenix,Starters,157.000000:02,32,65,0.492,7,23,0.304,6,10,0.6,8,26,34,17,7,5,8,16,77
0022100483,1610612756,Suns,PHX,Phoenix,Bench,82.000000:58,13,28,0.464,8,16,0.5,2,3,0.667,3,15,18,9,2,3,5,6,36
0022100483,1610612760,Thunder,OKC,Oklahoma City,Starters,157.000000:22,26,65,0.4,8,27,0.296,12,16,0.75,6,17,23,11,3,2,9,6,72
0022100483,1610612760,Thunder,OKC,Oklahoma City,Bench,82.000000:38,11,31,0.355,3,14,0.214,4,5,0.8,5,16,21,6,3,3,3,4,29
