GAME_ID,TEAM_ID,TEAM_NAME,TEAM_ABBREVIATION,TEAM_CITY,STARTERS_BENCH,MIN,FGM,FGA,FG_PCT,FG3M,FG3A,FG3_PCT,FTM,FTA,FT_PCT,OREB,DREB,REB,AST,STL,BLK,TO,PF,PTS
0022100517,1610612754,Pacers,IND,Indiana,Starters,164.000000:32,26,58,0.448,11,29,0.379,16,24,0.667,4,30,34,18,7,5,17,13,79
0022100517,1610612754,Pacers,IND,Indiana,Bench,75.000000:28,10,28,0.357,6,16,0.375,3,5,0.6,6,5,11,7,1,1,1,7,29
0022100517,1610612766,Hornets,CHA,Charlotte,Starters,168.000000:24,37,63,0.587,7,16,0.438,13,20,0.65,8,30,38,18,8,3,8,9,94
0022100517,1610612766,Hornets,CHA,Charlotte,Bench,34.000000:32,5,15,0.333,2,8,0.25,3,7,0.429,0,5,5,5,1,0,3,2,15
