GAME_ID,TEAM_ID,TEAM_NAME,TEAM_ABBREVIATION,TEAM_CITY,STARTERS_BENCH,MIN,FGM,FGA,FG_PCT,FG3M,FG3A,FG3_PCT,FTM,FTA,FT_PCT,OREB,DREB,REB,AST,STL,BLK,TO,PF,PTS
0022100364,1610612759,Spurs,SAS,San Antonio,Starters,139.000000:48,28,60,0.467,8,18,0.444,8,13,0.615,6,20,26,23,2,3,5,11,72
0022100364,1610612759,Spurs,SAS,San Antonio,Bench,84.000000:07,12,25,0.48,3,8,0.375,7,7,1.0,6,9,15,5,3,1,3,7,34
0022100364,1610612752,Knicks,NYK,New York,Starters,157.000000:13,26,56,0.464,14,27,0.519,8,9,0.889,6,22,28,18,3,2,8,15,74
0022100364,1610612752,Knicks,NYK,New York,Bench,82.000000:38,17,35,0.486,4,11,0.364,9,10,0.9,11,13,24,4,4,3,2,4,47
