GAME_ID,TEAM_ID,TEAM_NAME,TEAM_ABBREVIATION,TEAM_CITY,STARTERS_BENCH,MIN,FGM,FGA,FG_PCT,FG3M,FG3A,FG3_PCT,FTM,FTA,FT_PCT,OREB,DREB,REB,AST,STL,BLK,TO,PF,PTS
0022100971,1610612757,Trail Blazers,POR,Portland,Starters,149.000000:55,16,50,0.32,4,14,0.286,15,22,0.682,6,24,30,9,5,3,11,16,51
0022100971,1610612757,Trail Blazers,POR,Portland,Bench,60.000000:01,7,24,0.292,3,10,0.3,9,11,0.818,2,8,10,1,3,1,4,8,26
0022100971,1610612750,Timberwolves,MIN,Minnesota,Starters,118.000000:31,19,49,0.388,8,25,0.32,18,24,0.75,12,24,36,11,4,5,7,9,64
0022100971,1610612750,Timberwolves,MIN,Minnesota,Bench,121.000000:29,19,43,0.442,5,18,0.278,17,20,0.85,7,24,31,10,6,4,13,16,60
