GAME_ID,TEAM_ID,TEAM_NAME,TEAM_ABBREVIATION,TEAM_CITY,STARTERS_BENCH,MIN,FGM,FGA,FG_PCT,FG3M,FG3A,FG3_PCT,FTM,FTA,FT_PCT,OREB,DREB,REB,AST,STL,BLK,TO,PF,PTS
0022100688,1610612757,Trail Blazers,POR,Portland,Starters,184.000000:19,28,62,0.452,12,25,0.48,18,26,0.692,6,30,36,16,3,4,8,14,86
0022100688,1610612757,Trail Blazers,POR,Portland,Bench,55.000000:41,8,14,0.571,4,8,0.5,3,4,0.75,1,5,6,4,3,0,5,7,23
0022100688,1610612738,Celtics,BOS,Boston,Starters,157.000000:35,24,58,0.414,3,21,0.143,18,21,0.857,7,24,31,21,6,5,8,17,69
0022100688,1610612738,Celtics,BOS,Boston,Bench,82.000000:25,13,24,0.542,8,16,0.5,2,2,1.0,1,10,11,4,1,2,3,7,36
