GAME_ID,TEAM_ID,TEAM_NAME,TEAM_ABBREVIATION,TEAM_CITY,STARTERS_BENCH,MIN,FGM,FGA,FG_PCT,FG3M,FG3A,FG3_PCT,FTM,FTA,FT_PCT,OREB,DREB,REB,AST,STL,BLK,TO,PF,PTS
0022100762,1610612748,Heat,MIA,Miami,Starters,154.000000:20,26,59,0.441,14,33,0.424,3,4,0.75,6,14,20,18,6,1,7,14,69
0022100762,1610612748,Heat,MIA,Miami,Bench,71.000000:15,7,26,0.269,3,11,0.273,4,6,0.667,3,10,13,7,0,1,10,5,21
0022100762,1610612738,Celtics,BOS,Boston,Starters,148.000000:57,31,57,0.544,12,28,0.429,11,19,0.579,6,28,34,18,5,4,6,8,85
0022100762,1610612738,Celtics,BOS,Boston,Bench,91.000000:03,13,27,0.481,4,14,0.286,7,8,0.875,3,7,10,6,4,2,4,7,37
