GAME_ID,TEAM_ID,TEAM_NAME,TEAM_ABBREVIATION,TEAM_CITY,STARTERS_BENCH,MIN,FGM,FGA,FG_PCT,FG3M,FG3A,FG3_PCT,FTM,FTA,FT_PCT,OREB,DREB,REB,AST,STL,BLK,TO,PF,PTS
2022100485,1612709889,Blue,OKL,Oklahoma City,Starters,174.000000:05,30,78,0.385,6,26,0.231,9,12,0.75,11,30,41,19,6,2,9,10,85
2022100485,1612709889,Blue,OKL,Oklahoma City,Bench,65.000000:55,7,16,0.438,5,10,0.5,1,1,1.0,2,9,11,8,2,0,1,5,21
2022100485,1612709911,Wolves,IWA,Iowa,Starters,178.000000:33,37,74,0.5,13,32,0.406,7,8,0.875,7,31,38,19,5,5,3,14,96
2022100485,1612709911,Wolves,IWA,Iowa,Bench,61.000000:27,6,21,0.286,0,5,0.0,2,2,1.0,1,10,11,2,2,0,8,4,15
