GAME_ID,TEAM_ID,TEAM_NAME,TEAM_ABBREVIATION,TEAM_CITY,STARTERS_BENCH,MIN,FGM,FGA,FG_PCT,FG3M,FG3A,FG3_PCT,FTM,FTA,FT_PCT,OREB,DREB,REB,AST,STL,BLK,TO,PF,PTS
2022100322,1612709927,Herd,WIS,Wisconsin,Starters,126.000000:32,20,45,0.444,3,18,0.167,6,10,0.6,5,18,23,19,6,0,5,11,52
2022100322,1612709927,Herd,WIS,Wisconsin,Bench,113.000000:28,28,50,0.56,11,22,0.5,6,7,0.857,4,14,18,13,3,1,6,10,75
2022100322,1612709917,Gold,GRG,Grand Rapids,Starters,181.000000:39,37,66,0.561,14,32,0.438,13,16,0.813,4,31,35,18,6,1,11,17,107
2022100322,1612709917,Gold,GRG,Grand Rapids,Bench,26.000000:02,7,8,0.875,0,0,0.0,0,0,0.0,2,4,6,5,1,1,4,4,14
