GAME_ID,TEAM_ID,TEAM_NAME,TEAM_ABBREVIATION,TEAM_CITY,STARTERS_BENCH,MIN,FGM,FGA,FG_PCT,FG3M,FG3A,FG3_PCT,FTM,FTA,FT_PCT,OREB,DREB,REB,AST,STL,BLK,TO,PF,PTS
0022100488,1610612752,Knicks,NYK,New York,Starters,161.000000:53,24,56,0.429,12,32,0.375,3,10,0.3,6,32,38,23,2,6,7,7,63
0022100488,1610612752,Knicks,NYK,New York,Bench,78.000000:07,14,29,0.483,8,18,0.444,2,2,1.0,3,9,12,5,4,0,3,6,38
0022100488,1610612737,Hawks,ATL,Atlanta,Starters,164.000000:30,23,65,0.354,10,26,0.385,8,14,0.571,8,24,32,13,6,5,7,8,64
0022100488,1610612737,Hawks,ATL,Atlanta,Bench,75.000000:30,10,22,0.455,3,12,0.25,0,0,0.0,0,14,14,10,2,0,5,4,23
