GAME_ID,TEAM_ID,TEAM_NAME,TEAM_ABBREVIATION,TEAM_CITY,STARTERS_BENCH,MIN,FGM,FGA,FG_PCT,FG3M,FG3A,FG3_PCT,FTM,FTA,FT_PCT,OREB,DREB,REB,AST,STL,BLK,TO,PF,PTS
0012100048,1610612742,Mavericks,DAL,Dallas,Starters,109.000000:47,23,46,0.5,12,27,0.444,5,7,0.714,9,18,27,14,4,2,6,8,63
0012100048,1610612742,Mavericks,DAL,Dallas,Bench,113.000000:59,22,43,0.512,6,18,0.333,10,13,0.769,6,23,29,13,8,5,4,10,60
0012100048,1610612766,Hornets,CHA,Charlotte,Starters,103.000000:31,10,34,0.294,2,11,0.182,0,2,0.0,7,13,20,5,4,0,11,6,22
0012100048,1610612766,Hornets,CHA,Charlotte,Bench,125.000000:25,11,46,0.239,1,7,0.143,10,19,0.526,6,14,20,5,4,1,11,8,33
