GAME_ID,TEAM_ID,TEAM_NAME,TEAM_ABBREVIATION,TEAM_CITY,STARTERS_BENCH,MIN,FGM,FGA,FG_PCT,FG3M,FG3A,FG3_PCT,FTM,FTA,FT_PCT,OREB,DREB,REB,AST,STL,BLK,TO,PF,PTS
2022100124,1612709923,Bulls,WCB,Windy City,Starters,129.000000:28,16,34,0.471,4,7,0.571,10,13,0.769,3,14,17,12,3,4,21,18,52
2022100124,1612709923,Bulls,WCB,Windy City,Bench,66.000000:14,14,17,0.824,5,5,1.0,10,13,0.769,8,13,21,2,1,3,2,7,52
2022100124,1612709920,905,RAP,Raptors,Starters,144.000000:34,22,56,0.393,4,18,0.222,15,17,0.882,8,13,21,15,11,2,11,21,72
2022100124,1612709920,905,RAP,Raptors,Bench,95.000000:27,15,33,0.455,4,10,0.4,5,6,0.833,7,8,15,9,4,0,5,15,42
