GAME_ID,TEAM_ID,TEAM_NAME,TEAM_ABBREVIATION,TEAM_CITY,STARTERS_BENCH,MIN,FGM,FGA,FG_PCT,FG3M,FG3A,FG3_PCT,FTM,FTA,FT_PCT,OREB,DREB,REB,AST,STL,BLK,TO,PF,PTS
0022100706,1610612750,Timberwolves,MIN,Minnesota,Starters,153.000000:28,31,62,0.5,10,26,0.385,22,26,0.846,4,22,26,19,10,3,6,9,94
0022100706,1610612750,Timberwolves,MIN,Minnesota,Bench,86.000000:32,17,30,0.567,4,6,0.667,4,5,0.8,6,5,11,5,1,4,3,8,42
0022100706,1610612751,Nets,BKN,Brooklyn,Starters,154.000000:10,33,65,0.508,12,29,0.414,9,9,1.0,6,22,28,19,2,1,12,13,87
0022100706,1610612751,Nets,BKN,Brooklyn,Bench,70.000000:17,14,28,0.5,3,8,0.375,4,4,1.0,8,7,15,8,1,0,5,16,35
