GAME_ID,TEAM_ID,TEAM_NAME,TEAM_ABBREVIATION,TEAM_CITY,STARTERS_BENCH,MIN,FGM,FGA,FG_PCT,FG3M,FG3A,FG3_PCT,FTM,FTA,FT_PCT,OREB,DREB,REB,AST,STL,BLK,TO,PF,PTS
0022100443,1610612761,Raptors,TOR,Toronto,Starters,146.000000:00,28,53,0.528,9,24,0.375,11,15,0.733,9,17,26,23,8,2,3,8,76
0022100443,1610612761,Raptors,TOR,Toronto,Bench,80.000000:02,17,34,0.5,5,14,0.357,2,6,0.333,2,11,13,2,5,1,6,11,41
0022100443,1610612744,Warriors,GSW,Golden State,Starters,152.000000:08,23,48,0.479,7,20,0.35,11,14,0.786,4,18,22,16,3,3,16,12,64
0022100443,1610612744,Warriors,GSW,Golden State,Bench,87.000000:52,14,31,0.452,4,16,0.25,4,7,0.571,7,18,25,10,2,2,4,9,36
