GAME_ID,TEAM_ID,TEAM_NAME,TEAM_ABBREVIATION,TEAM_CITY,STARTERS_BENCH,MIN,FGM,FGA,FG_PCT,FG3M,FG3A,FG3_PCT,FTM,FTA,FT_PCT,OREB,DREB,REB,AST,STL,BLK,TO,PF,PTS
0022100103,1610612749,Bucks,MIL,Milwaukee,Starters,118.000000:39,22,40,0.55,9,18,0.5,12,13,0.923,2,25,27,19,5,6,8,7,65
0022100103,1610612749,Bucks,MIL,Milwaukee,Bench,77.000000:16,12,28,0.429,6,13,0.462,2,6,0.333,6,9,15,6,2,2,3,10,32
0022100103,1610612765,Pistons,DET,Detroit,Starters,135.000000:09,17,53,0.321,6,25,0.24,4,7,0.571,10,12,22,11,2,3,8,11,44
0022100103,1610612765,Pistons,DET,Detroit,Bench,104.000000:51,13,40,0.325,2,22,0.091,17,23,0.739,4,17,21,10,3,2,6,11,45
