GAME_ID,TEAM_ID,TEAM_NAME,TEAM_ABBREVIATION,TEAM_CITY,STARTERS_BENCH,MIN,FGM,FGA,FG_PCT,FG3M,FG3A,FG3_PCT,FTM,FTA,FT_PCT,OREB,DREB,REB,AST,STL,BLK,TO,PF,PTS
2052100018,1612709903,Stars,SLC,Salt Lake City,Starters,149.000000:27,18,56,0.321,2,21,0.095,4,5,0.8,11,22,33,14,5,0,9,6,45
2052100018,1612709903,Stars,SLC,Salt Lake City,Bench,54.000000:51,13,26,0.5,5,11,0.455,0,2,0.0,2,8,10,6,2,0,5,3,31
2052100018,1612709889,Blue,OKL,Oklahoma City,Starters,112.000000:47,18,38,0.474,6,18,0.333,3,4,0.75,4,23,27,14,7,3,7,8,48
2052100018,1612709889,Blue,OKL,Oklahoma City,Bench,127.000000:13,25,47,0.532,10,26,0.385,4,5,0.8,2,22,24,15,5,2,9,9,66
