GAME_ID,TEAM_ID,TEAM_NAME,TEAM_ABBREVIATION,TEAM_CITY,STARTERS_BENCH,MIN,FGM,FGA,FG_PCT,FG3M,FG3A,FG3_PCT,FTM,FTA,FT_PCT,OREB,DREB,REB,AST,STL,BLK,TO,PF,PTS
0022101116,1610612750,Timberwolves,MIN,Minnesota,Starters,144.000000:48,26,51,0.51,7,19,0.368,6,9,0.667,2,16,18,18,5,0,11,12,65
0022101116,1610612750,Timberwolves,MIN,Minnesota,Bench,95.000000:12,19,33,0.576,7,13,0.538,2,3,0.667,2,10,12,8,2,3,3,9,47
0022101116,1610612738,Celtics,BOS,Boston,Starters,147.000000:57,35,62,0.565,10,25,0.4,12,12,1.0,7,24,31,15,4,3,8,10,92
0022101116,1610612738,Celtics,BOS,Boston,Bench,92.000000:03,14,25,0.56,7,14,0.5,7,9,0.778,3,11,14,12,3,2,5,10,42
