GAME_ID,TEAM_ID,TEAM_NAME,TEAM_ABBREVIATION,TEAM_CITY,STARTERS_BENCH,MIN,FGM,FGA,FG_PCT,FG3M,FG3A,FG3_PCT,FTM,FTA,FT_PCT,OREB,DREB,REB,AST,STL,BLK,TO,PF,PTS
0022101181,1610612748,Heat,MIA,Miami,Starters,129.000000:41,24,43,0.558,6,15,0.4,16,18,0.889,5,18,23,21,5,1,7,7,70
0022101181,1610612748,Heat,MIA,Miami,Bench,110.000000:19,24,41,0.585,17,27,0.63,9,11,0.818,3,15,18,8,5,0,7,12,74
0022101181,1610612766,Hornets,CHA,Charlotte,Starters,156.000000:32,32,56,0.571,8,23,0.348,8,12,0.667,6,19,25,30,3,1,10,12,80
0022101181,1610612766,Hornets,CHA,Charlotte,Bench,56.000000:03,10,24,0.417,3,12,0.25,5,6,0.833,1,3,4,2,2,1,2,6,28
