GAME_ID,TEAM_ID,TEAM_NAME,TEAM_ABBREVIATION,TEAM_CITY,STARTERS_BENCH,MIN,FGM,FGA,FG_PCT,FG3M,FG3A,FG3_PCT,FTM,FTA,FT_PCT,OREB,DREB,REB,AST,STL,BLK,TO,PF,PTS
0022101075,1610612762,Jazz,UTA,Utah,Starters,147.000000:33,21,47,0.447,8,25,0.32,13,15,0.867,3,16,19,15,2,4,10,10,63
0022101075,1610612762,Jazz,UTA,Utah,Bench,61.000000:06,13,28,0.464,6,13,0.462,1,1,1.0,5,6,11,1,4,0,2,4,33
0022101075,1610612751,Nets,BKN,Brooklyn,Starters,147.000000:09,32,58,0.552,6,17,0.353,11,13,0.846,4,21,25,24,3,2,10,8,81
0022101075,1610612751,Nets,BKN,Brooklyn,Bench,92.000000:51,13,25,0.52,5,13,0.385,2,2,1.0,3,13,16,7,2,2,4,11,33
