GAME_ID,TEAM_ID,TEAM_NAME,TEAM_ABBREVIATION,TEAM_CITY,STARTERS_BENCH,MIN,FGM,FGA,FG_PCT,FG3M,FG3A,FG3_PCT,FTM,FTA,FT_PCT,OREB,DREB,REB,AST,STL,BLK,TO,PF,PTS
2022100119,1612709918,Legends,TEX,Texas,Starters,147.000000:00,34,64,0.531,12,24,0.5,4,4,1.0,7,17,24,15,9,2,9,7,86
2022100119,1612709918,Legends,TEX,Texas,Bench,71.000000:30,10,29,0.345,5,14,0.357,1,2,0.5,6,13,19,10,3,4,3,9,26
2022100119,1612709889,Blue,OKL,Oklahoma City,Starters,126.000000:15,22,46,0.478,7,20,0.35,3,5,0.6,9,18,27,12,4,3,8,6,57
2022100119,1612709889,Blue,OKL,Oklahoma City,Bench,98.000000:38,10,34,0.294,1,11,0.091,8,10,0.8,3,14,17,7,1,1,11,6,33
