GAME_ID,TEAM_ID,TEAM_NAME,TEAM_ABBREVIATION,TEAM_CITY,STARTERS_BENCH,MIN,FGM,FGA,FG_PCT,FG3M,FG3A,FG3_PCT,FTM,FTA,FT_PCT,OREB,DREB,REB,AST,STL,BLK,TO,PF,PTS
0022100797,1610612748,Heat,MIA,Miami,Starters,139.000000:05,23,53,0.434,5,16,0.313,13,14,0.929,6,22,28,19,7,4,6,10,64
0022100797,1610612748,Heat,MIA,Miami,Bench,100.000000:55,15,38,0.395,6,16,0.375,4,4,1.0,5,16,21,8,7,2,6,7,40
0022100797,1610612766,Hornets,CHA,Charlotte,Starters,132.000000:09,19,49,0.388,6,19,0.316,5,9,0.556,6,24,30,12,2,5,12,10,49
0022100797,1610612766,Hornets,CHA,Charlotte,Bench,107.000000:51,14,37,0.378,4,17,0.235,5,7,0.714,6,14,20,11,2,0,7,9,37
