GAME_ID,TEAM_ID,TEAM_NAME,TEAM_ABBREVIATION,TEAM_CITY,STARTERS_BENCH,MIN,FGM,FGA,FG_PCT,FG3M,FG3A,FG3_PCT,FTM,FTA,FT_PCT,OREB,DREB,REB,AST,STL,BLK,TO,PF,PTS
2022100300,1612709921,Nets,LIN,Long Island,Starters,157.000000:51,30,67,0.448,11,30,0.367,12,15,0.8,10,23,33,11,5,2,19,11,91
2022100300,1612709921,Nets,LIN,Long Island,Bench,82.000000:09,6,14,0.429,3,8,0.375,3,4,0.75,7,14,21,5,1,2,4,14,20
2022100300,1612709925,Magic,LAK,Lakeland,Starters,150.000000:45,23,45,0.511,7,16,0.438,5,10,0.5,5,15,20,20,10,2,10,11,61
2022100300,1612709925,Magic,LAK,Lakeland,Bench,68.000000:27,13,27,0.481,4,11,0.364,1,4,0.25,3,7,10,5,2,0,3,9,32
