GAME_ID,TEAM_ID,TEAM_NAME,TEAM_ABBREVIATION,TEAM_CITY,STARTERS_BENCH,MIN,FGM,FGA,FG_PCT,FG3M,FG3A,FG3_PCT,FTM,FTA,FT_PCT,OREB,DREB,REB,AST,STL,BLK,TO,PF,PTS
0022100548,1610612758,Kings,SAC,Sacramento,Starters,149.000000:37,21,44,0.477,4,14,0.286,21,26,0.808,6,20,26,22,3,2,11,10,67
0022100548,1610612758,Kings,SAC,Sacramento,Bench,88.000000:21,19,33,0.576,9,20,0.45,1,1,1.0,1,12,13,9,0,0,4,7,48
0022100548,1610612748,Heat,MIA,Miami,Starters,175.000000:23,39,87,0.448,8,28,0.286,8,8,1.0,13,25,38,21,4,2,6,13,94
0022100548,1610612748,Heat,MIA,Miami,Bench,64.000000:37,7,18,0.389,1,5,0.2,4,4,1.0,5,6,11,5,0,1,3,5,19
