GAME_ID,TEAM_ID,TEAM_NAME,TEAM_ABBREVIATION,TEAM_CITY,STARTERS_BENCH,MIN,FGM,FGA,FG_PCT,FG3M,FG3A,FG3_PCT,FTM,FTA,FT_PCT,OREB,DREB,REB,AST,STL,BLK,TO,PF,PTS
0022100713,1610612762,Jazz,UTA,Utah,Starters,180.000000:51,29,59,0.492,7,20,0.35,11,18,0.611,6,25,31,13,6,3,9,9,76
0022100713,1610612762,Jazz,UTA,Utah,Bench,56.000000:27,11,21,0.524,7,11,0.636,4,4,1.0,1,6,7,3,5,0,4,6,33
0022100713,1610612756,Suns,PHX,Phoenix,Starters,168.000000:57,36,78,0.462,12,30,0.4,6,8,0.75,11,24,35,22,8,4,14,13,90
0022100713,1610612756,Suns,PHX,Phoenix,Bench,61.000000:21,11,21,0.524,1,6,0.167,2,7,0.286,6,9,15,6,1,1,0,3,25
