GAME_ID,TEAM_ID,TEAM_NAME,TEAM_ABBREVIATION,TEAM_CITY,STARTERS_BENCH,MIN,FGM,FGA,FG_PCT,FG3M,FG3A,FG3_PCT,FTM,FTA,FT_PCT,OREB,DREB,REB,AST,STL,BLK,TO,PF,PTS
0022100988,1610612752,Knicks,NYK,New York,Starters,159.000000:11,27,61,0.443,8,26,0.308,18,23,0.783,7,30,37,14,2,3,8,11,80
0022100988,1610612752,Knicks,NYK,New York,Bench,75.000000:18,7,21,0.333,1,8,0.125,7,8,0.875,7,8,15,6,1,0,2,12,22
0022100988,1610612742,Mavericks,DAL,Dallas,Starters,144.000000:56,22,58,0.379,4,28,0.143,8,13,0.615,9,18,27,8,2,3,5,13,56
0022100988,1610612742,Mavericks,DAL,Dallas,Bench,95.000000:04,5,28,0.179,2,16,0.125,9,12,0.75,3,7,10,3,1,1,3,11,21
