GAME_ID,TEAM_ID,TEAM_NAME,TEAM_ABBREVIATION,TEAM_CITY,STARTERS_BENCH,MIN,FGM,FGA,FG_PCT,FG3M,FG3A,FG3_PCT,FTM,FTA,FT_PCT,OREB,DREB,REB,AST,STL,BLK,TO,PF,PTS
0022100779,1610612762,Jazz,UTA,Utah,Starters,156.000000:34,27,53,0.509,5,13,0.385,14,15,0.933,5,18,23,16,8,3,1,10,73
0022100779,1610612762,Jazz,UTA,Utah,Bench,57.000000:07,9,19,0.474,2,11,0.182,0,0,0.0,0,5,5,4,0,1,5,0,20
0022100779,1610612743,Nuggets,DEN,Denver,Starters,144.000000:07,20,46,0.435,2,13,0.154,5,7,0.714,5,19,24,10,2,6,9,9,47
0022100779,1610612743,Nuggets,DEN,Denver,Bench,95.000000:53,22,33,0.667,9,15,0.6,4,5,0.8,2,13,15,14,3,1,5,11,57
