GAME_ID,TEAM_ID,TEAM_NAME,TEAM_ABBREVIATION,TEAM_CITY,STARTERS_BENCH,MIN,FGM,FGA,FG_PCT,FG3M,FG3A,FG3_PCT,FTM,FTA,FT_PCT,OREB,DREB,REB,AST,STL,BLK,TO,PF,PTS
2022100362,1612709914,Kings,STO,Stockton,Starters,144.000000:08,22,48,0.458,4,18,0.222,6,7,0.857,6,21,27,19,3,7,6,13,57
2022100362,1612709914,Kings,STO,Stockton,Bench,95.000000:52,17,39,0.436,5,15,0.333,1,1,1.0,3,9,12,7,4,2,6,14,41
2022100362,1612709926,Hustle,MHU,Memphis,Starters,160.000000:06,23,59,0.39,6,20,0.3,14,17,0.824,9,26,35,18,1,0,5,7,72
2022100362,1612709926,Hustle,MHU,Memphis,Bench,79.000000:54,14,28,0.5,6,9,0.667,0,0,0.0,4,8,12,3,4,1,4,6,34
