GAME_ID,TEAM_ID,TEAM_NAME,TEAM_ABBREVIATION,TEAM_CITY,STARTERS_BENCH,MIN,FGM,FGA,FG_PCT,FG3M,FG3A,FG3_PCT,FTM,FTA,FT_PCT,OREB,DREB,REB,AST,STL,BLK,TO,PF,PTS
2022100127,1612709921,Nets,LIN,Long Island,Starters,184.000000:02,40,79,0.506,12,30,0.4,5,11,0.455,11,29,40,12,4,3,15,13,101
2022100127,1612709921,Nets,LIN,Long Island,Bench,21.000000:04,4,7,0.571,0,0,0.0,1,1,1.0,2,10,12,8,1,1,4,2,10
2022100127,1612709910,Mad Ants,FWN,Fort Wayne,Starters,178.000000:38,37,76,0.487,9,26,0.346,10,10,1.0,6,32,38,23,12,2,9,10,97
2022100127,1612709910,Mad Ants,FWN,Fort Wayne,Bench,33.000000:12,6,11,0.545,2,7,0.286,2,2,1.0,1,1,2,1,1,0,0,4,16
