GAME_ID,TEAM_ID,TEAM_NAME,TEAM_ABBREVIATION,TEAM_CITY,STARTERS_BENCH,MIN,FGM,FGA,FG_PCT,FG3M,FG3A,FG3_PCT,FTM,FTA,FT_PCT,OREB,DREB,REB,AST,STL,BLK,TO,PF,PTS
0022100436,1610612750,Timberwolves,MIN,Minnesota,Starters,154.000000:14,30,68,0.441,9,34,0.265,6,10,0.6,12,30,42,21,10,6,9,13,75
0022100436,1610612750,Timberwolves,MIN,Minnesota,Bench,85.000000:46,11,30,0.367,3,10,0.3,10,14,0.714,3,16,19,2,3,0,6,12,35
0022100436,1610612747,Lakers,LAL,Los Angeles,Starters,137.000000:53,20,45,0.444,7,22,0.318,13,20,0.65,1,23,24,13,4,4,11,16,60
0022100436,1610612747,Lakers,LAL,Los Angeles,Bench,86.000000:57,10,27,0.37,5,18,0.278,7,9,0.778,0,11,11,13,2,3,7,6,32
