GAME_ID,TEAM_ID,TEAM_NAME,TEAM_ABBREVIATION,TEAM_CITY,STARTERS_BENCH,MIN,FGM,FGA,FG_PCT,FG3M,FG3A,FG3_PCT,FTM,FTA,FT_PCT,OREB,DREB,REB,AST,STL,BLK,TO,PF,PTS
2052100095,1612709929,Skyhawks,CPS,College Park,Starters,168.000000:06,25,61,0.41,6,18,0.333,6,9,0.667,4,21,25,6,4,2,8,13,66
2052100095,1612709929,Skyhawks,CPS,College Park,Bench,31.000000:16,12,21,0.571,3,6,0.5,3,3,1.0,2,2,4,10,0,0,1,2,33
2052100095,1612709928,Go-Go,CCG,Capital City,Starters,144.000000:31,25,52,0.481,9,23,0.391,5,5,1.0,7,23,30,16,3,4,10,23,69
2052100095,1612709928,Go-Go,CCG,Capital City,Bench,95.000000:29,14,32,0.438,4,11,0.364,9,11,0.818,8,15,23,9,3,2,7,7,44
