GAME_ID,TEAM_ID,TEAM_NAME,TEAM_ABBREVIATION,TEAM_CITY,STARTERS_BENCH,MIN,FGM,FGA,FG_PCT,FG3M,FG3A,FG3_PCT,FTM,FTA,FT_PCT,OREB,DREB,REB,AST,STL,BLK,TO,PF,PTS
0022101102,1610612744,Warriors,GSW,Golden State,Starters,139.000000:37,29,66,0.439,14,36,0.389,6,9,0.667,4,20,24,18,0,1,13,12,78
0022101102,1610612744,Warriors,GSW,Golden State,Bench,100.000000:23,14,24,0.583,0,5,0.0,4,4,1.0,10,13,23,9,4,0,3,10,32
0022101102,1610612737,Hawks,ATL,Atlanta,Starters,178.000000:13,42,81,0.519,11,33,0.333,13,17,0.765,6,25,31,24,7,1,6,11,108
0022101102,1610612737,Hawks,ATL,Atlanta,Bench,45.000000:32,3,6,0.5,2,2,1.0,0,0,0.0,4,7,11,2,3,2,3,3,8
