GAME_ID,TEAM_ID,TEAM_NAME,TEAM_ABBREVIATION,TEAM_CITY,STARTERS_BENCH,MIN,FGM,FGA,FG_PCT,FG3M,FG3A,FG3_PCT,FTM,FTA,FT_PCT,OREB,DREB,REB,AST,STL,BLK,TO,PF,PTS
0022100871,1610612750,Timberwolves,MIN,Minnesota,Starters,170.000000:22,29,76,0.382,10,39,0.256,23,37,0.622,14,31,45,19,6,4,9,16,91
0022100871,1610612750,Timberwolves,MIN,Minnesota,Bench,80.000000:54,14,28,0.5,3,12,0.25,4,6,0.667,3,9,12,10,4,4,4,9,35
0022100871,1610612766,Hornets,CHA,Charlotte,Starters,195.000000:11,31,76,0.408,8,28,0.286,22,29,0.759,10,38,48,27,5,4,9,21,92
0022100871,1610612766,Hornets,CHA,Charlotte,Bench,69.000000:49,11,26,0.423,0,5,0.0,6,8,0.75,6,8,14,4,4,3,5,9,28
