GAME_ID,TEAM_ID,TEAM_NAME,TEAM_ABBREVIATION,TEAM_CITY,STARTERS_BENCH,MIN,FGM,FGA,FG_PCT,FG3M,FG3A,FG3_PCT,FTM,FTA,FT_PCT,OREB,DREB,REB,AST,STL,BLK,TO,PF,PTS
0022100794,1610612740,Pelicans,NOP,New Orleans,Starters,169.000000:55,35,58,0.603,6,16,0.375,18,19,0.947,5,23,28,22,4,3,7,10,94
0022100794,1610612740,Pelicans,NOP,New Orleans,Bench,54.000000:06,5,11,0.455,1,5,0.2,3,4,0.75,0,10,10,4,3,2,6,5,14
0022100794,1610612743,Nuggets,DEN,Denver,Starters,143.000000:05,25,46,0.543,12,22,0.545,13,13,1.0,3,15,18,16,5,2,10,11,75
0022100794,1610612743,Nuggets,DEN,Denver,Bench,96.000000:55,10,32,0.313,7,19,0.368,3,4,0.75,4,9,13,6,4,2,5,9,30
