GAME_ID,TEAM_ID,TEAM_NAME,TEAM_ABBREVIATION,TEAM_CITY,STARTERS_BENCH,MIN,FGM,FGA,FG_PCT,FG3M,FG3A,FG3_PCT,FTM,FTA,FT_PCT,OREB,DREB,REB,AST,STL,BLK,TO,PF,PTS
0022100387,1610612750,Timberwolves,MIN,Minnesota,Starters,132.000000:11,21,52,0.404,4,21,0.19,13,15,0.867,7,15,22,14,7,5,11,9,59
0022100387,1610612750,Timberwolves,MIN,Minnesota,Bench,107.000000:49,15,40,0.375,7,18,0.389,10,13,0.769,3,15,18,10,2,0,3,10,47
0022100387,1610612739,Cavaliers,CLE,Cleveland,Starters,134.000000:48,32,45,0.711,7,13,0.538,8,10,0.8,4,21,25,18,4,5,9,12,79
0022100387,1610612739,Cavaliers,CLE,Cleveland,Bench,105.000000:12,14,40,0.35,6,20,0.3,10,12,0.833,2,20,22,16,4,2,6,11,44
