GAME_ID,TEAM_ID,TEAM_NAME,TEAM_ABBREVIATION,TEAM_CITY,STARTERS_BENCH,MIN,FGM,FGA,FG_PCT,FG3M,FG3A,FG3_PCT,FTM,FTA,FT_PCT,OREB,DREB,REB,AST,STL,BLK,TO,PF,PTS
0022100598,1610612764,Wizards,WAS,Washington,Starters,163.000000:03,31,65,0.477,9,21,0.429,10,13,0.769,8,29,37,19,1,4,7,13,81
0022100598,1610612764,Wizards,WAS,Washington,Bench,50.000000:47,2,12,0.167,2,5,0.4,7,7,1.0,3,8,11,3,0,1,5,5,13
0022100598,1610612753,Magic,ORL,Orlando,Starters,157.000000:21,20,61,0.328,6,22,0.273,11,11,1.0,8,19,27,9,6,4,5,11,57
0022100598,1610612753,Magic,ORL,Orlando,Bench,78.000000:41,17,33,0.515,3,6,0.5,4,5,0.8,1,11,12,8,3,2,2,9,41
