GAME_ID,TEAM_ID,TEAM_NAME,TEAM_ABBREVIATION,TEAM_CITY,STARTERS_BENCH,MIN,FGM,FGA,FG_PCT,FG3M,FG3A,FG3_PCT,FTM,FTA,FT_PCT,OREB,DREB,REB,AST,STL,BLK,TO,PF,PTS
0022100906,1610612761,Raptors,TOR,Toronto,Starters,136.000000:03,20,56,0.357,6,19,0.316,7,9,0.778,4,18,22,16,2,1,8,15,53
0022100906,1610612761,Raptors,TOR,Toronto,Bench,103.000000:57,18,39,0.462,4,13,0.308,7,10,0.7,7,13,20,9,3,1,3,11,47
0022100906,1610612737,Hawks,ATL,Atlanta,Starters,152.000000:19,31,58,0.534,8,21,0.381,10,12,0.833,3,23,26,21,5,4,5,15,80
0022100906,1610612737,Hawks,ATL,Atlanta,Bench,82.000000:24,17,24,0.708,5,9,0.556,7,8,0.875,2,17,19,6,3,4,7,4,46
