GAME_ID,TEAM_ID,TEAM_NAME,TEAM_ABBREVIATION,TEAM_CITY,STARTERS_BENCH,MIN,FGM,FGA,FG_PCT,FG3M,FG3A,FG3_PCT,FTM,FTA,FT_PCT,OREB,DREB,REB,AST,STL,BLK,TO,PF,PTS
0022100115,1610612750,Timberwolves,MIN,Minnesota,Starters,145.000000:17,27,54,0.5,9,25,0.36,9,9,1.0,10,16,26,18,8,2,14,13,72
0022100115,1610612750,Timberwolves,MIN,Minnesota,Bench,94.000000:43,16,40,0.4,5,15,0.333,6,7,0.857,5,8,13,9,3,0,2,3,43
0022100115,1610612746,Clippers,LAC,LA,Starters,160.000000:50,36,59,0.61,17,28,0.607,8,8,1.0,1,23,24,26,5,4,14,7,97
0022100115,1610612746,Clippers,LAC,LA,Bench,79.000000:10,11,19,0.579,4,8,0.5,3,4,0.75,2,9,11,7,1,3,6,7,29
