GAME_ID,TEAM_ID,TEAM_NAME,TEAM_ABBREVIATION,TEAM_CITY,STARTERS_BENCH,MIN,FGM,FGA,FG_PCT,FG3M,FG3A,FG3_PCT,FTM,FTA,FT_PCT,OREB,DREB,REB,AST,STL,BLK,TO,PF,PTS
0012100006,1610612760,Thunder,OKC,Oklahoma City,Starters,95.000000:01,18,38,0.474,6,18,0.333,2,6,0.333,3,15,18,10,4,1,9,6,44
0012100006,1610612760,Thunder,OKC,Oklahoma City,Bench,144.000000:59,15,48,0.313,9,29,0.31,14,17,0.824,3,22,25,11,9,3,12,19,53
0012100006,1610612766,Hornets,CHA,Charlotte,Starters,93.000000:49,19,38,0.5,3,13,0.231,5,8,0.625,3,19,22,16,2,2,8,11,46
0012100006,1610612766,Hornets,CHA,Charlotte,Bench,93.000000:36,13,30,0.433,2,9,0.222,8,11,0.727,5,16,21,6,5,6,9,9,36
