GAME_ID,TEAM_ID,TEAM_NAME,TEAM_ABBREVIATION,TEAM_CITY,STARTERS_BENCH,MIN,FGM,FGA,FG_PCT,FG3M,FG3A,FG3_PCT,FTM,FTA,FT_PCT,OREB,DREB,REB,AST,STL,BLK,TO,PF,PTS
0012100058,1610612758,Kings,SAC,Sacramento,Starters,133.000000:10,23,55,0.418,8,23,0.348,12,15,0.8,9,17,26,13,6,1,9,13,66
0012100058,1610612758,Kings,SAC,Sacramento,Bench,106.000000:50,16,43,0.372,9,24,0.375,9,11,0.818,3,20,23,9,3,2,2,11,50
0012100058,1610612747,Lakers,LAL,Los Angeles,Starters,134.000000:17,33,65,0.508,5,14,0.357,12,20,0.6,4,29,33,14,4,5,7,12,83
0012100058,1610612747,Lakers,LAL,Los Angeles,Bench,105.000000:43,11,29,0.379,4,15,0.267,3,4,0.75,6,17,23,11,2,2,8,12,29
