GAME_ID,TEAM_ID,TEAM_NAME,TEAM_ABBREVIATION,TEAM_CITY,STARTERS_BENCH,MIN,FGM,FGA,FG_PCT,FG3M,FG3A,FG3_PCT,FTM,FTA,FT_PCT,OREB,DREB,REB,AST,STL,BLK,TO,PF,PTS
2022100151,1612709927,Herd,WIS,Wisconsin,Starters,154.000000:16,30,68,0.441,4,20,0.2,13,16,0.813,11,35,46,14,3,2,13,13,84
2022100151,1612709927,Herd,WIS,Wisconsin,Bench,55.000000:51,9,17,0.529,2,7,0.286,0,1,0.0,2,9,11,4,0,1,4,7,20
2022100151,1612709929,Skyhawks,CPS,College Park,Starters,157.000000:30,30,81,0.37,1,14,0.071,8,12,0.667,11,25,36,22,4,2,9,14,73
2022100151,1612709929,Skyhawks,CPS,College Park,Bench,50.000000:41,3,14,0.214,2,7,0.286,1,1,1.0,2,5,7,4,4,0,0,4,11
