GAME_ID,TEAM_ID,TEAM_NAME,TEAM_ABBREVIATION,TEAM_CITY,STARTERS_BENCH,MIN,FGM,FGA,FG_PCT,FG3M,FG3A,FG3_PCT,FTM,FTA,FT_PCT,OREB,DREB,REB,AST,STL,BLK,TO,PF,PTS
2022100065,1612709921,Nets,LIN,Long Island,Starters,181.000000:58,32,71,0.451,11,32,0.344,8,10,0.8,9,27,36,21,1,5,12,20,90
2022100065,1612709921,Nets,LIN,Long Island,Bench,58.000000:03,8,17,0.471,6,14,0.429,1,2,0.5,3,7,10,3,3,2,0,4,24
2022100065,1612709922,Swarm,GBO,Greensboro,Starters,155.000000:33,26,54,0.481,3,16,0.188,16,19,0.842,5,22,27,19,5,4,4,11,80
2022100065,1612709922,Swarm,GBO,Greensboro,Bench,44.000000:37,11,19,0.579,5,10,0.5,1,1,1.0,0,3,3,8,1,0,5,6,29
