GAME_ID,TEAM_ID,TEAM_NAME,TEAM_ABBREVIATION,TEAM_CITY,STARTERS_BENCH,MIN,FGM,FGA,FG_PCT,FG3M,FG3A,FG3_PCT,FTM,FTA,FT_PCT,OREB,DREB,REB,AST,STL,BLK,TO,PF,PTS
0022100447,1610612764,Wizards,WAS,Washington,Starters,148.000000:50,27,67,0.403,5,23,0.217,11,13,0.846,8,19,27,17,5,3,5,10,70
0022100447,1610612764,Wizards,WAS,Washington,Bench,83.000000:37,15,26,0.577,4,7,0.571,5,7,0.714,3,17,20,10,2,1,4,12,39
0022100447,1610612762,Jazz,UTA,Utah,Starters,169.000000:29,28,57,0.491,12,29,0.414,11,17,0.647,1,32,33,12,3,6,11,17,79
0022100447,1610612762,Jazz,UTA,Utah,Bench,60.000000:21,6,20,0.3,2,15,0.133,7,11,0.636,3,6,9,4,2,0,4,3,21
