GAME_ID,TEAM_ID,TEAM_NAME,TEAM_ABBREVIATION,TEAM_CITY,STARTERS_BENCH,MIN,FGM,FGA,FG_PCT,FG3M,FG3A,FG3_PCT,FTM,FTA,FT_PCT,OREB,DREB,REB,AST,STL,BLK,TO,PF,PTS
2022100231,1612709932,Cruise,MCC,Motor City,Starters,156.000000:26,32,65,0.492,9,27,0.333,3,5,0.6,6,30,36,20,2,6,11,10,79
2022100231,1612709932,Cruise,MCC,Motor City,Bench,83.000000:34,14,29,0.483,2,10,0.2,5,5,1.0,4,12,16,7,3,4,3,11,37
2022100231,1612709921,Nets,LIN,Long Island,Starters,182.000000:47,37,80,0.463,10,32,0.313,7,10,0.7,3,25,28,18,7,1,8,12,97
2022100231,1612709921,Nets,LIN,Long Island,Bench,42.000000:41,3,12,0.25,0,4,0.0,2,4,0.5,5,12,17,2,0,1,4,4,8
