GAME_ID,TEAM_ID,TEAM_NAME,TEAM_ABBREVIATION,TEAM_CITY,STARTERS_BENCH,MIN,FGM,FGA,FG_PCT,FG3M,FG3A,FG3_PCT,FTM,FTA,FT_PCT,OREB,DREB,REB,AST,STL,BLK,TO,PF,PTS
0042100403,1610612744,Warriors,GSW,Golden State,Starters,168.000000:08,30,63,0.476,12,32,0.375,10,11,0.909,5,20,25,13,5,4,11,18,82
0042100403,1610612744,Warriors,GSW,Golden State,Bench,48.000000:36,4,12,0.333,1,5,0.2,3,4,0.75,0,5,5,5,1,1,4,4,12
0042100403,1610612738,Celtics,BOS,Boston,Starters,176.000000:25,35,68,0.515,11,26,0.423,15,21,0.714,12,28,40,25,5,6,9,13,96
0042100403,1610612738,Celtics,BOS,Boston,Bench,63.000000:35,8,21,0.381,2,9,0.222,2,3,0.667,3,4,7,3,2,1,3,4,20
