GAME_ID,TEAM_ID,TEAM_NAME,TEAM_ABBREVIATION,TEAM_CITY,STARTERS_BENCH,MIN,FGM,FGA,FG_PCT,FG3M,FG3A,FG3_PCT,FTM,FTA,FT_PCT,OREB,DREB,REB,AST,STL,BLK,TO,PF,PTS
0022100715,1610612761,Raptors,TOR,Toronto,Starters,164.000000:51,34,63,0.54,12,23,0.522,21,25,0.84,6,26,32,20,5,4,8,11,101
0022100715,1610612761,Raptors,TOR,Toronto,Bench,54.000000:27,5,11,0.455,2,7,0.286,2,4,0.5,1,6,7,3,1,0,4,7,14
0022100715,1610612766,Hornets,CHA,Charlotte,Starters,160.000000:44,27,54,0.5,4,16,0.25,17,25,0.68,9,18,27,21,5,1,10,14,75
0022100715,1610612766,Hornets,CHA,Charlotte,Bench,75.000000:38,12,27,0.444,5,14,0.357,6,7,0.857,0,10,10,4,2,1,2,6,35
