GAME_ID,TEAM_ID,TEAM_NAME,TEAM_ABBREVIATION,TEAM_CITY,STARTERS_BENCH,MIN,FGM,FGA,FG_PCT,FG3M,FG3A,FG3_PCT,FTM,FTA,FT_PCT,OREB,DREB,REB,AST,STL,BLK,TO,PF,PTS
0022101091,1610612753,Magic,ORL,Orlando,Starters,138.000000:39,27,60,0.45,11,30,0.367,11,14,0.786,6,24,30,16,2,3,7,12,76
0022101091,1610612753,Magic,ORL,Orlando,Bench,101.000000:21,9,33,0.273,6,21,0.286,2,2,1.0,3,12,15,8,1,0,3,10,26
0022101091,1610612760,Thunder,OKC,Oklahoma City,Starters,141.000000:52,20,50,0.4,9,24,0.375,17,21,0.81,5,18,23,11,4,4,6,8,66
0022101091,1610612760,Thunder,OKC,Oklahoma City,Bench,98.000000:08,18,29,0.621,8,17,0.471,8,9,0.889,0,21,21,10,2,2,5,8,52
