GAME_ID,TEAM_ID,TEAM_NAME,TEAM_ABBREVIATION,TEAM_CITY,STARTERS_BENCH,MIN,FGM,FGA,FG_PCT,FG3M,FG3A,FG3_PCT,FTM,FTA,FT_PCT,OREB,DREB,REB,AST,STL,BLK,TO,PF,PTS
0022100333,1610612748,Heat,MIA,Miami,Starters,155.000000:44,29,56,0.518,14,25,0.56,9,10,0.9,4,18,22,17,4,2,7,13,81
0022100333,1610612748,Heat,MIA,Miami,Bench,84.000000:16,14,25,0.56,2,9,0.222,2,3,0.667,5,11,16,7,1,4,6,9,32
0022100333,1610612754,Pacers,IND,Indiana,Starters,150.000000:47,25,57,0.439,6,25,0.24,20,25,0.8,3,11,14,12,5,3,7,10,76
0022100333,1610612754,Pacers,IND,Indiana,Bench,89.000000:13,10,23,0.435,3,11,0.273,5,8,0.625,9,16,25,8,2,0,5,9,28
