GAME_ID,TEAM_ID,TEAM_NAME,TEAM_ABBREVIATION,TEAM_CITY,STARTERS_BENCH,MIN,FGM,FGA,FG_PCT,FG3M,FG3A,FG3_PCT,FTM,FTA,FT_PCT,OREB,DREB,REB,AST,STL,BLK,TO,PF,PTS
2022100407,1612709923,Bulls,WCB,Windy City,Starters,138.000000:22,31,61,0.508,6,21,0.286,7,9,0.778,13,22,35,19,3,2,10,20,78
2022100407,1612709923,Bulls,WCB,Windy City,Bench,101.000000:38,14,38,0.368,4,13,0.308,4,7,0.571,5,15,20,13,7,2,3,9,39
2022100407,1612709922,Swarm,GBO,Greensboro,Starters,148.000000:50,20,43,0.465,6,17,0.353,8,10,0.8,5,21,26,17,5,4,8,12,60
2022100407,1612709922,Swarm,GBO,Greensboro,Bench,63.000000:60,11,30,0.367,5,15,0.333,5,6,0.833,4,12,16,5,1,1,3,7,37
