GAME_ID,TEAM_ID,TEAM_NAME,TEAM_ABBREVIATION,TEAM_CITY,STARTERS_BENCH,MIN,FGM,FGA,FG_PCT,FG3M,FG3A,FG3_PCT,FTM,FTA,FT_PCT,OREB,DREB,REB,AST,STL,BLK,TO,PF,PTS
0042100121,1610612749,Bucks,MIL,Milwaukee,Starters,170.000000:43,29,65,0.446,6,23,0.261,13,19,0.684,7,30,37,16,3,4,20,16,77
0042100121,1610612749,Bucks,MIL,Milwaukee,Bench,69.000000:17,5,19,0.263,4,15,0.267,2,4,0.5,4,17,21,3,1,2,1,5,16
0042100121,1610612741,Bulls,CHI,Chicago,Starters,174.000000:13,25,81,0.309,5,29,0.172,17,19,0.895,10,31,41,14,9,3,10,19,72
0042100121,1610612741,Bulls,CHI,Chicago,Bench,57.000000:03,6,14,0.429,2,7,0.286,0,0,0.0,5,5,10,1,1,0,0,2,14
