GAME_ID,TEAM_ID,TEAM_NAME,TEAM_ABBREVIATION,TEAM_CITY,STARTERS_BENCH,MIN,FGM,FGA,FG_PCT,FG3M,FG3A,FG3_PCT,FTM,FTA,FT_PCT,OREB,DREB,REB,AST,STL,BLK,TO,PF,PTS
0022101156,1610612749,Bucks,MIL,Milwaukee,Starters,146.000000:32,36,63,0.571,7,19,0.368,6,7,0.857,8,17,25,19,4,1,9,13,85
0022101156,1610612749,Bucks,MIL,Milwaukee,Bench,72.000000:43,12,23,0.522,1,5,0.2,5,11,0.455,4,5,9,6,2,4,4,6,30
0022101156,1610612746,Clippers,LAC,LA,Starters,173.000000:25,45,74,0.608,20,37,0.541,17,22,0.773,3,21,24,24,7,5,5,10,127
0022101156,1610612746,Clippers,LAC,LA,Bench,66.000000:35,11,18,0.611,3,6,0.5,1,2,0.5,5,7,12,10,2,2,4,7,26
