GAME_ID,TEAM_ID,TEAM_NAME,TEAM_ABBREVIATION,TEAM_CITY,STARTERS_BENCH,MIN,FGM,FGA,FG_PCT,FG3M,FG3A,FG3_PCT,FTM,FTA,FT_PCT,OREB,DREB,REB,AST,STL,BLK,TO,PF,PTS
0022101006,1610612739,Cavaliers,CLE,Cleveland,Starters,169.000000:06,26,62,0.419,4,15,0.267,9,10,0.9,4,27,31,14,4,3,11,12,65
0022101006,1610612739,Cavaliers,CLE,Cleveland,Bench,70.000000:54,10,24,0.417,1,9,0.111,5,7,0.714,1,8,9,5,3,1,3,7,26
0022101006,1610612741,Bulls,CHI,Chicago,Starters,171.000000:27,32,73,0.438,8,18,0.444,11,12,0.917,7,28,35,16,8,4,11,10,83
0022101006,1610612741,Bulls,CHI,Chicago,Bench,68.000000:33,7,15,0.467,1,3,0.333,3,3,1.0,1,10,11,4,4,1,1,8,18
