GAME_ID,TEAM_ID,TEAM_NAME,TEAM_ABBREVIATION,TEAM_CITY,STARTERS_BENCH,MIN,FGM,FGA,FG_PCT,FG3M,FG3A,FG3_PCT,FTM,FTA,FT_PCT,OREB,DREB,REB,AST,STL,BLK,TO,PF,PTS
0022100914,1610612754,Pacers,IND,Indiana,Starters,155.000000:44,37,60,0.617,14,24,0.583,13,16,0.813,4,22,26,18,5,5,9,13,101
0022100914,1610612754,Pacers,IND,Indiana,Bench,41.000000:49,5,16,0.313,2,6,0.333,2,2,1.0,4,10,14,4,0,0,1,3,14
0022100914,1610612738,Celtics,BOS,Boston,Starters,170.000000:45,27,63,0.429,5,25,0.2,15,18,0.833,10,15,25,21,4,5,9,8,74
0022100914,1610612738,Celtics,BOS,Boston,Bench,69.000000:15,12,28,0.429,7,18,0.389,2,2,1.0,2,13,15,4,1,4,1,5,33
