GAME_ID,TEAM_ID,TEAM_NAME,TEAM_ABBREVIATION,TEAM_CITY,STARTERS_BENCH,MIN,FGM,FGA,FG_PCT,FG3M,FG3A,FG3_PCT,FTM,FTA,FT_PCT,OREB,DREB,REB,AST,STL,BLK,TO,PF,PTS
0022101192,1610612764,Wizards,WAS,Washington,Starters,147.000000:35,25,52,0.481,8,25,0.32,7,9,0.778,4,26,30,14,2,2,9,8,65
0022101192,1610612764,Wizards,WAS,Washington,Bench,92.000000:25,17,34,0.5,2,10,0.2,2,2,1.0,2,12,14,12,2,2,5,9,38
0022101192,1610612737,Hawks,ATL,Atlanta,Starters,156.000000:54,33,69,0.478,10,25,0.4,14,17,0.824,5,21,26,16,6,1,5,9,90
0022101192,1610612737,Hawks,ATL,Atlanta,Bench,83.000000:06,10,23,0.435,6,14,0.429,2,2,1.0,2,11,13,10,5,0,1,4,28
