GAME_ID,TEAM_ID,TEAM_NAME,TEAM_ABBREVIATION,TEAM_CITY,STARTERS_BENCH,MIN,FGM,FGA,FG_PCT,FG3M,FG3A,FG3_PCT,FTM,FTA,FT_PCT,OREB,DREB,REB,AST,STL,BLK,TO,PF,PTS
2022100111,1612709904,Skyforce,SXF,Sioux Falls,Starters,159.000000:22,23,57,0.404,3,20,0.15,5,7,0.714,2,29,31,16,8,3,14,10,58
2022100111,1612709904,Skyforce,SXF,Sioux Falls,Bench,80.000000:38,16,26,0.615,5,13,0.385,2,4,0.5,3,10,13,4,3,1,4,13,41
2022100111,1612709926,Hustle,MHU,Memphis,Starters,183.000000:33,28,74,0.378,5,28,0.179,9,11,0.818,7,26,33,24,11,2,5,12,74
2022100111,1612709926,Hustle,MHU,Memphis,Bench,56.000000:27,10,18,0.556,6,9,0.667,6,6,1.0,2,12,14,5,1,0,7,5,33
