GAME_ID,TEAM_ID,TEAM_NAME,TEAM_ABBREVIATION,TEAM_CITY,STARTERS_BENCH,MIN,FGM,FGA,FG_PCT,FG3M,FG3A,FG3_PCT,FTM,FTA,FT_PCT,OREB,DREB,REB,AST,STL,BLK,TO,PF,PTS
2052100184,1612709928,Go-Go,CCG,Capital City,Starters,151.000000:03,32,65,0.492,7,25,0.28,4,6,0.667,8,17,25,18,2,0,10,13,78
2052100184,1612709928,Go-Go,CCG,Capital City,Bench,88.000000:57,16,31,0.516,4,8,0.5,1,3,0.333,9,13,22,10,6,4,10,10,37
2052100184,1612709913,Squadron,BIR,Birmingham,Starters,182.000000:01,35,59,0.593,14,28,0.5,11,14,0.786,4,18,22,27,12,0,11,10,102
2052100184,1612709913,Squadron,BIR,Birmingham,Bench,57.000000:59,8,19,0.421,5,15,0.333,2,2,1.0,0,6,6,3,0,0,4,3,24
