GAME_ID,TEAM_ID,TEAM_NAME,TEAM_ABBREVIATION,TEAM_CITY,STARTERS_BENCH,MIN,FGM,FGA,FG_PCT,FG3M,FG3A,FG3_PCT,FTM,FTA,FT_PCT,OREB,DREB,REB,AST,STL,BLK,TO,PF,PTS
0022100085,1610612759,Spurs,SAS,San Antonio,Starters,144.000000:26,24,56,0.429,6,22,0.273,10,16,0.625,2,25,27,20,6,2,8,8,64
0022100085,1610612759,Spurs,SAS,San Antonio,Bench,95.000000:34,15,39,0.385,1,9,0.111,7,8,0.875,6,16,22,8,6,1,1,5,38
0022100085,1610612749,Bucks,MIL,Milwaukee,Starters,146.000000:27,27,62,0.435,6,22,0.273,9,14,0.643,4,32,36,14,4,1,15,13,69
0022100085,1610612749,Bucks,MIL,Milwaukee,Bench,32.000000:42,2,10,0.2,2,8,0.25,0,0,0.0,0,5,5,0,0,0,2,2,6
