GAME_ID,TEAM_ID,TEAM_NAME,TEAM_ABBREVIATION,TEAM_CITY,STARTERS_BENCH,MIN,FGM,FGA,FG_PCT,FG3M,FG3A,FG3_PCT,FTM,FTA,FT_PCT,OREB,DREB,REB,AST,STL,BLK,TO,PF,PTS
0022100615,1610612740,Pelicans,NOP,New Orleans,Starters,157.000000:60,29,55,0.527,10,20,0.5,24,29,0.828,8,21,29,24,3,1,14,14,92
0022100615,1610612740,Pelicans,NOP,New Orleans,Bench,44.000000:59,5,11,0.455,3,8,0.375,1,3,0.333,0,6,6,6,1,0,5,4,14
0022100615,1610612750,Timberwolves,MIN,Minnesota,Starters,159.000000:39,31,64,0.484,11,27,0.407,17,23,0.739,7,14,21,24,11,2,11,16,90
0022100615,1610612750,Timberwolves,MIN,Minnesota,Bench,78.000000:32,11,22,0.5,7,12,0.583,5,6,0.833,2,9,11,3,0,2,2,8,34
