GAME_ID,TEAM_ID,TEAM_NAME,TEAM_ABBREVIATION,TEAM_CITY,STARTERS_BENCH,MIN,FGM,FGA,FG_PCT,FG3M,FG3A,FG3_PCT,FTM,FTA,FT_PCT,OREB,DREB,REB,AST,STL,BLK,TO,PF,PTS
2022100112,1612709903,Stars,SLC,Salt Lake City,Starters,181.000000:32,35,69,0.507,3,18,0.167,9,11,0.818,5,26,31,16,6,0,8,11,88
2022100112,1612709903,Stars,SLC,Salt Lake City,Bench,48.000000:14,10,16,0.625,1,2,0.5,1,2,0.5,0,4,4,7,4,0,3,6,22
2022100112,1612709913,Squadron,BIR,Birmingham,Starters,148.000000:02,34,61,0.557,16,31,0.516,6,6,1.0,4,20,24,22,2,2,7,10,94
2022100112,1612709913,Squadron,BIR,Birmingham,Bench,91.000000:58,10,32,0.313,6,19,0.316,2,2,1.0,5,18,23,10,0,3,8,10,29
