GAME_ID,TEAM_ID,TEAM_NAME,TEAM_ABBREVIATION,TEAM_CITY,STARTERS_BENCH,MIN,FGM,FGA,FG_PCT,FG3M,FG3A,FG3_PCT,FTM,FTA,FT_PCT,OREB,DREB,REB,AST,STL,BLK,TO,PF,PTS
2022100263,1612709890,Spurs,AUS,Austin,Starters,127.000000:27,19,55,0.345,2,13,0.154,7,12,0.583,7,13,20,11,2,0,9,9,53
2022100263,1612709890,Spurs,AUS,Austin,Bench,84.000000:02,7,20,0.35,1,10,0.1,1,2,0.5,2,7,9,4,3,2,3,12,17
2022100263,1612709924,Clippers,ACC,Agua Caliente,Starters,148.000000:20,33,58,0.569,6,18,0.333,7,12,0.583,3,29,32,22,5,4,8,17,82
2022100263,1612709924,Clippers,ACC,Agua Caliente,Bench,25.000000:11,6,10,0.6,1,4,0.25,0,0,0.0,1,3,4,1,0,2,2,3,13
