GAME_ID,TEAM_ID,TEAM_NAME,TEAM_ABBREVIATION,TEAM_CITY,STARTERS_BENCH,MIN,FGM,FGA,FG_PCT,FG3M,FG3A,FG3_PCT,FTM,FTA,FT_PCT,OREB,DREB,REB,AST,STL,BLK,TO,PF,PTS
0022100250,1610612752,Knicks,NYK,New York,Starters,138.000000:39,22,51,0.431,2,11,0.182,13,18,0.722,7,26,33,11,2,5,9,13,59
0022100250,1610612752,Knicks,NYK,New York,Bench,100.000000:54,13,33,0.394,5,16,0.313,13,13,1.0,5,6,11,5,2,6,4,12,44
0022100250,1610612741,Bulls,CHI,Chicago,Starters,157.000000:36,26,63,0.413,6,18,0.333,19,19,1.0,6,20,26,18,4,1,8,14,77
0022100250,1610612741,Bulls,CHI,Chicago,Bench,66.000000:29,10,23,0.435,5,11,0.455,2,4,0.5,4,5,9,3,1,0,0,8,27
