GAME_ID,TEAM_ID,TEAM_NAME,TEAM_ABBREVIATION,TEAM_CITY,STARTERS_BENCH,MIN,FGM,FGA,FG_PCT,FG3M,FG3A,FG3_PCT,FTM,FTA,FT_PCT,OREB,DREB,REB,AST,STL,BLK,TO,PF,PTS
0022100534,1610612761,Raptors,TOR,Toronto,Starters,165.000000:25,35,79,0.443,10,28,0.357,18,25,0.72,10,26,36,17,8,3,5,10,98
0022100534,1610612761,Raptors,TOR,Toronto,Bench,65.000000:45,4,14,0.286,1,6,0.167,5,6,0.833,6,9,15,2,0,1,2,8,14
0022100534,1610612746,Clippers,LAC,LA,Starters,163.000000:00,25,53,0.472,12,24,0.5,13,13,1.0,3,25,28,16,3,4,10,12,75
0022100534,1610612746,Clippers,LAC,LA,Bench,77.000000:00,13,25,0.52,3,10,0.3,4,6,0.667,0,9,9,11,3,3,2,12,33
