GAME_ID,TEAM_ID,TEAM_NAME,TEAM_ABBREVIATION,TEAM_CITY,STARTERS_BENCH,MIN,FGM,FGA,FG_PCT,FG3M,FG3A,FG3_PCT,FTM,FTA,FT_PCT,OREB,DREB,REB,AST,STL,BLK,TO,PF,PTS
2052100046,1612709914,Kings,STO,Stockton,Starters,132.000000:12,21,48,0.438,4,17,0.235,2,5,0.4,5,16,21,11,3,0,9,10,49
2052100046,1612709914,Kings,STO,Stockton,Bench,107.000000:48,11,35,0.314,4,15,0.267,5,8,0.625,2,14,16,11,4,1,5,6,33
2052100046,1612709924,Clippers,ACC,Agua Caliente,Starters,138.000000:23,25,43,0.581,8,12,0.667,5,6,0.833,3,20,23,15,1,4,10,8,68
2052100046,1612709924,Clippers,ACC,Agua Caliente,Bench,45.000000:13,6,14,0.429,3,9,0.333,0,0,0.0,1,9,10,1,2,1,2,6,15
