GAME_ID,TEAM_ID,TEAM_NAME,TEAM_ABBREVIATION,TEAM_CITY,STARTERS_BENCH,MIN,FGM,FGA,FG_PCT,FG3M,FG3A,FG3_PCT,FTM,FTA,FT_PCT,OREB,DREB,REB,AST,STL,BLK,TO,PF,PTS
0022100405,1610612754,Pacers,IND,Indiana,Starters,167.000000:07,28,65,0.431,5,19,0.263,20,26,0.769,10,23,33,15,5,5,10,11,81
0022100405,1610612754,Pacers,IND,Indiana,Bench,72.000000:53,7,22,0.318,2,11,0.182,3,5,0.6,3,6,9,1,6,0,0,7,19
0022100405,1610612744,Warriors,GSW,Golden State,Starters,156.000000:10,32,64,0.5,6,23,0.261,8,11,0.727,7,25,32,19,2,4,14,16,78
0022100405,1610612744,Warriors,GSW,Golden State,Bench,66.000000:50,8,15,0.533,1,5,0.2,1,1,1.0,2,12,14,2,3,1,2,8,18
