GAME_ID,TEAM_ID,TEAM_NAME,TEAM_ABBREVIATION,TEAM_CITY,STARTERS_BENCH,MIN,FGM,FGA,FG_PCT,FG3M,FG3A,FG3_PCT,FTM,FTA,FT_PCT,OREB,DREB,REB,AST,STL,BLK,TO,PF,PTS
0022100944,1610612759,Spurs,SAS,San Antonio,Starters,131.000000:49,27,59,0.458,6,18,0.333,5,8,0.625,3,21,24,14,4,4,8,12,65
0022100944,1610612759,Spurs,SAS,San Antonio,Bench,87.000000:50,16,30,0.533,6,14,0.429,2,4,0.5,3,13,16,11,3,1,3,9,40
0022100944,1610612758,Kings,SAC,Sacramento,Starters,151.000000:43,28,59,0.475,8,23,0.348,22,26,0.846,6,25,31,19,3,2,8,9,86
0022100944,1610612758,Kings,SAC,Sacramento,Bench,88.000000:17,11,26,0.423,2,9,0.222,5,6,0.833,3,15,18,7,3,0,5,4,29
