GAME_ID,TEAM_ID,TEAM_NAME,TEAM_ABBREVIATION,TEAM_CITY,STARTERS_BENCH,MIN,FGM,FGA,FG_PCT,FG3M,FG3A,FG3_PCT,FTM,FTA,FT_PCT,OREB,DREB,REB,AST,STL,BLK,TO,PF,PTS
2022100090,1612709927,Herd,WIS,Wisconsin,Starters,113.000000:37,14,45,0.311,0,16,0.0,4,5,0.8,8,18,26,6,3,1,6,6,34
2022100090,1612709927,Herd,WIS,Wisconsin,Bench,109.000000:16,21,45,0.467,9,25,0.36,5,5,1.0,1,17,18,17,5,0,8,6,60
2022100090,1612709921,Nets,LIN,Long Island,Starters,138.000000:55,28,54,0.519,14,32,0.438,4,6,0.667,6,32,38,21,10,1,6,9,77
2022100090,1612709921,Nets,LIN,Long Island,Bench,59.000000:21,14,30,0.467,1,10,0.1,2,3,0.667,1,6,7,9,2,0,5,5,32
