GAME_ID,TEAM_ID,TEAM_NAME,TEAM_ABBREVIATION,TEAM_CITY,STARTERS_BENCH,MIN,FGM,FGA,FG_PCT,FG3M,FG3A,FG3_PCT,FTM,FTA,FT_PCT,OREB,DREB,REB,AST,STL,BLK,TO,PF,PTS
0012100021,1610612758,Kings,SAC,Sacramento,Starters,108.000000:35,17,36,0.472,5,12,0.417,8,10,0.8,4,24,28,12,4,4,4,8,47
0012100021,1610612758,Kings,SAC,Sacramento,Bench,118.000000:55,23,55,0.418,9,31,0.29,3,7,0.429,6,11,17,11,5,1,8,13,58
0012100021,1610612746,Clippers,LAC,LA,Starters,77.000000:40,11,28,0.393,3,12,0.25,6,7,0.857,2,16,18,6,2,2,5,6,31
0012100021,1610612746,Clippers,LAC,LA,Bench,162.000000:20,24,64,0.375,6,23,0.261,13,18,0.722,12,26,38,13,6,4,14,11,67
