GAME_ID,TEAM_ID,TEAM_NAME,TEAM_ABBREVIATION,TEAM_CITY,STARTERS_BENCH,MIN,FGM,FGA,FG_PCT,FG3M,FG3A,FG3_PCT,FTM,FTA,FT_PCT,OREB,DREB,REB,AST,STL,BLK,TO,PF,PTS
2052100101,1612709932,Cruise,MCC,Motor City,Starters,174.000000:01,28,63,0.444,11,30,0.367,7,12,0.583,3,23,26,24,10,4,8,14,79
2052100101,1612709932,Cruise,MCC,Motor City,Bench,65.000000:59,12,30,0.4,2,9,0.222,0,2,0.0,3,9,12,4,4,1,1,6,26
2052100101,1612709911,Wolves,IWA,Iowa,Starters,152.000000:53,21,48,0.438,3,16,0.188,7,7,1.0,4,26,30,10,3,4,16,14,58
2052100101,1612709911,Wolves,IWA,Iowa,Bench,49.000000:57,10,22,0.455,2,3,0.667,3,4,0.75,7,13,20,5,1,1,6,4,25
