GAME_ID,TEAM_ID,TEAM_NAME,TEAM_ABBREVIATION,TEAM_CITY,STARTERS_BENCH,MIN,FGM,FGA,FG_PCT,FG3M,FG3A,FG3_PCT,FTM,FTA,FT_PCT,OREB,DREB,REB,AST,STL,BLK,TO,PF,PTS
0022101118,1610612756,Suns,PHX,Phoenix,Starters,172.000000:12,35,64,0.547,8,17,0.471,10,14,0.714,3,28,31,21,5,3,9,13,88
0022101118,1610612756,Suns,PHX,Phoenix,Bench,67.000000:48,10,23,0.435,5,10,0.5,1,3,0.333,2,7,9,3,0,2,3,8,26
0022101118,1610612755,76ers,PHI,Philadelphia,Starters,168.000000:37,31,74,0.419,7,25,0.28,20,26,0.769,9,21,30,17,4,3,7,11,89
0022101118,1610612755,76ers,PHI,Philadelphia,Bench,71.000000:24,6,15,0.4,3,11,0.273,0,0,0.0,3,12,15,5,2,1,3,8,15
