GAME_ID,TEAM_ID,TEAM_NAME,TEAM_ABBREVIATION,TEAM_CITY,STARTERS_BENCH,MIN,FGM,FGA,FG_PCT,FG3M,FG3A,FG3_PCT,FTM,FTA,FT_PCT,OREB,DREB,REB,AST,STL,BLK,TO,PF,PTS
0022100545,1610612761,Raptors,TOR,Toronto,Starters,145.000000:14,28,59,0.475,11,27,0.407,20,24,0.833,6,24,30,15,7,1,10,19,87
0022100545,1610612761,Raptors,TOR,Toronto,Bench,76.000000:04,10,24,0.417,2,7,0.286,5,6,0.833,5,8,13,5,2,3,5,7,27
0022100545,1610612752,Knicks,NYK,New York,Starters,145.000000:31,22,49,0.449,8,24,0.333,13,15,0.867,3,14,17,14,2,2,10,13,65
0022100545,1610612752,Knicks,NYK,New York,Bench,94.000000:29,13,29,0.448,4,12,0.333,10,13,0.769,4,9,13,8,9,2,7,13,40
