GAME_ID,TEAM_ID,TEAM_NAME,TEAM_ABBREVIATION,TEAM_CITY,STARTERS_BENCH,MIN,FGM,FGA,FG_PCT,FG3M,FG3A,FG3_PCT,FTM,FTA,FT_PCT,OREB,DREB,REB,AST,STL,BLK,TO,PF,PTS
0022100403,1610612753,Magic,ORL,Orlando,Starters,152.000000:02,23,55,0.418,10,27,0.37,9,12,0.75,6,23,29,12,0,3,12,8,65
0022100403,1610612753,Magic,ORL,Orlando,Bench,69.000000:55,7,27,0.259,3,11,0.273,5,5,1.0,3,6,9,3,6,0,5,4,22
0022100403,1610612747,Lakers,LAL,Los Angeles,Starters,154.000000:45,32,63,0.508,8,18,0.444,7,12,0.583,6,19,25,19,12,6,13,12,79
0022100403,1610612747,Lakers,LAL,Los Angeles,Bench,85.000000:15,9,21,0.429,5,10,0.5,4,5,0.8,0,19,19,5,0,5,0,5,27
