GAME_ID,TEAM_ID,TEAM_NAME,TEAM_ABBREVIATION,TEAM_CITY,STARTERS_BENCH,MIN,FGM,FGA,FG_PCT,FG3M,FG3A,FG3_PCT,FTM,FTA,FT_PCT,OREB,DREB,REB,AST,STL,BLK,TO,PF,PTS
2022100306,1612709908,Vipers,RGV,Rio Grande Valley,Starters,179.000000:49,34,69,0.493,17,34,0.5,11,16,0.688,11,26,37,25,5,8,11,14,101
2022100306,1612709908,Vipers,RGV,Rio Grande Valley,Bench,32.000000:36,4,15,0.267,4,6,0.667,3,3,1.0,2,2,4,4,2,1,1,3,19
2022100306,1612709889,Blue,OKL,Oklahoma City,Starters,164.000000:06,35,71,0.493,9,24,0.375,6,10,0.6,9,23,32,23,7,4,11,14,88
2022100306,1612709889,Blue,OKL,Oklahoma City,Bench,75.000000:54,9,19,0.474,2,7,0.286,5,6,0.833,5,9,14,4,1,3,4,9,30
