GAME_ID,TEAM_ID,TEAM_NAME,TEAM_ABBREVIATION,TEAM_CITY,STARTERS_BENCH,MIN,FGM,FGA,FG_PCT,FG3M,FG3A,FG3_PCT,FTM,FTA,FT_PCT,OREB,DREB,REB,AST,STL,BLK,TO,PF,PTS
0012100055,1610612748,Heat,MIA,Miami,Starters,138.000000:24,17,54,0.315,7,21,0.333,6,9,0.667,8,17,25,18,3,3,10,11,47
0012100055,1610612748,Heat,MIA,Miami,Bench,101.000000:36,18,37,0.486,6,17,0.353,3,3,1.0,5,21,26,5,2,1,8,9,45
0012100055,1610612737,Hawks,ATL,Atlanta,Starters,123.000000:38,30,61,0.492,12,26,0.462,5,6,0.833,9,22,31,20,4,2,4,7,77
0012100055,1610612737,Hawks,ATL,Atlanta,Bench,116.000000:22,19,40,0.475,7,20,0.35,5,7,0.714,4,16,20,13,6,6,7,10,50
