GAME_ID,TEAM_ID,TEAM_NAME,TEAM_ABBREVIATION,TEAM_CITY,STARTERS_BENCH,MIN,FGM,FGA,FG_PCT,FG3M,FG3A,FG3_PCT,FTM,FTA,FT_PCT,OREB,DREB,REB,AST,STL,BLK,TO,PF,PTS
2022100165,1612709904,Skyforce,SXF,Sioux Falls,Starters,153.000000:01,26,59,0.441,10,20,0.5,3,8,0.375,6,14,20,12,6,0,4,4,68
2022100165,1612709904,Skyforce,SXF,Sioux Falls,Bench,65.000000:08,8,25,0.32,3,12,0.25,3,4,0.75,3,10,13,7,1,2,2,6,25
2022100165,1612709924,Clippers,ACC,Agua Caliente,Starters,140.000000:21,33,54,0.611,14,24,0.583,2,3,0.667,4,20,24,21,4,4,8,11,83
2022100165,1612709924,Clippers,ACC,Agua Caliente,Bench,77.000000:28,11,28,0.393,6,11,0.545,6,7,0.857,4,18,22,8,1,2,4,8,38
