GAME_ID,TEAM_ID,TEAM_NAME,TEAM_ABBREVIATION,TEAM_CITY,STARTERS_BENCH,MIN,FGM,FGA,FG_PCT,FG3M,FG3A,FG3_PCT,FTM,FTA,FT_PCT,OREB,DREB,REB,AST,STL,BLK,TO,PF,PTS
2022100110,1612709932,Cruise,MCC,Motor City,Starters,145.000000:24,31,52,0.596,9,20,0.45,7,9,0.778,4,27,31,18,6,1,8,11,86
2022100110,1612709932,Cruise,MCC,Motor City,Bench,74.000000:58,16,29,0.552,7,13,0.538,1,1,1.0,2,8,10,10,2,0,5,5,41
2022100110,1612709929,Skyhawks,CPS,College Park,Starters,154.000000:22,30,65,0.462,5,23,0.217,6,9,0.667,3,19,22,17,2,0,5,7,74
2022100110,1612709929,Skyhawks,CPS,College Park,Bench,85.000000:38,15,30,0.5,4,10,0.4,3,5,0.6,6,14,20,9,3,2,4,6,40
