GAME_ID,TEAM_ID,TEAM_NAME,TEAM_ABBREVIATION,TEAM_CITY,STARTERS_BENCH,MIN,FGM,FGA,FG_PCT,FG3M,FG3A,FG3_PCT,FTM,FTA,FT_PCT,OREB,DREB,REB,AST,STL,BLK,TO,PF,PTS
2052100023,1612709927,Herd,WIS,Wisconsin,Starters,150.000000:09,33,65,0.508,7,24,0.292,4,8,0.5,9,21,30,21,8,3,9,9,81
2052100023,1612709927,Herd,WIS,Wisconsin,Bench,53.000000:30,9,18,0.5,4,10,0.4,0,2,0.0,2,8,10,1,2,0,2,6,22
2052100023,1612709893,Charge,CLC,Cleveland,Starters,136.000000:20,33,66,0.5,15,31,0.484,4,6,0.667,9,27,36,16,5,4,11,13,89
2052100023,1612709893,Charge,CLC,Cleveland,Bench,103.000000:40,10,32,0.313,7,24,0.292,5,5,1.0,8,8,16,10,0,3,7,8,35
