GAME_ID,TEAM_ID,TEAM_NAME,TEAM_ABBREVIATION,TEAM_CITY,STARTERS_BENCH,MIN,FGM,FGA,FG_PCT,FG3M,FG3A,FG3_PCT,FTM,FTA,FT_PCT,OREB,DREB,REB,AST,STL,BLK,TO,PF,PTS
0042100152,1610612750,Timberwolves,MIN,Minnesota,Starters,128.000000:04,15,40,0.375,6,20,0.3,17,20,0.85,3,20,23,10,2,3,13,17,53
0042100152,1610612750,Timberwolves,MIN,Minnesota,Bench,111.000000:56,15,36,0.417,5,18,0.278,8,8,1.0,1,16,17,6,3,6,6,11,43
0042100152,1610612763,Grizzlies,MEM,Memphis,Starters,116.000000:58,22,49,0.449,7,20,0.35,13,16,0.813,7,14,21,19,3,1,5,12,64
0042100152,1610612763,Grizzlies,MEM,Memphis,Bench,103.000000:54,19,38,0.5,3,11,0.273,6,10,0.6,6,20,26,10,5,0,4,8,47
