GAME_ID,TEAM_ID,TEAM_NAME,TEAM_ABBREVIATION,TEAM_CITY,STARTERS_BENCH,MIN,FGM,FGA,FG_PCT,FG3M,FG3A,FG3_PCT,FTM,FTA,FT_PCT,OREB,DREB,REB,AST,STL,BLK,TO,PF,PTS
2022100182,1612709917,Gold,GRG,Grand Rapids,Starters,167.000000:11,31,61,0.508,8,17,0.471,5,9,0.556,5,35,40,16,5,6,5,12,78
2022100182,1612709917,Gold,GRG,Grand Rapids,Bench,41.000000:27,4,20,0.2,2,14,0.143,0,0,0.0,0,2,2,7,0,0,3,5,10
2022100182,1612709893,Charge,CLC,Cleveland,Starters,154.000000:10,18,48,0.375,6,17,0.353,5,10,0.5,6,28,34,12,3,2,11,16,50
2022100182,1612709893,Charge,CLC,Cleveland,Bench,27.000000:48,4,8,0.5,1,3,0.333,1,1,1.0,0,5,5,0,1,0,2,2,10
