GAME_ID,TEAM_ID,TEAM_NAME,TEAM_ABBREVIATION,TEAM_CITY,STARTERS_BENCH,MIN,FGM,FGA,FG_PCT,FG3M,FG3A,FG3_PCT,FTM,FTA,FT_PCT,OREB,DREB,REB,AST,STL,BLK,TO,PF,PTS
0022100852,1610612760,Thunder,OKC,Oklahoma City,Starters,155.000000:01,25,67,0.373,10,28,0.357,14,18,0.778,4,23,27,18,6,7,5,8,74
0022100852,1610612760,Thunder,OKC,Oklahoma City,Bench,84.000000:59,9,21,0.429,1,8,0.125,8,12,0.667,3,13,16,4,2,3,3,7,27
0022100852,1610612741,Bulls,CHI,Chicago,Starters,182.000000:27,37,79,0.468,6,20,0.3,17,19,0.895,10,39,49,19,5,2,12,10,97
0022100852,1610612741,Bulls,CHI,Chicago,Bench,17.000000:42,0,1,0.0,0,1,0.0,0,0,0.0,0,3,3,0,0,1,1,2,0
