GAME_ID,TEAM_ID,TEAM_NAME,TEAM_ABBREVIATION,TEAM_CITY,STARTERS_BENCH,MIN,FGM,FGA,FG_PCT,FG3M,FG3A,FG3_PCT,FTM,FTA,FT_PCT,OREB,DREB,REB,AST,STL,BLK,TO,PF,PTS
0042100176,1610612762,Jazz,UTA,Utah,Starters,174.000000:11,27,57,0.474,6,24,0.25,11,14,0.786,4,30,34,18,3,3,10,13,71
0042100176,1610612762,Jazz,UTA,Utah,Bench,65.000000:49,9,27,0.333,3,11,0.273,4,6,0.667,7,7,14,2,2,1,1,2,25
0042100176,1610612742,Mavericks,DAL,Dallas,Starters,180.000000:30,26,59,0.441,12,29,0.414,8,10,0.8,2,27,29,17,6,2,5,13,72
0042100176,1610612742,Mavericks,DAL,Dallas,Bench,54.000000:48,10,19,0.526,5,12,0.417,1,1,1.0,0,7,7,5,0,2,4,5,26
