GAME_ID,TEAM_ID,TEAM_NAME,TEAM_ABBREVIATION,TEAM_CITY,STARTERS_BENCH,MIN,FGM,FGA,FG_PCT,FG3M,FG3A,FG3_PCT,FTM,FTA,FT_PCT,OREB,DREB,REB,AST,STL,BLK,TO,PF,PTS
0022100529,1610612756,Suns,PHX,Phoenix,Starters,161.000000:18,32,76,0.421,9,25,0.36,12,12,1.0,10,17,27,15,8,2,5,15,85
0022100529,1610612756,Suns,PHX,Phoenix,Bench,68.000000:09,9,23,0.391,2,10,0.2,3,4,0.75,2,2,4,5,2,0,2,5,23
0022100529,1610612738,Celtics,BOS,Boston,Starters,170.000000:41,30,59,0.508,3,15,0.2,14,16,0.875,10,32,42,24,3,6,14,14,77
0022100529,1610612738,Celtics,BOS,Boston,Bench,69.000000:19,15,24,0.625,7,12,0.583,9,10,0.9,3,6,9,4,3,1,3,4,46
