GAME_ID,TEAM_ID,TEAM_NAME,TEAM_ABBREVIATION,TEAM_CITY,STARTERS_BENCH,MIN,FGM,FGA,FG_PCT,FG3M,FG3A,FG3_PCT,FTM,FTA,FT_PCT,OREB,DREB,REB,AST,STL,BLK,TO,PF,PTS
0022100935,1610612762,Jazz,UTA,Utah,Starters,184.000000:31,40,68,0.588,12,30,0.4,14,21,0.667,10,27,37,23,9,2,14,17,106
0022100935,1610612762,Jazz,UTA,Utah,Bench,55.000000:07,8,20,0.4,3,12,0.25,3,3,1.0,1,7,8,8,2,0,4,3,22
0022100935,1610612745,Rockets,HOU,Houston,Starters,182.000000:15,31,58,0.534,15,35,0.429,13,22,0.591,3,17,20,22,8,2,12,15,90
0022100935,1610612745,Rockets,HOU,Houston,Bench,82.000000:45,12,28,0.429,6,16,0.375,7,8,0.875,2,12,14,5,4,1,4,10,37
