GAME_ID,TEAM_ID,TEAM_NAME,TEAM_ABBREVIATION,TEAM_CITY,STARTERS_BENCH,MIN,FGM,FGA,FG_PCT,FG3M,FG3A,FG3_PCT,FTM,FTA,FT_PCT,OREB,DREB,REB,AST,STL,BLK,TO,PF,PTS
2022100457,1612709921,Nets,LIN,Long Island,Starters,143.000000:33,29,68,0.426,7,26,0.269,4,7,0.571,14,15,29,15,9,3,4,15,73
2022100457,1612709921,Nets,LIN,Long Island,Bench,58.000000:57,7,16,0.438,3,7,0.429,1,1,1.0,2,4,6,6,1,0,2,3,19
2022100457,1612709922,Swarm,GBO,Greensboro,Starters,170.000000:42,40,60,0.667,13,21,0.619,11,12,0.917,5,24,29,13,2,4,10,9,112
2022100457,1612709922,Swarm,GBO,Greensboro,Bench,69.000000:18,9,22,0.409,2,8,0.25,4,4,1.0,1,13,14,14,3,0,5,9,27
