GAME_ID,TEAM_ID,TEAM_NAME,TEAM_ABBREVIATION,TEAM_CITY,STARTERS_BENCH,MIN,FGM,FGA,FG_PCT,FG3M,FG3A,FG3_PCT,FTM,FTA,FT_PCT,OREB,DREB,REB,AST,STL,BLK,TO,PF,PTS
0022100112,1610612764,Wizards,WAS,Washington,Starters,144.000000:35,21,54,0.389,4,21,0.19,10,10,1.0,6,18,24,11,5,3,8,8,56
0022100112,1610612764,Wizards,WAS,Washington,Bench,46.000000:22,5,12,0.417,2,7,0.286,3,8,0.375,3,5,8,1,1,1,2,4,15
0022100112,1610612761,Raptors,TOR,Toronto,Starters,177.000000:46,34,75,0.453,10,23,0.435,12,13,0.923,5,22,27,14,8,3,9,12,90
0022100112,1610612761,Raptors,TOR,Toronto,Bench,62.000000:14,7,13,0.538,0,2,0.0,5,7,0.714,5,10,15,3,2,0,1,11,19
