GAME_ID,TEAM_ID,TEAM_NAME,TEAM_ABBREVIATION,TEAM_CITY,STARTERS_BENCH,MIN,FGM,FGA,FG_PCT,FG3M,FG3A,FG3_PCT,FTM,FTA,FT_PCT,OREB,DREB,REB,AST,STL,BLK,TO,PF,PTS
2052100093,1612709904,Skyforce,SXF,Sioux Falls,Starters,171.000000:32,28,74,0.378,15,41,0.366,7,9,0.778,7,17,24,16,6,2,7,8,81
2052100093,1612709904,Skyforce,SXF,Sioux Falls,Bench,68.000000:28,11,25,0.44,6,13,0.462,2,2,1.0,3,6,9,7,7,0,0,11,30
2052100093,1612709893,Charge,CLC,Cleveland,Starters,154.000000:27,30,55,0.545,6,24,0.25,10,14,0.714,4,31,35,11,3,3,13,9,77
2052100093,1612709893,Charge,CLC,Cleveland,Bench,68.000000:10,11,23,0.478,5,13,0.385,0,0,0.0,1,13,14,9,0,0,7,4,27
