GAME_ID,TEAM_ID,TEAM_NAME,TEAM_ABBREVIATION,TEAM_CITY,STARTERS_BENCH,MIN,FGM,FGA,FG_PCT,FG3M,FG3A,FG3_PCT,FTM,FTA,FT_PCT,OREB,DREB,REB,AST,STL,BLK,TO,PF,PTS
0022101142,1610612758,Kings,SAC,Sacramento,Starters,155.000000:20,29,60,0.483,5,17,0.294,22,29,0.759,7,17,24,17,3,7,5,10,85
0022101142,1610612758,Kings,SAC,Sacramento,Bench,64.000000:22,10,24,0.417,2,8,0.25,3,5,0.6,5,11,16,4,3,1,3,8,25
0022101142,1610612745,Rockets,HOU,Houston,Starters,152.000000:17,29,61,0.475,12,32,0.375,10,13,0.769,4,25,29,15,2,2,8,19,80
0022101142,1610612745,Rockets,HOU,Houston,Bench,87.000000:43,14,33,0.424,1,10,0.1,9,12,0.75,8,14,22,8,5,2,9,15,38
