GAME_ID,TEAM_ID,TEAM_NAME,TEAM_ABBREVIATION,TEAM_CITY,STARTERS_BENCH,MIN,FGM,FGA,FG_PCT,FG3M,FG3A,FG3_PCT,FTM,FTA,FT_PCT,OREB,DREB,REB,AST,STL,BLK,TO,PF,PTS
0022100039,1610612758,Kings,SAC,Sacramento,Starters,154.000000:08,28,53,0.528,10,26,0.385,7,11,0.636,8,25,33,18,0,4,14,11,73
0022100039,1610612758,Kings,SAC,Sacramento,Bench,44.000000:27,9,18,0.5,3,10,0.3,1,2,0.5,0,3,3,5,0,0,2,1,22
0022100039,1610612744,Warriors,GSW,Golden State,Starters,151.000000:41,32,69,0.464,9,27,0.333,15,18,0.833,6,18,24,20,6,2,6,7,88
0022100039,1610612744,Warriors,GSW,Golden State,Bench,88.000000:19,11,28,0.393,4,10,0.4,5,6,0.833,8,11,19,6,6,1,0,6,31
