GAME_ID,TEAM_ID,TEAM_NAME,TEAM_ABBREVIATION,TEAM_CITY,STARTERS_BENCH,MIN,FGM,FGA,FG_PCT,FG3M,FG3A,FG3_PCT,FTM,FTA,FT_PCT,OREB,DREB,REB,AST,STL,BLK,TO,PF,PTS
2022100095,1612709905,Lakers,SBL,South Bay,Starters,167.000000:21,34,69,0.493,5,16,0.313,18,23,0.783,13,24,37,19,10,5,10,17,102
2022100095,1612709905,Lakers,SBL,South Bay,Bench,51.000000:51,8,21,0.381,5,12,0.417,2,2,1.0,1,5,6,6,1,1,4,6,26
2022100095,1612709908,Vipers,RGV,Rio Grande Valley,Starters,143.000000:15,30,60,0.5,4,24,0.167,10,11,0.909,10,20,30,19,8,5,12,19,79
2022100095,1612709908,Vipers,RGV,Rio Grande Valley,Bench,73.000000:02,9,27,0.333,2,9,0.222,5,7,0.714,5,7,12,6,4,2,6,5,29
