GAME_ID,TEAM_ID,TEAM_NAME,TEAM_ABBREVIATION,TEAM_CITY,STARTERS_BENCH,MIN,FGM,FGA,FG_PCT,FG3M,FG3A,FG3_PCT,FTM,FTA,FT_PCT,OREB,DREB,REB,AST,STL,BLK,TO,PF,PTS
0022101041,1610612762,Jazz,UTA,Utah,Starters,145.000000:00,24,49,0.49,15,27,0.556,13,18,0.722,8,25,33,17,2,6,10,10,76
0022101041,1610612762,Jazz,UTA,Utah,Bench,81.000000:56,16,30,0.533,4,12,0.333,8,10,0.8,1,10,11,2,5,0,5,7,44
0022101041,1610612741,Bulls,CHI,Chicago,Starters,149.000000:37,34,68,0.5,10,23,0.435,10,13,0.769,2,23,25,21,6,1,8,13,88
0022101041,1610612741,Bulls,CHI,Chicago,Bench,90.000000:23,9,23,0.391,2,11,0.182,2,4,0.5,3,9,12,7,4,1,4,9,22
