GAME_ID,TEAM_ID,TEAM_NAME,TEAM_ABBREVIATION,TEAM_CITY,STARTERS_BENCH,MIN,FGM,FGA,FG_PCT,FG3M,FG3A,FG3_PCT,FTM,FTA,FT_PCT,OREB,DREB,REB,AST,STL,BLK,TO,PF,PTS
2022100473,1612709915,Celtics,MNE,Maine,Starters,155.000000:25,34,67,0.507,10,24,0.417,10,11,0.909,5,32,37,24,4,2,9,16,100
2022100473,1612709915,Celtics,MNE,Maine,Bench,84.000000:35,17,25,0.68,4,7,0.571,5,7,0.714,3,12,15,8,1,0,2,8,44
2022100473,1612709922,Swarm,GBO,Greensboro,Starters,133.000000:18,22,44,0.5,2,10,0.2,7,11,0.636,9,15,24,15,3,6,7,11,59
2022100473,1612709922,Swarm,GBO,Greensboro,Bench,88.000000:08,12,39,0.308,6,18,0.333,8,10,0.8,4,14,18,6,3,0,3,8,42
