GAME_ID,TEAM_ID,TEAM_NAME,TEAM_ABBREVIATION,TEAM_CITY,STARTERS_BENCH,MIN,FGM,FGA,FG_PCT,FG3M,FG3A,FG3_PCT,FTM,FTA,FT_PCT,OREB,DREB,REB,AST,STL,BLK,TO,PF,PTS
2022100175,1612709911,Wolves,IWA,Iowa,Starters,160.000000:41,30,64,0.469,6,25,0.24,5,7,0.714,17,17,34,15,4,1,10,17,74
2022100175,1612709911,Wolves,IWA,Iowa,Bench,89.000000:19,12,34,0.353,4,14,0.286,3,5,0.6,3,20,23,7,4,4,8,8,34
2022100175,1612709924,Clippers,ACC,Agua Caliente,Starters,182.000000:07,37,75,0.493,9,25,0.36,14,17,0.824,5,29,34,19,6,6,12,14,102
2022100175,1612709924,Clippers,ACC,Agua Caliente,Bench,20.000000:24,3,5,0.6,0,0,0.0,1,1,1.0,4,2,6,1,1,1,2,1,7
