GAME_ID,TEAM_ID,TEAM_NAME,TEAM_ABBREVIATION,TEAM_CITY,STARTERS_BENCH,MIN,FGM,FGA,FG_PCT,FG3M,FG3A,FG3_PCT,FTM,FTA,FT_PCT,OREB,DREB,REB,AST,STL,BLK,TO,PF,PTS
0022100175,1610612749,Bucks,MIL,Milwaukee,Starters,189.000000:43,35,82,0.427,12,41,0.293,9,11,0.818,5,20,25,19,7,1,9,16,91
0022100175,1610612749,Bucks,MIL,Milwaukee,Bench,54.000000:57,5,8,0.625,1,1,1.0,0,0,0.0,6,5,11,1,0,2,0,3,11
0022100175,1610612738,Celtics,BOS,Boston,Starters,195.000000:43,41,80,0.512,11,33,0.333,12,14,0.857,13,29,42,18,5,6,15,9,105
0022100175,1610612738,Celtics,BOS,Boston,Bench,69.000000:17,6,16,0.375,1,8,0.125,4,4,1.0,3,8,11,4,0,1,1,3,17
