GAME_ID,TEAM_ID,TEAM_NAME,TEAM_ABBREVIATION,TEAM_CITY,STARTERS_BENCH,MIN,FGM,FGA,FG_PCT,FG3M,FG3A,FG3_PCT,FTM,FTA,FT_PCT,OREB,DREB,REB,AST,STL,BLK,TO,PF,PTS
2022100465,1612709923,Bulls,WCB,Windy City,Starters,160.000000:25,28,73,0.384,7,26,0.269,8,11,0.727,9,16,25,17,7,2,3,13,78
2022100465,1612709923,Bulls,WCB,Windy City,Bench,42.000000:40,5,11,0.455,4,6,0.667,1,1,1.0,1,3,4,3,0,0,0,2,16
2022100465,1612709929,Skyhawks,CPS,College Park,Starters,177.000000:04,37,66,0.561,12,25,0.48,8,10,0.8,5,30,35,23,5,1,11,11,100
2022100465,1612709929,Skyhawks,CPS,College Park,Bench,62.000000:56,11,19,0.579,1,5,0.2,2,3,0.667,4,9,13,4,0,0,2,8,27
