GAME_ID,TEAM_ID,TEAM_NAME,TEAM_ABBREVIATION,TEAM_CITY,STARTERS_BENCH,MIN,FGM,FGA,FG_PCT,FG3M,FG3A,FG3_PCT,FTM,FTA,FT_PCT,OREB,DREB,REB,AST,STL,BLK,TO,PF,PTS
2022100432,1612709919,Knicks,WES,Westchester,Starters,166.000000:39,31,72,0.431,12,31,0.387,8,10,0.8,3,25,28,24,12,2,7,13,88
2022100432,1612709919,Knicks,WES,Westchester,Bench,73.000000:21,8,21,0.381,3,7,0.429,3,4,0.75,1,15,16,5,4,1,2,8,25
2022100432,1612709917,Gold,GRG,Grand Rapids,Starters,151.000000:24,19,44,0.432,6,16,0.375,1,7,0.143,6,31,37,12,4,6,17,13,46
2022100432,1612709917,Gold,GRG,Grand Rapids,Bench,73.000000:27,14,30,0.467,5,15,0.333,6,6,1.0,2,14,16,7,0,1,8,7,45
