GAME_ID,TEAM_ID,TEAM_NAME,TEAM_ABBREVIATION,TEAM_CITY,STARTERS_BENCH,MIN,FGM,FGA,FG_PCT,FG3M,FG3A,FG3_PCT,FTM,FTA,FT_PCT,OREB,DREB,REB,AST,STL,BLK,TO,PF,PTS
0012100005,1610612740,Pelicans,NOP,New Orleans,Starters,92.000000:18,13,33,0.394,2,13,0.154,10,13,0.769,8,9,17,6,4,2,12,10,38
0012100005,1610612740,Pelicans,NOP,New Orleans,Bench,147.000000:42,28,66,0.424,10,24,0.417,10,13,0.769,11,25,36,15,4,5,9,14,76
0012100005,1610612750,Timberwolves,MIN,Minnesota,Starters,84.000000:57,19,35,0.543,7,16,0.438,8,9,0.889,4,12,16,13,5,5,8,12,53
0012100005,1610612750,Timberwolves,MIN,Minnesota,Bench,123.000000:07,18,44,0.409,2,17,0.118,9,13,0.692,4,23,27,9,6,5,7,11,47
