GAME_ID,TEAM_ID,TEAM_NAME,TEAM_ABBREVIATION,TEAM_CITY,STARTERS_BENCH,MIN,FGM,FGA,FG_PCT,FG3M,FG3A,FG3_PCT,FTM,FTA,FT_PCT,OREB,DREB,REB,AST,STL,BLK,TO,PF,PTS
0022100739,1610612757,Trail Blazers,POR,Portland,Starters,182.000000:25,39,67,0.582,13,28,0.464,16,20,0.8,3,26,29,14,7,4,12,17,107
0022100739,1610612757,Trail Blazers,POR,Portland,Bench,57.000000:35,7,14,0.5,4,11,0.364,0,0,0.0,1,4,5,6,3,0,1,7,18
0022100739,1610612745,Rockets,HOU,Houston,Starters,165.000000:45,24,52,0.462,9,31,0.29,21,26,0.808,3,25,28,19,5,2,10,16,78
0022100739,1610612745,Rockets,HOU,Houston,Bench,74.000000:15,14,27,0.519,1,10,0.1,3,5,0.6,2,8,10,6,1,1,7,6,32
