GAME_ID,TEAM_ID,TEAM_NAME,TEAM_ABBREVIATION,TEAM_CITY,STARTERS_BENCH,MIN,FGM,FGA,FG_PCT,FG3M,FG3A,FG3_PCT,FTM,FTA,FT_PCT,OREB,DREB,REB,AST,STL,BLK,TO,PF,PTS
0022100377,1610612758,Kings,SAC,Sacramento,Starters,140.000000:33,31,52,0.596,11,17,0.647,14,16,0.875,3,16,19,19,5,4,5,13,87
0022100377,1610612758,Kings,SAC,Sacramento,Bench,99.000000:27,22,45,0.489,4,17,0.235,7,9,0.778,9,15,24,5,3,3,3,9,55
0022100377,1610612753,Magic,ORL,Orlando,Starters,163.000000:31,37,69,0.536,13,23,0.565,14,17,0.824,10,21,31,20,2,5,10,15,101
0022100377,1610612753,Magic,ORL,Orlando,Bench,76.000000:18,11,28,0.393,3,11,0.273,4,6,0.667,7,5,12,9,0,0,2,3,29
