GAME_ID,TEAM_ID,TEAM_NAME,TEAM_ABBREVIATION,TEAM_CITY,STARTERS_BENCH,MIN,FGM,FGA,FG_PCT,FG3M,FG3A,FG3_PCT,FTM,FTA,FT_PCT,OREB,DREB,REB,AST,STL,BLK,TO,PF,PTS
2052100008,1612709914,Kings,STO,Stockton,Starters,131.000000:02,36,61,0.59,8,18,0.444,7,9,0.778,3,19,22,16,3,5,10,13,91
2052100008,1612709914,Kings,STO,Stockton,Bench,108.000000:58,12,29,0.414,4,13,0.308,2,2,1.0,4,20,24,8,6,2,8,11,31
2052100008,1612709902,Warriors,SCW,Santa Cruz,Starters,159.000000:45,30,70,0.429,7,28,0.25,10,14,0.714,7,28,35,15,7,2,8,6,85
2052100008,1612709902,Warriors,SCW,Santa Cruz,Bench,58.000000:30,5,15,0.333,2,8,0.25,0,0,0.0,2,7,9,4,2,2,7,9,12
