GAME_ID,TEAM_ID,TEAM_NAME,TEAM_ABBREVIATION,TEAM_CITY,STARTERS_BENCH,MIN,FGM,FGA,FG_PCT,FG3M,FG3A,FG3_PCT,FTM,FTA,FT_PCT,OREB,DREB,REB,AST,STL,BLK,TO,PF,PTS
0022100602,1610612759,Spurs,SAS,San Antonio,Starters,185.000000:06,30,77,0.39,6,21,0.286,11,15,0.733,8,23,31,22,7,5,12,11,77
0022100602,1610612759,Spurs,SAS,San Antonio,Bench,79.000000:54,16,30,0.533,7,11,0.636,3,3,1.0,4,9,13,11,5,3,3,8,42
0022100602,1610612751,Nets,BKN,Brooklyn,Starters,176.000000:29,35,69,0.507,6,22,0.273,13,16,0.813,8,28,36,24,2,7,14,10,89
0022100602,1610612751,Nets,BKN,Brooklyn,Bench,80.000000:09,11,27,0.407,2,5,0.4,4,4,1.0,5,13,18,1,6,1,7,7,28
