GAME_ID,TEAM_ID,TEAM_NAME,TEAM_ABBREVIATION,TEAM_CITY,STARTERS_BENCH,MIN,FGM,FGA,FG_PCT,FG3M,FG3A,FG3_PCT,FTM,FTA,FT_PCT,OREB,DREB,REB,AST,STL,BLK,TO,PF,PTS
2052100083,1612709908,Vipers,RGV,Rio Grande Valley,Starters,146.000000:53,36,66,0.545,9,19,0.474,8,14,0.571,14,20,34,21,11,4,14,14,94
2052100083,1612709908,Vipers,RGV,Rio Grande Valley,Bench,77.000000:55,13,21,0.619,6,11,0.545,2,3,0.667,3,15,18,8,7,1,6,14,35
2052100083,1612709890,Spurs,AUS,Austin,Starters,133.000000:56,21,54,0.389,6,17,0.353,13,15,0.867,6,18,24,9,7,4,15,11,67
2052100083,1612709890,Spurs,AUS,Austin,Bench,51.000000:56,7,19,0.368,2,5,0.4,4,6,0.667,5,6,11,5,0,3,5,6,22
