GAME_ID,TEAM_ID,TEAM_NAME,TEAM_ABBREVIATION,TEAM_CITY,STARTERS_BENCH,MIN,FGM,FGA,FG_PCT,FG3M,FG3A,FG3_PCT,FTM,FTA,FT_PCT,OREB,DREB,REB,AST,STL,BLK,TO,PF,PTS
2052100171,1612709920,905,RAP,Raptors,Starters,157.000000:03,28,65,0.431,9,24,0.375,9,12,0.75,7,18,25,9,2,5,12,12,80
2052100171,1612709920,905,RAP,Raptors,Bench,82.000000:57,8,19,0.421,1,7,0.143,4,7,0.571,7,9,16,5,2,5,6,8,24
2052100171,1612709929,Skyhawks,CPS,College Park,Starters,147.000000:52,32,55,0.582,11,19,0.579,7,8,0.875,4,23,27,16,7,5,9,11,87
2052100171,1612709929,Skyhawks,CPS,College Park,Bench,92.000000:08,13,26,0.5,1,8,0.125,3,7,0.429,1,10,11,10,2,1,6,11,33
