GAME_ID,TEAM_ID,TEAM_NAME,TEAM_ABBREVIATION,TEAM_CITY,STARTERS_BENCH,MIN,FGM,FGA,FG_PCT,FG3M,FG3A,FG3_PCT,FTM,FTA,FT_PCT,OREB,DREB,REB,AST,STL,BLK,TO,PF,PTS
0022100756,1610612749,Bucks,MIL,Milwaukee,Starters,143.000000:57,28,57,0.491,6,20,0.3,12,18,0.667,5,22,27,19,5,2,11,2,74
0022100756,1610612749,Bucks,MIL,Milwaukee,Bench,96.000000:04,9,21,0.429,4,10,0.4,4,4,1.0,1,4,5,4,1,1,4,8,26
0022100756,1610612743,Nuggets,DEN,Denver,Starters,134.000000:57,31,48,0.646,12,24,0.5,3,4,0.75,3,20,23,27,4,3,7,6,77
0022100756,1610612743,Nuggets,DEN,Denver,Bench,105.000000:03,22,40,0.55,11,19,0.579,4,6,0.667,3,15,18,12,4,0,2,9,59
