GAME_ID,TEAM_ID,TEAM_NAME,TEAM_ABBREVIATION,TEAM_CITY,STARTERS_BENCH,MIN,FGM,FGA,FG_PCT,FG3M,FG3A,FG3_PCT,FTM,FTA,FT_PCT,OREB,DREB,REB,AST,STL,BLK,TO,PF,PTS
0022101048,1610612757,Trail Blazers,POR,Portland,Starters,164.000000:01,37,70,0.529,7,20,0.35,9,17,0.529,13,12,25,21,8,3,9,15,90
0022101048,1610612757,Trail Blazers,POR,Portland,Bench,75.000000:59,11,26,0.423,6,15,0.4,5,7,0.714,4,8,12,8,6,1,4,11,33
0022101048,1610612751,Nets,BKN,Brooklyn,Starters,168.000000:49,36,58,0.621,10,19,0.526,26,30,0.867,7,20,27,22,6,2,18,17,108
0022101048,1610612751,Nets,BKN,Brooklyn,Bench,66.000000:28,9,18,0.5,0,5,0.0,2,3,0.667,6,12,18,2,1,2,3,5,20
