GAME_ID,TEAM_ID,TEAM_NAME,TEAM_ABBREVIATION,TEAM_CITY,STARTERS_BENCH,MIN,FGM,FGA,FG_PCT,FG3M,FG3A,FG3_PCT,FTM,FTA,FT_PCT,OREB,DREB,REB,AST,STL,BLK,TO,PF,PTS
0022100233,1610612753,Magic,ORL,Orlando,Starters,154.000000:19,25,62,0.403,7,26,0.269,10,14,0.714,7,23,30,21,4,6,9,18,67
0022100233,1610612753,Magic,ORL,Orlando,Bench,85.000000:41,15,27,0.556,7,12,0.583,9,11,0.818,4,11,15,5,3,0,4,7,46
0022100233,1610612751,Nets,BKN,Brooklyn,Starters,157.000000:31,24,57,0.421,7,25,0.28,22,24,0.917,5,19,24,14,6,9,9,11,77
0022100233,1610612751,Nets,BKN,Brooklyn,Bench,82.000000:29,17,34,0.5,3,8,0.375,1,1,1.0,9,10,19,5,0,4,2,8,38
