GAME_ID,TEAM_ID,TEAM_NAME,TEAM_ABBREVIATION,TEAM_CITY,STARTERS_BENCH,MIN,FGM,FGA,FG_PCT,FG3M,FG3A,FG3_PCT,FTM,FTA,FT_PCT,OREB,DREB,REB,AST,STL,BLK,TO,PF,PTS
2022100385,1612709914,Kings,STO,Stockton,Starters,146.000000:54,28,54,0.519,3,11,0.273,3,4,0.75,6,15,21,20,7,7,8,10,63
2022100385,1612709914,Kings,STO,Stockton,Bench,93.000000:06,17,35,0.486,4,11,0.364,7,8,0.875,2,10,12,9,5,3,4,6,47
2022100385,1612709905,Lakers,SBL,South Bay,Starters,162.000000:25,30,56,0.536,8,18,0.444,7,8,0.875,8,18,26,22,1,2,12,13,79
2022100385,1612709905,Lakers,SBL,South Bay,Bench,77.000000:35,17,38,0.447,2,8,0.25,4,4,1.0,10,13,23,6,7,3,5,6,41
