GAME_ID,TEAM_ID,TEAM_NAME,TEAM_ABBREVIATION,TEAM_CITY,STARTERS_BENCH,MIN,FGM,FGA,FG_PCT,FG3M,FG3A,FG3_PCT,FTM,FTA,FT_PCT,OREB,DREB,REB,AST,STL,BLK,TO,PF,PTS
0022100329,1610612761,Raptors,TOR,Toronto,Starters,182.000000:16,29,68,0.426,11,30,0.367,7,10,0.7,10,26,36,17,6,6,11,18,76
0022100329,1610612761,Raptors,TOR,Toronto,Bench,57.000000:44,8,20,0.4,3,10,0.3,2,4,0.5,5,6,11,6,4,1,2,6,21
0022100329,1610612749,Bucks,MIL,Milwaukee,Starters,165.000000:33,27,67,0.403,10,24,0.417,16,22,0.727,8,21,29,10,2,3,11,11,80
0022100329,1610612749,Bucks,MIL,Milwaukee,Bench,32.000000:21,1,5,0.2,1,5,0.2,2,3,0.667,1,3,4,3,1,0,1,0,5
