GAME_ID,TEAM_ID,TEAM_NAME,TEAM_ABBREVIATION,TEAM_CITY,STARTERS_BENCH,MIN,FGM,FGA,FG_PCT,FG3M,FG3A,FG3_PCT,FTM,FTA,FT_PCT,OREB,DREB,REB,AST,STL,BLK,TO,PF,PTS
2022100343,1612709902,Warriors,SCW,Santa Cruz,Starters,141.000000:38,33,61,0.541,7,20,0.35,12,14,0.857,6,24,30,19,7,4,8,15,88
2022100343,1612709902,Warriors,SCW,Santa Cruz,Bench,58.000000:31,10,24,0.417,2,11,0.182,1,1,1.0,4,4,8,5,1,1,2,9,24
2022100343,1612709926,Hustle,MHU,Memphis,Starters,132.000000:24,26,60,0.433,9,28,0.321,13,18,0.722,7,18,25,12,4,0,7,11,82
2022100343,1612709926,Hustle,MHU,Memphis,Bench,107.000000:36,14,32,0.438,3,13,0.231,2,3,0.667,5,16,21,8,0,7,7,7,35
