GAME_ID,TEAM_ID,TEAM_NAME,TEAM_ABBREVIATION,TEAM_CITY,STARTERS_BENCH,MIN,FGM,FGA,FG_PCT,FG3M,FG3A,FG3_PCT,FTM,FTA,FT_PCT,OREB,DREB,REB,AST,STL,BLK,TO,PF,PTS
0042100216,1610612749,Bucks,MIL,Milwaukee,Starters,152.000000:13,27,66,0.409,5,21,0.238,15,16,0.938,4,28,32,13,5,3,10,11,74
0042100216,1610612749,Bucks,MIL,Milwaukee,Bench,58.000000:39,7,14,0.5,2,5,0.4,1,2,0.5,1,6,7,2,0,0,0,10,17
0042100216,1610612738,Celtics,BOS,Boston,Starters,189.000000:52,33,73,0.452,16,36,0.444,11,19,0.579,6,28,34,19,3,6,8,12,93
0042100216,1610612738,Celtics,BOS,Boston,Bench,50.000000:08,5,14,0.357,1,7,0.143,4,4,1.0,2,6,8,3,2,1,0,5,15
