GAME_ID,TEAM_ID,TEAM_NAME,TEAM_ABBREVIATION,TEAM_CITY,STARTERS_BENCH,MIN,FGM,FGA,FG_PCT,FG3M,FG3A,FG3_PCT,FTM,FTA,FT_PCT,OREB,DREB,REB,AST,STL,BLK,TO,PF,PTS
2022100419,1612709908,Vipers,RGV,Rio Grande Valley,Starters,210.000000:03,40,103,0.388,17,47,0.362,8,15,0.533,18,24,42,16,6,9,7,16,110
2022100419,1612709908,Vipers,RGV,Rio Grande Valley,Bench,56.000000:23,7,16,0.438,3,8,0.375,2,2,1.0,7,6,13,4,1,0,1,4,21
2022100419,1612709926,Hustle,MHU,Memphis,Starters,178.000000:25,39,82,0.476,7,21,0.333,12,14,0.857,14,33,47,17,5,7,12,17,102
2022100419,1612709926,Hustle,MHU,Memphis,Bench,101.000000:35,15,27,0.556,5,10,0.5,1,2,0.5,6,14,20,10,1,8,3,10,37
