GAME_ID,TEAM_ID,TEAM_NAME,TEAM_ABBREVIATION,TEAM_CITY,STARTERS_BENCH,MIN,FGM,FGA,FG_PCT,FG3M,FG3A,FG3_PCT,FTM,FTA,FT_PCT,OREB,DREB,REB,AST,STL,BLK,TO,PF,PTS
2052100122,1612709926,Hustle,MHU,Memphis,Starters,172.000000:25,25,67,0.373,6,28,0.214,14,18,0.778,8,27,35,15,10,7,9,16,80
2052100122,1612709926,Hustle,MHU,Memphis,Bench,67.000000:35,9,24,0.375,1,9,0.111,1,3,0.333,1,7,8,5,0,1,4,7,20
2052100122,1612709925,Magic,LAK,Lakeland,Starters,140.000000:18,25,54,0.463,8,18,0.444,8,12,0.667,2,29,31,13,3,2,16,23,75
2052100122,1612709925,Magic,LAK,Lakeland,Bench,99.000000:42,16,33,0.485,6,10,0.6,3,3,1.0,6,14,20,16,1,1,3,8,44
