GAME_ID,TEAM_ID,TEAM_NAME,TEAM_ABBREVIATION,TEAM_CITY,STARTERS_BENCH,MIN,FGM,FGA,FG_PCT,FG3M,FG3A,FG3_PCT,FTM,FTA,FT_PCT,OREB,DREB,REB,AST,STL,BLK,TO,PF,PTS
0022100856,1610612738,Celtics,BOS,Boston,Starters,172.000000:53,30,63,0.476,8,23,0.348,18,23,0.783,11,34,45,14,2,5,11,9,86
0022100856,1610612738,Celtics,BOS,Boston,Bench,67.000000:07,6,22,0.273,3,15,0.2,4,4,1.0,1,8,9,7,3,1,1,6,19
0022100856,1610612737,Hawks,ATL,Atlanta,Starters,154.000000:53,21,61,0.344,8,25,0.32,10,10,1.0,8,21,29,14,4,2,8,14,60
0022100856,1610612737,Hawks,ATL,Atlanta,Bench,85.000000:07,13,32,0.406,4,13,0.308,5,5,1.0,3,16,19,4,2,1,5,8,35
