GAME_ID,TEAM_ID,TEAM_NAME,TEAM_ABBREVIATION,TEAM_CITY,STARTERS_BENCH,MIN,FGM,FGA,FG_PCT,FG3M,FG3A,FG3_PCT,FTM,FTA,FT_PCT,OREB,DREB,REB,AST,STL,BLK,TO,PF,PTS
0042100206,1610612755,76ers,PHI,Philadelphia,Starters,170.000000:19,27,69,0.391,9,28,0.321,5,5,1.0,6,21,27,16,3,4,11,10,68
0042100206,1610612755,76ers,PHI,Philadelphia,Bench,69.000000:41,9,18,0.5,3,9,0.333,1,2,0.5,0,8,8,5,5,2,2,6,22
0042100206,1610612748,Heat,MIA,Miami,Starters,182.000000:47,33,65,0.508,7,22,0.318,8,11,0.727,10,28,38,16,4,5,11,7,81
0042100206,1610612748,Heat,MIA,Miami,Bench,44.000000:50,7,18,0.389,0,5,0.0,0,0,0.0,1,7,8,3,3,1,1,4,14
