GAME_ID,TEAM_ID,TEAM_NAME,TEAM_ABBREVIATION,TEAM_CITY,STARTERS_BENCH,MIN,FGM,FGA,FG_PCT,FG3M,FG3A,FG3_PCT,FTM,FTA,FT_PCT,OREB,DREB,REB,AST,STL,BLK,TO,PF,PTS
2022100198,1612709903,Stars,SLC,Salt Lake City,Starters,187.000000:50,35,77,0.455,11,32,0.344,8,11,0.727,11,27,38,14,7,4,12,15,95
2022100198,1612709903,Stars,SLC,Salt Lake City,Bench,26.000000:55,4,13,0.308,0,2,0.0,3,3,1.0,0,3,3,3,0,1,2,3,12
2022100198,1612709908,Vipers,RGV,Rio Grande Valley,Starters,170.000000:31,32,78,0.41,6,29,0.207,5,12,0.417,14,26,40,20,7,4,10,15,78
2022100198,1612709908,Vipers,RGV,Rio Grande Valley,Bench,69.000000:29,13,23,0.565,3,9,0.333,2,6,0.333,8,9,17,4,5,3,4,7,33
