GAME_ID,TEAM_ID,TEAM_NAME,TEAM_ABBREVIATION,TEAM_CITY,STARTERS_BENCH,MIN,FGM,FGA,FG_PCT,FG3M,FG3A,FG3_PCT,FTM,FTA,FT_PCT,OREB,DREB,REB,AST,STL,BLK,TO,PF,PTS
2052100200,1612709902,Warriors,SCW,Santa Cruz,Starters,152.000000:55,20,58,0.345,4,25,0.16,10,12,0.833,8,34,42,11,7,3,8,8,58
2052100200,1612709902,Warriors,SCW,Santa Cruz,Bench,67.000000:49,9,28,0.321,4,17,0.235,4,8,0.5,7,4,11,4,5,1,2,6,28
2052100200,1612709925,Magic,LAK,Lakeland,Starters,166.000000:47,20,56,0.357,11,30,0.367,8,9,0.889,4,36,40,12,5,4,17,17,65
2052100200,1612709925,Magic,LAK,Lakeland,Bench,55.000000:12,5,16,0.313,1,7,0.143,2,2,1.0,2,9,11,4,4,0,3,5,15
