GAME_ID,TEAM_ID,TEAM_NAME,TEAM_ABBREVIATION,TEAM_CITY,STARTERS_BENCH,MIN,FGM,FGA,FG_PCT,FG3M,FG3A,FG3_PCT,FTM,FTA,FT_PCT,OREB,DREB,REB,AST,STL,BLK,TO,PF,PTS
2052100137,1612709920,905,RAP,Raptors,Starters,150.000000:48,27,76,0.355,8,28,0.286,2,3,0.667,11,22,33,13,7,3,8,11,65
2052100137,1612709920,905,RAP,Raptors,Bench,89.000000:12,12,32,0.375,3,11,0.273,8,10,0.8,2,9,11,4,7,1,7,10,38
2052100137,1612709915,Celtics,MNE,Maine,Starters,139.000000:52,23,48,0.479,7,22,0.318,8,11,0.727,7,23,30,21,6,9,9,11,69
2052100137,1612709915,Celtics,MNE,Maine,Bench,100.000000:08,21,38,0.553,10,21,0.476,5,5,1.0,2,22,24,8,4,0,10,6,60
