GAME_ID,TEAM_ID,TEAM_NAME,TEAM_ABBREVIATION,TEAM_CITY,STARTERS_BENCH,MIN,FGM,FGA,FG_PCT,FG3M,FG3A,FG3_PCT,FTM,FTA,FT_PCT,OREB,DREB,REB,AST,STL,BLK,TO,PF,PTS
2022100363,1612709921,Nets,LIN,Long Island,Starters,167.000000:57,25,75,0.333,11,34,0.324,4,9,0.444,11,20,31,15,4,6,14,16,66
2022100363,1612709921,Nets,LIN,Long Island,Bench,34.000000:33,7,18,0.389,3,7,0.429,0,1,0.0,8,10,18,1,0,1,1,3,17
2022100363,1612709917,Gold,GRG,Grand Rapids,Starters,185.000000:26,27,65,0.415,5,21,0.238,13,20,0.65,7,29,36,16,4,10,7,10,79
2022100363,1612709917,Gold,GRG,Grand Rapids,Bench,27.000000:48,1,4,0.25,1,2,0.5,2,2,1.0,0,6,6,2,1,1,1,2,5
