GAME_ID,TEAM_ID,TEAM_NAME,TEAM_ABBREVIATION,TEAM_CITY,STARTERS_BENCH,MIN,FGM,FGA,FG_PCT,FG3M,FG3A,FG3_PCT,FTM,FTA,FT_PCT,OREB,DREB,REB,AST,STL,BLK,TO,PF,PTS
2022100364,1612709911,Wolves,IWA,Iowa,Starters,157.000000:11,23,55,0.418,9,24,0.375,13,15,0.867,7,24,31,14,0,4,7,14,77
2022100364,1612709911,Wolves,IWA,Iowa,Bench,62.000000:41,12,25,0.48,4,13,0.308,0,2,0.0,3,9,12,8,1,0,4,6,28
2022100364,1612709913,Squadron,BIR,Birmingham,Starters,158.000000:14,23,55,0.418,6,20,0.3,16,21,0.762,7,26,33,19,5,1,3,16,72
2022100364,1612709913,Squadron,BIR,Birmingham,Bench,81.000000:46,17,34,0.5,10,22,0.455,1,2,0.5,5,6,11,7,2,1,4,6,45
