GAME_ID,TEAM_ID,TEAM_NAME,TEAM_ABBREVIATION,TEAM_CITY,STARTERS_BENCH,MIN,FGM,FGA,FG_PCT,FG3M,FG3A,FG3_PCT,FTM,FTA,FT_PCT,OREB,DREB,REB,AST,STL,BLK,TO,PF,PTS
2052100161,1612709920,905,RAP,Raptors,Starters,158.000000:19,28,59,0.475,7,20,0.35,9,14,0.643,1,22,23,12,5,3,11,11,76
2052100161,1612709920,905,RAP,Raptors,Bench,81.000000:41,13,25,0.52,1,6,0.167,4,4,1.0,8,14,22,7,4,5,4,7,32
2052100161,1612709929,Skyhawks,CPS,College Park,Starters,158.000000:26,35,70,0.5,9,24,0.375,6,9,0.667,6,31,37,22,6,6,8,11,88
2052100161,1612709929,Skyhawks,CPS,College Park,Bench,56.000000:08,5,12,0.417,2,5,0.4,1,1,1.0,1,5,6,7,2,1,2,3,15
