GAME_ID,TEAM_ID,TEAM_NAME,TEAM_ABBREVIATION,TEAM_CITY,STARTERS_BENCH,MIN,FGM,FGA,FG_PCT,FG3M,FG3A,FG3_PCT,FTM,FTA,FT_PCT,OREB,DREB,REB,AST,STL,BLK,TO,PF,PTS
2052100205,1612709911,Wolves,IWA,Iowa,Starters,162.000000:59,31,68,0.456,8,20,0.4,6,7,0.857,14,29,43,18,3,4,9,15,80
2052100205,1612709911,Wolves,IWA,Iowa,Bench,55.000000:47,10,19,0.526,2,8,0.25,6,6,1.0,0,5,5,5,5,0,4,5,30
2052100205,1612709922,Swarm,GBO,Greensboro,Starters,129.000000:45,18,41,0.439,3,11,0.273,4,9,0.444,3,16,19,13,3,4,8,9,48
2052100205,1612709922,Swarm,GBO,Greensboro,Bench,99.000000:59,13,28,0.464,10,21,0.476,5,6,0.833,1,18,19,12,1,1,6,7,45
