GAME_ID,TEAM_ID,TEAM_NAME,TEAM_ABBREVIATION,TEAM_CITY,STARTERS_BENCH,MIN,FGM,FGA,FG_PCT,FG3M,FG3A,FG3_PCT,FTM,FTA,FT_PCT,OREB,DREB,REB,AST,STL,BLK,TO,PF,PTS
0022100148,1610612741,Bulls,CHI,Chicago,Starters,160.000000:16,34,74,0.459,6,21,0.286,11,13,0.846,8,25,33,18,6,4,6,9,85
0022100148,1610612741,Bulls,CHI,Chicago,Bench,79.000000:44,12,24,0.5,3,10,0.3,6,7,0.857,7,16,23,3,2,1,3,8,33
0022100148,1610612751,Nets,BKN,Brooklyn,Starters,155.000000:56,21,55,0.382,9,25,0.36,12,14,0.857,4,28,32,15,2,3,10,9,63
0022100148,1610612751,Nets,BKN,Brooklyn,Bench,84.000000:04,13,31,0.419,2,8,0.25,4,5,0.8,2,8,10,4,4,4,4,7,32
