GAME_ID,TEAM_ID,TEAM_NAME,TEAM_ABBREVIATION,TEAM_CITY,STARTERS_BENCH,MIN,FGM,FGA,FG_PCT,FG3M,FG3A,FG3_PCT,FTM,FTA,FT_PCT,OREB,DREB,REB,AST,STL,BLK,TO,PF,PTS
0022100248,1610612746,Clippers,LAC,LA,Starters,150.000000:43,28,52,0.538,8,19,0.421,9,12,0.75,1,24,25,14,1,0,11,9,73
0022100248,1610612746,Clippers,LAC,LA,Bench,89.000000:17,8,23,0.348,4,10,0.4,4,6,0.667,7,10,17,4,4,2,3,6,24
0022100248,1610612742,Mavericks,DAL,Dallas,Starters,145.000000:34,25,56,0.446,4,17,0.235,15,16,0.938,7,18,25,17,4,3,5,16,69
0022100248,1610612742,Mavericks,DAL,Dallas,Bench,71.000000:31,5,19,0.263,2,12,0.167,2,2,1.0,1,11,12,3,0,2,3,3,14
