GAME_ID,TEAM_ID,TEAM_NAME,TEAM_ABBREVIATION,TEAM_CITY,STARTERS_BENCH,MIN,FGM,FGA,FG_PCT,FG3M,FG3A,FG3_PCT,FTM,FTA,FT_PCT,OREB,DREB,REB,AST,STL,BLK,TO,PF,PTS
0022100662,1610612761,Raptors,TOR,Toronto,Starters,192.000000:42,30,77,0.39,11,32,0.344,5,8,0.625,9,26,35,23,9,3,10,17,76
0022100662,1610612761,Raptors,TOR,Toronto,Bench,38.000000:11,7,13,0.538,2,4,0.5,7,9,0.778,6,4,10,0,0,2,1,3,23
0022100662,1610612748,Heat,MIA,Miami,Starters,138.000000:53,21,47,0.447,6,14,0.429,13,15,0.867,7,19,26,14,7,3,8,9,61
0022100662,1610612748,Heat,MIA,Miami,Bench,101.000000:07,17,36,0.472,3,10,0.3,6,7,0.857,6,17,23,6,4,5,4,9,43
