GAME_ID,TEAM_ID,TEAM_NAME,TEAM_ABBREVIATION,TEAM_CITY,STARTERS_BENCH,MIN,FGM,FGA,FG_PCT,FG3M,FG3A,FG3_PCT,FTM,FTA,FT_PCT,OREB,DREB,REB,AST,STL,BLK,TO,PF,PTS
0022100515,1610612758,Kings,SAC,Sacramento,Starters,153.000000:14,25,57,0.439,10,23,0.435,11,16,0.688,5,22,27,21,3,5,7,13,71
0022100515,1610612758,Kings,SAC,Sacramento,Bench,63.000000:35,13,32,0.406,7,15,0.467,4,4,1.0,2,14,16,4,0,2,2,7,37
0022100515,1610612760,Thunder,OKC,Oklahoma City,Starters,137.000000:53,24,59,0.407,6,19,0.316,25,30,0.833,6,22,28,9,5,2,6,15,79
0022100515,1610612760,Thunder,OKC,Oklahoma City,Bench,102.000000:07,11,31,0.355,5,14,0.357,5,6,0.833,2,15,17,7,1,4,3,6,32
