GAME_ID,TEAM_ID,TEAM_NAME,TEAM_ABBREVIATION,TEAM_CITY,STARTERS_BENCH,MIN,FGM,FGA,FG_PCT,FG3M,FG3A,FG3_PCT,FTM,FTA,FT_PCT,OREB,DREB,REB,AST,STL,BLK,TO,PF,PTS
2022100113,1612709927,Herd,WIS,Wisconsin,Starters,159.000000:23,28,61,0.459,4,23,0.174,10,19,0.526,9,28,37,21,1,1,7,14,74
2022100113,1612709927,Herd,WIS,Wisconsin,Bench,8.000000:00,0,2,0.0,0,0,0.0,0,2,0.0,1,0,1,0,0,0,0,1,0
2022100113,1612709923,Bulls,WCB,Windy City,Starters,123.000000:50,19,46,0.413,4,21,0.19,5,5,1.0,1,18,19,18,2,3,9,14,52
2022100113,1612709923,Bulls,WCB,Windy City,Bench,116.000000:10,23,41,0.561,4,13,0.308,4,4,1.0,3,19,22,8,3,2,5,16,57
