GAME_ID,TEAM_ID,TEAM_NAME,TEAM_ABBREVIATION,TEAM_CITY,STARTERS_BENCH,MIN,FGM,FGA,FG_PCT,FG3M,FG3A,FG3_PCT,FTM,FTA,FT_PCT,OREB,DREB,REB,AST,STL,BLK,TO,PF,PTS
2022100433,1612709914,Kings,STO,Stockton,Starters,142.000000:27,30,44,0.682,5,11,0.455,6,8,0.75,0,12,12,20,5,8,6,9,74
2022100433,1612709914,Kings,STO,Stockton,Bench,97.000000:33,17,33,0.515,3,12,0.25,4,4,1.0,5,17,22,6,2,0,3,10,45
2022100433,1612709890,Spurs,AUS,Austin,Starters,112.000000:51,15,40,0.375,7,14,0.5,4,5,0.8,4,9,13,14,2,0,4,9,45
2022100433,1612709890,Spurs,AUS,Austin,Bench,101.000000:37,15,37,0.405,4,14,0.286,2,3,0.667,4,13,17,7,0,0,8,7,37
