GAME_ID,TEAM_ID,TEAM_NAME,TEAM_ABBREVIATION,TEAM_CITY,STARTERS_BENCH,MIN,FGM,FGA,FG_PCT,FG3M,FG3A,FG3_PCT,FTM,FTA,FT_PCT,OREB,DREB,REB,AST,STL,BLK,TO,PF,PTS
0022101098,1610612740,Pelicans,NOP,New Orleans,Starters,150.000000:35,27,53,0.509,7,20,0.35,23,24,0.958,7,25,32,15,6,1,9,9,84
0022101098,1610612740,Pelicans,NOP,New Orleans,Bench,76.000000:02,13,26,0.5,5,9,0.556,5,6,0.833,3,6,9,8,4,1,1,8,36
0022101098,1610612741,Bulls,CHI,Chicago,Starters,157.000000:08,26,52,0.5,8,22,0.364,15,17,0.882,2,21,23,15,4,4,10,13,75
0022101098,1610612741,Bulls,CHI,Chicago,Bench,82.000000:52,14,26,0.538,6,12,0.5,0,2,0.0,2,8,10,10,1,0,5,11,34
