GAME_ID,TEAM_ID,TEAM_NAME,TEAM_ABBREVIATION,TEAM_CITY,STARTERS_BENCH,MIN,FGM,FGA,FG_PCT,FG3M,FG3A,FG3_PCT,FTM,FTA,FT_PCT,OREB,DREB,REB,AST,STL,BLK,TO,PF,PTS
2022100284,1612709904,Skyforce,SXF,Sioux Falls,Starters,166.000000:54,33,67,0.493,7,20,0.35,9,11,0.818,6,14,20,22,5,4,8,11,86
2022100284,1612709904,Skyforce,SXF,Sioux Falls,Bench,73.000000:06,12,25,0.48,3,7,0.429,4,6,0.667,2,8,10,3,10,1,3,7,31
2022100284,1612709908,Vipers,RGV,Rio Grande Valley,Starters,166.000000:29,36,63,0.571,8,24,0.333,11,13,0.846,4,28,32,16,6,4,14,14,95
2022100284,1612709908,Vipers,RGV,Rio Grande Valley,Bench,59.000000:07,9,19,0.474,4,8,0.5,2,3,0.667,6,4,10,8,1,0,4,4,26
