GAME_ID,TEAM_ID,TEAM_NAME,TEAM_ABBREVIATION,TEAM_CITY,STARTERS_BENCH,MIN,FGM,FGA,FG_PCT,FG3M,FG3A,FG3_PCT,FTM,FTA,FT_PCT,OREB,DREB,REB,AST,STL,BLK,TO,PF,PTS
0022100273,1610612749,Bucks,MIL,Milwaukee,Starters,149.000000:05,36,70,0.514,12,26,0.462,13,15,0.867,5,32,37,18,4,3,9,10,97
0022100273,1610612749,Bucks,MIL,Milwaukee,Bench,67.000000:07,2,9,0.222,0,5,0.0,2,2,1.0,5,7,12,4,1,2,3,5,6
0022100273,1610612765,Pistons,DET,Detroit,Starters,121.000000:13,14,43,0.326,6,23,0.261,7,10,0.7,3,21,24,9,2,0,7,8,41
0022100273,1610612765,Pistons,DET,Detroit,Bench,118.000000:47,20,52,0.385,5,22,0.227,7,9,0.778,6,14,20,7,5,1,1,10,52
