GAME_ID,TEAM_ID,TEAM_NAME,TEAM_ABBREVIATION,TEAM_CITY,STARTERS_BENCH,MIN,FGM,FGA,FG_PCT,FG3M,FG3A,FG3_PCT,FTM,FTA,FT_PCT,OREB,DREB,REB,AST,STL,BLK,TO,PF,PTS
0022100692,1610612763,Grizzlies,MEM,Memphis,Starters,163.000000:47,33,61,0.541,7,16,0.438,14,24,0.583,8,19,27,11,8,7,11,12,87
0022100692,1610612763,Grizzlies,MEM,Memphis,Bench,53.000000:55,8,17,0.471,4,9,0.444,9,13,0.692,2,14,16,7,3,0,3,8,29
0022100692,1610612743,Nuggets,DEN,Denver,Starters,178.000000:04,38,70,0.543,11,22,0.5,14,17,0.824,8,22,30,30,4,6,8,15,101
0022100692,1610612743,Nuggets,DEN,Denver,Bench,61.000000:56,5,21,0.238,2,10,0.2,5,6,0.833,2,5,7,4,2,0,5,10,17
