GAME_ID,TEAM_ID,TEAM_NAME,TEAM_ABBREVIATION,TEAM_CITY,STARTERS_BENCH,MIN,FGM,FGA,FG_PCT,FG3M,FG3A,FG3_PCT,FTM,FTA,FT_PCT,OREB,DREB,REB,AST,STL,BLK,TO,PF,PTS
0022100538,1610612757,Trail Blazers,POR,Portland,Starters,117.000000:34,18,50,0.36,4,20,0.2,11,15,0.733,7,18,25,10,2,1,4,12,51
0022100538,1610612757,Trail Blazers,POR,Portland,Bench,122.000000:26,18,52,0.346,8,22,0.364,11,12,0.917,14,15,29,9,2,1,5,10,55
0022100538,1610612747,Lakers,LAL,Los Angeles,Starters,137.000000:28,32,55,0.582,10,22,0.455,17,21,0.81,3,32,35,20,5,4,5,13,91
0022100538,1610612747,Lakers,LAL,Los Angeles,Bench,80.000000:16,13,26,0.5,9,19,0.474,3,3,1.0,1,8,9,4,1,4,0,7,38
