GAME_ID,TEAM_ID,TEAM_NAME,TEAM_ABBREVIATION,TEAM_CITY,STARTERS_BENCH,MIN,FGM,FGA,FG_PCT,FG3M,FG3A,FG3_PCT,FTM,FTA,FT_PCT,OREB,DREB,REB,AST,STL,BLK,TO,PF,PTS
0022100418,1610612753,Magic,ORL,Orlando,Starters,157.000000:51,18,57,0.316,6,23,0.261,7,8,0.875,9,21,30,16,3,1,11,12,49
0022100418,1610612753,Magic,ORL,Orlando,Bench,82.000000:09,17,33,0.515,4,12,0.333,12,13,0.923,3,13,16,9,1,1,5,5,50
0022100418,1610612737,Hawks,ATL,Atlanta,Starters,139.000000:49,28,56,0.5,4,18,0.222,10,10,1.0,6,24,30,16,5,3,4,9,70
0022100418,1610612737,Hawks,ATL,Atlanta,Bench,94.000000:19,14,29,0.483,7,13,0.538,6,6,1.0,0,10,10,9,5,2,8,3,41
