GAME_ID,TEAM_ID,TEAM_NAME,TEAM_ABBREVIATION,TEAM_CITY,STARTERS_BENCH,MIN,FGM,FGA,FG_PCT,FG3M,FG3A,FG3_PCT,FTM,FTA,FT_PCT,OREB,DREB,REB,AST,STL,BLK,TO,PF,PTS
2022100495,1612709917,Gold,GRG,Grand Rapids,Starters,163.000000:39,24,52,0.462,8,23,0.348,4,6,0.667,4,25,29,19,5,1,8,12,62
2022100495,1612709917,Gold,GRG,Grand Rapids,Bench,76.000000:21,22,42,0.524,4,9,0.444,1,5,0.2,7,7,14,12,2,7,4,5,49
2022100495,1612709929,Skyhawks,CPS,College Park,Starters,166.000000:34,32,65,0.492,8,18,0.444,5,6,0.833,6,22,28,25,3,1,6,11,81
2022100495,1612709929,Skyhawks,CPS,College Park,Bench,73.000000:26,12,27,0.444,1,7,0.143,8,8,1.0,4,16,20,4,2,0,2,6,37
