GAME_ID,TEAM_ID,TEAM_NAME,TEAM_ABBREVIATION,TEAM_CITY,STARTERS_BENCH,MIN,FGM,FGA,FG_PCT,FG3M,FG3A,FG3_PCT,FTM,FTA,FT_PCT,OREB,DREB,REB,AST,STL,BLK,TO,PF,PTS
2022100244,1612709926,Hustle,MHU,Memphis,Starters,182.000000:13,26,75,0.347,5,26,0.192,8,11,0.727,5,23,28,17,10,4,8,10,69
2022100244,1612709926,Hustle,MHU,Memphis,Bench,74.000000:04,13,23,0.565,2,8,0.25,4,6,0.667,7,10,17,5,4,1,4,7,33
2022100244,1612709911,Wolves,IWA,Iowa,Starters,158.000000:34,24,45,0.533,10,22,0.455,12,13,0.923,9,28,37,15,7,3,17,12,72
2022100244,1612709911,Wolves,IWA,Iowa,Bench,101.000000:26,16,41,0.39,4,16,0.25,2,4,0.5,3,15,18,8,0,3,9,11,39
