GAME_ID,TEAM_ID,TEAM_NAME,TEAM_ABBREVIATION,TEAM_CITY,STARTERS_BENCH,MIN,FGM,FGA,FG_PCT,FG3M,FG3A,FG3_PCT,FTM,FTA,FT_PCT,OREB,DREB,REB,AST,STL,BLK,TO,PF,PTS
0022100888,1610612746,Clippers,LAC,LA,Starters,122.000000:53,27,52,0.519,8,16,0.5,13,14,0.929,8,22,30,22,5,0,9,7,75
0022100888,1610612746,Clippers,LAC,LA,Bench,117.000000:07,24,40,0.6,10,19,0.526,9,12,0.75,4,16,20,12,7,5,7,9,67
0022100888,1610612745,Rockets,HOU,Houston,Starters,144.000000:12,25,52,0.481,10,26,0.385,10,14,0.714,4,13,17,19,5,1,11,10,70
0022100888,1610612745,Rockets,HOU,Houston,Bench,95.000000:48,17,39,0.436,3,11,0.273,4,5,0.8,8,10,18,10,3,1,7,10,41
