GAME_ID,TEAM_ID,TEAM_NAME,TEAM_ABBREVIATION,TEAM_CITY,STARTERS_BENCH,MIN,FGM,FGA,FG_PCT,FG3M,FG3A,FG3_PCT,FTM,FTA,FT_PCT,OREB,DREB,REB,AST,STL,BLK,TO,PF,PTS
0022101191,1610612752,Knicks,NYK,New York,Starters,189.000000:01,28,69,0.406,10,28,0.357,18,32,0.563,8,25,33,16,3,6,10,15,84
0022101191,1610612752,Knicks,NYK,New York,Bench,50.000000:59,4,14,0.286,3,10,0.3,3,4,0.75,2,7,9,6,1,1,1,4,14
0022101191,1610612751,Nets,BKN,Brooklyn,Starters,164.000000:57,29,70,0.414,8,30,0.267,14,17,0.824,9,27,36,25,6,3,9,17,80
0022101191,1610612751,Nets,BKN,Brooklyn,Bench,75.000000:03,12,23,0.522,6,11,0.545,0,1,0.0,4,9,13,3,1,3,4,9,30
