GAME_ID,TEAM_ID,TEAM_NAME,TEAM_ABBREVIATION,TEAM_CITY,STARTERS_BENCH,MIN,FGM,FGA,FG_PCT,FG3M,FG3A,FG3_PCT,FTM,FTA,FT_PCT,OREB,DREB,REB,AST,STL,BLK,TO,PF,PTS
0022100559,1610612748,Heat,MIA,Miami,Starters,176.000000:54,28,71,0.394,11,31,0.355,13,15,0.867,10,30,40,21,5,2,17,11,80
0022100559,1610612748,Heat,MIA,Miami,Bench,53.000000:02,7,15,0.467,6,11,0.545,0,0,0.0,0,5,5,2,0,0,0,1,20
0022100559,1610612744,Warriors,GSW,Golden State,Starters,157.000000:32,23,52,0.442,4,19,0.211,6,6,1.0,2,25,27,30,7,6,9,10,56
0022100559,1610612744,Warriors,GSW,Golden State,Bench,82.000000:28,22,40,0.55,10,19,0.526,5,7,0.714,5,11,16,9,4,0,3,7,59
