GAME_ID,TEAM_ID,TEAM_NAME,TEAM_ABBREVIATION,TEAM_CITY,STARTERS_BENCH,MIN,FGM,FGA,FG_PCT,FG3M,FG3A,FG3_PCT,FTM,FTA,FT_PCT,OREB,DREB,REB,AST,STL,BLK,TO,PF,PTS
2052100209,1612709914,Kings,STO,Stockton,Starters,162.000000:05,32,62,0.516,5,16,0.313,11,11,1.0,5,17,22,16,10,3,4,12,84
2052100209,1612709914,Kings,STO,Stockton,Bench,77.000000:55,10,32,0.313,2,14,0.143,1,2,0.5,8,10,18,6,2,2,3,11,24
2052100209,1612709893,Charge,CLC,Cleveland,Starters,163.000000:57,28,63,0.444,10,31,0.323,9,13,0.692,14,28,42,17,3,1,12,14,83
2052100209,1612709893,Charge,CLC,Cleveland,Bench,71.000000:17,7,20,0.35,1,2,0.5,3,4,0.75,7,9,16,2,0,1,6,3,21
