GAME_ID,TEAM_ID,TEAM_NAME,TEAM_ABBREVIATION,TEAM_CITY,STARTERS_BENCH,MIN,FGM,FGA,FG_PCT,FG3M,FG3A,FG3_PCT,FTM,FTA,FT_PCT,OREB,DREB,REB,AST,STL,BLK,TO,PF,PTS
2022100324,1612709920,905,RAP,Raptors,Starters,117.000000:14,17,37,0.459,10,20,0.5,8,8,1.0,3,24,27,14,3,1,12,13,59
2022100324,1612709920,905,RAP,Raptors,Bench,122.000000:46,27,43,0.628,5,13,0.385,6,6,1.0,2,13,15,11,4,2,3,8,69
2022100324,1612709915,Celtics,MNE,Maine,Starters,125.000000:42,16,48,0.333,1,13,0.077,7,11,0.636,11,22,33,7,3,4,11,17,45
2022100324,1612709915,Celtics,MNE,Maine,Bench,114.000000:18,18,43,0.419,5,21,0.238,4,6,0.667,5,4,9,11,3,0,7,4,47
