GAME_ID,TEAM_ID,TEAM_NAME,TEAM_ABBREVIATION,TEAM_CITY,STARTERS_BENCH,MIN,FGM,FGA,FG_PCT,FG3M,FG3A,FG3_PCT,FTM,FTA,FT_PCT,OREB,DREB,REB,AST,STL,BLK,TO,PF,PTS
0022100754,1610612765,Pistons,DET,Detroit,Starters,150.000000:27,28,67,0.418,5,17,0.294,11,12,0.917,15,16,31,17,5,2,4,9,72
0022100754,1610612765,Pistons,DET,Detroit,Bench,89.000000:33,14,24,0.583,5,9,0.556,10,13,0.769,1,16,17,9,2,2,5,12,43
0022100754,1610612739,Cavaliers,CLE,Cleveland,Starters,167.000000:45,29,54,0.537,10,20,0.5,12,18,0.667,6,23,29,17,2,6,8,11,80
0022100754,1610612739,Cavaliers,CLE,Cleveland,Bench,72.000000:15,9,28,0.321,3,14,0.214,4,7,0.571,6,6,12,8,4,0,3,9,25
