GAME_ID,TEAM_ID,TEAM_NAME,TEAM_ABBREVIATION,TEAM_CITY,STARTERS_BENCH,MIN,FGM,FGA,FG_PCT,FG3M,FG3A,FG3_PCT,FTM,FTA,FT_PCT,OREB,DREB,REB,AST,STL,BLK,TO,PF,PTS
0022100873,1610612756,Suns,PHX,Phoenix,Starters,165.000000:23,34,68,0.5,6,18,0.333,5,8,0.625,8,27,35,22,9,3,9,7,79
0022100873,1610612756,Suns,PHX,Phoenix,Bench,74.000000:37,10,22,0.455,2,7,0.286,2,2,1.0,4,13,17,8,0,1,7,5,24
0022100873,1610612746,Clippers,LAC,LA,Starters,155.000000:02,30,72,0.417,7,23,0.304,2,3,0.667,7,22,29,16,4,7,6,9,69
0022100873,1610612746,Clippers,LAC,LA,Bench,84.000000:58,10,25,0.4,3,12,0.25,4,6,0.667,6,11,17,10,7,2,7,3,27
