GAME_ID,TEAM_ID,TEAM_NAME,TEAM_ABBREVIATION,TEAM_CITY,STARTERS_BENCH,MIN,FGM,FGA,FG_PCT,FG3M,FG3A,FG3_PCT,FTM,FTA,FT_PCT,OREB,DREB,REB,AST,STL,BLK,TO,PF,PTS
2022100129,1612709918,Legends,TEX,Texas,Starters,157.000000:16,24,68,0.353,6,19,0.316,10,14,0.714,7,22,29,17,3,5,10,18,72
2022100129,1612709918,Legends,TEX,Texas,Bench,40.000000:43,4,14,0.286,3,10,0.3,2,2,1.0,2,4,6,4,2,0,2,4,14
2022100129,1612709889,Blue,OKL,Oklahoma City,Starters,132.000000:53,22,41,0.537,4,13,0.308,15,17,0.882,5,23,28,14,5,5,13,14,72
2022100129,1612709889,Blue,OKL,Oklahoma City,Bench,69.000000:04,14,26,0.538,3,9,0.333,1,3,0.333,0,12,12,6,4,1,3,9,33
