GAME_ID,TEAM_ID,TEAM_NAME,TEAM_ABBREVIATION,TEAM_CITY,STARTERS_BENCH,MIN,FGM,FGA,FG_PCT,FG3M,FG3A,FG3_PCT,FTM,FTA,FT_PCT,OREB,DREB,REB,AST,STL,BLK,TO,PF,PTS
2022100196,1612709923,Bulls,WCB,Windy City,Starters,136.000000:16,18,47,0.383,5,11,0.455,10,15,0.667,11,13,24,13,3,5,7,12,58
2022100196,1612709923,Bulls,WCB,Windy City,Bench,55.000000:28,7,23,0.304,1,13,0.077,1,2,0.5,0,7,7,3,1,0,2,3,18
2022100196,1612709920,905,RAP,Raptors,Starters,111.000000:50,22,48,0.458,6,18,0.333,6,7,0.857,7,26,33,18,3,3,7,12,60
2022100196,1612709920,905,RAP,Raptors,Bench,128.000000:10,25,43,0.581,8,18,0.444,6,7,0.857,3,20,23,19,2,2,6,18,70
