GAME_ID,TEAM_ID,TEAM_NAME,TEAM_ABBREVIATION,TEAM_CITY,STARTERS_BENCH,MIN,FGM,FGA,FG_PCT,FG3M,FG3A,FG3_PCT,FTM,FTA,FT_PCT,OREB,DREB,REB,AST,STL,BLK,TO,PF,PTS
0042100232,1610612763,Grizzlies,MEM,Memphis,Starters,117.000000:22,23,59,0.39,8,24,0.333,17,18,0.944,7,21,28,10,7,2,6,10,71
0042100232,1610612763,Grizzlies,MEM,Memphis,Bench,80.000000:31,10,20,0.5,4,13,0.308,3,3,1.0,3,8,11,4,3,1,3,7,27
0042100232,1610612744,Warriors,GSW,Golden State,Starters,153.000000:57,25,65,0.385,6,31,0.194,6,8,0.75,9,21,30,20,5,2,13,11,62
0042100232,1610612744,Warriors,GSW,Golden State,Bench,77.000000:08,13,28,0.464,1,7,0.143,8,8,1.0,5,13,18,7,1,0,5,8,35
