GAME_ID,TEAM_ID,TEAM_NAME,TEAM_ABBREVIATION,TEAM_CITY,STARTERS_BENCH,MIN,FGM,FGA,FG_PCT,FG3M,FG3A,FG3_PCT,FTM,FTA,FT_PCT,OREB,DREB,REB,AST,STL,BLK,TO,PF,PTS
0022100537,1610612762,Jazz,UTA,Utah,Starters,161.000000:00,22,45,0.489,9,18,0.5,28,31,0.903,6,34,40,13,2,4,13,10,81
0022100537,1610612762,Jazz,UTA,Utah,Bench,71.000000:57,14,32,0.438,2,11,0.182,7,10,0.7,3,4,7,4,2,1,4,8,37
0022100537,1610612750,Timberwolves,MIN,Minnesota,Starters,129.000000:32,26,59,0.441,12,30,0.4,7,10,0.7,5,17,22,12,5,4,4,17,71
0022100537,1610612750,Timberwolves,MIN,Minnesota,Bench,90.000000:27,12,30,0.4,2,10,0.2,6,11,0.545,6,12,18,10,1,1,4,12,32
