GAME_ID,TEAM_ID,TEAM_NAME,TEAM_ABBREVIATION,TEAM_CITY,STARTERS_BENCH,MIN,FGM,FGA,FG_PCT,FG3M,FG3A,FG3_PCT,FTM,FTA,FT_PCT,OREB,DREB,REB,AST,STL,BLK,TO,PF,PTS
0022100580,1610612740,Pelicans,NOP,New Orleans,Starters,166.000000:27,25,59,0.424,3,20,0.15,21,24,0.875,7,27,34,15,7,2,13,12,74
0022100580,1610612740,Pelicans,NOP,New Orleans,Bench,62.000000:47,10,20,0.5,5,12,0.417,2,5,0.4,1,10,11,4,0,3,4,4,27
0022100580,1610612744,Warriors,GSW,Golden State,Starters,122.000000:08,17,47,0.362,4,19,0.211,9,10,0.9,3,18,21,8,7,2,8,15,47
0022100580,1610612744,Warriors,GSW,Golden State,Bench,117.000000:52,20,40,0.5,3,14,0.214,6,8,0.75,5,17,22,14,5,4,6,9,49
