GAME_ID,TEAM_ID,TEAM_NAME,TEAM_ABBREVIATION,TEAM_CITY,STARTERS_BENCH,MIN,FGM,FGA,FG_PCT,FG3M,FG3A,FG3_PCT,FTM,FTA,FT_PCT,OREB,DREB,REB,AST,STL,BLK,TO,PF,PTS
0022101162,1610612752,Knicks,NYK,New York,Starters,148.000000:34,20,49,0.408,8,17,0.471,21,25,0.84,2,14,16,10,4,3,7,14,69
0022101162,1610612752,Knicks,NYK,New York,Bench,91.000000:26,11,28,0.393,5,13,0.385,5,9,0.556,4,15,19,9,2,1,3,5,32
0022101162,1610612739,Cavaliers,CLE,Cleveland,Starters,156.000000:57,32,56,0.571,10,19,0.526,11,14,0.786,6,24,30,22,2,1,7,15,85
0022101162,1610612739,Cavaliers,CLE,Cleveland,Bench,83.000000:03,12,25,0.48,5,15,0.333,5,7,0.714,1,12,13,4,4,2,2,9,34
