GAME_ID,TEAM_ID,TEAM_NAME,TEAM_ABBREVIATION,TEAM_CITY,STARTERS_BENCH,MIN,FGM,FGA,FG_PCT,FG3M,FG3A,FG3_PCT,FTM,FTA,FT_PCT,OREB,DREB,REB,AST,STL,BLK,TO,PF,PTS
0012100004,1610612748,Heat,MIA,Miami,Starters,91.000000:01,22,35,0.629,10,15,0.667,10,13,0.769,3,15,18,13,5,3,7,7,64
0012100004,1610612748,Heat,MIA,Miami,Bench,148.000000:59,21,47,0.447,11,26,0.423,8,11,0.727,6,20,26,15,6,5,11,15,61
0012100004,1610612737,Hawks,ATL,Atlanta,Starters,99.000000:09,17,43,0.395,3,18,0.167,7,7,1.0,3,14,17,8,5,1,8,12,44
0012100004,1610612737,Hawks,ATL,Atlanta,Bench,140.000000:51,17,42,0.405,6,20,0.3,15,17,0.882,4,12,16,11,5,2,7,11,55
