GAME_ID,TEAM_ID,TEAM_NAME,TEAM_ABBREVIATION,TEAM_CITY,STARTERS_BENCH,MIN,FGM,FGA,FG_PCT,FG3M,FG3A,FG3_PCT,FTM,FTA,FT_PCT,OREB,DREB,REB,AST,STL,BLK,TO,PF,PTS
0022101135,1610612762,Jazz,UTA,Utah,Starters,168.000000:34,30,54,0.556,8,21,0.381,11,19,0.579,8,20,28,14,4,4,12,17,79
0022101135,1610612762,Jazz,UTA,Utah,Bench,45.000000:55,8,18,0.444,1,7,0.143,4,8,0.5,1,4,5,8,0,0,0,2,21
0022101135,1610612746,Clippers,LAC,LA,Starters,135.000000:08,24,59,0.407,9,24,0.375,17,21,0.81,6,13,19,12,6,3,6,12,74
0022101135,1610612746,Clippers,LAC,LA,Bench,104.000000:52,17,24,0.708,6,12,0.5,7,7,1.0,4,10,14,9,2,1,2,11,47
