GAME_ID,TEAM_ID,TEAM_NAME,TEAM_ABBREVIATION,TEAM_CITY,STARTERS_BENCH,MIN,FGM,FGA,FG_PCT,FG3M,FG3A,FG3_PCT,FTM,FTA,FT_PCT,OREB,DREB,REB,AST,STL,BLK,TO,PF,PTS
0022100111,1610612755,76ers,PHI,Philadelphia,Starters,169.000000:45,28,55,0.509,6,16,0.375,11,17,0.647,2,22,24,18,6,4,9,9,73
0022100111,1610612755,76ers,PHI,Philadelphia,Bench,70.000000:15,10,22,0.455,6,12,0.5,4,4,1.0,3,8,11,6,3,0,5,6,30
0022100111,1610612741,Bulls,CHI,Chicago,Starters,166.000000:23,33,70,0.471,5,16,0.313,14,16,0.875,8,33,41,13,7,1,14,10,85
0022100111,1610612741,Bulls,CHI,Chicago,Bench,73.000000:37,5,12,0.417,1,5,0.2,2,2,1.0,1,5,6,6,4,3,1,7,13
