GAME_ID,TEAM_ID,TEAM_NAME,TEAM_ABBREVIATION,TEAM_CITY,STARTERS_BENCH,MIN,FGM,FGA,FG_PCT,FG3M,FG3A,FG3_PCT,FTM,FTA,FT_PCT,OREB,DREB,REB,AST,STL,BLK,TO,PF,PTS
0022100281,1610612750,Timberwolves,MIN,Minnesota,Starters,132.000000:35,25,54,0.463,3,15,0.2,10,14,0.714,8,24,32,13,4,2,10,12,63
0022100281,1610612750,Timberwolves,MIN,Minnesota,Bench,92.000000:17,19,43,0.442,8,19,0.421,4,5,0.8,7,6,13,7,3,4,2,8,50
0022100281,1610612766,Hornets,CHA,Charlotte,Starters,135.000000:22,28,53,0.528,13,22,0.591,9,12,0.75,5,23,28,23,4,5,13,14,78
0022100281,1610612766,Hornets,CHA,Charlotte,Bench,90.000000:08,20,33,0.606,10,18,0.556,3,3,1.0,2,11,13,9,1,1,1,3,53
