GAME_ID,TEAM_ID,TEAM_NAME,TEAM_ABBREVIATION,TEAM_CITY,STARTERS_BENCH,MIN,FGM,FGA,FG_PCT,FG3M,FG3A,FG3_PCT,FTM,FTA,FT_PCT,OREB,DREB,REB,AST,STL,BLK,TO,PF,PTS
0022100663,1610612760,Thunder,OKC,Oklahoma City,Starters,148.000000:30,27,60,0.45,6,20,0.3,13,14,0.929,4,25,29,15,6,2,9,14,73
0022100663,1610612760,Thunder,OKC,Oklahoma City,Bench,74.000000:24,6,16,0.375,4,11,0.364,6,10,0.6,1,7,8,4,4,0,2,7,22
0022100663,1610612742,Mavericks,DAL,Dallas,Starters,152.000000:47,24,58,0.414,7,24,0.292,17,20,0.85,8,29,37,23,8,7,8,12,72
0022100663,1610612742,Mavericks,DAL,Dallas,Bench,67.000000:06,8,27,0.296,5,13,0.385,1,4,0.25,0,6,6,4,2,0,3,6,22
