GAME_ID,TEAM_ID,TEAM_NAME,TEAM_ABBREVIATION,TEAM_CITY,STARTERS_BENCH,MIN,FGM,FGA,FG_PCT,FG3M,FG3A,FG3_PCT,FTM,FTA,FT_PCT,OREB,DREB,REB,AST,STL,BLK,TO,PF,PTS
2022100368,1612709922,Swarm,GBO,Greensboro,Starters,158.000000:55,31,58,0.534,10,24,0.417,6,7,0.857,1,16,17,17,7,5,9,11,84
2022100368,1612709922,Swarm,GBO,Greensboro,Bench,45.000000:33,8,19,0.421,3,10,0.3,1,2,0.5,1,8,9,4,0,0,2,5,21
2022100368,1612709910,Mad Ants,FWN,Fort Wayne,Starters,194.000000:17,41,73,0.562,11,31,0.355,10,13,0.769,4,30,34,23,9,1,13,13,109
2022100368,1612709910,Mad Ants,FWN,Fort Wayne,Bench,45.000000:43,6,14,0.429,5,11,0.455,0,0,0.0,2,5,7,4,0,0,4,6,17
