GAME_ID,TEAM_ID,TEAM_NAME,TEAM_ABBREVIATION,TEAM_CITY,STARTERS_BENCH,MIN,FGM,FGA,FG_PCT,FG3M,FG3A,FG3_PCT,FTM,FTA,FT_PCT,OREB,DREB,REB,AST,STL,BLK,TO,PF,PTS
0022101225,1610612740,Pelicans,NOP,New Orleans,Starters,100.000000:42,18,47,0.383,3,14,0.214,8,8,1.0,9,14,23,10,4,0,6,5,47
0022101225,1610612740,Pelicans,NOP,New Orleans,Bench,139.000000:18,24,52,0.462,11,26,0.423,1,4,0.25,9,10,19,14,6,0,5,12,60
0022101225,1610612744,Warriors,GSW,Golden State,Starters,118.000000:22,29,53,0.547,13,25,0.52,8,9,0.889,1,16,17,18,1,2,10,8,79
0022101225,1610612744,Warriors,GSW,Golden State,Bench,98.000000:01,16,21,0.762,5,7,0.714,1,2,0.5,5,14,19,14,3,0,7,7,38
