GAME_ID,TEAM_ID,TEAM_NAME,TEAM_ABBREVIATION,TEAM_CITY,STARTERS_BENCH,MIN,FGM,FGA,FG_PCT,FG3M,FG3A,FG3_PCT,FTM,FTA,FT_PCT,OREB,DREB,REB,AST,STL,BLK,TO,PF,PTS
2022100303,1612709893,Charge,CLC,Cleveland,Starters,166.000000:36,29,65,0.446,5,14,0.357,7,12,0.583,19,28,47,16,6,2,12,15,75
2022100303,1612709893,Charge,CLC,Cleveland,Bench,53.000000:31,11,19,0.579,3,5,0.6,1,2,0.5,2,7,9,6,1,0,4,3,27
2022100303,1612709928,Go-Go,CCG,Capital City,Starters,157.000000:35,25,65,0.385,8,26,0.308,7,9,0.778,13,16,29,14,9,6,6,14,68
2022100303,1612709928,Go-Go,CCG,Capital City,Bench,82.000000:25,18,30,0.6,4,9,0.444,2,4,0.5,1,9,10,10,4,1,4,7,44
