GAME_ID,TEAM_ID,TEAM_NAME,TEAM_ABBREVIATION,TEAM_CITY,STARTERS_BENCH,MIN,FGM,FGA,FG_PCT,FG3M,FG3A,FG3_PCT,FTM,FTA,FT_PCT,OREB,DREB,REB,AST,STL,BLK,TO,PF,PTS
2052100086,1612709918,Legends,TEX,Texas,Starters,185.000000:55,28,62,0.452,5,20,0.25,13,15,0.867,10,28,38,21,5,0,10,18,87
2052100086,1612709918,Legends,TEX,Texas,Bench,64.000000:05,9,22,0.409,2,8,0.25,1,1,1.0,1,6,7,8,3,1,3,4,23
2052100086,1612709922,Swarm,GBO,Greensboro,Starters,162.000000:12,31,67,0.463,9,23,0.391,10,12,0.833,8,22,30,18,8,3,10,13,85
2052100086,1612709922,Swarm,GBO,Greensboro,Bench,50.000000:30,10,16,0.625,3,7,0.429,2,2,1.0,3,9,12,4,1,0,4,10,26
