GAME_ID,TEAM_ID,TEAM_NAME,TEAM_ABBREVIATION,TEAM_CITY,STARTERS_BENCH,MIN,FGM,FGA,FG_PCT,FG3M,FG3A,FG3_PCT,FTM,FTA,FT_PCT,OREB,DREB,REB,AST,STL,BLK,TO,PF,PTS
0022100153,1610612758,Kings,SAC,Sacramento,Starters,138.000000:32,23,52,0.442,5,14,0.357,20,26,0.769,5,20,25,10,4,5,17,9,71
0022100153,1610612758,Kings,SAC,Sacramento,Bench,101.000000:28,14,30,0.467,5,10,0.5,0,0,0.0,3,18,21,8,2,1,7,9,33
0022100153,1610612756,Suns,PHX,Phoenix,Starters,146.000000:36,25,53,0.472,6,14,0.429,5,7,0.714,4,20,24,19,10,5,8,13,61
0022100153,1610612756,Suns,PHX,Phoenix,Bench,93.000000:24,19,40,0.475,6,16,0.375,4,4,1.0,1,13,14,9,4,4,6,8,48
