GAME_ID,TEAM_ID,TEAM_NAME,TEAM_ABBREVIATION,TEAM_CITY,STARTERS_BENCH,MIN,FGM,FGA,FG_PCT,FG3M,FG3A,FG3_PCT,FTM,FTA,FT_PCT,OREB,DREB,REB,AST,STL,BLK,TO,PF,PTS
0022100346,1610612759,Spurs,SAS,San Antonio,Starters,167.000000:32,32,65,0.492,9,25,0.36,9,11,0.818,9,24,33,19,7,4,9,14,82
0022100346,1610612759,Spurs,SAS,San Antonio,Bench,58.000000:27,9,20,0.45,3,9,0.333,7,8,0.875,2,8,10,3,3,0,3,2,28
0022100346,1610612744,Warriors,GSW,Golden State,Starters,136.000000:57,21,56,0.375,10,29,0.345,12,16,0.75,8,18,26,18,4,2,9,8,64
0022100346,1610612744,Warriors,GSW,Golden State,Bench,90.000000:23,17,31,0.548,3,10,0.3,2,5,0.4,3,14,17,7,1,0,2,8,39
