GAME_ID,TEAM_ID,TEAM_NAME,TEAM_ABBREVIATION,TEAM_CITY,STARTERS_BENCH,MIN,FGM,FGA,FG_PCT,FG3M,FG3A,FG3_PCT,FTM,FTA,FT_PCT,OREB,DREB,REB,AST,STL,BLK,TO,PF,PTS
0022101134,1610612747,Lakers,LAL,Los Angeles,Starters,122.000000:10,26,50,0.52,8,24,0.333,12,15,0.8,6,17,23,13,2,2,4,7,72
0022101134,1610612747,Lakers,LAL,Los Angeles,Bench,117.000000:50,14,39,0.359,4,20,0.2,6,7,0.857,8,17,25,7,5,0,5,15,38
0022101134,1610612742,Mavericks,DAL,Dallas,Starters,153.000000:10,30,59,0.508,11,27,0.407,12,13,0.923,8,19,27,18,5,1,1,9,83
0022101134,1610612742,Mavericks,DAL,Dallas,Bench,86.000000:50,15,28,0.536,9,19,0.474,6,10,0.6,3,16,19,9,0,0,6,5,45
