GAME_ID,TEAM_ID,TEAM_NAME,TEAM_ABBREVIATION,TEAM_CITY,STARTERS_BENCH,MIN,FGM,FGA,FG_PCT,FG3M,FG3A,FG3_PCT,FTM,FTA,FT_PCT,OREB,DREB,REB,AST,STL,BLK,TO,PF,PTS
0022100385,1610612761,Raptors,TOR,Toronto,Starters,184.000000:53,27,70,0.386,10,25,0.4,16,19,0.842,12,30,42,19,8,5,8,15,80
0022100385,1610612761,Raptors,TOR,Toronto,Bench,46.000000:05,3,17,0.176,2,10,0.2,2,4,0.5,0,6,6,2,1,2,0,4,10
0022100385,1610612752,Knicks,NYK,New York,Starters,141.000000:07,15,44,0.341,6,21,0.286,12,16,0.75,8,21,29,11,4,0,7,7,48
0022100385,1610612752,Knicks,NYK,New York,Bench,98.000000:53,14,37,0.378,3,13,0.231,8,8,1.0,6,20,26,7,0,2,6,10,39
