GAME_ID,TEAM_ID,TEAM_NAME,TEAM_ABBREVIATION,TEAM_CITY,STARTERS_BENCH,MIN,FGM,FGA,FG_PCT,FG3M,FG3A,FG3_PCT,FTM,FTA,FT_PCT,OREB,DREB,REB,AST,STL,BLK,TO,PF,PTS
2052100140,1612709918,Legends,TEX,Texas,Starters,133.000000:15,25,56,0.446,3,18,0.167,4,4,1.0,5,14,19,18,3,1,4,9,61
2052100140,1612709918,Legends,TEX,Texas,Bench,106.000000:45,15,41,0.366,4,20,0.2,2,4,0.5,3,11,14,11,5,1,3,7,37
2052100140,1612709890,Spurs,AUS,Austin,Starters,158.000000:43,40,62,0.645,10,21,0.476,3,5,0.6,11,30,41,28,1,0,9,8,96
2052100140,1612709890,Spurs,AUS,Austin,Bench,52.000000:38,10,21,0.476,1,8,0.125,0,2,0.0,2,10,12,4,0,4,2,4,21
