GAME_ID,TEAM_ID,TEAM_NAME,TEAM_ABBREVIATION,TEAM_CITY,STARTERS_BENCH,MIN,FGM,FGA,FG_PCT,FG3M,FG3A,FG3_PCT,FTM,FTA,FT_PCT,OREB,DREB,REB,AST,STL,BLK,TO,PF,PTS
0022100857,1610612750,Timberwolves,MIN,Minnesota,Starters,149.000000:38,32,61,0.525,14,26,0.538,14,17,0.824,7,24,31,16,6,4,13,15,92
0022100857,1610612750,Timberwolves,MIN,Minnesota,Bench,90.000000:22,11,23,0.478,4,8,0.5,11,11,1.0,1,6,7,7,2,4,0,10,37
0022100857,1610612754,Pacers,IND,Indiana,Starters,140.000000:27,26,57,0.456,10,32,0.313,4,7,0.571,11,19,30,22,2,5,11,10,66
0022100857,1610612754,Pacers,IND,Indiana,Bench,99.000000:33,19,45,0.422,3,13,0.231,13,15,0.867,11,13,24,6,3,1,2,11,54
