GAME_ID,TEAM_ID,TEAM_NAME,TEAM_ABBREVIATION,TEAM_CITY,STARTERS_BENCH,MIN,FGM,FGA,FG_PCT,FG3M,FG3A,FG3_PCT,FTM,FTA,FT_PCT,OREB,DREB,REB,AST,STL,BLK,TO,PF,PTS
2052100138,1612709925,Magic,LAK,Lakeland,Starters,157.000000:19,24,66,0.364,7,23,0.304,3,3,1.0,5,18,23,12,3,1,7,14,59
2052100138,1612709925,Magic,LAK,Lakeland,Bench,60.000000:53,8,20,0.4,2,10,0.2,4,4,1.0,1,4,5,3,2,0,2,2,23
2052100138,1612709913,Squadron,BIR,Birmingham,Starters,140.000000:22,25,53,0.472,7,23,0.304,11,12,0.917,7,30,37,14,2,4,9,10,78
2052100138,1612709913,Squadron,BIR,Birmingham,Bench,99.000000:38,15,29,0.517,7,17,0.412,0,1,0.0,2,15,17,9,1,1,4,7,37
