GAME_ID,TEAM_ID,TEAM_NAME,TEAM_ABBREVIATION,TEAM_CITY,STARTERS_BENCH,MIN,FGM,FGA,FG_PCT,FG3M,FG3A,FG3_PCT,FTM,FTA,FT_PCT,OREB,DREB,REB,AST,STL,BLK,TO,PF,PTS
0022100481,1610612749,Bucks,MIL,Milwaukee,Starters,151.000000:37,30,54,0.556,8,17,0.471,18,22,0.818,4,32,36,20,7,2,11,9,86
0022100481,1610612749,Bucks,MIL,Milwaukee,Bench,44.000000:22,5,13,0.385,1,7,0.143,0,0,0.0,2,4,6,3,0,1,1,1,11
0022100481,1610612742,Mavericks,DAL,Dallas,Starters,173.000000:15,24,58,0.414,9,31,0.29,10,11,0.909,5,19,24,21,4,2,6,10,67
0022100481,1610612742,Mavericks,DAL,Dallas,Bench,57.000000:56,10,27,0.37,3,14,0.214,2,4,0.5,3,11,14,4,2,0,4,11,25
