GAME_ID,TEAM_ID,TEAM_NAME,TEAM_ABBREVIATION,TEAM_CITY,STARTERS_BENCH,MIN,FGM,FGA,FG_PCT,FG3M,FG3A,FG3_PCT,FTM,FTA,FT_PCT,OREB,DREB,REB,AST,STL,BLK,TO,PF,PTS
2022100056,1612709914,Kings,STO,Stockton,Starters,150.000000:18,28,54,0.519,2,12,0.167,6,8,0.75,8,25,33,19,6,1,5,9,68
2022100056,1612709914,Kings,STO,Stockton,Bench,89.000000:42,13,31,0.419,6,16,0.375,2,2,1.0,0,18,18,10,1,0,4,9,35
2022100056,1612709913,Squadron,BIR,Birmingham,Starters,162.000000:33,23,61,0.377,4,23,0.174,6,10,0.6,6,21,27,16,3,0,7,9,62
2022100056,1612709913,Squadron,BIR,Birmingham,Bench,77.000000:27,8,21,0.381,2,12,0.167,0,1,0.0,3,11,14,4,1,1,1,3,18
