GAME_ID,TEAM_ID,TEAM_NAME,TEAM_ABBREVIATION,TEAM_CITY,STARTERS_BENCH,MIN,FGM,FGA,FG_PCT,FG3M,FG3A,FG3_PCT,FTM,FTA,FT_PCT,OREB,DREB,REB,AST,STL,BLK,TO,PF,PTS
0022100059,1610612740,Pelicans,NOP,New Orleans,Starters,158.000000:39,28,70,0.4,9,25,0.36,6,7,0.857,8,24,32,17,3,5,5,12,71
0022100059,1610612740,Pelicans,NOP,New Orleans,Bench,72.000000:36,9,19,0.474,2,10,0.2,2,2,1.0,1,11,12,7,1,1,4,5,22
0022100059,1610612737,Hawks,ATL,Atlanta,Starters,150.000000:49,32,68,0.471,5,14,0.357,8,9,0.889,15,19,34,15,2,4,8,10,77
0022100059,1610612737,Hawks,ATL,Atlanta,Bench,89.000000:12,8,28,0.286,3,16,0.188,6,8,0.75,6,15,21,6,2,0,3,4,25
