GAME_ID,TEAM_ID,TEAM_NAME,TEAM_ABBREVIATION,TEAM_CITY,STARTERS_BENCH,MIN,FGM,FGA,FG_PCT,FG3M,FG3A,FG3_PCT,FTM,FTA,FT_PCT,OREB,DREB,REB,AST,STL,BLK,TO,PF,PTS
2052100001,1612709919,Knicks,WES,Westchester,Starters,166.000000:30,32,65,0.492,11,30,0.367,8,11,0.727,5,18,23,18,11,2,13,18,91
2052100001,1612709919,Knicks,WES,Westchester,Bench,55.000000:15,4,14,0.286,0,7,0.0,1,3,0.333,1,8,9,4,4,0,4,5,10
2052100001,1612709928,Go-Go,CCG,Capital City,Starters,159.000000:38,30,59,0.508,10,23,0.435,7,8,0.875,9,23,32,14,5,4,15,13,79
2052100001,1612709928,Go-Go,CCG,Capital City,Bench,80.000000:22,8,22,0.364,1,11,0.091,5,7,0.714,1,15,16,7,4,0,9,7,28
