GAME_ID,TEAM_ID,TEAM_NAME,TEAM_ABBREVIATION,TEAM_CITY,STARTERS_BENCH,MIN,FGM,FGA,FG_PCT,FG3M,FG3A,FG3_PCT,FTM,FTA,FT_PCT,OREB,DREB,REB,AST,STL,BLK,TO,PF,PTS
0022100203,1610612752,Knicks,NYK,New York,Starters,125.000000:45,21,50,0.42,5,18,0.278,1,3,0.333,2,21,23,11,0,4,6,7,48
0022100203,1610612752,Knicks,NYK,New York,Bench,114.000000:15,16,36,0.444,6,16,0.375,6,7,0.857,6,17,23,11,1,1,4,8,44
0022100203,1610612754,Pacers,IND,Indiana,Starters,171.000000:41,26,63,0.413,8,25,0.32,11,15,0.733,8,24,32,15,4,2,5,11,71
0022100203,1610612754,Pacers,IND,Indiana,Bench,47.000000:21,3,14,0.214,0,7,0.0,1,1,1.0,1,7,8,1,1,3,2,3,7
