GAME_ID,TEAM_ID,TEAM_NAME,TEAM_ABBREVIATION,TEAM_CITY,STARTERS_BENCH,MIN,FGM,FGA,FG_PCT,FG3M,FG3A,FG3_PCT,FTM,FTA,FT_PCT,OREB,DREB,REB,AST,STL,BLK,TO,PF,PTS
2052100051,1612709918,Legends,TEX,Texas,Starters,151.000000:51,24,67,0.358,7,21,0.333,6,7,0.857,10,28,38,10,5,5,8,11,66
2052100051,1612709918,Legends,TEX,Texas,Bench,88.000000:09,12,34,0.353,4,9,0.444,3,3,1.0,5,10,15,5,13,3,6,7,34
2052100051,1612709926,Hustle,MHU,Memphis,Starters,142.000000:18,29,64,0.453,12,26,0.462,5,7,0.714,7,24,31,19,5,7,11,7,76
2052100051,1612709926,Hustle,MHU,Memphis,Bench,97.000000:42,11,34,0.324,3,16,0.188,3,4,0.75,9,20,29,5,2,10,11,9,30
