GAME_ID,TEAM_ID,TEAM_NAME,TEAM_ABBREVIATION,TEAM_CITY,STARTERS_BENCH,MIN,FGM,FGA,FG_PCT,FG3M,FG3A,FG3_PCT,FTM,FTA,FT_PCT,OREB,DREB,REB,AST,STL,BLK,TO,PF,PTS
0022100301,1610612749,Bucks,MIL,Milwaukee,Starters,149.000000:50,35,64,0.547,5,21,0.238,11,15,0.733,7,26,33,23,4,3,10,9,86
0022100301,1610612749,Bucks,MIL,Milwaukee,Bench,39.000000:04,4,11,0.364,1,6,0.167,6,6,1.0,3,5,8,2,2,0,3,3,15
0022100301,1610612754,Pacers,IND,Indiana,Starters,129.000000:58,20,48,0.417,8,26,0.308,7,9,0.778,5,20,25,11,0,2,8,13,55
0022100301,1610612754,Pacers,IND,Indiana,Bench,110.000000:02,18,44,0.409,4,19,0.211,5,7,0.714,7,13,20,10,6,0,5,8,45
