GAME_ID,TEAM_ID,TEAM_NAME,TEAM_ABBREVIATION,TEAM_CITY,STARTERS_BENCH,MIN,FGM,FGA,FG_PCT,FG3M,FG3A,FG3_PCT,FTM,FTA,FT_PCT,OREB,DREB,REB,AST,STL,BLK,TO,PF,PTS
2052100168,1612709927,Herd,WIS,Wisconsin,Starters,134.000000:25,32,60,0.533,10,21,0.476,6,10,0.6,9,23,32,28,8,2,15,10,83
2052100168,1612709927,Herd,WIS,Wisconsin,Bench,58.000000:39,14,26,0.538,2,9,0.222,4,5,0.8,3,5,8,3,1,0,4,4,36
2052100168,1612709911,Wolves,IWA,Iowa,Starters,147.000000:40,29,51,0.569,11,24,0.458,2,3,0.667,5,17,22,25,8,1,17,11,71
2052100168,1612709911,Wolves,IWA,Iowa,Bench,92.000000:20,18,41,0.439,2,14,0.143,5,9,0.556,6,10,16,6,4,2,6,9,46
