GAME_ID,TEAM_ID,TEAM_NAME,TEAM_ABBREVIATION,TEAM_CITY,STARTERS_BENCH,MIN,FGM,FGA,FG_PCT,FG3M,FG3A,FG3_PCT,FTM,FTA,FT_PCT,OREB,DREB,REB,AST,STL,BLK,TO,PF,PTS
0022100381,1610612759,Spurs,SAS,San Antonio,Starters,158.000000:45,29,57,0.509,9,23,0.391,9,15,0.6,12,23,35,22,4,4,11,15,76
0022100381,1610612759,Spurs,SAS,San Antonio,Bench,81.000000:16,17,31,0.548,6,12,0.5,7,7,1.0,2,17,19,10,1,3,2,6,47
0022100381,1610612743,Nuggets,DEN,Denver,Starters,159.000000:55,32,65,0.492,8,22,0.364,11,12,0.917,5,20,25,23,4,3,7,15,83
0022100381,1610612743,Nuggets,DEN,Denver,Bench,80.000000:05,10,29,0.345,7,17,0.412,1,1,1.0,0,8,8,6,3,2,1,6,28
