GAME_ID,TEAM_ID,TEAM_NAME,TEAM_ABBREVIATION,TEAM_CITY,STARTERS_BENCH,MIN,FGM,FGA,FG_PCT,FG3M,FG3A,FG3_PCT,FTM,FTA,FT_PCT,OREB,DREB,REB,AST,STL,BLK,TO,PF,PTS
0022100383,1610612754,Pacers,IND,Indiana,Starters,170.000000:30,33,72,0.458,10,29,0.345,11,12,0.917,9,24,33,22,5,2,7,9,87
0022100383,1610612754,Pacers,IND,Indiana,Bench,69.000000:30,8,15,0.533,3,7,0.429,0,0,0.0,4,7,11,6,2,1,4,10,19
0022100383,1610612742,Mavericks,DAL,Dallas,Starters,148.000000:32,22,48,0.458,3,17,0.176,8,9,0.889,8,15,23,14,2,2,8,11,55
0022100383,1610612742,Mavericks,DAL,Dallas,Bench,82.000000:20,15,33,0.455,1,12,0.083,2,2,1.0,4,9,13,4,5,0,4,6,33
