GAME_ID,TEAM_ID,TEAM_NAME,TEAM_ABBREVIATION,TEAM_CITY,STARTERS_BENCH,MIN,FGM,FGA,FG_PCT,FG3M,FG3A,FG3_PCT,FTM,FTA,FT_PCT,OREB,DREB,REB,AST,STL,BLK,TO,PF,PTS
0022100539,1610612740,Pelicans,NOP,New Orleans,Starters,146.000000:23,24,60,0.4,11,32,0.344,8,16,0.5,9,22,31,20,6,4,9,8,67
0022100539,1610612740,Pelicans,NOP,New Orleans,Bench,79.000000:53,14,33,0.424,5,18,0.278,8,10,0.8,5,11,16,2,1,1,6,6,41
0022100539,1610612749,Bucks,MIL,Milwaukee,Starters,146.000000:21,34,63,0.54,14,31,0.452,13,16,0.813,3,33,36,22,5,4,10,10,95
0022100539,1610612749,Bucks,MIL,Milwaukee,Bench,59.000000:38,12,19,0.632,8,11,0.727,2,2,1.0,0,6,6,5,4,0,0,6,34
