GAME_ID,TEAM_ID,TEAM_NAME,TEAM_ABBREVIATION,TEAM_CITY,STARTERS_BENCH,MIN,FGM,FGA,FG_PCT,FG3M,FG3A,FG3_PCT,FTM,FTA,FT_PCT,OREB,DREB,REB,AST,STL,BLK,TO,PF,PTS
0022100084,1610612748,Heat,MIA,Miami,Starters,129.000000:00,23,40,0.575,12,19,0.632,13,14,0.929,5,24,29,18,7,1,8,9,71
0022100084,1610612748,Heat,MIA,Miami,Bench,111.000000:00,23,48,0.479,9,18,0.5,3,5,0.6,6,15,21,13,5,1,10,8,58
0022100084,1610612763,Grizzlies,MEM,Memphis,Starters,128.000000:23,23,56,0.411,10,29,0.345,15,16,0.938,5,12,17,17,7,3,9,12,71
0022100084,1610612763,Grizzlies,MEM,Memphis,Bench,96.000000:03,9,27,0.333,5,18,0.278,4,5,0.8,3,10,13,9,6,4,4,3,27
