GAME_ID,TEAM_ID,TEAM_NAME,TEAM_ABBREVIATION,TEAM_CITY,STARTERS_BENCH,MIN,FGM,FGA,FG_PCT,FG3M,FG3A,FG3_PCT,FTM,FTA,FT_PCT,OREB,DREB,REB,AST,STL,BLK,TO,PF,PTS
0022100262,1610612758,Kings,SAC,Sacramento,Starters,151.000000:56,17,41,0.415,2,14,0.143,17,19,0.895,7,17,24,15,3,0,9,14,53
0022100262,1610612758,Kings,SAC,Sacramento,Bench,78.000000:39,15,35,0.429,5,17,0.294,2,4,0.5,4,20,24,2,1,0,3,4,37
0022100262,1610612755,76ers,PHI,Philadelphia,Starters,165.000000:34,25,61,0.41,5,20,0.25,16,22,0.727,7,26,33,15,8,5,4,12,71
0022100262,1610612755,76ers,PHI,Philadelphia,Bench,74.000000:26,11,24,0.458,4,12,0.333,5,5,1.0,4,8,12,4,1,1,3,8,31
