GAME_ID,TEAM_ID,TEAM_NAME,TEAM_ABBREVIATION,TEAM_CITY,STARTERS_BENCH,MIN,FGM,FGA,FG_PCT,FG3M,FG3A,FG3_PCT,FTM,FTA,FT_PCT,OREB,DREB,REB,AST,STL,BLK,TO,PF,PTS
0022100712,1610612740,Pelicans,NOP,New Orleans,Starters,164.000000:26,30,58,0.517,6,20,0.3,20,22,0.909,8,25,33,16,3,3,7,15,86
0022100712,1610612740,Pelicans,NOP,New Orleans,Bench,63.000000:06,10,26,0.385,0,8,0.0,8,8,1.0,4,8,12,6,3,1,4,5,28
0022100712,1610612754,Pacers,IND,Indiana,Starters,133.000000:24,24,55,0.436,8,21,0.381,10,14,0.714,8,12,20,17,1,2,8,14,66
0022100712,1610612754,Pacers,IND,Indiana,Bench,106.000000:36,14,32,0.438,11,25,0.44,8,11,0.727,2,19,21,9,4,5,7,14,47
