GAME_ID,TEAM_ID,TEAM_NAME,TEAM_ABBREVIATION,TEAM_CITY,STARTERS_BENCH,MIN,FGM,FGA,FG_PCT,FG3M,FG3A,FG3_PCT,FTM,FTA,FT_PCT,OREB,DREB,REB,AST,STL,BLK,TO,PF,PTS
2022100209,1612709932,Cruise,MCC,Motor City,Starters,164.000000:13,29,64,0.453,7,23,0.304,22,24,0.917,10,19,29,17,8,2,17,12,94
2022100209,1612709932,Cruise,MCC,Motor City,Bench,85.000000:47,10,23,0.435,2,11,0.182,6,7,0.857,4,17,21,3,3,1,7,14,33
2022100209,1612709929,Skyhawks,CPS,College Park,Starters,165.000000:20,34,74,0.459,3,10,0.3,7,12,0.583,10,21,31,25,7,3,14,14,81
2022100209,1612709929,Skyhawks,CPS,College Park,Bench,84.000000:40,18,33,0.545,2,9,0.222,4,6,0.667,4,10,14,7,3,1,5,16,43
