GAME_ID,TEAM_ID,TEAM_NAME,TEAM_ABBREVIATION,TEAM_CITY,STARTERS_BENCH,MIN,FGM,FGA,FG_PCT,FG3M,FG3A,FG3_PCT,FTM,FTA,FT_PCT,OREB,DREB,REB,AST,STL,BLK,TO,PF,PTS
0022100191,1610612750,Timberwolves,MIN,Minnesota,Starters,133.000000:03,23,60,0.383,6,22,0.273,3,5,0.6,6,20,26,18,5,3,7,7,55
0022100191,1610612750,Timberwolves,MIN,Minnesota,Bench,106.000000:57,17,42,0.405,5,14,0.357,8,11,0.727,6,9,15,7,3,3,3,8,47
0022100191,1610612746,Clippers,LAC,LA,Starters,121.000000:10,32,58,0.552,9,23,0.391,0,0,0.0,5,26,31,18,2,3,8,8,73
0022100191,1610612746,Clippers,LAC,LA,Bench,118.000000:50,21,41,0.512,7,17,0.412,7,9,0.778,6,20,26,17,4,5,6,9,56
