GAME_ID,TEAM_ID,TEAM_NAME,TEAM_ABBREVIATION,TEAM_CITY,STARTERS_BENCH,MIN,FGM,FGA,FG_PCT,FG3M,FG3A,FG3_PCT,FTM,FTA,FT_PCT,OREB,DREB,REB,AST,STL,BLK,TO,PF,PTS
2052100091,1612709919,Knicks,WES,Westchester,Starters,168.000000:30,28,60,0.467,9,26,0.346,4,5,0.8,6,21,27,21,7,2,14,11,71
2052100091,1612709919,Knicks,WES,Westchester,Bench,52.000000:50,13,22,0.591,6,10,0.6,1,1,1.0,2,4,6,3,3,0,4,5,33
2052100091,1612709915,Celtics,MNE,Maine,Starters,149.000000:26,33,55,0.6,15,27,0.556,7,7,1.0,5,27,32,20,5,0,16,5,93
2052100091,1612709915,Celtics,MNE,Maine,Bench,90.000000:34,14,29,0.483,5,9,0.556,2,2,1.0,3,5,8,15,6,2,2,6,38
