GAME_ID,TEAM_ID,TEAM_NAME,TEAM_ABBREVIATION,TEAM_CITY,STARTERS_BENCH,MIN,FGM,FGA,FG_PCT,FG3M,FG3A,FG3_PCT,FTM,FTA,FT_PCT,OREB,DREB,REB,AST,STL,BLK,TO,PF,PTS
0022100880,1610612761,Raptors,TOR,Toronto,Starters,161.000000:24,28,64,0.438,6,20,0.3,12,14,0.857,3,19,22,16,6,3,11,13,74
0022100880,1610612761,Raptors,TOR,Toronto,Bench,78.000000:36,12,24,0.5,2,5,0.4,3,5,0.6,6,20,26,5,1,3,2,8,29
0022100880,1610612750,Timberwolves,MIN,Minnesota,Starters,144.000000:48,16,41,0.39,6,20,0.3,14,20,0.7,3,19,22,18,4,3,8,13,52
0022100880,1610612750,Timberwolves,MIN,Minnesota,Bench,95.000000:12,14,36,0.389,4,22,0.182,7,9,0.778,3,17,20,5,2,4,6,5,39
