GAME_ID,TEAM_ID,TEAM_NAME,TEAM_ABBREVIATION,TEAM_CITY,STARTERS_BENCH,MIN,FGM,FGA,FG_PCT,FG3M,FG3A,FG3_PCT,FTM,FTA,FT_PCT,OREB,DREB,REB,AST,STL,BLK,TO,PF,PTS
0022100355,1610612764,Wizards,WAS,Washington,Starters,150.000000:48,33,59,0.559,5,11,0.455,10,13,0.769,5,13,18,15,5,1,6,14,81
0022100355,1610612764,Wizards,WAS,Washington,Bench,63.000000:16,9,15,0.6,2,2,1.0,3,4,0.75,4,6,10,5,5,1,4,5,23
0022100355,1610612754,Pacers,IND,Indiana,Starters,159.000000:59,32,59,0.542,2,12,0.167,18,18,1.0,9,19,28,18,8,8,8,12,84
0022100355,1610612754,Pacers,IND,Indiana,Bench,80.000000:01,11,23,0.478,7,11,0.636,3,4,0.75,4,8,12,7,2,2,7,8,32
