GAME_ID,TEAM_ID,TEAM_NAME,TEAM_ABBREVIATION,TEAM_CITY,STARTERS_BENCH,MIN,FGM,FGA,FG_PCT,FG3M,FG3A,FG3_PCT,FTM,FTA,FT_PCT,OREB,DREB,REB,AST,STL,BLK,TO,PF,PTS
0022100950,1610612762,Jazz,UTA,Utah,Starters,127.000000:46,13,45,0.289,6,25,0.24,5,10,0.5,8,15,23,6,5,1,11,6,37
0022100950,1610612762,Jazz,UTA,Utah,Bench,112.000000:14,18,44,0.409,5,16,0.313,12,16,0.75,14,15,29,9,2,1,9,8,53
0022100950,1610612740,Pelicans,NOP,New Orleans,Starters,126.000000:21,26,48,0.542,3,13,0.231,9,11,0.818,5,21,26,16,5,3,9,12,64
0022100950,1610612740,Pelicans,NOP,New Orleans,Bench,113.000000:39,24,49,0.49,8,23,0.348,4,6,0.667,10,16,26,13,6,2,1,11,60
