GAME_ID,TEAM_ID,TEAM_NAME,TEAM_ABBREVIATION,TEAM_CITY,STARTERS_BENCH,MIN,FGM,FGA,FG_PCT,FG3M,FG3A,FG3_PCT,FTM,FTA,FT_PCT,OREB,DREB,REB,AST,STL,BLK,TO,PF,PTS
2052100196,1612709889,Blue,OKL,Oklahoma City,Starters,156.000000:15,27,60,0.45,10,20,0.5,4,7,0.571,5,21,26,14,8,4,9,15,70
2052100196,1612709889,Blue,OKL,Oklahoma City,Bench,83.000000:45,9,23,0.391,1,8,0.125,5,9,0.556,4,9,13,7,2,0,4,3,29
2052100196,1612709932,Cruise,MCC,Motor City,Starters,179.000000:20,28,62,0.452,7,25,0.28,7,11,0.636,10,31,41,18,7,6,14,16,77
2052100196,1612709932,Cruise,MCC,Motor City,Bench,60.000000:40,9,26,0.346,2,10,0.2,0,0,0.0,5,4,9,4,1,0,2,6,20
