GAME_ID,TEAM_ID,TEAM_NAME,TEAM_ABBREVIATION,TEAM_CITY,STARTERS_BENCH,MIN,FGM,FGA,FG_PCT,FG3M,FG3A,FG3_PCT,FTM,FTA,FT_PCT,OREB,DREB,REB,AST,STL,BLK,TO,PF,PTS
0022100744,1610612752,Knicks,NYK,New York,Starters,157.000000:59,27,59,0.458,8,25,0.32,10,19,0.526,10,23,33,16,4,2,9,15,72
0022100744,1610612752,Knicks,NYK,New York,Bench,82.000000:01,12,25,0.48,6,15,0.4,6,9,0.667,1,11,12,5,2,2,5,8,36
0022100744,1610612749,Bucks,MIL,Milwaukee,Starters,158.000000:31,33,70,0.471,11,34,0.324,25,29,0.862,8,30,38,21,7,1,10,14,102
0022100744,1610612749,Bucks,MIL,Milwaukee,Bench,42.000000:40,4,9,0.444,1,5,0.2,0,0,0.0,0,2,2,3,1,0,1,7,9
