GAME_ID,TEAM_ID,TEAM_NAME,TEAM_ABBREVIATION,TEAM_CITY,STARTERS_BENCH,MIN,FGM,FGA,FG_PCT,FG3M,FG3A,FG3_PCT,FTM,FTA,FT_PCT,OREB,DREB,REB,AST,STL,BLK,TO,PF,PTS
2052100113,1612709904,Skyforce,SXF,Sioux Falls,Starters,174.000000:56,32,66,0.485,13,27,0.481,4,6,0.667,4,17,21,17,9,4,12,9,86
2052100113,1612709904,Skyforce,SXF,Sioux Falls,Bench,65.000000:04,10,20,0.5,3,7,0.429,2,3,0.667,6,9,15,6,3,0,4,8,26
2052100113,1612709910,Mad Ants,FWN,Fort Wayne,Starters,165.000000:56,37,63,0.587,15,31,0.484,7,9,0.778,7,25,32,26,5,3,13,12,100
2052100113,1612709910,Mad Ants,FWN,Fort Wayne,Bench,56.000000:52,9,20,0.45,6,14,0.429,1,1,1.0,0,4,4,7,2,0,2,4,25
