GAME_ID,TEAM_ID,TEAM_NAME,TEAM_ABBREVIATION,TEAM_CITY,STARTERS_BENCH,MIN,FGM,FGA,FG_PCT,FG3M,FG3A,FG3_PCT,FTM,FTA,FT_PCT,OREB,DREB,REB,AST,STL,BLK,TO,PF,PTS
0022100789,1610612754,Pacers,IND,Indiana,Starters,174.000000:18,38,69,0.551,8,17,0.471,5,5,1.0,10,17,27,18,3,3,9,13,89
0022100789,1610612754,Pacers,IND,Indiana,Bench,65.000000:42,9,26,0.346,4,10,0.4,4,4,1.0,0,10,10,7,0,0,3,6,26
0022100789,1610612741,Bulls,CHI,Chicago,Starters,182.000000:59,44,74,0.595,3,13,0.231,16,21,0.762,5,26,31,28,5,6,9,13,107
0022100789,1610612741,Bulls,CHI,Chicago,Bench,53.000000:53,5,15,0.333,3,13,0.231,2,2,1.0,5,7,12,2,0,0,0,4,15
