GAME_ID,TEAM_ID,TEAM_NAME,TEAM_ABBREVIATION,TEAM_CITY,STARTERS_BENCH,MIN,FGM,FGA,FG_PCT,FG3M,FG3A,FG3_PCT,FTM,FTA,FT_PCT,OREB,DREB,REB,AST,STL,BLK,TO,PF,PTS
0042100154,1610612750,Timberwolves,MIN,Minnesota,Starters,186.000000:33,29,59,0.492,13,25,0.52,25,34,0.735,6,24,30,20,5,6,12,16,96
0042100154,1610612750,Timberwolves,MIN,Minnesota,Bench,53.000000:27,6,15,0.4,5,11,0.455,6,6,1.0,0,4,4,3,2,2,3,7,23
0042100154,1610612763,Grizzlies,MEM,Memphis,Starters,141.000000:32,29,58,0.5,12,21,0.571,8,10,0.8,2,19,21,20,4,3,13,25,78
0042100154,1610612763,Grizzlies,MEM,Memphis,Bench,80.000000:44,12,24,0.5,2,7,0.286,8,11,0.727,3,13,16,10,4,1,4,7,34
