GAME_ID,TEAM_ID,TEAM_NAME,TEAM_ABBREVIATION,TEAM_CITY,STARTERS_BENCH,MIN,FGM,FGA,FG_PCT,FG3M,FG3A,FG3_PCT,FTM,FTA,FT_PCT,OREB,DREB,REB,AST,STL,BLK,TO,PF,PTS
2052100014,1612709922,Swarm,GBO,Greensboro,Starters,154.000000:01,22,41,0.537,8,18,0.444,3,6,0.5,3,21,24,14,4,6,19,13,56
2052100014,1612709922,Swarm,GBO,Greensboro,Bench,62.000000:52,7,17,0.412,2,8,0.25,5,5,1.0,4,9,13,8,0,1,5,4,24
2052100014,1612709913,Squadron,BIR,Birmingham,Starters,169.000000:40,27,65,0.415,11,31,0.355,11,14,0.786,7,23,30,16,14,1,10,10,83
2052100014,1612709913,Squadron,BIR,Birmingham,Bench,80.000000:20,6,20,0.3,2,9,0.222,0,0,0.0,4,5,9,5,2,0,5,7,14
