GAME_ID,TEAM_ID,TEAM_NAME,TEAM_ABBREVIATION,TEAM_CITY,STARTERS_BENCH,MIN,FGM,FGA,FG_PCT,FG3M,FG3A,FG3_PCT,FTM,FTA,FT_PCT,OREB,DREB,REB,AST,STL,BLK,TO,PF,PTS
0022101047,1610612763,Grizzlies,MEM,Memphis,Starters,144.000000:24,27,63,0.429,6,18,0.333,13,17,0.765,10,19,29,10,4,4,13,13,73
0022101047,1610612763,Grizzlies,MEM,Memphis,Bench,59.000000:39,9,17,0.529,2,4,0.5,1,2,0.5,3,11,14,6,1,5,2,5,21
0022101047,1610612737,Hawks,ATL,Atlanta,Starters,150.000000:26,27,57,0.474,6,18,0.333,7,9,0.778,4,18,22,21,7,3,5,11,67
0022101047,1610612737,Hawks,ATL,Atlanta,Bench,89.000000:34,18,34,0.529,7,10,0.7,10,12,0.833,3,15,18,7,5,3,4,9,53
