GAME_ID,TEAM_ID,TEAM_NAME,TEAM_ABBREVIATION,TEAM_CITY,STARTERS_BENCH,MIN,FGM,FGA,FG_PCT,FG3M,FG3A,FG3_PCT,FTM,FTA,FT_PCT,OREB,DREB,REB,AST,STL,BLK,TO,PF,PTS
0022100305,1610612755,76ers,PHI,Philadelphia,Starters,152.000000:32,26,65,0.4,7,18,0.389,12,15,0.8,6,29,35,18,4,3,3,12,71
0022100305,1610612755,76ers,PHI,Philadelphia,Bench,87.000000:28,13,32,0.406,3,15,0.2,1,3,0.333,6,14,20,6,3,3,7,7,30
0022100305,1610612753,Magic,ORL,Orlando,Starters,168.000000:08,31,70,0.443,6,23,0.261,11,15,0.733,7,36,43,15,3,6,6,15,79
0022100305,1610612753,Magic,ORL,Orlando,Bench,71.000000:52,6,20,0.3,2,10,0.2,3,3,1.0,1,11,12,5,4,0,6,6,17
