GAME_ID,TEAM_ID,TEAM_NAME,TEAM_ABBREVIATION,TEAM_CITY,STARTERS_BENCH,MIN,FGM,FGA,FG_PCT,FG3M,FG3A,FG3_PCT,FTM,FTA,FT_PCT,OREB,DREB,REB,AST,STL,BLK,TO,PF,PTS
0022100887,1610612755,76ers,PHI,Philadelphia,Starters,172.000000:11,33,67,0.493,9,24,0.375,23,27,0.852,5,26,31,16,1,1,8,12,98
0022100887,1610612755,76ers,PHI,Philadelphia,Bench,67.000000:49,11,21,0.524,3,10,0.3,0,0,0.0,4,11,15,5,1,1,4,11,25
0022100887,1610612749,Bucks,MIL,Milwaukee,Starters,177.000000:40,39,83,0.47,12,36,0.333,20,26,0.769,12,19,31,17,5,1,6,17,110
0022100887,1610612749,Bucks,MIL,Milwaukee,Bench,36.000000:13,1,4,0.25,1,3,0.333,2,2,1.0,0,6,6,1,0,0,0,3,5
