GAME_ID,TEAM_ID,TEAM_NAME,TEAM_ABBREVIATION,TEAM_CITY,STARTERS_BENCH,MIN,FGM,FGA,FG_PCT,FG3M,FG3A,FG3_PCT,FTM,FTA,FT_PCT,OREB,DREB,REB,AST,STL,BLK,TO,PF,PTS
2022100282,1612709932,Cruise,MCC,Motor City,Starters,151.000000:13,22,62,0.355,4,23,0.174,13,15,0.867,12,24,36,14,5,3,5,14,64
2022100282,1612709932,Cruise,MCC,Motor City,Bench,88.000000:47,24,49,0.49,13,33,0.394,4,6,0.667,4,21,25,15,2,0,2,8,68
2022100282,1612709910,Mad Ants,FWN,Fort Wayne,Starters,198.000000:30,40,96,0.417,12,42,0.286,10,11,0.909,10,39,49,24,4,2,10,16,108
2022100282,1612709910,Mad Ants,FWN,Fort Wayne,Bench,41.000000:30,4,6,0.667,0,0,0.0,3,4,0.75,2,8,10,1,1,2,1,5,12
