GAME_ID,TEAM_ID,TEAM_NAME,TEAM_ABBREVIATION,TEAM_CITY,STARTERS_BENCH,MIN,FGM,FGA,FG_PCT,FG3M,FG3A,FG3_PCT,FTM,FTA,FT_PCT,OREB,DREB,REB,AST,STL,BLK,TO,PF,PTS
0022100289,1610612762,Jazz,UTA,Utah,Starters,164.000000:42,23,52,0.442,9,23,0.391,11,16,0.688,4,21,25,14,4,7,14,13,66
0022100289,1610612762,Jazz,UTA,Utah,Bench,63.000000:55,13,26,0.5,4,10,0.4,0,0,0.0,2,10,12,3,2,1,1,4,30
0022100289,1610612740,Pelicans,NOP,New Orleans,Starters,168.000000:20,22,57,0.386,4,14,0.286,9,11,0.818,4,22,26,17,6,3,11,14,57
0022100289,1610612740,Pelicans,NOP,New Orleans,Bench,61.000000:54,13,29,0.448,5,11,0.455,0,0,0.0,2,11,13,9,1,1,2,6,31
