GAME_ID,TEAM_ID,TEAM_NAME,TEAM_ABBREVIATION,TEAM_CITY,STARTERS_BENCH,MIN,FGM,FGA,FG_PCT,FG3M,FG3A,FG3_PCT,FTM,FTA,FT_PCT,OREB,DREB,REB,AST,STL,BLK,TO,PF,PTS
0012100029,1610612759,Spurs,SAS,San Antonio,Starters,119.000000:19,26,51,0.51,5,15,0.333,10,13,0.769,4,20,24,16,4,1,9,12,67
0012100029,1610612759,Spurs,SAS,San Antonio,Bench,105.000000:58,11,33,0.333,6,20,0.3,3,6,0.5,5,10,15,11,3,1,6,5,31
0012100029,1610612748,Heat,MIA,Miami,Starters,132.000000:13,29,62,0.468,9,23,0.391,6,10,0.6,10,17,27,13,4,3,13,11,73
0012100029,1610612748,Heat,MIA,Miami,Bench,107.000000:47,14,32,0.438,2,10,0.2,6,6,1.0,8,18,26,7,3,1,5,8,36
