GAME_ID,TEAM_ID,TEAM_NAME,TEAM_ABBREVIATION,TEAM_CITY,STARTERS_BENCH,MIN,FGM,FGA,FG_PCT,FG3M,FG3A,FG3_PCT,FTM,FTA,FT_PCT,OREB,DREB,REB,AST,STL,BLK,TO,PF,PTS
2022100189,1612709915,Celtics,MNE,Maine,Starters,168.000000:26,37,82,0.451,11,32,0.344,11,17,0.647,10,23,33,29,10,2,7,21,99
2022100189,1612709915,Celtics,MNE,Maine,Bench,71.000000:34,6,14,0.429,0,6,0.0,1,2,0.5,2,4,6,2,0,4,4,14,13
2022100189,1612709932,Cruise,MCC,Motor City,Starters,156.000000:39,29,63,0.46,7,24,0.292,10,15,0.667,10,33,43,13,6,2,12,17,81
2022100189,1612709932,Cruise,MCC,Motor City,Bench,67.000000:34,13,18,0.722,5,8,0.625,5,8,0.625,3,10,13,11,1,0,7,5,39
