GAME_ID,TEAM_ID,TEAM_NAME,TEAM_ABBREVIATION,TEAM_CITY,STARTERS_BENCH,MIN,FGM,FGA,FG_PCT,FG3M,FG3A,FG3_PCT,FTM,FTA,FT_PCT,OREB,DREB,REB,AST,STL,BLK,TO,PF,PTS
0022100691,1610612759,Spurs,SAS,San Antonio,Starters,163.000000:36,26,69,0.377,7,21,0.333,19,23,0.826,13,26,39,21,1,4,5,11,78
0022100691,1610612759,Spurs,SAS,San Antonio,Bench,76.000000:24,11,26,0.423,1,8,0.125,1,1,1.0,3,7,10,3,2,3,1,2,24
0022100691,1610612751,Nets,BKN,Brooklyn,Starters,151.000000:13,32,69,0.464,9,22,0.409,8,8,1.0,6,26,32,18,3,2,5,8,81
0022100691,1610612751,Nets,BKN,Brooklyn,Bench,79.000000:22,15,29,0.517,0,3,0.0,4,4,1.0,6,14,20,5,0,3,2,9,34
