GAME_ID,TEAM_ID,TEAM_NAME,TEAM_ABBREVIATION,TEAM_CITY,STARTERS_BENCH,MIN,FGM,FGA,FG_PCT,FG3M,FG3A,FG3_PCT,FTM,FTA,FT_PCT,OREB,DREB,REB,AST,STL,BLK,TO,PF,PTS
0022100644,1610612740,Pelicans,NOP,New Orleans,Starters,155.000000:42,29,60,0.483,6,18,0.333,8,11,0.727,8,17,25,19,5,1,7,12,72
0022100644,1610612740,Pelicans,NOP,New Orleans,Bench,45.000000:57,6,15,0.4,2,7,0.286,1,2,0.5,0,5,5,5,3,0,2,4,15
0022100644,1610612751,Nets,BKN,Brooklyn,Starters,145.000000:32,32,60,0.533,10,19,0.526,14,15,0.933,8,20,28,22,3,4,9,14,88
0022100644,1610612751,Nets,BKN,Brooklyn,Bench,94.000000:28,14,24,0.583,2,8,0.25,2,2,1.0,1,15,16,8,2,1,5,7,32
