GAME_ID,TEAM_ID,TEAM_NAME,TEAM_ABBREVIATION,TEAM_CITY,STARTERS_BENCH,MIN,FGM,FGA,FG_PCT,FG3M,FG3A,FG3_PCT,FTM,FTA,FT_PCT,OREB,DREB,REB,AST,STL,BLK,TO,PF,PTS
2022100482,1612709920,905,RAP,Raptors,Starters,133.000000:17,23,54,0.426,9,24,0.375,4,5,0.8,8,15,23,13,5,3,6,4,63
2022100482,1612709920,905,RAP,Raptors,Bench,106.000000:43,14,40,0.35,4,15,0.267,2,8,0.25,6,14,20,8,2,1,3,14,36
2022100482,1612709921,Nets,LIN,Long Island,Starters,149.000000:40,29,64,0.453,6,20,0.3,4,9,0.444,13,24,37,13,4,8,8,9,71
2022100482,1612709921,Nets,LIN,Long Island,Bench,46.000000:55,9,17,0.529,4,10,0.4,1,1,1.0,1,10,11,9,0,0,2,4,24
