GAME_ID,TEAM_ID,TEAM_NAME,TEAM_ABBREVIATION,TEAM_CITY,STARTERS_BENCH,MIN,FGM,FGA,FG_PCT,FG3M,FG3A,FG3_PCT,FTM,FTA,FT_PCT,OREB,DREB,REB,AST,STL,BLK,TO,PF,PTS
0022100774,1610612764,Wizards,WAS,Washington,Starters,133.000000:49,20,54,0.37,5,11,0.455,8,9,0.889,12,19,31,17,1,4,5,9,53
0022100774,1610612764,Wizards,WAS,Washington,Bench,106.000000:11,21,36,0.583,4,11,0.364,7,10,0.7,3,18,21,8,0,1,3,5,53
0022100774,1610612755,76ers,PHI,Philadelphia,Starters,174.000000:40,30,68,0.441,6,15,0.4,10,13,0.769,7,27,34,18,2,4,2,11,76
0022100774,1610612755,76ers,PHI,Philadelphia,Bench,65.000000:20,11,23,0.478,5,12,0.417,0,0,0.0,3,4,7,5,0,0,2,9,27
