GAME_ID,TEAM_ID,TEAM_NAME,TEAM_ABBREVIATION,TEAM_CITY,STARTERS_BENCH,MIN,FGM,FGA,FG_PCT,FG3M,FG3A,FG3_PCT,FTM,FTA,FT_PCT,OREB,DREB,REB,AST,STL,BLK,TO,PF,PTS
0012100030,1610612750,Timberwolves,MIN,Minnesota,Starters,114.000000:23,15,42,0.357,3,17,0.176,4,6,0.667,5,15,20,12,4,1,10,10,37
0012100030,1610612750,Timberwolves,MIN,Minnesota,Bench,150.000000:37,28,57,0.491,7,23,0.304,14,17,0.824,1,25,26,11,7,4,0,13,77
0012100030,1610612743,Nuggets,DEN,Denver,Starters,115.000000:53,20,40,0.5,10,23,0.435,6,10,0.6,0,23,23,22,2,2,3,6,56
0012100030,1610612743,Nuggets,DEN,Denver,Bench,149.000000:07,18,52,0.346,11,35,0.314,9,11,0.818,6,22,28,13,1,6,15,18,56
