GAME_ID,TEAM_ID,TEAM_NAME,TEAM_ABBREVIATION,TEAM_CITY,STARTERS_BENCH,MIN,FGM,FGA,FG_PCT,FG3M,FG3A,FG3_PCT,FTM,FTA,FT_PCT,OREB,DREB,REB,AST,STL,BLK,TO,PF,PTS
2052100007,1612709908,Vipers,RGV,Rio Grande Valley,Starters,152.000000:22,26,58,0.448,10,29,0.345,7,9,0.778,11,19,30,15,5,5,13,14,76
2052100007,1612709908,Vipers,RGV,Rio Grande Valley,Bench,50.000000:06,10,15,0.667,3,4,0.75,1,1,1.0,10,10,20,4,4,1,3,4,24
2052100007,1612709890,Spurs,AUS,Austin,Starters,146.000000:45,28,57,0.491,8,20,0.4,6,8,0.75,5,20,25,18,4,6,12,13,74
2052100007,1612709890,Spurs,AUS,Austin,Bench,71.000000:33,14,24,0.583,6,13,0.462,4,9,0.444,3,4,7,5,6,0,8,6,41
