GAME_ID,TEAM_ID,TEAM_NAME,TEAM_ABBREVIATION,TEAM_CITY,STARTERS_BENCH,MIN,FGM,FGA,FG_PCT,FG3M,FG3A,FG3_PCT,FTM,FTA,FT_PCT,OREB,DREB,REB,AST,STL,BLK,TO,PF,PTS
0022100389,1610612760,Thunder,OKC,Oklahoma City,Starters,145.000000:24,20,55,0.364,6,29,0.207,5,7,0.714,7,18,25,16,5,1,8,6,51
0022100389,1610612760,Thunder,OKC,Oklahoma City,Bench,94.000000:36,18,41,0.439,4,15,0.267,4,7,0.571,12,14,26,5,4,2,7,11,44
0022100389,1610612747,Lakers,LAL,Los Angeles,Starters,136.000000:37,29,50,0.58,12,18,0.667,5,8,0.625,7,20,27,16,8,3,11,8,75
0022100389,1610612747,Lakers,LAL,Los Angeles,Bench,74.000000:05,9,25,0.36,6,18,0.333,8,8,1.0,4,8,12,5,2,0,2,3,32
