GAME_ID,TEAM_ID,TEAM_NAME,TEAM_ABBREVIATION,TEAM_CITY,STARTERS_BENCH,MIN,FGM,FGA,FG_PCT,FG3M,FG3A,FG3_PCT,FTM,FTA,FT_PCT,OREB,DREB,REB,AST,STL,BLK,TO,PF,PTS
0022100624,1610612762,Jazz,UTA,Utah,Starters,144.000000:07,16,50,0.32,9,28,0.321,5,8,0.625,1,18,19,9,5,1,2,11,46
0022100624,1610612762,Jazz,UTA,Utah,Bench,95.000000:53,18,35,0.514,7,19,0.368,2,3,0.667,3,10,13,2,2,1,5,5,45
0022100624,1610612739,Cavaliers,CLE,Cleveland,Starters,165.000000:26,33,53,0.623,6,15,0.4,9,11,0.818,7,33,40,26,3,3,11,11,81
0022100624,1610612739,Cavaliers,CLE,Cleveland,Bench,74.000000:34,10,28,0.357,5,15,0.333,5,6,0.833,0,10,10,2,3,0,2,6,30
