GAME_ID,TEAM_ID,TEAM_NAME,TEAM_ABBREVIATION,TEAM_CITY,STARTERS_BENCH,MIN,FGM,FGA,FG_PCT,FG3M,FG3A,FG3_PCT,FTM,FTA,FT_PCT,OREB,DREB,REB,AST,STL,BLK,TO,PF,PTS
0022100373,1610612763,Grizzlies,MEM,Memphis,Starters,164.000000:56,25,63,0.397,3,16,0.188,13,19,0.684,6,21,27,17,9,2,11,15,66
0022100373,1610612763,Grizzlies,MEM,Memphis,Bench,66.000000:02,10,23,0.435,6,14,0.429,2,6,0.333,5,5,10,6,5,1,2,7,28
0022100373,1610612742,Mavericks,DAL,Dallas,Starters,142.000000:37,26,49,0.531,11,24,0.458,7,8,0.875,3,22,25,17,3,1,13,14,70
0022100373,1610612742,Mavericks,DAL,Dallas,Bench,85.000000:14,10,24,0.417,1,9,0.111,4,7,0.571,3,12,15,7,1,3,5,5,25
