GAME_ID,TEAM_ID,TEAM_NAME,TEAM_ABBREVIATION,TEAM_CITY,STARTERS_BENCH,MIN,FGM,FGA,FG_PCT,FG3M,FG3A,FG3_PCT,FTM,FTA,FT_PCT,OREB,DREB,REB,AST,STL,BLK,TO,PF,PTS
0022100214,1610612754,Pacers,IND,Indiana,Starters,158.000000:57,22,57,0.386,7,28,0.25,10,15,0.667,6,21,27,8,3,4,16,12,61
0022100214,1610612754,Pacers,IND,Indiana,Bench,54.000000:29,9,16,0.563,2,9,0.222,2,2,1.0,1,11,12,2,0,0,2,8,22
0022100214,1610612765,Pistons,DET,Detroit,Starters,152.000000:19,20,53,0.377,4,17,0.235,17,23,0.739,7,25,32,12,9,4,10,14,61
0022100214,1610612765,Pistons,DET,Detroit,Bench,87.000000:41,14,27,0.519,4,11,0.364,4,5,0.8,1,9,10,4,4,1,2,6,36
