GAME_ID,TEAM_ID,TEAM_NAME,TEAM_ABBREVIATION,TEAM_CITY,STARTERS_BENCH,MIN,FGM,FGA,FG_PCT,FG3M,FG3A,FG3_PCT,FTM,FTA,FT_PCT,OREB,DREB,REB,AST,STL,BLK,TO,PF,PTS
0012100047,1610612747,Lakers,LAL,Los Angeles,Starters,129.000000:26,23,55,0.418,5,19,0.263,15,20,0.75,2,28,30,12,5,4,12,13,66
0012100047,1610612747,Lakers,LAL,Los Angeles,Bench,110.000000:34,13,32,0.406,5,12,0.417,2,2,1.0,4,18,22,10,4,2,8,9,33
0012100047,1610612744,Warriors,GSW,Golden State,Starters,106.000000:23,19,47,0.404,3,23,0.13,9,15,0.6,6,23,29,13,4,2,7,9,50
0012100047,1610612744,Warriors,GSW,Golden State,Bench,133.000000:37,23,52,0.442,8,26,0.308,7,7,1.0,3,19,22,16,6,3,5,10,61
