GAME_ID,TEAM_ID,TEAM_NAME,TEAM_ABBREVIATION,TEAM_CITY,STARTERS_BENCH,MIN,FGM,FGA,FG_PCT,FG3M,FG3A,FG3_PCT,FTM,FTA,FT_PCT,OREB,DREB,REB,AST,STL,BLK,TO,PF,PTS
0022100603,1610612742,Mavericks,DAL,Dallas,Starters,148.000000:29,29,56,0.518,13,25,0.52,8,8,1.0,3,25,28,24,1,2,6,6,79
0022100603,1610612742,Mavericks,DAL,Dallas,Bench,91.000000:31,15,32,0.469,3,11,0.273,1,1,1.0,4,16,20,4,3,0,3,8,34
0022100603,1610612741,Bulls,CHI,Chicago,Starters,158.000000:21,28,68,0.412,7,23,0.304,8,10,0.8,7,19,26,17,7,2,6,12,71
0022100603,1610612741,Bulls,CHI,Chicago,Bench,81.000000:39,11,22,0.5,4,10,0.4,2,3,0.667,1,12,13,6,1,1,1,3,28
