GAME_ID,TEAM_ID,TEAM_NAME,TEAM_ABBREVIATION,TEAM_CITY,STARTERS_BENCH,MIN,FGM,FGA,FG_PCT,FG3M,FG3A,FG3_PCT,FTM,FTA,FT_PCT,OREB,DREB,REB,AST,STL,BLK,TO,PF,PTS
2022100052,1612709921,Nets,LIN,Long Island,Starters,164.000000:34,36,79,0.456,10,27,0.37,6,8,0.75,5,24,29,20,5,4,9,14,90
2022100052,1612709921,Nets,LIN,Long Island,Bench,75.000000:26,9,21,0.429,3,12,0.25,0,0,0.0,4,11,15,1,3,2,0,5,21
2022100052,1612709929,Skyhawks,CPS,College Park,Starters,173.000000:37,35,76,0.461,8,24,0.333,3,8,0.375,14,27,41,18,1,3,12,11,83
2022100052,1612709929,Skyhawks,CPS,College Park,Bench,44.000000:09,6,14,0.429,1,3,0.333,2,3,0.667,5,10,15,1,1,0,2,1,16
