GAME_ID,TEAM_ID,TEAM_NAME,TEAM_ABBREVIATION,TEAM_CITY,STARTERS_BENCH,MIN,FGM,FGA,FG_PCT,FG3M,FG3A,FG3_PCT,FTM,FTA,FT_PCT,OREB,DREB,REB,AST,STL,BLK,TO,PF,PTS
0022100625,1610612741,Bulls,CHI,Chicago,Starters,128.000000:01,23,48,0.479,4,11,0.364,14,17,0.824,6,11,17,17,3,3,10,5,64
0022100625,1610612741,Bulls,CHI,Chicago,Bench,111.000000:59,15,33,0.455,7,19,0.368,11,14,0.786,4,14,18,5,2,3,7,15,48
0022100625,1610612751,Nets,BKN,Brooklyn,Starters,138.000000:12,31,55,0.564,10,19,0.526,18,19,0.947,5,16,21,29,6,3,7,12,90
0022100625,1610612751,Nets,BKN,Brooklyn,Bench,101.000000:48,18,32,0.563,7,13,0.538,5,9,0.556,2,18,20,6,5,1,2,9,48
