GAME_ID,TEAM_ID,TEAM_NAME,TEAM_ABBREVIATION,TEAM_CITY,STARTERS_BENCH,MIN,FGM,FGA,FG_PCT,FG3M,FG3A,FG3_PCT,FTM,FTA,FT_PCT,OREB,DREB,REB,AST,STL,BLK,TO,PF,PTS
2022100390,1612709926,Hustle,MHU,Memphis,Starters,151.000000:51,30,60,0.5,4,15,0.267,11,18,0.611,6,22,28,13,3,6,10,9,80
2022100390,1612709926,Hustle,MHU,Memphis,Bench,71.000000:25,12,23,0.522,3,8,0.375,3,4,0.75,5,11,16,5,1,2,1,3,32
2022100390,1612709924,Clippers,ACC,Agua Caliente,Starters,169.000000:07,39,82,0.476,5,20,0.25,7,10,0.7,18,26,44,16,10,5,10,20,96
2022100390,1612709924,Clippers,ACC,Agua Caliente,Bench,41.000000:32,1,8,0.125,1,5,0.2,0,0,0.0,1,6,7,0,0,0,2,5,3
