GAME_ID,TEAM_ID,TEAM_NAME,TEAM_ABBREVIATION,TEAM_CITY,STARTERS_BENCH,MIN,FGM,FGA,FG_PCT,FG3M,FG3A,FG3_PCT,FTM,FTA,FT_PCT,OREB,DREB,REB,AST,STL,BLK,TO,PF,PTS
0022101117,1610612764,Wizards,WAS,Washington,Starters,156.000000:49,29,56,0.518,12,22,0.545,15,17,0.882,3,18,21,21,3,3,9,13,85
0022101117,1610612764,Wizards,WAS,Washington,Bench,83.000000:11,15,28,0.536,4,6,0.667,4,5,0.8,2,19,21,12,2,5,3,11,38
0022101117,1610612744,Warriors,GSW,Golden State,Starters,150.000000:28,28,72,0.389,6,29,0.207,23,28,0.821,4,17,21,12,7,0,8,13,85
0022101117,1610612744,Warriors,GSW,Golden State,Bench,65.000000:23,8,14,0.571,2,4,0.5,4,5,0.8,4,15,19,6,1,1,2,9,22
