GAME_ID,TEAM_ID,TEAM_NAME,TEAM_ABBREVIATION,TEAM_CITY,STARTERS_BENCH,MIN,FGM,FGA,FG_PCT,FG3M,FG3A,FG3_PCT,FTM,FTA,FT_PCT,OREB,DREB,REB,AST,STL,BLK,TO,PF,PTS
0022100521,1610612759,Spurs,SAS,San Antonio,Starters,127.000000:43,20,46,0.435,6,22,0.273,13,17,0.765,5,14,19,14,6,0,11,11,59
0022100521,1610612759,Spurs,SAS,San Antonio,Bench,95.000000:00,8,31,0.258,2,11,0.182,11,15,0.733,5,14,19,6,3,4,5,6,29
0022100521,1610612748,Heat,MIA,Miami,Starters,139.000000:07,22,43,0.512,6,13,0.462,12,14,0.857,5,24,29,14,8,0,8,13,62
0022100521,1610612748,Heat,MIA,Miami,Bench,100.000000:53,20,40,0.5,6,17,0.353,4,4,1.0,2,11,13,13,5,3,5,14,50
