GAME_ID,TEAM_ID,TEAM_NAME,TEAM_ABBREVIATION,TEAM_CITY,STARTERS_BENCH,MIN,FGM,FGA,FG_PCT,FG3M,FG3A,FG3_PCT,FTM,FTA,FT_PCT,OREB,DREB,REB,AST,STL,BLK,TO,PF,PTS
0022100928,1610612761,Raptors,TOR,Toronto,Starters,175.000000:19,32,67,0.478,5,17,0.294,17,19,0.895,11,20,31,25,4,2,8,13,86
0022100928,1610612761,Raptors,TOR,Toronto,Bench,40.000000:31,6,16,0.375,2,4,0.5,1,2,0.5,3,7,10,2,1,0,3,4,15
0022100928,1610612751,Nets,BKN,Brooklyn,Starters,163.000000:02,27,56,0.482,8,19,0.421,8,10,0.8,4,20,24,16,1,2,6,14,70
0022100928,1610612751,Nets,BKN,Brooklyn,Bench,75.000000:09,15,27,0.556,2,5,0.4,6,9,0.667,3,10,13,5,2,3,6,7,38
