GAME_ID,TEAM_ID,TEAM_NAME,TEAM_ABBREVIATION,TEAM_CITY,STARTERS_BENCH,MIN,FGM,FGA,FG_PCT,FG3M,FG3A,FG3_PCT,FTM,FTA,FT_PCT,OREB,DREB,REB,AST,STL,BLK,TO,PF,PTS
2022100188,1612709889,Blue,OKL,Oklahoma City,Starters,143.000000:36,27,46,0.587,4,11,0.364,10,14,0.714,7,22,29,18,8,2,13,7,75
2022100188,1612709889,Blue,OKL,Oklahoma City,Bench,96.000000:24,13,41,0.317,5,15,0.333,6,7,0.857,7,14,21,7,2,1,8,13,41
2022100188,1612709924,Clippers,ACC,Agua Caliente,Starters,181.000000:50,38,76,0.5,11,31,0.355,6,9,0.667,9,28,37,25,9,6,12,17,95
2022100188,1612709924,Clippers,ACC,Agua Caliente,Bench,27.000000:16,2,6,0.333,0,3,0.0,1,1,1.0,0,1,1,3,1,0,2,2,5
