GAME_ID,TEAM_ID,TEAM_NAME,TEAM_ABBREVIATION,TEAM_CITY,STARTERS_BENCH,MIN,FGM,FGA,FG_PCT,FG3M,FG3A,FG3_PCT,FTM,FTA,FT_PCT,OREB,DREB,REB,AST,STL,BLK,TO,PF,PTS
0022100569,1610612764,Wizards,WAS,Washington,Starters,165.000000:58,32,76,0.421,9,32,0.281,17,21,0.81,7,28,35,11,6,5,10,20,90
0022100569,1610612764,Wizards,WAS,Washington,Bench,74.000000:02,8,15,0.533,1,7,0.143,4,5,0.8,2,4,6,7,3,1,5,7,21
0022100569,1610612745,Rockets,HOU,Houston,Starters,167.000000:29,30,64,0.469,7,20,0.35,18,24,0.75,6,28,34,13,8,0,13,12,85
0022100569,1610612745,Rockets,HOU,Houston,Bench,72.000000:31,10,21,0.476,2,6,0.333,7,8,0.875,4,10,14,2,2,2,7,12,29
