GAME_ID,TEAM_ID,TEAM_NAME,TEAM_ABBREVIATION,TEAM_CITY,STARTERS_BENCH,MIN,FGM,FGA,FG_PCT,FG3M,FG3A,FG3_PCT,FTM,FTA,FT_PCT,OREB,DREB,REB,AST,STL,BLK,TO,PF,PTS
0022100244,1610612753,Magic,ORL,Orlando,Starters,109.000000:05,14,43,0.326,7,20,0.35,5,7,0.714,1,15,16,10,3,2,3,9,40
0022100244,1610612753,Magic,ORL,Orlando,Bench,130.000000:55,25,55,0.455,12,31,0.387,6,7,0.857,5,18,23,16,2,1,7,15,68
0022100244,1610612749,Bucks,MIL,Milwaukee,Starters,153.000000:32,30,62,0.484,16,29,0.552,20,31,0.645,9,43,52,19,3,5,10,9,96
0022100244,1610612749,Bucks,MIL,Milwaukee,Bench,62.000000:15,4,14,0.286,1,6,0.167,1,2,0.5,1,4,5,6,2,0,3,8,10
