GAME_ID,TEAM_ID,TEAM_NAME,TEAM_ABBREVIATION,TEAM_CITY,STARTERS_BENCH,MIN,FGM,FGA,FG_PCT,FG3M,FG3A,FG3_PCT,FTM,FTA,FT_PCT,OREB,DREB,REB,AST,STL,BLK,TO,PF,PTS
2022100386,1612709918,Legends,TEX,Texas,Starters,199.000000:03,34,73,0.466,12,28,0.429,9,13,0.692,11,34,45,21,5,3,10,12,99
2022100386,1612709918,Legends,TEX,Texas,Bench,50.000000:57,5,18,0.278,1,6,0.167,0,1,0.0,1,6,7,4,1,2,4,6,11
2022100386,1612709913,Squadron,BIR,Birmingham,Starters,179.000000:30,31,63,0.492,6,21,0.286,10,15,0.667,9,24,33,22,9,3,10,11,80
2022100386,1612709913,Squadron,BIR,Birmingham,Bench,70.000000:30,8,28,0.286,4,17,0.235,2,3,0.667,2,12,14,1,3,1,2,4,24
