GAME_ID,TEAM_ID,TEAM_NAME,TEAM_ABBREVIATION,TEAM_CITY,STARTERS_BENCH,MIN,FGM,FGA,FG_PCT,FG3M,FG3A,FG3_PCT,FTM,FTA,FT_PCT,OREB,DREB,REB,AST,STL,BLK,TO,PF,PTS
0022100136,1610612742,Mavericks,DAL,Dallas,Starters,150.000000:29,27,50,0.54,8,22,0.364,12,14,0.857,7,21,28,12,3,6,10,11,74
0022100136,1610612742,Mavericks,DAL,Dallas,Bench,81.000000:01,14,28,0.5,5,17,0.294,0,0,0.0,0,12,12,7,3,0,5,7,33
0022100136,1610612738,Celtics,BOS,Boston,Starters,172.000000:59,35,65,0.538,8,21,0.381,11,16,0.688,7,22,29,17,4,1,8,11,89
0022100136,1610612738,Celtics,BOS,Boston,Bench,41.000000:21,7,15,0.467,1,5,0.2,0,0,0.0,0,2,2,3,0,1,0,1,15
