GAME_ID,TEAM_ID,TEAM_NAME,TEAM_ABBREVIATION,TEAM_CITY,STARTERS_BENCH,MIN,FGM,FGA,FG_PCT,FG3M,FG3A,FG3_PCT,FTM,FTA,FT_PCT,OREB,DREB,REB,AST,STL,BLK,TO,PF,PTS
0022100429,1610612755,76ers,PHI,Philadelphia,Starters,182.000000:13,34,78,0.436,8,29,0.276,17,20,0.85,4,23,27,15,5,3,7,19,93
0022100429,1610612755,76ers,PHI,Philadelphia,Bench,57.000000:47,5,11,0.455,2,5,0.4,0,0,0.0,1,10,11,4,5,1,2,3,12
0022100429,1610612751,Nets,BKN,Brooklyn,Starters,159.000000:58,35,70,0.5,7,17,0.412,11,11,1.0,6,25,31,15,3,3,11,12,88
0022100429,1610612751,Nets,BKN,Brooklyn,Bench,80.000000:02,9,19,0.474,4,6,0.667,4,5,0.8,4,13,17,6,1,0,3,3,26
