GAME_ID,TEAM_ID,TEAM_NAME,TEAM_ABBREVIATION,TEAM_CITY,STARTERS_BENCH,MIN,FGM,FGA,FG_PCT,FG3M,FG3A,FG3_PCT,FTM,FTA,FT_PCT,OREB,DREB,REB,AST,STL,BLK,TO,PF,PTS
2022100143,1612709923,Bulls,WCB,Windy City,Starters,147.000000:54,19,46,0.413,2,17,0.118,10,11,0.909,6,20,26,18,4,1,9,19,56
2022100143,1612709923,Bulls,WCB,Windy City,Bench,38.000000:55,10,16,0.625,0,2,0.0,3,5,0.6,5,7,12,2,2,0,1,10,26
2022100143,1612709928,Go-Go,CCG,Capital City,Starters,136.000000:32,21,44,0.477,3,14,0.214,10,14,0.714,9,16,25,17,4,3,9,18,62
2022100143,1612709928,Go-Go,CCG,Capital City,Bench,103.000000:28,18,34,0.529,1,8,0.125,8,15,0.533,4,16,20,10,9,4,7,12,49
