GAME_ID,TEAM_ID,TEAM_NAME,TEAM_ABBREVIATION,TEAM_CITY,STARTERS_BENCH,MIN,FGM,FGA,FG_PCT,FG3M,FG3A,FG3_PCT,FTM,FTA,FT_PCT,OREB,DREB,REB,AST,STL,BLK,TO,PF,PTS
2022100181,1612709914,Kings,STO,Stockton,Starters,157.000000:09,18,48,0.375,4,18,0.222,4,4,1.0,8,26,34,10,2,7,17,13,46
2022100181,1612709914,Kings,STO,Stockton,Bench,82.000000:51,13,34,0.382,2,17,0.118,1,2,0.5,3,10,13,6,4,5,1,5,30
2022100181,1612709911,Wolves,IWA,Iowa,Starters,128.000000:08,18,42,0.429,4,15,0.267,4,6,0.667,6,17,23,7,6,2,5,6,47
2022100181,1612709911,Wolves,IWA,Iowa,Bench,99.000000:04,13,31,0.419,5,13,0.385,2,3,0.667,3,15,18,6,1,2,9,9,33
