GAME_ID,TEAM_ID,TEAM_NAME,TEAM_ABBREVIATION,TEAM_CITY,STARTERS_BENCH,MIN,FGM,FGA,FG_PCT,FG3M,FG3A,FG3_PCT,FTM,FTA,FT_PCT,OREB,DREB,REB,AST,STL,BLK,TO,PF,PTS
0022100637,1610612744,Warriors,GSW,Golden State,Starters,127.000000:07,31,59,0.525,13,26,0.5,6,9,0.667,8,18,26,23,6,0,3,7,81
0022100637,1610612744,Warriors,GSW,Golden State,Bench,112.000000:53,22,35,0.629,6,16,0.375,7,8,0.875,1,20,21,16,6,5,4,10,57
0022100637,1610612741,Bulls,CHI,Chicago,Starters,113.000000:05,19,38,0.5,5,16,0.313,8,8,1.0,4,16,20,18,1,3,10,8,51
0022100637,1610612741,Bulls,CHI,Chicago,Bench,126.000000:55,18,49,0.367,5,22,0.227,4,10,0.4,6,10,16,8,3,2,4,11,45
