GAME_ID,TEAM_ID,TEAM_NAME,TEAM_ABBREVIATION,TEAM_CITY,STARTERS_BENCH,MIN,FGM,FGA,FG_PCT,FG3M,FG3A,FG3_PCT,FTM,FTA,FT_PCT,OREB,DREB,REB,AST,STL,BLK,TO,PF,PTS
0022100883,1610612744,Warriors,GSW,Golden State,Starters,158.000000:59,29,62,0.468,6,26,0.231,11,18,0.611,5,19,24,17,10,2,7,11,75
0022100883,1610612744,Warriors,GSW,Golden State,Bench,81.000000:01,16,25,0.64,4,8,0.5,5,6,0.833,3,10,13,9,3,3,3,10,41
0022100883,1610612743,Nuggets,DEN,Denver,Starters,134.000000:40,25,54,0.463,5,17,0.294,10,13,0.769,8,27,35,19,2,1,12,8,65
0022100883,1610612743,Nuggets,DEN,Denver,Bench,105.000000:20,18,37,0.486,9,19,0.474,7,8,0.875,4,9,13,8,3,0,6,10,52
