GAME_ID,TEAM_ID,TEAM_NAME,TEAM_ABBREVIATION,TEAM_CITY,STARTERS_BENCH,MIN,FGM,FGA,FG_PCT,FG3M,FG3A,FG3_PCT,FTM,FTA,FT_PCT,OREB,DREB,REB,AST,STL,BLK,TO,PF,PTS
0022100030,1610612765,Pistons,DET,Detroit,Starters,129.000000:41,18,51,0.353,2,14,0.143,4,5,0.8,7,28,35,6,4,5,11,9,42
0022100030,1610612765,Pistons,DET,Detroit,Bench,110.000000:19,16,37,0.432,3,14,0.214,5,10,0.5,4,14,18,8,5,3,9,8,40
0022100030,1610612741,Bulls,CHI,Chicago,Starters,167.000000:23,28,71,0.394,7,21,0.333,9,11,0.818,3,34,37,16,5,9,9,9,72
0022100030,1610612741,Bulls,CHI,Chicago,Bench,61.000000:41,7,10,0.7,4,4,1.0,6,6,1.0,0,5,5,8,7,2,3,7,24
