GAME_ID,TEAM_ID,TEAM_NAME,TEAM_ABBREVIATION,TEAM_CITY,STARTERS_BENCH,MIN,FGM,FGA,FG_PCT,FG3M,FG3A,FG3_PCT,FTM,FTA,FT_PCT,OREB,DREB,REB,AST,STL,BLK,TO,PF,PTS
0022100726,1610612761,Raptors,TOR,Toronto,Starters,136.000000:51,24,50,0.48,6,16,0.375,12,16,0.75,12,12,24,20,15,3,8,9,66
0022100726,1610612761,Raptors,TOR,Toronto,Bench,103.000000:09,27,49,0.551,12,22,0.545,1,6,0.167,4,19,23,15,2,2,4,11,67
0022100726,1610612751,Nets,BKN,Brooklyn,Starters,101.000000:10,12,35,0.343,6,16,0.375,6,7,0.857,10,10,20,12,2,3,10,9,36
0022100726,1610612751,Nets,BKN,Brooklyn,Bench,104.000000:39,15,35,0.429,4,14,0.286,7,10,0.7,4,16,20,9,2,2,7,7,41
