GAME_ID,TEAM_ID,TEAM_NAME,TEAM_ABBREVIATION,TEAM_CITY,STARTERS_BENCH,MIN,FGM,FGA,FG_PCT,FG3M,FG3A,FG3_PCT,FTM,FTA,FT_PCT,OREB,DREB,REB,AST,STL,BLK,TO,PF,PTS
0022100997,1610612765,Pistons,DET,Detroit,Starters,183.000000:45,29,70,0.414,8,28,0.286,17,18,0.944,5,26,31,19,3,3,10,13,83
0022100997,1610612765,Pistons,DET,Detroit,Bench,56.000000:15,6,13,0.462,2,6,0.333,6,6,1.0,6,5,11,2,1,1,4,9,20
0022100997,1610612738,Celtics,BOS,Boston,Starters,167.000000:11,35,74,0.473,5,24,0.208,16,21,0.762,10,25,35,19,8,1,5,11,91
0022100997,1610612738,Celtics,BOS,Boston,Bench,72.000000:49,7,16,0.438,1,8,0.125,8,9,0.889,3,9,12,4,2,2,4,8,23
