GAME_ID,TEAM_ID,TEAM_NAME,TEAM_ABBREVIATION,TEAM_CITY,STARTERS_BENCH,MIN,FGM,FGA,FG_PCT,FG3M,FG3A,FG3_PCT,FTM,FTA,FT_PCT,OREB,DREB,REB,AST,STL,BLK,TO,PF,PTS
2022100242,1612709914,Kings,STO,Stockton,Starters,183.000000:47,37,69,0.536,12,24,0.5,7,12,0.583,8,31,39,17,6,3,10,12,94
2022100242,1612709914,Kings,STO,Stockton,Bench,56.000000:13,7,20,0.35,1,9,0.111,1,1,1.0,3,6,9,13,2,5,4,6,17
2022100242,1612709903,Stars,SLC,Salt Lake City,Starters,156.000000:48,26,64,0.406,4,24,0.167,5,8,0.625,6,13,19,12,3,3,8,10,65
2022100242,1612709903,Stars,SLC,Salt Lake City,Bench,55.000000:46,9,15,0.6,0,0,0.0,2,4,0.5,6,10,16,3,4,2,1,2,21
