GAME_ID,TEAM_ID,TEAM_NAME,TEAM_ABBREVIATION,TEAM_CITY,STARTERS_BENCH,MIN,FGM,FGA,FG_PCT,FG3M,FG3A,FG3_PCT,FTM,FTA,FT_PCT,OREB,DREB,REB,AST,STL,BLK,TO,PF,PTS
0022101152,1610612764,Wizards,WAS,Washington,Starters,143.000000:38,31,58,0.534,12,23,0.522,14,16,0.875,5,20,25,18,6,2,4,14,88
0022101152,1610612764,Wizards,WAS,Washington,Bench,96.000000:22,18,32,0.563,5,10,0.5,6,6,1.0,3,17,20,15,1,2,5,5,47
0022101152,1610612742,Mavericks,DAL,Dallas,Starters,150.000000:26,26,53,0.491,9,24,0.375,20,20,1.0,4,20,24,11,2,2,8,12,81
0022101152,1610612742,Mavericks,DAL,Dallas,Bench,89.000000:34,8,25,0.32,2,14,0.143,4,6,0.667,1,11,12,3,1,1,5,4,22
