GAME_ID,TEAM_ID,TEAM_NAME,TEAM_ABBREVIATION,TEAM_CITY,STARTERS_BENCH,MIN,FGM,FGA,FG_PCT,FG3M,FG3A,FG3_PCT,FTM,FTA,FT_PCT,OREB,DREB,REB,AST,STL,BLK,TO,PF,PTS
0022100923,1610612759,Spurs,SAS,San Antonio,Starters,155.000000:42,29,68,0.426,7,21,0.333,6,11,0.545,9,18,27,22,9,3,5,14,71
0022100923,1610612759,Spurs,SAS,San Antonio,Bench,64.000000:05,11,25,0.44,2,9,0.222,8,8,1.0,2,6,8,7,3,0,4,3,32
0022100923,1610612763,Grizzlies,MEM,Memphis,Starters,140.000000:29,29,50,0.58,6,12,0.5,6,11,0.545,8,23,31,15,3,4,11,9,70
0022100923,1610612763,Grizzlies,MEM,Memphis,Bench,51.000000:05,11,22,0.5,2,8,0.25,0,2,0.0,3,6,9,2,1,0,1,5,24
