GAME_ID,TEAM_ID,TEAM_NAME,TEAM_ABBREVIATION,TEAM_CITY,STARTERS_BENCH,MIN,FGM,FGA,FG_PCT,FG3M,FG3A,FG3_PCT,FTM,FTA,FT_PCT,OREB,DREB,REB,AST,STL,BLK,TO,PF,PTS
0022101035,1610612764,Wizards,WAS,Washington,Starters,129.000000:18,20,43,0.465,4,15,0.267,9,15,0.6,8,18,26,15,3,4,9,8,53
0022101035,1610612764,Wizards,WAS,Washington,Bench,99.000000:49,18,40,0.45,1,7,0.143,10,12,0.833,5,16,21,10,4,3,1,9,47
0022101035,1610612743,Nuggets,DEN,Denver,Starters,126.000000:01,25,47,0.532,6,15,0.4,12,12,1.0,3,19,22,18,6,2,4,10,68
0022101035,1610612743,Nuggets,DEN,Denver,Bench,113.000000:59,21,43,0.488,9,22,0.409,8,9,0.889,5,14,19,12,1,1,5,15,59
