GAME_ID,TEAM_ID,TEAM_NAME,TEAM_ABBREVIATION,TEAM_CITY,STARTERS_BENCH,MIN,FGM,FGA,FG_PCT,FG3M,FG3A,FG3_PCT,FTM,FTA,FT_PCT,OREB,DREB,REB,AST,STL,BLK,TO,PF,PTS
2022100205,1612709923,Bulls,WCB,Windy City,Starters,168.000000:44,22,47,0.468,8,19,0.421,13,16,0.813,7,27,34,16,8,4,16,15,75
2022100205,1612709923,Bulls,WCB,Windy City,Bench,71.000000:17,6,29,0.207,2,14,0.143,0,0,0.0,1,6,7,2,2,3,4,4,14
2022100205,1612709920,905,RAP,Raptors,Starters,158.000000:31,28,56,0.5,7,19,0.368,7,10,0.7,5,19,24,23,9,4,9,14,73
2022100205,1612709920,905,RAP,Raptors,Bench,81.000000:29,11,27,0.407,3,9,0.333,3,5,0.6,4,17,21,2,4,4,5,10,31
