GAME_ID,TEAM_ID,TEAM_NAME,TEAM_ABBREVIATION,TEAM_CITY,STARTERS_BENCH,MIN,FGM,FGA,FG_PCT,FG3M,FG3A,FG3_PCT,FTM,FTA,FT_PCT,OREB,DREB,REB,AST,STL,BLK,TO,PF,PTS
2022100200,1612709921,Nets,LIN,Long Island,Starters,159.000000:39,31,67,0.463,13,29,0.448,7,10,0.7,7,16,23,16,9,2,10,8,87
2022100200,1612709921,Nets,LIN,Long Island,Bench,43.000000:17,5,13,0.385,1,6,0.167,1,1,1.0,1,5,6,2,3,1,3,3,13
2022100200,1612709893,Charge,CLC,Cleveland,Starters,156.000000:33,24,53,0.453,3,11,0.273,4,8,0.5,13,23,36,10,6,6,14,11,59
2022100200,1612709893,Charge,CLC,Cleveland,Bench,34.000000:46,9,20,0.45,4,8,0.5,1,1,1.0,1,3,4,2,2,0,5,1,24
