GAME_ID,TEAM_ID,TEAM_NAME,TEAM_ABBREVIATION,TEAM_CITY,STARTERS_BENCH,MIN,FGM,FGA,FG_PCT,FG3M,FG3A,FG3_PCT,FTM,FTA,FT_PCT,OREB,DREB,REB,AST,STL,BLK,TO,PF,PTS
0022100514,1610612744,Warriors,GSW,Golden State,Starters,149.000000:11,25,53,0.472,10,24,0.417,11,18,0.611,7,20,27,12,5,2,12,11,71
0022100514,1610612744,Warriors,GSW,Golden State,Bench,58.000000:46,5,13,0.385,0,5,0.0,5,13,0.385,1,13,14,5,0,0,3,5,15
0022100514,1610612743,Nuggets,DEN,Denver,Starters,165.000000:59,22,56,0.393,7,23,0.304,12,15,0.8,11,20,31,19,9,4,15,9,63
0022100514,1610612743,Nuggets,DEN,Denver,Bench,74.000000:01,12,27,0.444,1,10,0.1,1,5,0.2,2,11,13,5,1,1,0,10,26
