GAME_ID,TEAM_ID,TEAM_NAME,TEAM_ABBREVIATION,TEAM_CITY,STARTERS_BENCH,MIN,FGM,FGA,FG_PCT,FG3M,FG3A,FG3_PCT,FTM,FTA,FT_PCT,OREB,DREB,REB,AST,STL,BLK,TO,PF,PTS
2022100229,1612709902,Warriors,SCW,Santa Cruz,Starters,151.000000:43,38,63,0.603,13,30,0.433,6,8,0.75,4,21,25,16,6,3,18,12,97
2022100229,1612709902,Warriors,SCW,Santa Cruz,Bench,69.000000:17,4,18,0.222,1,8,0.125,1,2,0.5,1,11,12,9,1,0,5,4,11
2022100229,1612709905,Lakers,SBL,South Bay,Starters,143.000000:59,34,65,0.523,11,26,0.423,6,6,1.0,2,15,17,18,7,4,8,10,89
2022100229,1612709905,Lakers,SBL,South Bay,Bench,53.000000:38,8,24,0.333,2,8,0.25,1,1,1.0,2,7,9,5,3,2,3,3,20
