GAME_ID,TEAM_ID,TEAM_NAME,TEAM_ABBREVIATION,TEAM_CITY,STARTERS_BENCH,MIN,FGM,FGA,FG_PCT,FG3M,FG3A,FG3_PCT,FTM,FTA,FT_PCT,OREB,DREB,REB,AST,STL,BLK,TO,PF,PTS
0022100626,1610612758,Kings,SAC,Sacramento,Starters,164.000000:13,37,65,0.569,8,19,0.421,14,17,0.824,3,27,30,21,5,4,7,9,96
0022100626,1610612758,Kings,SAC,Sacramento,Bench,52.000000:17,8,18,0.444,3,10,0.3,0,0,0.0,3,7,10,4,2,2,2,6,19
0022100626,1610612747,Lakers,LAL,Los Angeles,Starters,157.000000:22,25,69,0.362,9,32,0.281,13,19,0.684,9,25,34,22,5,3,5,13,72
0022100626,1610612747,Lakers,LAL,Los Angeles,Bench,67.000000:40,14,26,0.538,7,15,0.467,1,1,1.0,2,2,4,2,1,0,4,5,36
