GAME_ID,TEAM_ID,TEAM_NAME,TEAM_ABBREVIATION,TEAM_CITY,STARTERS_BENCH,MIN,FGM,FGA,FG_PCT,FG3M,FG3A,FG3_PCT,FTM,FTA,FT_PCT,OREB,DREB,REB,AST,STL,BLK,TO,PF,PTS
0022100839,1610612754,Pacers,IND,Indiana,Starters,164.000000:43,25,59,0.424,15,32,0.469,10,13,0.769,7,21,28,21,5,3,11,16,75
0022100839,1610612754,Pacers,IND,Indiana,Bench,63.000000:12,12,23,0.522,3,6,0.5,0,1,0.0,1,8,9,4,1,1,8,7,27
0022100839,1610612739,Cavaliers,CLE,Cleveland,Starters,152.000000:38,27,52,0.519,3,11,0.273,18,20,0.9,6,15,21,11,8,7,8,11,75
0022100839,1610612739,Cavaliers,CLE,Cleveland,Bench,87.000000:22,16,29,0.552,6,13,0.462,7,10,0.7,0,11,11,9,4,0,5,5,45
