GAME_ID,TEAM_ID,TEAM_NAME,TEAM_ABBREVIATION,TEAM_CITY,STARTERS_BENCH,MIN,FGM,FGA,FG_PCT,FG3M,FG3A,FG3_PCT,FTM,FTA,FT_PCT,OREB,DREB,REB,AST,STL,BLK,TO,PF,PTS
0022101056,1610612756,Suns,PHX,Phoenix,Starters,154.000000:49,33,57,0.579,7,17,0.412,15,17,0.882,8,25,33,16,2,3,7,13,88
0022101056,1610612756,Suns,PHX,Phoenix,Bench,66.000000:42,14,23,0.609,4,8,0.5,9,9,1.0,2,11,13,3,2,1,3,7,41
0022101056,1610612741,Bulls,CHI,Chicago,Starters,140.000000:13,19,49,0.388,1,9,0.111,18,23,0.783,7,12,19,13,4,0,6,10,57
0022101056,1610612741,Bulls,CHI,Chicago,Bench,84.000000:39,12,29,0.414,6,18,0.333,4,4,1.0,2,11,13,6,1,0,4,7,34
