GAME_ID,TEAM_ID,TEAM_NAME,TEAM_ABBREVIATION,TEAM_CITY,STARTERS_BENCH,MIN,FGM,FGA,FG_PCT,FG3M,FG3A,FG3_PCT,FTM,FTA,FT_PCT,OREB,DREB,REB,AST,STL,BLK,TO,PF,PTS
0012100033,1610612764,Wizards,WAS,Washington,Starters,113.000000:35,16,41,0.39,3,14,0.214,7,11,0.636,1,14,15,10,10,5,5,9,42
0012100033,1610612764,Wizards,WAS,Washington,Bench,88.000000:13,12,34,0.353,2,15,0.133,9,9,1.0,2,13,15,5,1,0,4,6,35
0012100033,1610612752,Knicks,NYK,New York,Starters,126.000000:44,19,44,0.432,10,28,0.357,11,14,0.786,1,20,21,11,1,3,11,13,59
0012100033,1610612752,Knicks,NYK,New York,Bench,113.000000:16,19,40,0.475,14,24,0.583,6,8,0.75,4,24,28,16,5,3,7,15,58
