GAME_ID,TEAM_ID,TEAM_NAME,TEAM_ABBREVIATION,TEAM_CITY,STARTERS_BENCH,MIN,FGM,FGA,FG_PCT,FG3M,FG3A,FG3_PCT,FTM,FTA,FT_PCT,OREB,DREB,REB,AST,STL,BLK,TO,PF,PTS
0022101184,1610612764,Wizards,WAS,Washington,Starters,143.000000:04,34,61,0.557,10,21,0.476,2,6,0.333,5,19,24,16,2,1,7,15,80
0022101184,1610612764,Wizards,WAS,Washington,Bench,96.000000:56,22,40,0.55,3,9,0.333,5,8,0.625,4,24,28,22,2,3,3,10,52
0022101184,1610612750,Timberwolves,MIN,Minnesota,Starters,147.000000:31,33,69,0.478,9,28,0.321,8,12,0.667,5,21,26,19,1,2,5,8,83
0022101184,1610612750,Timberwolves,MIN,Minnesota,Bench,92.000000:29,8,22,0.364,5,13,0.385,10,13,0.769,1,11,12,8,5,1,4,8,31
