GAME_ID,TEAM_ID,TEAM_NAME,TEAM_ABBREVIATION,TEAM_CITY,STARTERS_BENCH,MIN,FGM,FGA,FG_PCT,FG3M,FG3A,FG3_PCT,FTM,FTA,FT_PCT,OREB,DREB,REB,AST,STL,BLK,TO,PF,PTS
0022100170,1610612748,Heat,MIA,Miami,Starters,175.000000:49,23,60,0.383,5,25,0.2,24,28,0.857,7,28,35,21,13,1,10,17,75
0022100170,1610612748,Heat,MIA,Miami,Bench,79.000000:25,15,33,0.455,5,12,0.417,3,3,1.0,2,5,7,5,1,1,4,5,38
0022100170,1610612747,Lakers,LAL,Los Angeles,Starters,159.000000:35,27,61,0.443,9,20,0.45,6,8,0.75,7,28,35,20,4,4,16,15,69
0022100170,1610612747,Lakers,LAL,Los Angeles,Bench,105.000000:25,19,31,0.613,9,18,0.5,4,8,0.5,2,13,15,6,1,2,6,12,51
