GAME_ID,TEAM_ID,TEAM_NAME,TEAM_ABBREVIATION,TEAM_CITY,STARTERS_BENCH,MIN,FGM,FGA,FG_PCT,FG3M,FG3A,FG3_PCT,FTM,FTA,FT_PCT,OREB,DREB,REB,AST,STL,BLK,TO,PF,PTS
2022100296,1612709927,Herd,WIS,Wisconsin,Starters,182.000000:57,36,83,0.434,14,39,0.359,5,10,0.5,12,27,39,20,8,4,20,12,94
2022100296,1612709927,Herd,WIS,Wisconsin,Bench,45.000000:59,4,10,0.4,1,5,0.2,1,2,0.5,4,5,9,6,2,3,4,5,11
2022100296,1612709932,Cruise,MCC,Motor City,Starters,150.000000:57,27,63,0.429,9,27,0.333,6,10,0.6,13,21,34,22,6,3,14,9,73
2022100296,1612709932,Cruise,MCC,Motor City,Bench,89.000000:03,14,35,0.4,5,19,0.263,2,2,1.0,5,14,19,3,5,2,6,10,37
