GAME_ID,TEAM_ID,TEAM_NAME,TEAM_ABBREVIATION,TEAM_CITY,STARTERS_BENCH,MIN,FGM,FGA,FG_PCT,FG3M,FG3A,FG3_PCT,FTM,FTA,FT_PCT,OREB,DREB,REB,AST,STL,BLK,TO,PF,PTS
0012100023,1610612761,Raptors,TOR,Toronto,Starters,130.000000:02,23,49,0.469,7,21,0.333,6,7,0.857,9,11,20,14,8,1,9,10,59
0012100023,1610612761,Raptors,TOR,Toronto,Bench,109.000000:58,19,38,0.5,4,16,0.25,12,14,0.857,4,9,13,7,4,4,9,9,54
0012100023,1610612755,76ers,PHI,Philadelphia,Starters,104.000000:33,20,41,0.488,9,20,0.45,6,7,0.857,6,14,20,12,5,2,7,6,55
0012100023,1610612755,76ers,PHI,Philadelphia,Bench,135.000000:27,27,46,0.587,9,17,0.529,7,10,0.7,5,12,17,16,9,3,13,19,70
