GAME_ID,TEAM_ID,TEAM_NAME,TEAM_ABBREVIATION,TEAM_CITY,STARTERS_BENCH,MIN,FGM,FGA,FG_PCT,FG3M,FG3A,FG3_PCT,FTM,FTA,FT_PCT,OREB,DREB,REB,AST,STL,BLK,TO,PF,PTS
2022100080,1612709914,Kings,STO,Stockton,Starters,155.000000:53,25,60,0.417,4,21,0.19,10,14,0.714,10,20,30,15,7,3,12,11,68
2022100080,1612709914,Kings,STO,Stockton,Bench,71.000000:34,12,27,0.444,3,11,0.273,2,3,0.667,3,8,11,9,3,0,4,2,30
2022100080,1612709889,Blue,OKL,Oklahoma City,Starters,156.000000:18,34,59,0.576,8,15,0.533,6,7,0.857,4,22,26,24,8,1,6,12,87
2022100080,1612709889,Blue,OKL,Oklahoma City,Bench,75.000000:33,9,22,0.409,6,16,0.375,2,3,0.667,1,15,16,10,2,1,7,4,28
