GAME_ID,TEAM_ID,TEAM_NAME,TEAM_ABBREVIATION,TEAM_CITY,STARTERS_BENCH,MIN,FGM,FGA,FG_PCT,FG3M,FG3A,FG3_PCT,FTM,FTA,FT_PCT,OREB,DREB,REB,AST,STL,BLK,TO,PF,PTS
2052100181,1612709927,Herd,WIS,Wisconsin,Starters,160.000000:57,25,60,0.417,8,26,0.308,3,5,0.6,6,23,29,19,9,3,13,16,63
2052100181,1612709927,Herd,WIS,Wisconsin,Bench,44.000000:43,9,19,0.474,4,9,0.444,3,3,1.0,3,6,9,3,1,1,3,6,27
2052100181,1612709905,Lakers,SBL,South Bay,Starters,177.000000:01,33,62,0.532,12,24,0.5,5,10,0.5,6,34,40,23,4,5,15,12,88
2052100181,1612709905,Lakers,SBL,South Bay,Bench,62.000000:59,11,23,0.478,5,11,0.455,3,4,0.75,2,7,9,6,3,0,7,11,31
