GAME_ID,TEAM_ID,TEAM_NAME,TEAM_ABBREVIATION,TEAM_CITY,STARTERS_BENCH,MIN,FGM,FGA,FG_PCT,FG3M,FG3A,FG3_PCT,FTM,FTA,FT_PCT,OREB,DREB,REB,AST,STL,BLK,TO,PF,PTS
0022100171,1610612761,Raptors,TOR,Toronto,Starters,183.000000:53,32,76,0.421,12,26,0.462,13,13,1.0,10,23,33,21,7,5,7,12,89
0022100171,1610612761,Raptors,TOR,Toronto,Bench,56.000000:07,10,20,0.5,2,7,0.286,4,4,1.0,6,8,14,4,3,2,4,6,26
0022100171,1610612755,76ers,PHI,Philadelphia,Starters,161.000000:17,27,61,0.443,6,18,0.333,17,17,1.0,6,23,29,20,4,7,9,8,77
0022100171,1610612755,76ers,PHI,Philadelphia,Bench,78.000000:44,13,27,0.481,5,16,0.313,1,2,0.5,3,7,10,9,4,1,3,8,32
