GAME_ID,TEAM_ID,TEAM_NAME,TEAM_ABBREVIATION,TEAM_CITY,STARTERS_BENCH,MIN,FGM,FGA,FG_PCT,FG3M,FG3A,FG3_PCT,FTM,FTA,FT_PCT,OREB,DREB,REB,AST,STL,BLK,TO,PF,PTS
0022100422,1610612760,Thunder,OKC,Oklahoma City,Starters,138.000000:36,22,58,0.379,5,17,0.294,9,9,1.0,5,18,23,12,5,2,5,15,58
0022100422,1610612760,Thunder,OKC,Oklahoma City,Bench,101.000000:24,17,35,0.486,8,18,0.444,10,10,1.0,3,16,19,10,3,2,3,10,52
0022100422,1610612740,Pelicans,NOP,New Orleans,Starters,172.000000:43,30,59,0.508,8,19,0.421,19,26,0.731,7,30,37,19,4,2,10,13,87
0022100422,1610612740,Pelicans,NOP,New Orleans,Bench,43.000000:12,6,14,0.429,3,7,0.429,2,6,0.333,0,7,7,3,2,0,1,5,17
