GAME_ID,TEAM_ID,TEAM_NAME,TEAM_ABBREVIATION,TEAM_CITY,STARTERS_BENCH,MIN,FGM,FGA,FG_PCT,FG3M,FG3A,FG3_PCT,FTM,FTA,FT_PCT,OREB,DREB,REB,AST,STL,BLK,TO,PF,PTS
0022101009,1610612761,Raptors,TOR,Toronto,Starters,147.000000:53,31,69,0.449,10,24,0.417,12,17,0.706,7,17,24,20,8,2,5,13,84
0022101009,1610612761,Raptors,TOR,Toronto,Bench,92.000000:07,17,33,0.515,2,7,0.286,7,8,0.875,16,10,26,8,4,4,2,10,43
0022101009,1610612743,Nuggets,DEN,Denver,Starters,141.000000:51,28,44,0.636,2,9,0.222,11,16,0.688,5,19,24,20,1,3,12,12,69
0022101009,1610612743,Nuggets,DEN,Denver,Bench,98.000000:09,15,34,0.441,9,18,0.5,7,8,0.875,4,11,15,12,3,2,7,11,46
