GAME_ID,TEAM_ID,TEAM_NAME,TEAM_ABBREVIATION,TEAM_CITY,STARTERS_BENCH,MIN,FGM,FGA,FG_PCT,FG3M,FG3A,FG3_PCT,FTM,FTA,FT_PCT,OREB,DREB,REB,AST,STL,BLK,TO,PF,PTS
0022100294,1610612756,Suns,PHX,Phoenix,Starters,169.000000:15,30,64,0.469,8,23,0.348,12,13,0.923,5,21,26,13,10,0,8,12,80
0022100294,1610612756,Suns,PHX,Phoenix,Bench,70.000000:45,11,28,0.393,5,15,0.333,6,8,0.75,6,9,15,4,1,1,4,5,33
0022100294,1610612751,Nets,BKN,Brooklyn,Starters,184.000000:50,37,73,0.507,7,21,0.333,15,19,0.789,5,35,40,24,7,4,16,7,96
0022100294,1610612751,Nets,BKN,Brooklyn,Bench,50.000000:33,5,11,0.455,0,2,0.0,1,2,0.5,5,2,7,1,0,1,3,7,11
