GAME_ID,TEAM_ID,TEAM_NAME,TEAM_ABBREVIATION,TEAM_CITY,STARTERS_BENCH,MIN,FGM,FGA,FG_PCT,FG3M,FG3A,FG3_PCT,FTM,FTA,FT_PCT,OREB,DREB,REB,AST,STL,BLK,TO,PF,PTS
0022100081,1610612761,Raptors,TOR,Toronto,Starters,151.000000:36,26,64,0.406,7,22,0.318,5,9,0.556,4,25,29,12,6,3,11,9,64
0022100081,1610612761,Raptors,TOR,Toronto,Bench,88.000000:24,13,28,0.464,4,10,0.4,3,3,1.0,8,11,19,6,2,1,4,8,33
0022100081,1610612754,Pacers,IND,Indiana,Starters,157.000000:52,25,50,0.5,6,22,0.273,9,14,0.643,8,27,35,21,6,5,13,9,65
0022100081,1610612754,Pacers,IND,Indiana,Bench,73.000000:40,10,30,0.333,7,20,0.35,2,2,1.0,0,5,5,3,2,4,5,8,29
