GAME_ID,TEAM_ID,TEAM_NAME,TEAM_ABBREVIATION,TEAM_CITY,STARTERS_BENCH,MIN,FGM,FGA,FG_PCT,FG3M,FG3A,FG3_PCT,FTM,FTA,FT_PCT,OREB,DREB,REB,AST,STL,BLK,TO,PF,PTS
0022101218,1610612749,Bucks,MIL,Milwaukee,Starters,160.000000:50,27,66,0.409,7,21,0.333,21,23,0.913,5,29,34,15,4,2,9,8,82
0022101218,1610612749,Bucks,MIL,Milwaukee,Bench,79.000000:10,12,22,0.545,5,9,0.556,4,9,0.444,3,4,7,12,3,0,3,6,33
0022101218,1610612739,Cavaliers,CLE,Cleveland,Starters,113.000000:24,24,42,0.571,7,17,0.412,7,9,0.778,4,17,21,17,2,4,2,7,62
0022101218,1610612739,Cavaliers,CLE,Cleveland,Bench,126.000000:36,27,52,0.519,12,21,0.571,5,8,0.625,6,21,27,22,3,1,8,19,71
