GAME_ID,TEAM_ID,TEAM_NAME,TEAM_ABBREVIATION,TEAM_CITY,STARTERS_BENCH,MIN,FGM,FGA,FG_PCT,FG3M,FG3A,FG3_PCT,FTM,FTA,FT_PCT,OREB,DREB,REB,AST,STL,BLK,TO,PF,PTS
2022100463,1612709932,Cruise,MCC,Motor City,Starters,153.000000:04,27,58,0.466,12,27,0.444,9,12,0.75,3,26,29,15,6,3,13,12,78
2022100463,1612709932,Cruise,MCC,Motor City,Bench,86.000000:56,12,27,0.444,8,17,0.471,4,5,0.8,4,8,12,14,1,5,6,9,40
2022100463,1612709909,Blue Coats,DEL,Delaware,Starters,156.000000:01,24,64,0.375,5,16,0.313,5,6,0.833,10,28,38,15,8,9,7,13,61
2022100463,1612709909,Blue Coats,DEL,Delaware,Bench,69.000000:31,14,23,0.609,4,7,0.571,5,7,0.714,2,10,12,7,2,1,5,9,41
