GAME_ID,TEAM_ID,TEAM_NAME,TEAM_ABBREVIATION,TEAM_CITY,STARTERS_BENCH,MIN,FGM,FGA,FG_PCT,FG3M,FG3A,FG3_PCT,FTM,FTA,FT_PCT,OREB,DREB,REB,AST,STL,BLK,TO,PF,PTS
0022101214,1610612755,76ers,PHI,Philadelphia,Starters,167.000000:08,41,72,0.569,11,30,0.367,21,25,0.84,8,25,33,26,7,3,12,15,114
0022101214,1610612755,76ers,PHI,Philadelphia,Bench,66.000000:46,9,17,0.529,1,4,0.25,0,2,0.0,6,3,9,11,7,0,2,9,19
0022101214,1610612754,Pacers,IND,Indiana,Starters,148.000000:57,26,48,0.542,6,12,0.5,21,26,0.808,4,16,20,17,5,4,12,14,79
0022101214,1610612754,Pacers,IND,Indiana,Bench,91.000000:03,15,30,0.5,4,11,0.364,7,10,0.7,3,8,11,11,3,2,5,8,41
