GAME_ID,TEAM_ID,TEAM_NAME,TEAM_ABBREVIATION,TEAM_CITY,STARTERS_BENCH,MIN,FGM,FGA,FG_PCT,FG3M,FG3A,FG3_PCT,FTM,FTA,FT_PCT,OREB,DREB,REB,AST,STL,BLK,TO,PF,PTS
0022100080,1610612752,Knicks,NYK,New York,Starters,169.000000:57,31,55,0.564,17,25,0.68,12,14,0.857,1,23,24,17,6,1,9,10,91
0022100080,1610612752,Knicks,NYK,New York,Bench,70.000000:03,11,26,0.423,2,8,0.25,8,11,0.727,4,9,13,5,1,3,3,11,32
0022100080,1610612740,Pelicans,NOP,New Orleans,Starters,163.000000:06,33,70,0.471,8,25,0.32,11,13,0.846,11,21,32,25,6,0,5,13,85
0022100080,1610612740,Pelicans,NOP,New Orleans,Bench,76.000000:54,9,22,0.409,3,8,0.375,11,11,1.0,1,10,11,5,1,3,6,11,32
