GAME_ID,TEAM_ID,TEAM_NAME,TEAM_ABBREVIATION,TEAM_CITY,STARTERS_BENCH,MIN,FGM,FGA,FG_PCT,FG3M,FG3A,FG3_PCT,FTM,FTA,FT_PCT,OREB,DREB,REB,AST,STL,BLK,TO,PF,PTS
2052100154,1612709927,Herd,WIS,Wisconsin,Starters,138.000000:17,29,61,0.475,5,16,0.313,7,11,0.636,12,19,31,10,4,3,10,8,75
2052100154,1612709927,Herd,WIS,Wisconsin,Bench,25.000000:09,6,12,0.5,3,6,0.5,1,2,0.5,0,5,5,2,0,0,0,1,17
2052100154,1612709893,Charge,CLC,Cleveland,Starters,166.000000:33,27,71,0.38,13,36,0.361,8,9,0.889,11,28,39,22,9,4,13,16,81
2052100154,1612709893,Charge,CLC,Cleveland,Bench,56.000000:29,7,24,0.292,4,14,0.286,3,4,0.75,2,5,7,3,0,1,2,6,24
