GAME_ID,TEAM_ID,TEAM_NAME,TEAM_ABBREVIATION,TEAM_CITY,STARTERS_BENCH,MIN,FGM,FGA,FG_PCT,FG3M,FG3A,FG3_PCT,FTM,FTA,FT_PCT,OREB,DREB,REB,AST,STL,BLK,TO,PF,PTS
0022100433,1610612753,Magic,ORL,Orlando,Starters,154.000000:39,36,68,0.529,7,19,0.368,8,10,0.8,7,21,28,17,9,4,6,9,87
0022100433,1610612753,Magic,ORL,Orlando,Bench,85.000000:21,7,21,0.333,4,13,0.308,0,0,0.0,2,6,8,6,1,1,5,10,18
0022100433,1610612748,Heat,MIA,Miami,Starters,155.000000:51,26,50,0.52,11,24,0.458,9,12,0.75,4,15,19,24,4,4,12,10,72
0022100433,1610612748,Heat,MIA,Miami,Bench,68.000000:33,13,25,0.52,8,11,0.727,3,5,0.6,8,16,24,1,1,0,3,4,37
