GAME_ID,TEAM_ID,TEAM_NAME,TEAM_ABBREVIATION,TEAM_CITY,STARTERS_BENCH,MIN,FGM,FGA,FG_PCT,FG3M,FG3A,FG3_PCT,FTM,FTA,FT_PCT,OREB,DREB,REB,AST,STL,BLK,TO,PF,PTS
0022100667,1610612744,Warriors,GSW,Golden State,Starters,126.000000:45,24,49,0.49,12,27,0.444,10,12,0.833,5,24,29,17,10,2,6,10,70
0022100667,1610612744,Warriors,GSW,Golden State,Bench,113.000000:15,10,34,0.294,2,15,0.133,10,15,0.667,8,17,25,9,2,1,7,15,32
0022100667,1610612765,Pistons,DET,Detroit,Starters,129.000000:58,18,53,0.34,5,19,0.263,7,9,0.778,8,18,26,5,3,1,8,13,48
0022100667,1610612765,Pistons,DET,Detroit,Bench,110.000000:02,12,32,0.375,4,15,0.267,10,15,0.667,3,21,24,13,1,4,8,10,38
