GAME_ID,TEAM_ID,TEAM_NAME,TEAM_ABBREVIATION,TEAM_CITY,STARTERS_BENCH,MIN,FGM,FGA,FG_PCT,FG3M,FG3A,FG3_PCT,FTM,FTA,FT_PCT,OREB,DREB,REB,AST,STL,BLK,TO,PF,PTS
0022101010,1610612762,Jazz,UTA,Utah,Starters,166.000000:14,28,54,0.519,8,23,0.348,13,21,0.619,8,30,38,14,3,4,5,12,77
0022101010,1610612762,Jazz,UTA,Utah,Bench,60.000000:50,20,32,0.625,8,18,0.444,8,8,1.0,2,3,5,6,1,1,4,6,56
0022101010,1610612758,Kings,SAC,Sacramento,Starters,135.000000:03,30,56,0.536,9,20,0.45,12,12,1.0,4,10,14,17,4,2,5,14,81
0022101010,1610612758,Kings,SAC,Sacramento,Bench,104.000000:57,17,38,0.447,4,13,0.308,6,9,0.667,4,15,19,10,2,1,2,6,44
