GAME_ID,TEAM_ID,TEAM_NAME,TEAM_ABBREVIATION,TEAM_CITY,STARTERS_BENCH,MIN,FGM,FGA,FG_PCT,FG3M,FG3A,FG3_PCT,FTM,FTA,FT_PCT,OREB,DREB,REB,AST,STL,BLK,TO,PF,PTS
0022100675,1610612761,Raptors,TOR,Toronto,Starters,189.000000:51,28,73,0.384,5,26,0.192,19,23,0.826,9,19,28,17,7,1,11,12,80
0022100675,1610612761,Raptors,TOR,Toronto,Bench,50.000000:09,7,18,0.389,3,6,0.5,1,2,0.5,7,9,16,0,4,0,1,9,18
0022100675,1610612742,Mavericks,DAL,Dallas,Starters,168.000000:57,26,59,0.441,5,23,0.217,19,20,0.95,5,29,34,17,5,0,13,11,76
0022100675,1610612742,Mavericks,DAL,Dallas,Bench,53.000000:51,10,16,0.625,4,10,0.4,0,0,0.0,4,5,9,4,0,0,3,6,24
