GAME_ID,TEAM_ID,TEAM_NAME,TEAM_ABBREVIATION,TEAM_CITY,STARTERS_BENCH,MIN,FGM,FGA,FG_PCT,FG3M,FG3A,FG3_PCT,FTM,FTA,FT_PCT,OREB,DREB,REB,AST,STL,BLK,TO,PF,PTS
0012100064,1610612749,Bucks,MIL,Milwaukee,Starters,127.000000:57,29,55,0.527,9,25,0.36,10,13,0.769,1,24,25,11,4,5,7,6,77
0012100064,1610612749,Bucks,MIL,Milwaukee,Bench,68.000000:46,7,17,0.412,1,10,0.1,0,0,0.0,3,7,10,6,5,0,4,4,15
0012100064,1610612742,Mavericks,DAL,Dallas,Starters,93.000000:22,21,39,0.538,9,18,0.5,5,5,1.0,7,16,23,16,2,1,3,3,56
0012100064,1610612742,Mavericks,DAL,Dallas,Bench,146.000000:38,23,59,0.39,5,21,0.238,7,9,0.778,11,21,32,14,7,4,9,14,58
