GAME_ID,TEAM_ID,TEAM_NAME,TEAM_ABBREVIATION,TEAM_CITY,STARTERS_BENCH,MIN,FGM,FGA,FG_PCT,FG3M,FG3A,FG3_PCT,FTM,FTA,FT_PCT,OREB,DREB,REB,AST,STL,BLK,TO,PF,PTS
2022100452,1612709914,Kings,STO,Stockton,Starters,164.000000:18,27,56,0.482,3,14,0.214,4,9,0.444,9,15,24,15,10,6,12,16,62
2022100452,1612709914,Kings,STO,Stockton,Bench,75.000000:42,16,30,0.533,4,9,0.444,1,2,0.5,2,12,14,1,0,0,1,5,38
2022100452,1612709908,Vipers,RGV,Rio Grande Valley,Starters,174.000000:52,34,70,0.486,12,33,0.364,8,12,0.667,11,28,39,17,4,3,15,12,93
2022100452,1612709908,Vipers,RGV,Rio Grande Valley,Bench,53.000000:44,3,13,0.231,2,10,0.2,4,5,0.8,4,8,12,4,1,3,2,3,17
