GAME_ID,TEAM_ID,TEAM_NAME,TEAM_ABBREVIATION,TEAM_CITY,STARTERS_BENCH,MIN,FGM,FGA,FG_PCT,FG3M,FG3A,FG3_PCT,FTM,FTA,FT_PCT,OREB,DREB,REB,AST,STL,BLK,TO,PF,PTS
0022100800,1610612757,Trail Blazers,POR,Portland,Starters,125.000000:46,23,52,0.442,9,30,0.3,3,5,0.6,5,12,17,13,3,3,10,7,58
0022100800,1610612757,Trail Blazers,POR,Portland,Bench,94.000000:28,15,28,0.536,5,14,0.357,9,16,0.563,4,10,14,11,3,2,5,9,44
0022100800,1610612749,Bucks,MIL,Milwaukee,Starters,124.000000:02,30,48,0.625,15,27,0.556,15,20,0.75,3,19,22,26,7,4,5,6,90
0022100800,1610612749,Bucks,MIL,Milwaukee,Bench,98.000000:33,18,39,0.462,7,19,0.368,1,2,0.5,6,10,16,10,2,1,5,9,44
