GAME_ID,TEAM_ID,TEAM_NAME,TEAM_ABBREVIATION,TEAM_CITY,STARTERS_BENCH,MIN,FGM,FGA,FG_PCT,FG3M,FG3A,FG3_PCT,FTM,FTA,FT_PCT,OREB,DREB,REB,AST,STL,BLK,TO,PF,PTS
0022100987,1610612753,Magic,ORL,Orlando,Starters,115.000000:01,21,41,0.512,7,17,0.412,9,10,0.9,6,16,22,13,2,1,7,11,58
0022100987,1610612753,Magic,ORL,Orlando,Bench,124.000000:59,15,35,0.429,7,20,0.35,13,16,0.813,1,22,23,12,2,0,11,9,50
0022100987,1610612740,Pelicans,NOP,New Orleans,Starters,153.000000:23,34,65,0.523,5,18,0.278,11,16,0.688,6,20,26,15,5,2,8,14,84
0022100987,1610612740,Pelicans,NOP,New Orleans,Bench,71.000000:33,7,22,0.318,2,11,0.182,2,2,1.0,3,8,11,7,6,0,2,7,18
