GAME_ID,TEAM_ID,TEAM_NAME,TEAM_ABBREVIATION,TEAM_CITY,STARTERS_BENCH,MIN,FGM,FGA,FG_PCT,FG3M,FG3A,FG3_PCT,FTM,FTA,FT_PCT,OREB,DREB,REB,AST,STL,BLK,TO,PF,PTS
2052100185,1612709917,Gold,GRG,Grand Rapids,Starters,171.000000:32,30,56,0.536,3,14,0.214,10,12,0.833,7,13,20,16,7,1,17,18,81
2052100185,1612709917,Gold,GRG,Grand Rapids,Bench,53.000000:24,7,21,0.333,1,9,0.111,0,0,0.0,1,12,13,0,4,0,5,11,15
2052100185,1612709930,Ignite,GLI,G League,Starters,135.000000:34,21,41,0.512,2,11,0.182,10,12,0.833,8,22,30,17,4,4,13,17,63
2052100185,1612709930,Ignite,GLI,G League,Bench,104.000000:26,25,43,0.581,4,13,0.308,4,6,0.667,5,12,17,13,4,1,10,8,60
