GAME_ID,TEAM_ID,TEAM_NAME,TEAM_ABBREVIATION,TEAM_CITY,STARTERS_BENCH,MIN,FGM,FGA,FG_PCT,FG3M,FG3A,FG3_PCT,FTM,FTA,FT_PCT,OREB,DREB,REB,AST,STL,BLK,TO,PF,PTS
0022100437,1610612762,Jazz,UTA,Utah,Starters,152.000000:33,31,65,0.477,9,26,0.346,17,20,0.85,9,26,35,18,2,4,3,10,88
0022100437,1610612762,Jazz,UTA,Utah,Bench,74.000000:15,11,23,0.478,4,11,0.364,4,6,0.667,4,7,11,8,3,2,6,5,30
0022100437,1610612759,Spurs,SAS,San Antonio,Starters,160.000000:56,34,66,0.515,9,26,0.346,10,14,0.714,8,22,30,20,5,4,5,9,87
0022100437,1610612759,Spurs,SAS,San Antonio,Bench,68.000000:58,15,31,0.484,6,14,0.429,1,2,0.5,3,10,13,7,3,0,2,6,37
