GAME_ID,TEAM_ID,TEAM_NAME,TEAM_ABBREVIATION,TEAM_CITY,STARTERS_BENCH,MIN,FGM,FGA,FG_PCT,FG3M,FG3A,FG3_PCT,FTM,FTA,FT_PCT,OREB,DREB,REB,AST,STL,BLK,TO,PF,PTS
2052100099,1612709903,Stars,SLC,Salt Lake City,Starters,158.000000:19,28,71,0.394,6,21,0.286,6,8,0.75,4,19,23,15,2,8,5,12,71
2052100099,1612709903,Stars,SLC,Salt Lake City,Bench,66.000000:03,9,20,0.45,3,7,0.429,1,1,1.0,5,10,15,2,4,1,6,5,23
2052100099,1612709924,Clippers,ACC,Agua Caliente,Starters,157.000000:46,34,61,0.557,13,21,0.619,6,7,0.857,1,33,34,21,3,6,9,11,93
2052100099,1612709924,Clippers,ACC,Agua Caliente,Bench,79.000000:08,12,23,0.522,4,10,0.4,6,7,0.857,3,8,11,10,3,4,3,6,37
