GAME_ID,TEAM_ID,TEAM_NAME,TEAM_ABBREVIATION,TEAM_CITY,STARTERS_BENCH,MIN,FGM,FGA,FG_PCT,FG3M,FG3A,FG3_PCT,FTM,FTA,FT_PCT,OREB,DREB,REB,AST,STL,BLK,TO,PF,PTS
0022101025,1610612764,Wizards,WAS,Washington,Starters,136.000000:09,25,48,0.521,3,16,0.188,14,15,0.933,4,20,24,15,6,0,10,9,67
0022101025,1610612764,Wizards,WAS,Washington,Bench,83.000000:18,13,28,0.464,7,10,0.7,3,5,0.6,0,7,7,13,1,1,1,7,36
0022101025,1610612744,Warriors,GSW,Golden State,Starters,152.000000:36,37,70,0.529,14,35,0.4,15,17,0.882,5,22,27,16,6,4,9,13,103
0022101025,1610612744,Warriors,GSW,Golden State,Bench,68.000000:54,7,11,0.636,3,7,0.429,3,5,0.6,1,15,16,9,1,0,4,6,20
