GAME_ID,TEAM_ID,TEAM_NAME,TEAM_ABBREVIATION,TEAM_CITY,STARTERS_BENCH,MIN,FGM,FGA,FG_PCT,FG3M,FG3A,FG3_PCT,FTM,FTA,FT_PCT,OREB,DREB,REB,AST,STL,BLK,TO,PF,PTS
0022100885,1610612748,Heat,MIA,Miami,Starters,229.000000:24,31,77,0.403,14,37,0.378,15,21,0.714,13,33,46,25,4,5,12,16,91
0022100885,1610612748,Heat,MIA,Miami,Bench,60.000000:36,10,25,0.4,0,11,0.0,0,2,0.0,2,8,10,6,0,0,2,7,20
0022100885,1610612766,Hornets,CHA,Charlotte,Starters,186.000000:27,23,61,0.377,5,28,0.179,14,17,0.824,8,34,42,23,3,2,14,18,65
0022100885,1610612766,Hornets,CHA,Charlotte,Bench,103.000000:33,15,34,0.441,5,14,0.357,7,13,0.538,9,7,16,4,3,2,4,10,42
