GAME_ID,TEAM_ID,TEAM_NAME,TEAM_ABBREVIATION,TEAM_CITY,STARTERS_BENCH,MIN,FGM,FGA,FG_PCT,FG3M,FG3A,FG3_PCT,FTM,FTA,FT_PCT,OREB,DREB,REB,AST,STL,BLK,TO,PF,PTS
0022100750,1610612744,Warriors,GSW,Golden State,Starters,156.000000:53,29,66,0.439,11,31,0.355,12,13,0.923,13,29,42,16,7,7,8,15,81
0022100750,1610612744,Warriors,GSW,Golden State,Bench,49.000000:32,9,25,0.36,3,10,0.3,4,5,0.8,2,6,8,7,0,1,2,7,25
0022100750,1610612751,Nets,BKN,Brooklyn,Starters,144.000000:18,23,60,0.383,10,22,0.455,15,19,0.789,13,16,29,14,5,4,9,9,71
0022100750,1610612751,Nets,BKN,Brooklyn,Bench,77.000000:32,15,31,0.484,1,4,0.25,2,2,1.0,5,15,20,4,1,6,1,6,33
