GAME_ID,TEAM_ID,TEAM_NAME,TEAM_ABBREVIATION,TEAM_CITY,STARTERS_BENCH,MIN,FGM,FGA,FG_PCT,FG3M,FG3A,FG3_PCT,FTM,FTA,FT_PCT,OREB,DREB,REB,AST,STL,BLK,TO,PF,PTS
0022100438,1610612740,Pelicans,NOP,New Orleans,Starters,193.000000:34,36,62,0.581,11,22,0.5,17,28,0.607,7,33,40,24,9,3,14,9,100
0022100438,1610612740,Pelicans,NOP,New Orleans,Bench,48.000000:52,5,21,0.238,2,14,0.143,0,0,0.0,2,5,7,8,1,0,6,3,12
0022100438,1610612749,Bucks,MIL,Milwaukee,Starters,183.000000:20,39,87,0.448,12,39,0.308,7,9,0.778,9,26,35,11,9,3,9,13,97
0022100438,1610612749,Bucks,MIL,Milwaukee,Bench,81.000000:40,6,17,0.353,2,8,0.25,1,1,1.0,3,6,9,5,3,2,4,6,15
