GAME_ID,TEAM_ID,TEAM_NAME,TEAM_ABBREVIATION,TEAM_CITY,STARTERS_BENCH,MIN,FGM,FGA,FG_PCT,FG3M,FG3A,FG3_PCT,FTM,FTA,FT_PCT,OREB,DREB,REB,AST,STL,BLK,TO,PF,PTS
0022100044,1610612764,Wizards,WAS,Washington,Starters,131.000000:43,23,65,0.354,6,28,0.214,7,7,1.0,6,22,28,12,1,2,8,8,59
0022100044,1610612764,Wizards,WAS,Washington,Bench,72.000000:56,9,19,0.474,3,6,0.5,6,11,0.545,3,13,16,1,3,2,4,5,27
0022100044,1610612751,Nets,BKN,Brooklyn,Starters,144.000000:47,24,63,0.381,5,24,0.208,13,16,0.813,5,29,34,15,3,1,5,8,66
0022100044,1610612751,Nets,BKN,Brooklyn,Bench,65.000000:26,7,16,0.438,0,2,0.0,1,1,1.0,2,16,18,5,2,3,2,8,15
