GAME_ID,TEAM_ID,TEAM_NAME,TEAM_ABBREVIATION,TEAM_CITY,STARTERS_BENCH,MIN,FGM,FGA,FG_PCT,FG3M,FG3A,FG3_PCT,FTM,FTA,FT_PCT,OREB,DREB,REB,AST,STL,BLK,TO,PF,PTS
0022100317,1610612757,Trail Blazers,POR,Portland,Starters,149.000000:34,27,65,0.415,10,28,0.357,6,8,0.75,5,20,25,17,5,3,5,12,70
0022100317,1610612757,Trail Blazers,POR,Portland,Bench,90.000000:26,14,31,0.452,4,14,0.286,8,10,0.8,5,13,18,7,3,2,5,10,40
0022100317,1610612765,Pistons,DET,Detroit,Starters,158.000000:25,22,50,0.44,6,21,0.286,18,21,0.857,7,25,32,12,1,5,13,14,68
0022100317,1610612765,Pistons,DET,Detroit,Bench,81.000000:35,7,26,0.269,3,14,0.214,7,9,0.778,0,13,13,5,3,2,5,6,24
