GAME_ID,TEAM_ID,TEAM_NAME,TEAM_ABBREVIATION,TEAM_CITY,STARTERS_BENCH,MIN,FGM,FGA,FG_PCT,FG3M,FG3A,FG3_PCT,FTM,FTA,FT_PCT,OREB,DREB,REB,AST,STL,BLK,TO,PF,PTS
2022100071,1612709917,Gold,GRG,Grand Rapids,Starters,156.000000:40,27,70,0.386,11,33,0.333,4,6,0.667,9,21,30,12,5,4,4,13,71
2022100071,1612709917,Gold,GRG,Grand Rapids,Bench,51.000000:52,8,20,0.4,3,8,0.375,2,2,1.0,2,9,11,6,3,1,1,5,23
2022100071,1612709893,Charge,CLC,Cleveland,Starters,160.000000:31,25,60,0.417,7,25,0.28,7,11,0.636,7,32,39,11,1,9,7,9,69
2022100071,1612709893,Charge,CLC,Cleveland,Bench,71.000000:25,7,21,0.333,3,8,0.375,2,3,0.667,3,13,16,4,2,1,5,5,21
