GAME_ID,TEAM_ID,TEAM_NAME,TEAM_ABBREVIATION,TEAM_CITY,STARTERS_BENCH,MIN,FGM,FGA,FG_PCT,FG3M,FG3A,FG3_PCT,FTM,FTA,FT_PCT,OREB,DREB,REB,AST,STL,BLK,TO,PF,PTS
0022100199,1610612739,Cavaliers,CLE,Cleveland,Starters,167.000000:16,19,58,0.328,8,23,0.348,12,16,0.75,4,25,29,12,4,2,10,12,58
0022100199,1610612739,Cavaliers,CLE,Cleveland,Bench,64.000000:26,13,25,0.52,8,17,0.471,0,0,0.0,3,8,11,6,2,1,3,6,34
0022100199,1610612738,Celtics,BOS,Boston,Starters,151.000000:48,25,56,0.446,6,18,0.333,12,13,0.923,2,27,29,16,4,4,10,10,68
0022100199,1610612738,Celtics,BOS,Boston,Bench,88.000000:12,11,22,0.5,4,11,0.364,4,7,0.571,4,13,17,7,3,2,4,6,30
