GAME_ID,TEAM_ID,TEAM_NAME,TEAM_ABBREVIATION,TEAM_CITY,STARTERS_BENCH,MIN,FGM,FGA,FG_PCT,FG3M,FG3A,FG3_PCT,FTM,FTA,FT_PCT,OREB,DREB,REB,AST,STL,BLK,TO,PF,PTS
0022100229,1610612762,Jazz,UTA,Utah,Starters,141.000000:02,24,41,0.585,8,20,0.4,6,6,1.0,3,20,23,18,6,5,14,10,62
0022100229,1610612762,Jazz,UTA,Utah,Bench,83.000000:05,16,34,0.471,11,26,0.423,3,4,0.75,6,15,21,16,2,1,8,7,46
0022100229,1610612761,Raptors,TOR,Toronto,Starters,157.000000:57,32,68,0.471,8,25,0.32,11,13,0.846,10,8,18,19,9,2,9,7,83
0022100229,1610612761,Raptors,TOR,Toronto,Bench,82.000000:03,7,26,0.269,2,13,0.154,4,4,1.0,4,13,17,5,1,1,3,6,20
