GAME_ID,TEAM_ID,TEAM_NAME,TEAM_ABBREVIATION,TEAM_CITY,STARTERS_BENCH,MIN,FGM,FGA,FG_PCT,FG3M,FG3A,FG3_PCT,FTM,FTA,FT_PCT,OREB,DREB,REB,AST,STL,BLK,TO,PF,PTS
2022100458,1612709904,Skyforce,SXF,Sioux Falls,Starters,165.000000:15,32,64,0.5,10,31,0.323,6,9,0.667,6,28,34,26,7,5,12,14,81
2022100458,1612709904,Skyforce,SXF,Sioux Falls,Bench,74.000000:45,14,28,0.5,6,15,0.4,1,2,0.5,4,9,13,10,0,0,5,6,36
2022100458,1612709889,Blue,OKL,Oklahoma City,Starters,147.000000:15,20,52,0.385,7,18,0.389,7,11,0.636,11,20,31,14,6,2,9,12,59
2022100458,1612709889,Blue,OKL,Oklahoma City,Bench,79.000000:01,16,39,0.41,5,17,0.294,4,4,1.0,4,14,18,6,7,0,5,4,43
