GAME_ID,TEAM_ID,TEAM_NAME,TEAM_ABBREVIATION,TEAM_CITY,STARTERS_BENCH,MIN,FGM,FGA,FG_PCT,FG3M,FG3A,FG3_PCT,FTM,FTA,FT_PCT,OREB,DREB,REB,AST,STL,BLK,TO,PF,PTS
0022100671,1610612766,Hornets,CHA,Charlotte,Starters,155.000000:60,29,58,0.5,11,25,0.44,7,9,0.778,9,25,34,25,2,1,14,13,76
0022100671,1610612766,Hornets,CHA,Charlotte,Bench,84.000000:00,13,28,0.464,5,14,0.357,4,6,0.667,2,11,13,2,4,5,1,4,35
0022100671,1610612738,Celtics,BOS,Boston,Starters,166.000000:26,30,68,0.441,11,35,0.314,5,7,0.714,7,24,31,19,7,1,12,17,76
0022100671,1610612738,Celtics,BOS,Boston,Bench,73.000000:34,9,22,0.409,3,11,0.273,5,6,0.833,1,6,7,8,1,2,2,3,26
