GAME_ID,TEAM_ID,TEAM_NAME,TEAM_ABBREVIATION,TEAM_CITY,STARTERS_BENCH,MIN,FGM,FGA,FG_PCT,FG3M,FG3A,FG3_PCT,FTM,FTA,FT_PCT,OREB,DREB,REB,AST,STL,BLK,TO,PF,PTS
2022100063,1612709919,Knicks,WES,Westchester,Starters,183.000000:02,26,68,0.382,13,38,0.342,13,13,1.0,4,24,28,18,7,1,15,14,86
2022100063,1612709919,Knicks,WES,Westchester,Bench,56.000000:58,3,8,0.375,0,2,0.0,2,3,0.667,4,12,16,2,1,1,4,6,10
2022100063,1612709917,Gold,GRG,Grand Rapids,Starters,131.000000:25,21,44,0.477,8,21,0.381,4,7,0.571,3,17,20,7,6,2,6,9,58
2022100063,1612709917,Gold,GRG,Grand Rapids,Bench,55.000000:24,10,20,0.5,4,9,0.444,3,5,0.6,5,11,16,4,2,3,2,4,29
