GAME_ID,TEAM_ID,TEAM_NAME,TEAM_ABBREVIATION,TEAM_CITY,STARTERS_BENCH,MIN,FGM,FGA,FG_PCT,FG3M,FG3A,FG3_PCT,FTM,FTA,FT_PCT,OREB,DREB,REB,AST,STL,BLK,TO,PF,PTS
2022100434,1612709915,Celtics,MNE,Maine,Starters,128.000000:32,26,47,0.553,13,25,0.52,5,7,0.714,3,15,18,16,2,2,6,14,71
2022100434,1612709915,Celtics,MNE,Maine,Bench,89.000000:24,17,43,0.395,4,21,0.19,2,4,0.5,3,19,22,6,2,1,2,8,42
2022100434,1612709929,Skyhawks,CPS,College Park,Starters,180.000000:15,36,70,0.514,11,24,0.458,13,20,0.65,5,28,33,26,7,3,8,12,103
2022100434,1612709929,Skyhawks,CPS,College Park,Bench,59.000000:45,12,20,0.6,5,10,0.5,3,4,0.75,3,8,11,4,0,2,1,7,33
