GAME_ID,TEAM_ID,TEAM_NAME,TEAM_ABBREVIATION,TEAM_CITY,STARTERS_BENCH,MIN,FGM,FGA,FG_PCT,FG3M,FG3A,FG3_PCT,FTM,FTA,FT_PCT,OREB,DREB,REB,AST,STL,BLK,TO,PF,PTS
0022100465,1610612748,Heat,MIA,Miami,Starters,148.000000:39,27,56,0.482,14,36,0.389,2,3,0.667,7,23,30,21,3,3,8,11,70
0022100465,1610612748,Heat,MIA,Miami,Bench,91.000000:21,20,39,0.513,8,13,0.615,7,8,0.875,8,15,23,9,2,2,3,10,55
0022100465,1610612754,Pacers,IND,Indiana,Starters,110.000000:51,14,43,0.326,5,17,0.294,13,15,0.867,4,15,19,12,1,2,5,6,46
0022100465,1610612754,Pacers,IND,Indiana,Bench,129.000000:10,17,44,0.386,6,14,0.429,10,13,0.769,7,16,23,10,5,1,6,7,50
