GAME_ID,TEAM_ID,TEAM_NAME,TEAM_ABBREVIATION,TEAM_CITY,STARTERS_BENCH,MIN,FGM,FGA,FG_PCT,FG3M,FG3A,FG3_PCT,FTM,FTA,FT_PCT,OREB,DREB,REB,AST,STL,BLK,TO,PF,PTS
2052100134,1612709902,Warriors,SCW,Santa Cruz,Starters,163.000000:48,34,69,0.493,12,29,0.414,10,14,0.714,12,18,30,17,14,3,6,15,96
2052100134,1612709902,Warriors,SCW,Santa Cruz,Bench,63.000000:20,6,19,0.316,3,9,0.333,1,1,1.0,1,5,6,9,2,0,4,4,17
2052100134,1612709924,Clippers,ACC,Agua Caliente,Starters,162.000000:58,35,71,0.493,6,27,0.222,16,16,1.0,8,24,32,15,2,3,13,16,96
2052100134,1612709924,Clippers,ACC,Agua Caliente,Bench,42.000000:13,6,16,0.375,2,7,0.286,0,0,0.0,8,8,16,3,1,1,4,2,14
