GAME_ID,TEAM_ID,TEAM_NAME,TEAM_ABBREVIATION,TEAM_CITY,STARTERS_BENCH,MIN,FGM,FGA,FG_PCT,FG3M,FG3A,FG3_PCT,FTM,FTA,FT_PCT,OREB,DREB,REB,AST,STL,BLK,TO,PF,PTS
0022100120,1610612762,Jazz,UTA,Utah,Starters,154.000000:38,27,52,0.519,12,28,0.429,11,15,0.733,4,27,31,25,5,1,8,11,77
0022100120,1610612762,Jazz,UTA,Utah,Bench,53.000000:34,13,26,0.5,5,13,0.385,6,7,0.857,2,5,7,4,0,0,3,5,37
0022100120,1610612737,Hawks,ATL,Atlanta,Starters,161.000000:44,26,50,0.52,5,14,0.357,12,16,0.75,4,19,23,14,4,3,6,16,69
0022100120,1610612737,Hawks,ATL,Atlanta,Bench,78.000000:16,9,32,0.281,2,14,0.143,9,10,0.9,1,8,9,4,7,1,3,8,29
