GAME_ID,TEAM_ID,TEAM_NAME,TEAM_ABBREVIATION,TEAM_CITY,STARTERS_BENCH,MIN,FGM,FGA,FG_PCT,FG3M,FG3A,FG3_PCT,FTM,FTA,FT_PCT,OREB,DREB,REB,AST,STL,BLK,TO,PF,PTS
0022101095,1610612761,Raptors,TOR,Toronto,Starters,146.000000:17,26,52,0.5,12,22,0.545,10,11,0.909,7,13,20,22,3,4,6,12,74
0022101095,1610612761,Raptors,TOR,Toronto,Bench,93.000000:43,16,37,0.432,4,15,0.267,7,8,0.875,6,14,20,4,6,1,2,10,43
0022101095,1610612739,Cavaliers,CLE,Cleveland,Starters,173.000000:34,25,50,0.5,7,20,0.35,10,12,0.833,6,21,27,20,3,3,8,8,67
0022101095,1610612739,Cavaliers,CLE,Cleveland,Bench,66.000000:26,12,29,0.414,5,10,0.5,8,10,0.8,3,6,9,4,1,0,5,6,37
