GAME_ID,TEAM_ID,TEAM_NAME,TEAM_ABBREVIATION,TEAM_CITY,STARTERS_BENCH,MIN,FGM,FGA,FG_PCT,FG3M,FG3A,FG3_PCT,FTM,FTA,FT_PCT,OREB,DREB,REB,AST,STL,BLK,TO,PF,PTS
0022100234,1610612760,Thunder,OKC,Oklahoma City,Starters,161.000000:10,20,59,0.339,5,29,0.172,7,13,0.538,7,26,33,8,5,3,8,11,52
0022100234,1610612760,Thunder,OKC,Oklahoma City,Bench,78.000000:51,12,32,0.375,7,19,0.368,6,8,0.75,4,16,20,9,1,1,4,11,37
0022100234,1610612749,Bucks,MIL,Milwaukee,Starters,163.000000:45,24,62,0.387,9,27,0.333,18,21,0.857,4,40,44,17,8,4,11,12,75
0022100234,1610612749,Bucks,MIL,Milwaukee,Bench,32.000000:59,3,11,0.273,1,8,0.125,2,3,0.667,1,6,7,3,1,0,1,1,9
