GAME_ID,TEAM_ID,TEAM_NAME,TEAM_ABBREVIATION,TEAM_CITY,STARTERS_BENCH,MIN,FGM,FGA,FG_PCT,FG3M,FG3A,FG3_PCT,FTM,FTA,FT_PCT,OREB,DREB,REB,AST,STL,BLK,TO,PF,PTS
0022100601,1610612760,Thunder,OKC,Oklahoma City,Starters,134.000000:11,16,51,0.314,6,24,0.25,9,10,0.9,6,17,23,16,5,3,3,10,47
0022100601,1610612760,Thunder,OKC,Oklahoma City,Bench,105.000000:49,22,37,0.595,3,14,0.214,1,2,0.5,5,13,18,13,4,4,6,3,48
0022100601,1610612743,Nuggets,DEN,Denver,Starters,130.000000:57,21,52,0.404,5,17,0.294,7,7,1.0,11,23,34,17,2,1,8,6,54
0022100601,1610612743,Nuggets,DEN,Denver,Bench,109.000000:03,16,37,0.432,8,19,0.421,5,9,0.556,7,12,19,11,5,1,7,8,45
