GAME_ID,TEAM_ID,TEAM_NAME,TEAM_ABBREVIATION,TEAM_CITY,STARTERS_BENCH,MIN,FGM,FGA,FG_PCT,FG3M,FG3A,FG3_PCT,FTM,FTA,FT_PCT,OREB,DREB,REB,AST,STL,BLK,TO,PF,PTS
0022100352,1610612740,Pelicans,NOP,New Orleans,Starters,157.000000:28,29,62,0.468,7,25,0.28,11,15,0.733,9,16,25,11,6,8,4,19,76
0022100352,1610612740,Pelicans,NOP,New Orleans,Bench,66.000000:55,7,25,0.28,3,13,0.231,5,6,0.833,5,7,12,7,1,1,3,4,22
0022100352,1610612745,Rockets,HOU,Houston,Starters,145.000000:05,27,47,0.574,15,25,0.6,13,17,0.765,4,19,23,15,0,2,10,12,82
0022100352,1610612745,Rockets,HOU,Houston,Bench,94.000000:55,12,32,0.375,2,15,0.133,10,12,0.833,7,10,17,9,3,1,4,11,36
