GAME_ID,TEAM_ID,TEAM_NAME,TEAM_ABBREVIATION,TEAM_CITY,STARTERS_BENCH,MIN,FGM,FGA,FG_PCT,FG3M,FG3A,FG3_PCT,FTM,FTA,FT_PCT,OREB,DREB,REB,AST,STL,BLK,TO,PF,PTS
0022101028,1610612761,Raptors,TOR,Toronto,Starters,184.000000:02,33,80,0.412,8,29,0.276,23,30,0.767,12,31,43,22,6,6,9,13,97
0022101028,1610612761,Raptors,TOR,Toronto,Bench,55.000000:58,6,16,0.375,2,8,0.25,3,6,0.5,7,14,21,2,2,3,3,7,17
0022101028,1610612747,Lakers,LAL,Los Angeles,Starters,131.000000:29,19,45,0.422,5,17,0.294,14,20,0.7,5,20,25,10,2,3,12,10,57
0022101028,1610612747,Lakers,LAL,Los Angeles,Bench,98.000000:47,14,37,0.378,8,22,0.364,6,7,0.857,4,13,17,10,5,4,1,15,42
