GAME_ID,TEAM_ID,TEAM_NAME,TEAM_ABBREVIATION,TEAM_CITY,STARTERS_BENCH,MIN,FGM,FGA,FG_PCT,FG3M,FG3A,FG3_PCT,FTM,FTA,FT_PCT,OREB,DREB,REB,AST,STL,BLK,TO,PF,PTS
2022100378,1612709904,Skyforce,SXF,Sioux Falls,Starters,166.000000:55,27,58,0.466,4,21,0.19,9,15,0.6,5,22,27,16,5,2,15,12,73
2022100378,1612709904,Skyforce,SXF,Sioux Falls,Bench,73.000000:05,11,25,0.44,2,10,0.2,0,0,0.0,6,18,24,5,1,2,4,11,24
2022100378,1612709890,Spurs,AUS,Austin,Starters,139.000000:20,21,54,0.389,7,19,0.368,5,8,0.625,8,20,28,16,4,1,6,12,58
2022100378,1612709890,Spurs,AUS,Austin,Bench,61.000000:37,14,28,0.5,7,14,0.5,3,5,0.6,4,13,17,4,3,0,2,6,40
