GAME_ID,TEAM_ID,TEAM_NAME,TEAM_ABBREVIATION,TEAM_CITY,STARTERS_BENCH,MIN,FGM,FGA,FG_PCT,FG3M,FG3A,FG3_PCT,FTM,FTA,FT_PCT,OREB,DREB,REB,AST,STL,BLK,TO,PF,PTS
2022100267,1612709921,Nets,LIN,Long Island,Starters,156.000000:27,29,60,0.483,12,29,0.414,2,4,0.5,6,30,36,22,5,4,12,8,75
2022100267,1612709921,Nets,LIN,Long Island,Bench,33.000000:55,4,13,0.308,1,4,0.25,2,2,1.0,4,6,10,0,0,2,1,3,12
2022100267,1612709917,Gold,GRG,Grand Rapids,Starters,119.000000:47,11,46,0.239,2,20,0.1,6,6,1.0,7,16,23,6,4,2,6,7,35
2022100267,1612709917,Gold,GRG,Grand Rapids,Bench,120.000000:13,21,49,0.429,5,17,0.294,3,4,0.75,7,14,21,8,5,1,4,6,51
