GAME_ID,TEAM_ID,TEAM_NAME,TEAM_ABBREVIATION,TEAM_CITY,STARTERS_BENCH,MIN,FGM,FGA,FG_PCT,FG3M,FG3A,FG3_PCT,FTM,FTA,FT_PCT,OREB,DREB,REB,AST,STL,BLK,TO,PF,PTS
2022100336,1612709922,Swarm,GBO,Greensboro,Starters,163.000000:32,23,56,0.411,3,15,0.2,11,15,0.733,4,24,28,15,5,5,9,11,67
2022100336,1612709922,Swarm,GBO,Greensboro,Bench,37.000000:15,5,14,0.357,1,8,0.125,0,1,0.0,2,8,10,2,1,1,2,3,11
2022100336,1612709929,Skyhawks,CPS,College Park,Starters,136.000000:10,23,57,0.404,3,12,0.25,1,3,0.333,7,26,33,15,2,2,7,13,51
2022100336,1612709929,Skyhawks,CPS,College Park,Bench,103.000000:50,20,48,0.417,5,14,0.357,1,2,0.5,7,19,26,9,4,4,4,12,48
