GAME_ID,TEAM_ID,TEAM_NAME,TEAM_ABBREVIATION,TEAM_CITY,STARTERS_BENCH,MIN,FGM,FGA,FG_PCT,FG3M,FG3A,FG3_PCT,FTM,FTA,FT_PCT,OREB,DREB,REB,AST,STL,BLK,TO,PF,PTS
2022100456,1612709925,Magic,LAK,Lakeland,Starters,150.000000:17,25,55,0.455,7,27,0.259,3,7,0.429,5,18,23,19,3,2,8,17,61
2022100456,1612709925,Magic,LAK,Lakeland,Bench,15.000000:43,3,7,0.429,2,6,0.333,0,0,0.0,1,0,1,3,1,0,0,1,8
2022100456,1612709928,Go-Go,CCG,Capital City,Starters,150.000000:43,19,47,0.404,6,21,0.286,12,13,0.923,8,18,26,16,4,1,7,11,63
2022100456,1612709928,Go-Go,CCG,Capital City,Bench,89.000000:17,18,34,0.529,3,11,0.273,6,8,0.75,3,17,20,8,6,2,4,9,51
