GAME_ID,TEAM_ID,TEAM_NAME,TEAM_ABBREVIATION,TEAM_CITY,STARTERS_BENCH,MIN,FGM,FGA,FG_PCT,FG3M,FG3A,FG3_PCT,FTM,FTA,FT_PCT,OREB,DREB,REB,AST,STL,BLK,TO,PF,PTS
0022100748,1610612761,Raptors,TOR,Toronto,Starters,277.000000:50,43,102,0.422,16,45,0.356,13,16,0.813,10,35,45,24,14,6,15,17,115
0022100748,1610612761,Raptors,TOR,Toronto,Bench,24.000000:52,4,5,0.8,0,0,0.0,0,0,0.0,1,5,6,0,1,2,1,1,8
0022100748,1610612748,Heat,MIA,Miami,Starters,204.000000:31,29,69,0.42,9,28,0.321,12,18,0.667,13,25,38,18,9,4,15,16,79
0022100748,1610612748,Heat,MIA,Miami,Bench,110.000000:29,16,41,0.39,7,22,0.318,2,2,1.0,6,17,23,8,3,2,8,10,41
