GAME_ID,TEAM_ID,TEAM_NAME,TEAM_ABBREVIATION,TEAM_CITY,STARTERS_BENCH,MIN,FGM,FGA,FG_PCT,FG3M,FG3A,FG3_PCT,FTM,FTA,FT_PCT,OREB,DREB,REB,AST,STL,BLK,TO,PF,PTS
0022100732,1610612757,Trail Blazers,POR,Portland,Starters,166.000000:50,30,61,0.492,10,29,0.345,12,21,0.571,2,24,26,18,3,0,8,12,82
0022100732,1610612757,Trail Blazers,POR,Portland,Bench,65.000000:51,10,18,0.556,4,9,0.444,2,2,1.0,1,10,11,9,1,1,0,7,26
0022100732,1610612742,Mavericks,DAL,Dallas,Starters,154.000000:09,30,60,0.5,9,22,0.409,11,15,0.733,2,28,30,30,4,3,7,11,80
0022100732,1610612742,Mavericks,DAL,Dallas,Bench,85.000000:51,18,28,0.643,7,14,0.5,9,11,0.818,4,11,15,5,2,3,1,10,52
