GAME_ID,TEAM_ID,TEAM_NAME,TEAM_ABBREVIATION,TEAM_CITY,STARTERS_BENCH,MIN,FGM,FGA,FG_PCT,FG3M,FG3A,FG3_PCT,FTM,FTA,FT_PCT,OREB,DREB,REB,AST,STL,BLK,TO,PF,PTS
2052100056,1612709903,Stars,SLC,Salt Lake City,Starters,148.000000:00,31,61,0.508,10,22,0.455,4,7,0.571,3,23,26,19,7,6,12,11,77
2052100056,1612709903,Stars,SLC,Salt Lake City,Bench,55.000000:23,5,19,0.263,3,12,0.25,1,2,0.5,1,6,7,2,1,2,5,6,15
2052100056,1612709902,Warriors,SCW,Santa Cruz,Starters,157.000000:31,24,54,0.444,3,10,0.3,10,11,0.909,4,38,42,18,8,3,15,10,70
2052100056,1612709902,Warriors,SCW,Santa Cruz,Bench,56.000000:33,10,23,0.435,4,9,0.444,0,0,0.0,4,6,10,5,6,4,5,8,24
