GAME_ID,TEAM_ID,TEAM_NAME,TEAM_ABBREVIATION,TEAM_CITY,STARTERS_BENCH,MIN,FGM,FGA,FG_PCT,FG3M,FG3A,FG3_PCT,FTM,FTA,FT_PCT,OREB,DREB,REB,AST,STL,BLK,TO,PF,PTS
0022100350,1610612766,Hornets,CHA,Charlotte,Starters,151.000000:39,36,62,0.581,13,25,0.52,13,18,0.722,3,17,20,16,5,2,2,10,98
0022100350,1610612766,Hornets,CHA,Charlotte,Bench,88.000000:21,10,24,0.417,4,12,0.333,8,10,0.8,4,15,19,5,4,1,4,8,32
0022100350,1610612737,Hawks,ATL,Atlanta,Starters,177.000000:36,39,75,0.52,15,30,0.5,11,14,0.786,9,27,36,24,1,2,10,15,104
0022100350,1610612737,Hawks,ATL,Atlanta,Bench,58.000000:17,9,18,0.5,2,7,0.286,3,4,0.75,1,7,8,4,3,1,0,4,23
