GAME_ID,TEAM_ID,TEAM_NAME,TEAM_ABBREVIATION,TEAM_CITY,STARTERS_BENCH,MIN,FGM,FGA,FG_PCT,FG3M,FG3A,FG3_PCT,FTM,FTA,FT_PCT,OREB,DREB,REB,AST,STL,BLK,TO,PF,PTS
0022100464,1610612764,Wizards,WAS,Washington,Starters,122.000000:56,21,36,0.583,6,14,0.429,4,5,0.8,3,17,20,13,6,2,11,6,52
0022100464,1610612764,Wizards,WAS,Washington,Bench,104.000000:06,23,42,0.548,6,10,0.6,8,9,0.889,2,11,13,12,4,4,3,12,60
0022100464,1610612751,Nets,BKN,Brooklyn,Starters,133.000000:07,18,48,0.375,8,17,0.471,6,10,0.6,11,13,24,14,5,1,8,11,50
0022100464,1610612751,Nets,BKN,Brooklyn,Bench,106.000000:53,18,41,0.439,6,21,0.286,11,14,0.786,4,14,18,5,1,4,7,9,53
