GAME_ID,TEAM_ID,TEAM_NAME,TEAM_ABBREVIATION,TEAM_CITY,STARTERS_BENCH,MIN,FGM,FGA,FG_PCT,FG3M,FG3A,FG3_PCT,FTM,FTA,FT_PCT,OREB,DREB,REB,AST,STL,BLK,TO,PF,PTS
0022100114,1610612763,Grizzlies,MEM,Memphis,Starters,150.000000:54,28,57,0.491,10,22,0.455,8,14,0.571,2,24,26,18,6,5,9,10,74
0022100114,1610612763,Grizzlies,MEM,Memphis,Bench,65.000000:37,7,13,0.538,4,9,0.444,0,0,0.0,1,6,7,9,3,2,2,2,18
0022100114,1610612743,Nuggets,DEN,Denver,Starters,168.000000:24,35,70,0.5,7,20,0.35,12,13,0.923,8,24,32,17,5,3,9,11,89
0022100114,1610612743,Nuggets,DEN,Denver,Bench,71.000000:36,8,21,0.381,1,7,0.143,0,0,0.0,3,9,12,7,2,1,2,5,17
