GAME_ID,TEAM_ID,TEAM_NAME,TEAM_ABBREVIATION,TEAM_CITY,STARTERS_BENCH,MIN,FGM,FGA,FG_PCT,FG3M,FG3A,FG3_PCT,FTM,FTA,FT_PCT,OREB,DREB,REB,AST,STL,BLK,TO,PF,PTS
0022100176,1610612765,Pistons,DET,Detroit,Starters,139.000000:25,13,46,0.283,4,15,0.267,6,6,1.0,4,24,28,11,9,3,13,7,36
0022100176,1610612765,Pistons,DET,Detroit,Bench,100.000000:35,16,33,0.485,5,15,0.333,5,7,0.714,6,9,15,7,3,2,10,6,42
0022100176,1610612739,Cavaliers,CLE,Cleveland,Starters,152.000000:19,24,47,0.511,8,21,0.381,4,7,0.571,3,24,27,13,5,5,11,7,60
0022100176,1610612739,Cavaliers,CLE,Cleveland,Bench,86.000000:50,15,35,0.429,6,20,0.3,2,2,1.0,5,8,13,14,7,1,8,4,38
