GAME_ID,TEAM_ID,TEAM_NAME,TEAM_ABBREVIATION,TEAM_CITY,STARTERS_BENCH,MIN,FGM,FGA,FG_PCT,FG3M,FG3A,FG3_PCT,FTM,FTA,FT_PCT,OREB,DREB,REB,AST,STL,BLK,TO,PF,PTS
0022100535,1610612759,Spurs,SAS,San Antonio,Starters,118.000000:22,20,50,0.4,5,16,0.313,5,10,0.5,7,23,30,14,2,6,6,6,50
0022100535,1610612759,Spurs,SAS,San Antonio,Bench,93.000000:21,13,31,0.419,5,17,0.294,8,12,0.667,3,12,15,6,0,1,5,7,39
0022100535,1610612763,Grizzlies,MEM,Memphis,Starters,144.000000:55,32,73,0.438,5,16,0.313,6,11,0.545,13,25,38,19,3,6,7,11,75
0022100535,1610612763,Grizzlies,MEM,Memphis,Bench,71.000000:18,16,28,0.571,4,9,0.444,2,3,0.667,2,14,16,6,2,3,2,6,38
